{"digest":"4eb6038ebc35b90429d914912f9d9b0bb3129c95","css":"/*\n * Your Stylesheet\n *\n * This stylesheet is loaded when Atom starts up and is reloaded automatically\n * when it is changed and saved.\n *\n * Add your own CSS or Less to fully customize Atom.\n * If you are unfamiliar with Less, you can read more about it here:\n * http://lesscss.org\n */\n/*\n * Examples\n * (To see them, uncomment and save)\n */\n","imports":[{"path":"static\\variables\\ui-variables.less","digest":"e3029f763111ec391f6dcea8178d35be7c798b4f"},{"path":"static\\variables\\syntax-variables.less","digest":"812c1b7883a023f768773d14294653adcdb932d7"}],"version":1}