{"_id":"loophole","_rev":"22-091864526b9492270d66420f8e0851d5","name":"loophole","description":"A hack to enable use of libraries that depend on a basic form of eval in Atom","dist-tags":{"latest":"1.1.0"},"versions":{"0.1.0":{"name":"loophole","version":"0.1.0","description":"A hack to enable use of libraries that depend on a basic form of eval in Atom","main":"./lib/loophole.js","scripts":{"prepublish":"grunt clean lint coffee","test":"grunt test"},"repository":{"type":"git","url":"https://github.com/atom/loophole.git"},"bugs":{"url":"https://github.com/atom/loophole/issues"},"licenses":[{"type":"MIT","url":"http://github.com/atom/loophole/raw/master/LICENSE.md"}],"devDependencies":{"coffee-script":"~1.7.0","jasmine-focused":"1.x","grunt-contrib-coffee":"~0.9.0","grunt-cli":"~0.1.8","grunt":"~0.4.1","grunt-shell":"~0.2.2","grunt-coffeelint":"0.0.6","rimraf":"~2.2.2","temp":"~0.6.0"},"homepage":"https://github.com/atom/loophole","_id":"loophole@0.1.0","dist":{"shasum":"8feb2fd053d650e9c850df11ef1f6242c5bda95c","tarball":"https://registry.npmjs.org/loophole/-/loophole-0.1.0.tgz"},"_from":".","_npmVersion":"1.4.4","_npmUser":{"name":"nathansobo","email":"nathansobo@gmail.com"},"maintainers":[{"name":"nathansobo","email":"nathansobo@gmail.com"}],"directories":{}},"0.2.0":{"name":"loophole","version":"0.2.0","description":"A hack to enable use of libraries that depend on a basic form of eval in Atom","main":"./lib/loophole.js","scripts":{"prepublish":"grunt clean lint coffee","test":"grunt test"},"repository":{"type":"git","url":"https://github.com/atom/loophole.git"},"bugs":{"url":"https://github.com/atom/loophole/issues"},"licenses":[{"type":"MIT","url":"http://github.com/atom/loophole/raw/master/LICENSE.md"}],"devDependencies":{"coffee-script":"~1.7.0","jasmine-focused":"1.x","grunt-contrib-coffee":"~0.9.0","grunt-cli":"~0.1.8","grunt":"~0.4.1","grunt-shell":"~0.2.2","grunt-coffeelint":"0.0.6","rimraf":"~2.2.2","temp":"~0.6.0"},"homepage":"https://github.com/atom/loophole","_id":"loophole@0.2.0","dist":{"shasum":"25a78b8e8bb7300ce8c459aaa218834c7fd793c4","tarball":"https://registry.npmjs.org/loophole/-/loophole-0.2.0.tgz"},"_from":".","_npmVersion":"1.4.4","_npmUser":{"name":"nathansobo","email":"nathansobo@gmail.com"},"maintainers":[{"name":"nathansobo","email":"nathansobo@gmail.com"}],"directories":{}},"0.3.0":{"name":"loophole","version":"0.3.0","description":"A hack to enable use of libraries that depend on a basic form of eval in Atom","main":"./lib/loophole.js","scripts":{"prepublish":"grunt clean lint coffee","test":"grunt test"},"repository":{"type":"git","url":"https://github.com/atom/loophole.git"},"bugs":{"url":"https://github.com/atom/loophole/issues"},"licenses":[{"type":"MIT","url":"http://github.com/atom/loophole/raw/master/LICENSE.md"}],"devDependencies":{"coffee-script":"~1.7.0","jasmine-focused":"1.x","grunt-contrib-coffee":"~0.9.0","grunt-cli":"~0.1.8","grunt":"~0.4.1","grunt-shell":"~0.2.2","grunt-coffeelint":"0.0.6","rimraf":"~2.2.2","temp":"~0.6.0"},"homepage":"https://github.com/atom/loophole","_id":"loophole@0.3.0","dist":{"shasum":"0b4513779300e5993d49c6daa2f98dc5eb3d6b20","tarball":"https://registry.npmjs.org/loophole/-/loophole-0.3.0.tgz"},"_from":".","_npmVersion":"1.4.4","_npmUser":{"name":"nathansobo","email":"nathansobo@gmail.com"},"maintainers":[{"name":"nathansobo","email":"nathansobo@gmail.com"}],"directories":{}},"0.4.0":{"name":"loophole","version":"0.4.0","description":"A hack to enable use of libraries that depend on a basic form of eval in Atom","main":"./lib/loophole.js","scripts":{"prepublish":"grunt clean lint coffee","test":"grunt test"},"repository":{"type":"git","url":"https://github.com/atom/loophole.git"},"bugs":{"url":"https://github.com/atom/loophole/issues"},"licenses":[{"type":"MIT","url":"http://github.com/atom/loophole/raw/master/LICENSE.md"}],"devDependencies":{"coffee-script":"~1.7.0","jasmine-focused":"1.x","grunt-contrib-coffee":"~0.9.0","grunt-cli":"~0.1.8","grunt":"~0.4.1","grunt-shell":"~0.2.2","grunt-coffeelint":"0.0.6","rimraf":"~2.2.2","temp":"~0.6.0"},"homepage":"https://github.com/atom/loophole","_id":"loophole@0.4.0","dist":{"shasum":"f10b1fa902e0091577fdb87b58688988f43a4e15","tarball":"https://registry.npmjs.org/loophole/-/loophole-0.4.0.tgz"},"_from":".","_npmVersion":"1.4.4","_npmUser":{"name":"nathansobo","email":"nathansobo@gmail.com"},"maintainers":[{"name":"nathansobo","email":"nathansobo@gmail.com"}],"directories":{}},"1.0.0":{"name":"loophole","version":"1.0.0","description":"A hack to enable use of libraries that depend on a basic form of eval in Atom","main":"./lib/loophole.js","scripts":{"prepublish":"grunt clean lint coffee","test":"grunt test"},"repository":{"type":"git","url":"https://github.com/atom/loophole.git"},"bugs":{"url":"https://github.com/atom/loophole/issues"},"licenses":[{"type":"MIT","url":"http://github.com/atom/loophole/raw/master/LICENSE.md"}],"devDependencies":{"coffee-script":"~1.7.0","jasmine-focused":"1.x","grunt-contrib-coffee":"~0.9.0","grunt-cli":"~0.1.8","grunt":"~0.4.1","grunt-shell":"~0.2.2","grunt-coffeelint":"0.0.6","rimraf":"~2.2.2","temp":"~0.6.0"},"homepage":"https://github.com/atom/loophole","_id":"loophole@1.0.0","dist":{"shasum":"27d892490e5e875a0d47917c408af650bf4d0bf0","tarball":"https://registry.npmjs.org/loophole/-/loophole-1.0.0.tgz"},"_from":".","_npmVersion":"1.4.4","_npmUser":{"name":"nathansobo","email":"nathansobo@gmail.com"},"maintainers":[{"name":"nathansobo","email":"nathansobo@gmail.com"}],"directories":{}},"1.1.0":{"name":"loophole","version":"1.1.0","description":"A hack to enable use of libraries that depend on a basic form of eval in Atom","main":"./lib/loophole.js","scripts":{"prepublish":"grunt clean lint coffee","test":"grunt test"},"repository":{"type":"git","url":"git+https://github.com/atom/loophole.git"},"bugs":{"url":"https://github.com/atom/loophole/issues"},"license":"MIT","devDependencies":{"coffee-script":"~1.7.0","jasmine-focused":"1.x","grunt-contrib-coffee":"~0.9.0","grunt-cli":"~0.1.8","grunt":"~0.4.1","grunt-shell":"~0.2.2","grunt-coffeelint":"0.0.6","rimraf":"~2.2.2","temp":"~0.6.0"},"gitHead":"6afebe160a233420dbca591bd5081b12c47cdb15","homepage":"https://github.com/atom/loophole#readme","_id":"loophole@1.1.0","_shasum":"37949fea453b6256acc725c320ce0c5a7f70a2bd","_from":".","_npmVersion":"2.11.3","_nodeVersion":"0.12.7","_npmUser":{"name":"nathansobo","email":"nathan@github.com"},"maintainers":[{"name":"nathansobo","email":"nathan@github.com"},{"name":"kevinsawicki","email":"kevinsawicki@gmail.com"},{"name":"benogle","email":"ogle.ben@gmail.com"},{"name":"maxbrunsfeld","email":"maxbrunsfeld@gmail.com"},{"name":"thedaniel","email":"danielwh@gmail.com"}],"dist":{"shasum":"37949fea453b6256acc725c320ce0c5a7f70a2bd","tarball":"https://registry.npmjs.org/loophole/-/loophole-1.1.0.tgz"},"directories":{}}},"readme":"# Eval Loophole [![Build Status](https://travis-ci.org/atom/loophole.svg?branch=master)](https://travis-ci.org/atom/loophole)\n\nThis is a hack to enable third-party libraries that depend on a limited subset\nof `eval` semantics to work in Atom with a content security policy that forbids\ncalls to `eval`.\n\n```coffee\n{allowUnsafeEval, allowUnsafeNewFunction} = require 'loophole'\n\nallowUnsafeEval ->\n  crazyLibrary.exploitLoophole() # allows `eval(...)`\n\nallowUnsafeNewFunction ->\n  crazyLibrary.exploitLoophole() # allows `new Function(...)`\n```\n\nYou can also use the exported `Function` constructor directly:\n\n```coffee\n{Function} = require 'loophole'\nf = new Function(\"return 1 + 1;\")\n```\n\n## How?\n\n`allowUnsafeEval` replaces `eval` with a call to `vm.runInThisContext`, which\nwon't perfectly emulate `eval` but is good enough in certain circumstances, like\ncompiling [PEG.js][peg-js] grammars.\n\n`allowUnsafeNewFunction` temporarily replaces `global.Function` with\n`loophole.Function`, which passes the source of the desired function to\n`vm.runInThisContext`.\n\n## Why?\n\nIf there's a loophole, why even enable CSP? It still prevents developers from\naccidentally invoking eval with legacy libraries. For example, did you know that\njQuery runs eval when you pass it content with script tags? If you want eval,\nyou'll need to explicitly ask for it.\n\n[peg-js]: http://pegjs.majda.cz/\n","maintainers":[{"name":"atom","email":"nathan@github.com"},{"name":"benogle","email":"ogle.ben@gmail.com"},{"name":"kevinsawicki","email":"kevinsawicki@gmail.com"},{"name":"maxbrunsfeld","email":"maxbrunsfeld@gmail.com"},{"name":"nathansobo","email":"nathan@github.com"},{"name":"thedaniel","email":"danielwh@gmail.com"}],"time":{"modified":"2016-12-16T20:11:33.007Z","created":"2014-03-07T01:54:40.622Z","0.1.0":"2014-03-07T01:54:40.622Z","0.2.0":"2014-03-07T23:59:26.441Z","0.3.0":"2014-03-08T00:12:51.228Z","0.4.0":"2014-03-11T19:33:30.062Z","1.0.0":"2014-03-11T20:28:40.483Z","1.1.0":"2015-07-29T16:13:42.265Z"},"homepage":"https://github.com/atom/loophole#readme","repository":{"type":"git","url":"git+https://github.com/atom/loophole.git"},"bugs":{"url":"https://github.com/atom/loophole/issues"},"readmeFilename":"README.md","users":{"knownasilya":true,"danielbayley":true},"license":"MIT","_attachments":{},"_etag":"W/\"58544a75-240a\"","_lastModified":"Fri, 16 Dec 2016 20:11:33 GMT"}