{"_id":"csscomb","_rev":"114-0a48a05cd113b0bca3a4b3c6fd235741","name":"csscomb","description":"CSS coding style formatter","dist-tags":{"latest":"4.0.1"},"versions":{"0.0.0":{"name":"csscomb","version":"0.0.0","description":"Tool for sorting CSS properties in specific order","main":"index.js","scripts":{"test":"echo \"Error: no test specified\" && exit 1"},"author":"","license":"BSD","_id":"csscomb@0.0.0","dist":{"shasum":"c6ceec428f47d9dcf4ea602508a44c96358ee5b2","tarball":"https://registry.npmjs.org/csscomb/-/csscomb-0.0.0.tgz"},"_from":".","_npmVersion":"1.2.32","_npmUser":{"name":"csscomb","email":"hello@csscomb.com"},"maintainers":[{"name":"csscomb","email":"hello@csscomb.com"}],"directories":{}},"0.0.3":{"name":"csscomb","description":"Tool for beautify CSS","version":"0.0.3","homepage":"http://csscomb.com/","author":{"name":"Mikhail Troshev","email":"mishanga@yandex-team.ru"},"repository":{"type":"git","url":"https://github.com/csscomb/csscomb.js"},"contributors":[{"name":"Slava Oliyanchuk","email":"miripiruni@gmail.com","url":"http://miripiruni.org/"},{"name":"Mikhail Troshev","email":"mishanga@yandex-team.ru","url":"http://mishanga.pro/"}],"engines":{"node":"0.8 | 0.10"},"dependencies":{"commander":"1.1.1","cssp":"1.0.6","minimatch":"0.2.12","vow":"0.3.7","vow-fs":"0.1.13"},"devDependencies":{"jshint-groups":"0.5.1","jshint":"2.1.7","jscs":"1.0.2"},"bin":{"csscomb":"./bin/csscomb"},"scripts":{"test":"./node_modules/.bin/jshint-groups; ./node_modules/.bin/jscs ."},"_id":"csscomb@0.0.3","dist":{"shasum":"64cdbe771fa33e7d0fcabed96562e0830ae51ba5","tarball":"https://registry.npmjs.org/csscomb/-/csscomb-0.0.3.tgz"},"_from":".","_npmVersion":"1.2.14","_npmUser":{"name":"miripiruni","email":"miripiruni@gmail.com"},"maintainers":[{"name":"csscomb","email":"hello@csscomb.com"},{"name":"miripiruni","email":"miripiruni@gmail.com"}],"directories":{}},"0.0.4":{"name":"csscomb","description":"Tool for beautify CSS","version":"0.0.4","homepage":"http://csscomb.com/","author":{"name":"Mikhail Troshev","email":"mishanga@yandex-team.ru"},"repository":{"type":"git","url":"https://github.com/csscomb/csscomb.js"},"maintainers":[{"name":"csscomb","email":"hello@csscomb.com"},{"name":"miripiruni","email":"miripiruni@gmail.com"},{"name":"mishanga","email":"mishanga@yandex-team.ru"}],"engines":{"node":"0.8 | 0.10"},"dependencies":{"commander":"1.1.1","cssp":"1.0.6","minimatch":"0.2.12","vow":"0.3.7","vow-fs":"0.1.13"},"devDependencies":{"jshint-groups":"0.5.1","jshint":"2.1.7","jscs":"1.0.2","mocha":"1.11.0"},"main":"./lib/csscomb.js","bin":{"csscomb":"./bin/csscomb"},"scripts":{"test":"./node_modules/.bin/jshint-groups . && ./node_modules/.bin/jscs . && ./node_modules/.bin/mocha -u bdd -R spec"},"bugs":{"url":"https://github.com/csscomb/csscomb.js/issues"},"_id":"csscomb@0.0.4","dist":{"shasum":"3b11ec1387006f90cd244d8642e62b638ba48e45","tarball":"https://registry.npmjs.org/csscomb/-/csscomb-0.0.4.tgz"},"_from":"./csscomb.js","_npmVersion":"1.2.24","_npmUser":{"name":"mishanga","email":"mishanga@yandex-team.ru"},"directories":{}},"0.0.5":{"name":"csscomb","description":"Tool for beautify CSS","version":"0.0.5","homepage":"http://csscomb.com/","author":{"name":"Mikhail Troshev","email":"mishanga@yandex-team.ru"},"repository":{"type":"git","url":"https://github.com/csscomb/csscomb.js"},"maintainers":[{"name":"csscomb","email":"hello@csscomb.com"},{"name":"miripiruni","email":"miripiruni@gmail.com"},{"name":"mishanga","email":"mishanga@yandex-team.ru"}],"engines":{"node":"0.8 | 0.10"},"dependencies":{"commander":"1.1.1","cssp":"1.0.6","minimatch":"0.2.12","vow":"0.3.7","vow-fs":"0.1.13"},"devDependencies":{"jshint-groups":"0.5.1","jshint":"2.1.7","jscs":"1.0.2","mocha":"1.11.0"},"main":"./lib/csscomb.js","bin":{"csscomb":"./bin/csscomb"},"scripts":{"test":"./node_modules/.bin/jshint-groups . && ./node_modules/.bin/jscs . && ./node_modules/.bin/mocha -u bdd -R spec"},"bugs":{"url":"https://github.com/csscomb/csscomb.js/issues"},"_id":"csscomb@0.0.5","dist":{"shasum":"753db452db18241a1d06a8f6fa91563d4a5de6f5","tarball":"https://registry.npmjs.org/csscomb/-/csscomb-0.0.5.tgz"},"_from":"./csscomb.js","_npmVersion":"1.2.24","_npmUser":{"name":"mishanga","email":"mishanga@yandex-team.ru"},"directories":{}},"0.0.6":{"name":"csscomb","description":"Tool for beautify CSS","version":"0.0.6","homepage":"http://csscomb.com/","author":{"name":"Mikhail Troshev","email":"mishanga@yandex-team.ru"},"repository":{"type":"git","url":"https://github.com/csscomb/csscomb.js"},"maintainers":[{"name":"csscomb","email":"hello@csscomb.com"},{"name":"miripiruni","email":"miripiruni@gmail.com"},{"name":"mishanga","email":"mishanga@yandex-team.ru"}],"engines":{"node":"0.8 | 0.10"},"dependencies":{"commander":"1.1.1","cssp":"1.0.6","minimatch":"0.2.12","vow":"0.3.7","vow-fs":"0.1.13"},"devDependencies":{"jshint-groups":"0.5.1","jshint":"2.1.7","jscs":"1.0.2","mocha":"1.11.0"},"main":"./lib/csscomb.js","bin":{"csscomb":"./bin/csscomb"},"scripts":{"test":"./node_modules/.bin/jshint-groups . && ./node_modules/.bin/jscs . && ./node_modules/.bin/mocha -u bdd -R spec"},"bugs":{"url":"https://github.com/csscomb/csscomb.js/issues"},"_id":"csscomb@0.0.6","dist":{"shasum":"d2b91e8c31c610b861b15569501991a81ce2b854","tarball":"https://registry.npmjs.org/csscomb/-/csscomb-0.0.6.tgz"},"_from":"./csscomb.js","_npmVersion":"1.2.24","_npmUser":{"name":"mishanga","email":"mishanga@yandex-team.ru"},"directories":{}},"0.0.7":{"name":"csscomb","description":"Tool for beautify CSS","version":"0.0.7","homepage":"http://csscomb.com/","author":{"name":"Mikhail Troshev","email":"mishanga@yandex-team.ru"},"repository":{"type":"git","url":"https://github.com/csscomb/csscomb.js"},"maintainers":[{"name":"csscomb","email":"hello@csscomb.com"},{"name":"miripiruni","email":"miripiruni@gmail.com"},{"name":"mishanga","email":"mishanga@yandex-team.ru"}],"engines":{"node":"0.8 | 0.10"},"dependencies":{"commander":"1.1.1","cssp":"1.0.6","minimatch":"0.2.12","vow":"0.3.7","vow-fs":"0.1.13"},"devDependencies":{"jshint-groups":"0.5.1","jshint":"2.1.7","jscs":"1.0.2","mocha":"1.11.0"},"main":"./lib/csscomb.js","bin":{"csscomb":"./bin/csscomb"},"scripts":{"test":"./node_modules/.bin/jshint-groups && ./node_modules/.bin/jscs . && ./node_modules/.bin/mocha -u bdd -R spec"},"bugs":{"url":"https://github.com/csscomb/csscomb.js/issues"},"_id":"csscomb@0.0.7","dist":{"shasum":"7bb9493020a089a10dc9fb3e2a3bd7b4d1690589","tarball":"https://registry.npmjs.org/csscomb/-/csscomb-0.0.7.tgz"},"_from":"./csscomb.js","_npmVersion":"1.2.24","_npmUser":{"name":"mishanga","email":"mishanga@yandex-team.ru"},"directories":{}},"0.0.8":{"name":"csscomb","description":"Tool for beautify CSS","version":"0.0.8","homepage":"http://csscomb.com/","author":{"name":"Mikhail Troshev","email":"mishanga@yandex-team.ru"},"repository":{"type":"git","url":"https://github.com/csscomb/csscomb.js"},"maintainers":[{"name":"csscomb","email":"hello@csscomb.com"},{"name":"miripiruni","email":"miripiruni@gmail.com"},{"name":"mishanga","email":"mishanga@yandex-team.ru"}],"engines":{"node":"0.8 | 0.10"},"dependencies":{"commander":"1.1.1","gonzales":"1.0.6","minimatch":"0.2.12","vow":"0.3.7","vow-fs":"0.1.13"},"devDependencies":{"jshint-groups":"0.5.1","jshint":"2.1.7","jscs":"1.0.2","mocha":"1.11.0"},"main":"./lib/csscomb.js","bin":{"csscomb":"./bin/csscomb"},"scripts":{"test":"./node_modules/.bin/jshint-groups && ./node_modules/.bin/jscs . && ./node_modules/.bin/mocha -u bdd -R spec"},"bugs":{"url":"https://github.com/csscomb/csscomb.js/issues"},"_id":"csscomb@0.0.8","dist":{"shasum":"571af934b3700fe551e38b4ab79ae6eccfabaed4","tarball":"https://registry.npmjs.org/csscomb/-/csscomb-0.0.8.tgz"},"_from":"csscomb.js/","_npmVersion":"1.2.24","_npmUser":{"name":"mishanga","email":"mishanga@yandex-team.ru"},"directories":{}},"0.0.9":{"name":"csscomb","description":"Tool for beautify CSS","version":"0.0.9","homepage":"http://csscomb.com/","author":{"name":"Mikhail Troshev","email":"mishanga@yandex-team.ru"},"repository":{"type":"git","url":"https://github.com/csscomb/csscomb.js"},"maintainers":[{"name":"csscomb","email":"hello@csscomb.com"},{"name":"miripiruni","email":"miripiruni@gmail.com"},{"name":"mishanga","email":"mishanga@yandex-team.ru"}],"contributors":[{"name":"Sergey Puzankov","email":"puzankov@yandex-team.ru"},{"name":"Denis Payase","email":"lostsoul@yandex-team.ru"}],"engines":{"node":"0.8 | 0.10"},"dependencies":{"commander":"1.1.1","gonzales":"1.0.6","minimatch":"0.2.12","vow":"0.3.7","vow-fs":"0.1.13"},"devDependencies":{"jshint-groups":"0.5.1","jshint":"2.1.7","jscs":"1.0.5","mocha":"1.11.0"},"main":"./lib/csscomb.js","bin":{"csscomb":"./bin/csscomb"},"scripts":{"test":"./node_modules/.bin/jshint-groups && ./node_modules/.bin/jscs . && ./node_modules/.bin/mocha -u bdd -R spec"},"bugs":{"url":"https://github.com/csscomb/csscomb.js/issues"},"_id":"csscomb@0.0.9","dist":{"shasum":"1ff4ec2c6c78b491557fdbcde00a4202d3d92646","tarball":"https://registry.npmjs.org/csscomb/-/csscomb-0.0.9.tgz"},"_from":"./csscomb.js/","_npmVersion":"1.2.24","_npmUser":{"name":"mishanga","email":"mishanga@yandex-team.ru"},"directories":{}},"0.0.10":{"name":"csscomb","description":"Tool for beautify CSS","version":"0.0.10","homepage":"http://csscomb.com/","author":{"name":"Mikhail Troshev","email":"mishanga@yandex-team.ru"},"repository":{"type":"git","url":"https://github.com/csscomb/csscomb.js"},"maintainers":[{"name":"csscomb","email":"hello@csscomb.com"},{"name":"miripiruni","email":"miripiruni@gmail.com"},{"name":"mishanga","email":"mishanga@yandex-team.ru"}],"contributors":[{"name":"Sergey Puzankov","email":"puzankov@yandex-team.ru"},{"name":"Denis Payase","email":"lostsoul@yandex-team.ru"},{"name":"Igor Novak","email":"bezengi@gmail.com"},{"name":"Roman Komarov","email":"kizmarh@ya.ru"}],"engines":{"node":"0.8 | 0.10"},"dependencies":{"commander":"1.1.1","gonzales":"1.0.6","minimatch":"0.2.12","vow":"0.3.7","vow-fs":"0.1.13"},"devDependencies":{"jshint-groups":"0.5.1","jshint":"2.1.7","jscs":"1.0.5","mocha":"1.11.0"},"main":"./lib/csscomb.js","bin":{"csscomb":"./bin/csscomb"},"scripts":{"test":"./node_modules/.bin/jshint-groups && ./node_modules/.bin/jscs . && ./node_modules/.bin/mocha -u bdd -R spec"},"bugs":{"url":"https://github.com/csscomb/csscomb.js/issues"},"_id":"csscomb@0.0.10","dist":{"shasum":"9eea7926d853646e5718ccf7fb534f8beba28df5","tarball":"https://registry.npmjs.org/csscomb/-/csscomb-0.0.10.tgz"},"_from":"./csscomb.js/","_npmVersion":"1.2.24","_npmUser":{"name":"mishanga","email":"mishanga@yandex-team.ru"},"directories":{}},"0.0.11":{"name":"csscomb","description":"Tool for beautify CSS","version":"0.0.11","homepage":"http://csscomb.com/","author":{"name":"Mikhail Troshev","email":"mishanga@yandex-team.ru"},"repository":{"type":"git","url":"https://github.com/csscomb/csscomb.js"},"maintainers":[{"name":"csscomb","email":"hello@csscomb.com"},{"name":"miripiruni","email":"miripiruni@gmail.com"},{"name":"mishanga","email":"mishanga@yandex-team.ru"}],"contributors":[{"name":"Sergey Puzankov","email":"puzankov@yandex-team.ru"},{"name":"Denis Payase","email":"lostsoul@yandex-team.ru"},{"name":"Igor Novak","email":"bezengi@gmail.com"},{"name":"Roman Komarov","email":"kizmarh@ya.ru"}],"engines":{"node":"0.8 | 0.10"},"dependencies":{"commander":"1.1.1","gonzales":"1.0.6","minimatch":"0.2.12","vow":"0.3.7","vow-fs":"0.1.13"},"devDependencies":{"jshint-groups":"0.5.1","jshint":"2.1.7","jscs":"1.0.5","mocha":"1.11.0"},"main":"./lib/csscomb.js","bin":{"csscomb":"./bin/csscomb"},"scripts":{"test":"./node_modules/.bin/jshint-groups && ./node_modules/.bin/jscs . && ./node_modules/.bin/mocha -u bdd -R spec"},"bugs":{"url":"https://github.com/csscomb/csscomb.js/issues"},"_id":"csscomb@0.0.11","dist":{"shasum":"88191c0fdb083b05f0b706ad1ea16be28e3af341","tarball":"https://registry.npmjs.org/csscomb/-/csscomb-0.0.11.tgz"},"_from":"csscomb.js/","_npmVersion":"1.2.24","_npmUser":{"name":"mishanga","email":"mishanga@yandex-team.ru"},"directories":{}},"0.0.12":{"name":"csscomb","description":"CSS coding style formatter","version":"0.0.12","homepage":"http://csscomb.com/","author":{"name":"Mikhail Troshev","email":"mishanga@yandex-team.ru"},"repository":{"type":"git","url":"https://github.com/csscomb/csscomb.js"},"maintainers":[{"name":"csscomb","email":"hello@csscomb.com"},{"name":"miripiruni","email":"miripiruni@gmail.com"},{"name":"mishanga","email":"mishanga@yandex-team.ru"}],"contributors":[{"name":"Sergey Puzankov","email":"puzankov@yandex-team.ru"},{"name":"Denis Payase","email":"lostsoul@yandex-team.ru"},{"name":"Igor Novak","email":"bezengi@gmail.com"},{"name":"Roman Komarov","email":"kizmarh@ya.ru"}],"engines":{"node":"0.8 | 0.10"},"dependencies":{"commander":"1.1.1","gonzales":"1.0.6","minimatch":"0.2.12","vow":"0.3.7","vow-fs":"0.1.13"},"devDependencies":{"jshint-groups":"0.5.1","jshint":"2.1.7","jscs":"1.0.5","mocha":"1.11.0"},"main":"./lib/csscomb.js","bin":{"csscomb":"./bin/csscomb"},"scripts":{"test":"./node_modules/.bin/jshint-groups && ./node_modules/.bin/jscs . && ./node_modules/.bin/mocha -u bdd -R spec"},"bugs":{"url":"https://github.com/csscomb/csscomb.js/issues"},"_id":"csscomb@0.0.12","dist":{"shasum":"5f99c10ce8d1547eac55464b772edc75a6e8723c","tarball":"https://registry.npmjs.org/csscomb/-/csscomb-0.0.12.tgz"},"_from":"csscomb.js/","_npmVersion":"1.2.24","_npmUser":{"name":"mishanga","email":"mishanga@yandex-team.ru"},"directories":{}},"0.0.13":{"name":"csscomb","description":"CSS coding style formatter","version":"0.0.13","homepage":"http://csscomb.com/","author":{"name":"Mikhail Troshev","email":"mishanga@yandex-team.ru"},"repository":{"type":"git","url":"https://github.com/csscomb/csscomb.js"},"maintainers":[{"name":"csscomb","email":"hello@csscomb.com"},{"name":"miripiruni","email":"miripiruni@gmail.com"},{"name":"mishanga","email":"mishanga@yandex-team.ru"}],"contributors":[{"name":"Sergey Puzankov","email":"puzankov@yandex-team.ru"},{"name":"Denis Payase","email":"lostsoul@yandex-team.ru"},{"name":"Igor Novak","email":"bezengi@gmail.com"},{"name":"Roman Komarov","email":"kizmarh@ya.ru"}],"engines":{"node":"0.8 | 0.10"},"dependencies":{"commander":"1.1.1","gonzales":"1.0.6","minimatch":"0.2.12","vow":"0.3.7","vow-fs":"0.1.13"},"devDependencies":{"jshint-groups":"0.5.1","jshint":"2.1.7","jscs":"1.0.5","mocha":"1.11.0"},"main":"./lib/csscomb.js","bin":{"csscomb":"./bin/csscomb"},"scripts":{"test":"./node_modules/.bin/jshint-groups && ./node_modules/.bin/jscs . && ./node_modules/.bin/mocha -u bdd -R spec"},"bugs":{"url":"https://github.com/csscomb/csscomb.js/issues"},"_id":"csscomb@0.0.13","dist":{"shasum":"8555696db9458db64dfc8be35d685b96ea1ce4a2","tarball":"https://registry.npmjs.org/csscomb/-/csscomb-0.0.13.tgz"},"_from":"csscomb.js/","_npmVersion":"1.2.24","_npmUser":{"name":"mishanga","email":"mishanga@yandex-team.ru"},"directories":{}},"0.0.14":{"name":"csscomb","description":"CSS coding style formatter","version":"0.0.14","homepage":"http://csscomb.com/","author":{"name":"Mikhail Troshev","email":"mishanga@yandex-team.ru"},"repository":{"type":"git","url":"https://github.com/csscomb/csscomb.js"},"maintainers":[{"name":"csscomb","email":"hello@csscomb.com"},{"name":"miripiruni","email":"miripiruni@gmail.com"},{"name":"mishanga","email":"mishanga@yandex-team.ru"}],"contributors":[{"name":"Sergey Puzankov","email":"puzankov@yandex-team.ru"},{"name":"Denis Payase","email":"lostsoul@yandex-team.ru"},{"name":"Igor Novak","email":"bezengi@gmail.com"},{"name":"Roman Komarov","email":"kizmarh@ya.ru"}],"engines":{"node":"0.8 | 0.10"},"dependencies":{"commander":"1.1.1","gonzales":"1.0.6","minimatch":"0.2.12","vow":"0.3.7","vow-fs":"0.1.13"},"devDependencies":{"jshint-groups":"0.5.1","jshint":"2.1.7","jscs":"1.0.5","mocha":"1.11.0"},"main":"./lib/csscomb.js","bin":{"csscomb":"./bin/csscomb"},"scripts":{"test":"./node_modules/.bin/jshint-groups && ./node_modules/.bin/jscs . && ./node_modules/.bin/mocha -u bdd -R spec"},"bugs":{"url":"https://github.com/csscomb/csscomb.js/issues"},"_id":"csscomb@0.0.14","dist":{"shasum":"355e752be9e237a6132c5101aece36cd36a77c3f","tarball":"https://registry.npmjs.org/csscomb/-/csscomb-0.0.14.tgz"},"_from":"csscomb.js/","_npmVersion":"1.2.24","_npmUser":{"name":"mishanga","email":"mishanga@yandex-team.ru"},"directories":{}},"0.0.15":{"name":"csscomb","description":"CSS coding style formatter","version":"0.0.15","homepage":"http://csscomb.com/","author":{"name":"Mikhail Troshev","email":"mishanga@yandex-team.ru"},"repository":{"type":"git","url":"https://github.com/csscomb/csscomb.js"},"maintainers":[{"name":"csscomb","email":"hello@csscomb.com"},{"name":"miripiruni","email":"miripiruni@gmail.com"},{"name":"mishanga","email":"mishanga@yandex-team.ru"}],"contributors":[{"name":"Sergey Puzankov","email":"puzankov@yandex-team.ru"},{"name":"Denis Payase","email":"lostsoul@yandex-team.ru"},{"name":"Igor Novak","email":"bezengi@gmail.com"},{"name":"Roman Komarov","email":"kizmarh@ya.ru"}],"engines":{"node":"0.8 | 0.10"},"dependencies":{"commander":"1.1.1","gonzales":"1.0.6","minimatch":"0.2.12","vow":"0.3.7","vow-fs":"0.1.13"},"devDependencies":{"jshint-groups":"0.5.1","jshint":"2.1.7","jscs":"1.0.5","mocha":"1.11.0"},"main":"./lib/csscomb.js","bin":{"csscomb":"./bin/csscomb"},"scripts":{"test":"./node_modules/.bin/jshint-groups && ./node_modules/.bin/jscs . && ./node_modules/.bin/mocha -u bdd -R spec"},"bugs":{"url":"https://github.com/csscomb/csscomb.js/issues"},"_id":"csscomb@0.0.15","dist":{"shasum":"d67609d327bbfd7196c69317a74b49dba75d5e0d","tarball":"https://registry.npmjs.org/csscomb/-/csscomb-0.0.15.tgz"},"_from":"./csscomb.js","_npmVersion":"1.2.24","_npmUser":{"name":"mishanga","email":"mishanga@yandex-team.ru"},"directories":{}},"0.1.0":{"name":"csscomb","description":"CSS coding style formatter","version":"0.1.0","homepage":"http://csscomb.com/","author":{"name":"Mikhail Troshev","email":"mishanga@yandex-team.ru"},"repository":{"type":"git","url":"https://github.com/csscomb/csscomb.js"},"maintainers":[{"name":"csscomb","email":"hello@csscomb.com"},{"name":"miripiruni","email":"miripiruni@gmail.com"},{"name":"mishanga","email":"mishanga@yandex-team.ru"}],"contributors":[{"name":"Sergey Puzankov","email":"puzankov@yandex-team.ru"},{"name":"Denis Payase","email":"lostsoul@yandex-team.ru"},{"name":"Igor Novak","email":"bezengi@gmail.com"},{"name":"Roman Komarov","email":"kizmarh@ya.ru"}],"engines":{"node":">= 0.8.0"},"dependencies":{"commander":"1.1.1","gonzales":"1.0.6","minimatch":"0.2.12","vow":"0.3.7","vow-fs":"0.1.13"},"devDependencies":{"jshint-groups":"0.5.1","jshint":"2.1.7","jscs":"1.0.5","mocha":"1.11.0"},"main":"./lib/csscomb.js","bin":{"csscomb":"./bin/csscomb"},"scripts":{"test":"./node_modules/.bin/jshint-groups && ./node_modules/.bin/jscs . && ./node_modules/.bin/mocha -u bdd -R spec"},"bugs":{"url":"https://github.com/csscomb/csscomb.js/issues"},"_id":"csscomb@0.1.0","dist":{"shasum":"88004ce1293aba11f7e3281cd916cce5079095b0","tarball":"https://registry.npmjs.org/csscomb/-/csscomb-0.1.0.tgz"},"_from":"./csscomb.js","_npmVersion":"1.2.24","_npmUser":{"name":"mishanga","email":"mishanga@yandex-team.ru"},"directories":{}},"1.0.0":{"name":"csscomb","description":"CSS coding style formatter","version":"1.0.0","homepage":"http://csscomb.com/","author":{"name":"Mikhail Troshev","email":"mishanga@yandex-team.ru"},"repository":{"type":"git","url":"https://github.com/csscomb/csscomb.js"},"maintainers":[{"name":"csscomb","email":"hello@csscomb.com"},{"name":"miripiruni","email":"miripiruni@gmail.com"},{"name":"mishanga","email":"mishanga@yandex-team.ru"}],"contributors":[{"name":"Sergey Puzankov","email":"puzankov@yandex-team.ru"},{"name":"Denis Payase","email":"lostsoul@yandex-team.ru"},{"name":"Igor Novak","email":"bezengi@gmail.com"},{"name":"Roman Komarov","email":"kizmarh@ya.ru"}],"engines":{"node":">= 0.8.0"},"dependencies":{"commander":"2.0.0","gonzales":"1.0.7","minimatch":"0.2.12","vow":"0.3.11","vow-fs":"0.2.3"},"devDependencies":{"jshint-groups":"0.5.3","jshint":"2.3.0","jscs":"1.0.11","mocha":"1.14.0"},"main":"./lib/csscomb.js","bin":{"csscomb":"./bin/csscomb"},"scripts":{"test":"./node_modules/.bin/jshint-groups && ./node_modules/.bin/jscs . && ./node_modules/.bin/mocha -u bdd -R spec"},"bugs":{"url":"https://github.com/csscomb/csscomb.js/issues"},"_id":"csscomb@1.0.0","dist":{"shasum":"5732bf31ea6b3585e4094e7e0351a792e91c02f5","tarball":"https://registry.npmjs.org/csscomb/-/csscomb-1.0.0.tgz"},"_from":"csscomb.js/","_npmVersion":"1.2.24","_npmUser":{"name":"mishanga","email":"mishanga@yandex-team.ru"},"directories":{}},"2.0.0":{"name":"csscomb","description":"CSS coding style formatter","version":"2.0.0","homepage":"http://csscomb.com/","author":{"name":"Mikhail Troshev","email":"mishanga@yandex-team.ru"},"repository":{"type":"git","url":"https://github.com/csscomb/csscomb.js"},"maintainers":[{"name":"csscomb","email":"hello@csscomb.com"},{"name":"miripiruni","email":"miripiruni@gmail.com"},{"name":"mishanga","email":"mishanga@yandex-team.ru"}],"contributors":[{"name":"Sergey Puzankov","email":"puzankov@yandex-team.ru"},{"name":"Denis Payase","email":"lostsoul@yandex-team.ru"},{"name":"Igor Novak","email":"bezengi@gmail.com"},{"name":"Roman Komarov","email":"kizmarh@ya.ru"}],"engines":{"node":">= 0.10.0"},"dependencies":{"commander":"2.0.0","gonzales-pe":"2.0.1","minimatch":"0.2.12","vow":"0.3.11","vow-fs":"0.2.3"},"devDependencies":{"jshint-groups":"0.5.3","jshint":"2.3.0","jscs":"1.0.11","mocha":"1.14.0"},"main":"./lib/csscomb.js","bin":{"csscomb":"./bin/csscomb"},"scripts":{"test":"./node_modules/.bin/jshint-groups && ./node_modules/.bin/jscs . && ./node_modules/.bin/mocha -u bdd -R dot"},"bugs":{"url":"https://github.com/csscomb/csscomb.js/issues"},"_id":"csscomb@2.0.0","dist":{"shasum":"cf049784258d74d259982b42bac179068348d568","tarball":"https://registry.npmjs.org/csscomb/-/csscomb-2.0.0.tgz"},"_from":"./csscomb.js","_npmVersion":"1.2.24","_npmUser":{"name":"mishanga","email":"mishanga@yandex-team.ru"},"directories":{}},"2.0.1":{"name":"csscomb","description":"CSS coding style formatter","version":"2.0.1","homepage":"http://csscomb.com/","author":{"name":"Mikhail Troshev","email":"mishanga@yandex-team.ru"},"repository":{"type":"git","url":"https://github.com/csscomb/csscomb.js"},"maintainers":[{"name":"csscomb","email":"hello@csscomb.com"},{"name":"miripiruni","email":"miripiruni@gmail.com"},{"name":"mishanga","email":"mishanga@yandex-team.ru"}],"contributors":[{"name":"Sergey Puzankov","email":"puzankov@yandex-team.ru"},{"name":"Denis Payase","email":"lostsoul@yandex-team.ru"},{"name":"Igor Novak","email":"bezengi@gmail.com"},{"name":"Roman Komarov","email":"kizmarh@ya.ru"}],"engines":{"node":">= 0.10.0"},"dependencies":{"commander":"2.0.0","gonzales-pe":"2.0.1","minimatch":"0.2.12","vow":"0.3.11","vow-fs":"0.2.3"},"devDependencies":{"jshint-groups":"0.5.3","jshint":"2.3.0","jscs":"1.0.11","mocha":"1.14.0"},"main":"./lib/csscomb.js","bin":{"csscomb":"./bin/csscomb"},"scripts":{"test":"./node_modules/.bin/jshint-groups && ./node_modules/.bin/jscs . && ./node_modules/.bin/mocha -u bdd -R dot"},"bugs":{"url":"https://github.com/csscomb/csscomb.js/issues"},"_id":"csscomb@2.0.1","dist":{"shasum":"392b9c6ca2b23d519e5e0443532573def40e68fc","tarball":"https://registry.npmjs.org/csscomb/-/csscomb-2.0.1.tgz"},"_from":"./csscomb.js/","_npmVersion":"1.2.24","_npmUser":{"name":"mishanga","email":"mishanga@yandex-team.ru"},"directories":{}},"2.0.3":{"name":"csscomb","description":"CSS coding style formatter","version":"2.0.3","homepage":"http://csscomb.com/","author":{"name":"Mikhail Troshev","email":"mishanga@yandex-team.ru"},"repository":{"type":"git","url":"https://github.com/csscomb/csscomb.js"},"maintainers":[{"name":"csscomb","email":"hello@csscomb.com"},{"name":"miripiruni","email":"miripiruni@gmail.com"},{"name":"mishanga","email":"mishanga@yandex-team.ru"},{"name":"tonyganch","email":"tonyganch+github@gmail.com"}],"contributors":[{"name":"Sergey Puzankov","email":"puzankov@yandex-team.ru"},{"name":"Denis Payase","email":"lostsoul@yandex-team.ru"},{"name":"Igor Novak","email":"bezengi@gmail.com"},{"name":"Roman Komarov","email":"kizmarh@ya.ru"}],"engines":{"node":">= 0.10.0"},"dependencies":{"commander":"2.0.0","gonzales-pe":"2.0.x","minimatch":"0.2.12","vow":"0.3.11","vow-fs":"0.2.3"},"devDependencies":{"jshint-groups":"0.5.3","jshint":"2.3.0","jscs":"1.0.11","mocha":"1.14.0"},"main":"./lib/csscomb.js","bin":{"csscomb":"./bin/csscomb"},"scripts":{"test":"./node_modules/.bin/jshint-groups && ./node_modules/.bin/jscs . && node test/mocha","test-cov":"rm -rf lib-cov && jscoverage lib lib-cov && TEST_COV=true node test/mocha > ./test/test-coverage.html"},"bugs":{"url":"https://github.com/csscomb/csscomb.js/issues"},"_id":"csscomb@2.0.3","dist":{"shasum":"a98c0801015991ea31ae85e35bffbeb0a3e2b569","tarball":"https://registry.npmjs.org/csscomb/-/csscomb-2.0.3.tgz"},"_from":"./csscomb.js/","_npmVersion":"1.2.24","_npmUser":{"name":"mishanga","email":"mishanga@yandex-team.ru"},"directories":{}},"2.0.4":{"name":"csscomb","description":"CSS coding style formatter","version":"2.0.4","homepage":"http://csscomb.com/","author":{"name":"Mikhail Troshev","email":"mishanga@yandex-team.ru"},"repository":{"type":"git","url":"https://github.com/csscomb/csscomb.js"},"maintainers":[{"name":"csscomb","email":"hello@csscomb.com"},{"name":"miripiruni","email":"miripiruni@gmail.com"},{"name":"mishanga","email":"mishanga@yandex-team.ru"},{"name":"tonyganch","email":"tonyganch+github@gmail.com"}],"contributors":[{"name":"Sergey Puzankov","email":"puzankov@yandex-team.ru"},{"name":"Denis Payase","email":"lostsoul@yandex-team.ru"},{"name":"Igor Novak","email":"bezengi@gmail.com"},{"name":"Roman Komarov","email":"kizmarh@ya.ru"}],"engines":{"node":">= 0.10.0"},"dependencies":{"commander":"2.0.0","gonzales-pe":"2.0.x","minimatch":"0.2.12","vow":"0.3.11","vow-fs":"0.2.3"},"devDependencies":{"jshint-groups":"0.5.3","jshint":"2.3.0","jscs":"1.0.11","mocha":"1.14.0"},"main":"./lib/csscomb.js","bin":{"csscomb":"./bin/csscomb"},"scripts":{"test":"./node_modules/.bin/jshint-groups && ./node_modules/.bin/jscs . && node test/mocha","test-cov":"rm -rf lib-cov && jscoverage lib lib-cov && TEST_COV=true node test/mocha > ./test/test-coverage.html"},"bugs":{"url":"https://github.com/csscomb/csscomb.js/issues"},"_id":"csscomb@2.0.4","dist":{"shasum":"430e10b39d482802827d21d7fb94d7d305222764","tarball":"https://registry.npmjs.org/csscomb/-/csscomb-2.0.4.tgz"},"_from":"./csscomb.js/","_npmVersion":"1.2.24","_npmUser":{"name":"mishanga","email":"mishanga@yandex-team.ru"},"directories":{}},"2.0.5":{"name":"csscomb","description":"CSS coding style formatter","version":"2.0.5","homepage":"http://csscomb.com/","author":{"name":"Mikhail Troshev","email":"mishanga@yandex-team.ru"},"repository":{"type":"git","url":"https://github.com/csscomb/csscomb.js"},"maintainers":[{"name":"csscomb","email":"hello@csscomb.com"},{"name":"miripiruni","email":"miripiruni@gmail.com"},{"name":"mishanga","email":"mishanga@yandex-team.ru"},{"name":"tonyganch","email":"tonyganch+github@gmail.com"}],"contributors":[{"name":"Sergey Puzankov","email":"puzankov@yandex-team.ru"},{"name":"Denis Payase","email":"lostsoul@yandex-team.ru"},{"name":"Igor Novak","email":"bezengi@gmail.com"},{"name":"Roman Komarov","email":"kizmarh@ya.ru"}],"engines":{"node":">= 0.10.0"},"dependencies":{"commander":"2.0.0","gonzales-pe":"2.0.x","minimatch":"0.2.12","vow":"0.4.4","vow-fs":"0.3.2"},"devDependencies":{"jshint-groups":"0.5.3","jshint":"2.3.0","jscs":"1.4.5","mocha":"1.14.0"},"main":"./lib/csscomb.js","bin":{"csscomb":"./bin/csscomb"},"scripts":{"test":"jshint-groups && ./node_modules/.bin/jscs . && node test/mocha","test-cov":"rm -rf lib-cov && jscoverage lib lib-cov && TEST_COV=true node test/mocha > ./test/test-coverage.html"},"bugs":{"url":"https://github.com/csscomb/csscomb.js/issues"},"_id":"csscomb@2.0.5","dist":{"shasum":"b53d8263eb1d80b342956fe374a7fec88eb60cf5","tarball":"https://registry.npmjs.org/csscomb/-/csscomb-2.0.5.tgz"},"_from":".","_npmVersion":"1.4.3","_npmUser":{"name":"tonyganch","email":"tonyganch+github@gmail.com"},"directories":{}},"3.0.0-1":{"name":"csscomb","description":"CSS coding style formatter","version":"3.0.0-1","homepage":"http://csscomb.com/","author":{"name":"Mikhail Troshev","email":"mishanga@yandex-team.ru"},"repository":{"type":"git","url":"https://github.com/csscomb/csscomb.js"},"maintainers":[{"name":"csscomb","email":"hello@csscomb.com"},{"name":"miripiruni","email":"miripiruni@gmail.com"},{"name":"mishanga","email":"mishanga@yandex-team.ru"},{"name":"tonyganch","email":"tonyganch+github@gmail.com"}],"contributors":[{"name":"Sergey Puzankov","email":"puzankov@yandex-team.ru"},{"name":"Denis Payase","email":"lostsoul@yandex-team.ru"},{"name":"Igor Novak","email":"bezengi@gmail.com"},{"name":"Roman Komarov","email":"kizmarh@ya.ru"}],"engines":{"node":">= 0.10.0"},"dependencies":{"commander":"2.0.0","gonzales-pe":"3.0.0-5","minimatch":"0.2.12","vow":"0.4.4","vow-fs":"0.3.2"},"devDependencies":{"jshint-groups":"0.5.3","jshint":"2.3.0","jscs":"1.4.5","mocha":"1.14.0"},"main":"./lib/csscomb.js","bin":{"csscomb":"./bin/csscomb"},"scripts":{"test":"jshint-groups && ./node_modules/.bin/jscs . && node test/mocha","test-cov":"rm -rf lib-cov && jscoverage lib lib-cov && TEST_COV=true node test/mocha > ./test/test-coverage.html"},"bugs":{"url":"https://github.com/csscomb/csscomb.js/issues"},"_id":"csscomb@3.0.0-1","_shasum":"401b207e0c58ff6043522a221378fe00f32f5090","_from":".","_npmVersion":"1.4.9","_npmUser":{"name":"tonyganch","email":"tonyganch+github@gmail.com"},"dist":{"shasum":"401b207e0c58ff6043522a221378fe00f32f5090","tarball":"https://registry.npmjs.org/csscomb/-/csscomb-3.0.0-1.tgz"},"directories":{}},"3.0.0-2":{"name":"csscomb","description":"CSS coding style formatter","version":"3.0.0-2","homepage":"http://csscomb.com/","author":{"name":"Mikhail Troshev","email":"mishanga@yandex-team.ru"},"repository":{"type":"git","url":"https://github.com/csscomb/csscomb.js"},"maintainers":[{"name":"csscomb","email":"hello@csscomb.com"},{"name":"miripiruni","email":"miripiruni@gmail.com"},{"name":"mishanga","email":"mishanga@yandex-team.ru"},{"name":"tonyganch","email":"tonyganch+github@gmail.com"}],"contributors":[{"name":"Sergey Puzankov","email":"puzankov@yandex-team.ru"},{"name":"Denis Payase","email":"lostsoul@yandex-team.ru"},{"name":"Igor Novak","email":"bezengi@gmail.com"},{"name":"Roman Komarov","email":"kizmarh@ya.ru"}],"engines":{"node":">= 0.10.0"},"dependencies":{"commander":"2.0.0","gonzales-pe":"3.0.0-5","minimatch":"0.2.12","vow":"0.4.4","vow-fs":"0.3.2"},"devDependencies":{"jshint-groups":"0.5.3","jshint":"2.3.0","jscs":"1.4.5","mocha":"1.14.0"},"main":"./lib/csscomb.js","bin":{"csscomb":"./bin/csscomb"},"scripts":{"test":"jshint-groups && ./node_modules/.bin/jscs . && node test/mocha","test-cov":"rm -rf lib-cov && jscoverage lib lib-cov && TEST_COV=true node test/mocha > ./test/test-coverage.html"},"bugs":{"url":"https://github.com/csscomb/csscomb.js/issues"},"_id":"csscomb@3.0.0-2","_shasum":"bc421da5821f8920a1be9945606a1a51c018e3bf","_from":".","_npmVersion":"1.4.9","_npmUser":{"name":"tonyganch","email":"tonyganch+github@gmail.com"},"dist":{"shasum":"bc421da5821f8920a1be9945606a1a51c018e3bf","tarball":"https://registry.npmjs.org/csscomb/-/csscomb-3.0.0-2.tgz"},"directories":{}},"3.0.0-3":{"name":"csscomb","description":"CSS coding style formatter","version":"3.0.0-3","homepage":"http://csscomb.com/","author":{"name":"Mikhail Troshev","email":"mishanga@yandex-team.ru"},"repository":{"type":"git","url":"https://github.com/csscomb/csscomb.js"},"maintainers":[{"name":"csscomb","email":"hello@csscomb.com"},{"name":"miripiruni","email":"miripiruni@gmail.com"},{"name":"mishanga","email":"mishanga@yandex-team.ru"},{"name":"tonyganch","email":"tonyganch+github@gmail.com"}],"contributors":[{"name":"Sergey Puzankov","email":"puzankov@yandex-team.ru"},{"name":"Denis Payase","email":"lostsoul@yandex-team.ru"},{"name":"Igor Novak","email":"bezengi@gmail.com"},{"name":"Roman Komarov","email":"kizmarh@ya.ru"}],"engines":{"node":">= 0.10.0"},"dependencies":{"commander":"2.0.0","gonzales-pe":"3.0.0-5","minimatch":"0.2.12","vow":"0.4.4","vow-fs":"0.3.2"},"devDependencies":{"jshint-groups":"0.5.3","jshint":"2.3.0","jscs":"1.4.5","mocha":"1.14.0"},"main":"./lib/csscomb.js","bin":{"csscomb":"./bin/csscomb"},"scripts":{"test":"jshint-groups && ./node_modules/.bin/jscs . && node test/mocha","test-cov":"rm -rf lib-cov && jscoverage lib lib-cov && TEST_COV=true node test/mocha > ./test/test-coverage.html"},"bugs":{"url":"https://github.com/csscomb/csscomb.js/issues"},"_id":"csscomb@3.0.0-3","_shasum":"1685ecfd7f2531169352844f87a6667d67d0cef4","_from":".","_npmVersion":"1.4.9","_npmUser":{"name":"tonyganch","email":"tonyganch+github@gmail.com"},"dist":{"shasum":"1685ecfd7f2531169352844f87a6667d67d0cef4","tarball":"https://registry.npmjs.org/csscomb/-/csscomb-3.0.0-3.tgz"},"directories":{}},"3.0.0-4":{"name":"csscomb","description":"CSS coding style formatter","version":"3.0.0-4","homepage":"http://csscomb.com/","author":{"name":"Mikhail Troshev","email":"mishanga@yandex-team.ru"},"repository":{"type":"git","url":"https://github.com/csscomb/csscomb.js"},"maintainers":[{"name":"csscomb","email":"hello@csscomb.com"},{"name":"miripiruni","email":"miripiruni@gmail.com"},{"name":"mishanga","email":"mishanga@yandex-team.ru"},{"name":"tonyganch","email":"tonyganch+github@gmail.com"}],"contributors":[{"name":"Sergey Puzankov","email":"puzankov@yandex-team.ru"},{"name":"Denis Payase","email":"lostsoul@yandex-team.ru"},{"name":"Igor Novak","email":"bezengi@gmail.com"},{"name":"Roman Komarov","email":"kizmarh@ya.ru"}],"engines":{"node":">= 0.10.0"},"dependencies":{"commander":"2.0.0","gonzales-pe":"3.0.0-5","minimatch":"0.2.12","vow":"0.4.4","vow-fs":"0.3.2"},"devDependencies":{"jshint-groups":"0.5.3","jshint":"2.3.0","jscs":"1.4.5","mocha":"1.14.0"},"main":"./lib/csscomb.js","bin":{"csscomb":"./bin/csscomb"},"scripts":{"test":"jshint-groups && ./node_modules/.bin/jscs . && node test/mocha","test-cov":"rm -rf lib-cov && jscoverage lib lib-cov && TEST_COV=true node test/mocha > ./test/test-coverage.html"},"bugs":{"url":"https://github.com/csscomb/csscomb.js/issues"},"_id":"csscomb@3.0.0-4","_shasum":"d60d0a759cd43615ac361132f92f879f7a0c2468","_from":".","_npmVersion":"1.4.9","_npmUser":{"name":"tonyganch","email":"tonyganch+github@gmail.com"},"dist":{"shasum":"d60d0a759cd43615ac361132f92f879f7a0c2468","tarball":"https://registry.npmjs.org/csscomb/-/csscomb-3.0.0-4.tgz"},"directories":{}},"3.0.0":{"name":"csscomb","description":"CSS coding style formatter","version":"3.0.0","homepage":"http://csscomb.com/","author":{"name":"Mikhail Troshev","email":"mishanga@yandex-team.ru"},"repository":{"type":"git","url":"https://github.com/csscomb/csscomb.js"},"maintainers":[{"name":"csscomb","email":"hello@csscomb.com"},{"name":"miripiruni","email":"miripiruni@gmail.com"},{"name":"mishanga","email":"mishanga@yandex-team.ru"},{"name":"tonyganch","email":"tonyganch+github@gmail.com"}],"contributors":[{"name":"Sergey Puzankov","email":"puzankov@yandex-team.ru"},{"name":"Denis Payase","email":"lostsoul@yandex-team.ru"},{"name":"Igor Novak","email":"bezengi@gmail.com"},{"name":"Roman Komarov","email":"kizmarh@ya.ru"}],"engines":{"node":">= 0.10.0"},"dependencies":{"commander":"2.0.0","csscomb-core":"~2.0.0","gonzales-pe":"~3.0.0","vow":"0.4.4"},"devDependencies":{"jshint-groups":"0.5.3","jshint":"2.3.0","jscs":"1.4.5","mocha":"1.14.0"},"main":"./lib/csscomb.js","bin":{"csscomb":"./bin/csscomb"},"scripts":{"test":"jshint-groups && ./node_modules/.bin/jscs . && node test/mocha","test-cov":"rm -rf lib-cov && jscoverage lib lib-cov && TEST_COV=true node test/mocha > ./test/test-coverage.html"},"gitHead":"2875c43992c0100704b5b9ced52b1973eb253503","bugs":{"url":"https://github.com/csscomb/csscomb.js/issues"},"_id":"csscomb@3.0.0","_shasum":"6c156c622bcd6b48c3ba9cb7a529227704e0e55a","_from":".","_npmVersion":"1.5.0-alpha-1","_npmUser":{"name":"tonyganch","email":"tonyganch+github@gmail.com"},"dist":{"shasum":"6c156c622bcd6b48c3ba9cb7a529227704e0e55a","tarball":"https://registry.npmjs.org/csscomb/-/csscomb-3.0.0.tgz"},"directories":{}},"3.0.1":{"name":"csscomb","description":"CSS coding style formatter","version":"3.0.1","homepage":"http://csscomb.com/","author":{"name":"Mikhail Troshev","email":"mishanga@yandex-team.ru"},"repository":{"type":"git","url":"https://github.com/csscomb/csscomb.js"},"maintainers":[{"name":"csscomb","email":"hello@csscomb.com"},{"name":"miripiruni","email":"miripiruni@gmail.com"},{"name":"mishanga","email":"mishanga@yandex-team.ru"},{"name":"tonyganch","email":"tonyganch+github@gmail.com"}],"contributors":[{"name":"Sergey Puzankov","email":"puzankov@yandex-team.ru"},{"name":"Denis Payase","email":"lostsoul@yandex-team.ru"},{"name":"Igor Novak","email":"bezengi@gmail.com"},{"name":"Roman Komarov","email":"kizmarh@ya.ru"}],"engines":{"node":">= 0.10.0"},"dependencies":{"commander":"2.0.0","csscomb-core":"~2.0.0","gonzales-pe":"~3.0.0","vow":"0.4.4"},"devDependencies":{"jshint-groups":"0.5.3","jshint":"2.3.0","jscs":"1.4.5","mocha":"1.14.0"},"main":"./lib/csscomb.js","bin":{"csscomb":"./bin/csscomb"},"scripts":{"test":"jshint-groups && ./node_modules/.bin/jscs . && node test/mocha","test-cov":"rm -rf lib-cov && jscoverage lib lib-cov && TEST_COV=true node test/mocha > ./test/test-coverage.html"},"gitHead":"aad906310a95772042282491dd79b56d6aba1199","bugs":{"url":"https://github.com/csscomb/csscomb.js/issues"},"_id":"csscomb@3.0.1","_shasum":"bc092215c6c8e296026d522673dda2e18852cac9","_from":".","_npmVersion":"1.5.0-alpha-1","_npmUser":{"name":"tonyganch","email":"tonyganch+github@gmail.com"},"dist":{"shasum":"bc092215c6c8e296026d522673dda2e18852cac9","tarball":"https://registry.npmjs.org/csscomb/-/csscomb-3.0.1.tgz"},"directories":{}},"3.0.2":{"name":"csscomb","description":"CSS coding style formatter","version":"3.0.2","homepage":"http://csscomb.com/","author":{"name":"Mikhail Troshev","email":"mishanga@yandex-team.ru"},"repository":{"type":"git","url":"https://github.com/csscomb/csscomb.js"},"maintainers":[{"name":"csscomb","email":"hello@csscomb.com"},{"name":"miripiruni","email":"miripiruni@gmail.com"},{"name":"mishanga","email":"mishanga@yandex-team.ru"},{"name":"tonyganch","email":"tonyganch+github@gmail.com"}],"contributors":[{"name":"Sergey Puzankov","email":"puzankov@yandex-team.ru"},{"name":"Denis Payase","email":"lostsoul@yandex-team.ru"},{"name":"Igor Novak","email":"bezengi@gmail.com"},{"name":"Roman Komarov","email":"kizmarh@ya.ru"}],"engines":{"node":">= 0.10.0"},"dependencies":{"commander":"2.0.0","csscomb-core":"~2.0.0","gonzales-pe":"~3.0.0-0","vow":"0.4.4"},"devDependencies":{"jshint-groups":"0.5.3","jshint":"2.3.0","jscs":"1.4.5","mocha":"1.14.0"},"main":"./lib/csscomb.js","bin":{"csscomb":"./bin/csscomb"},"scripts":{"test":"jshint-groups && ./node_modules/.bin/jscs . && node test/mocha","test-cov":"rm -rf lib-cov && jscoverage lib lib-cov && TEST_COV=true node test/mocha > ./test/test-coverage.html"},"gitHead":"676159d12da5f4ab1fcf87cb8973f3362607c734","bugs":{"url":"https://github.com/csscomb/csscomb.js/issues"},"_id":"csscomb@3.0.2","_shasum":"eaf0791515f3d3bbf61290d1c24ba1bac82f1377","_from":".","_npmVersion":"1.5.0-alpha-1","_npmUser":{"name":"tonyganch","email":"tonyganch+github@gmail.com"},"dist":{"shasum":"eaf0791515f3d3bbf61290d1c24ba1bac82f1377","tarball":"https://registry.npmjs.org/csscomb/-/csscomb-3.0.2.tgz"},"directories":{}},"3.0.3":{"name":"csscomb","description":"CSS coding style formatter","version":"3.0.3","homepage":"http://csscomb.com/","author":{"name":"Mikhail Troshev","email":"mishanga@yandex-team.ru"},"repository":{"type":"git","url":"https://github.com/csscomb/csscomb.js"},"maintainers":[{"name":"csscomb","email":"hello@csscomb.com"},{"name":"miripiruni","email":"miripiruni@gmail.com"},{"name":"mishanga","email":"mishanga@yandex-team.ru"},{"name":"tonyganch","email":"tonyganch+github@gmail.com"}],"contributors":[{"name":"Sergey Puzankov","email":"puzankov@yandex-team.ru"},{"name":"Denis Payase","email":"lostsoul@yandex-team.ru"},{"name":"Igor Novak","email":"bezengi@gmail.com"},{"name":"Roman Komarov","email":"kizmarh@ya.ru"}],"engines":{"node":">= 0.10.0"},"dependencies":{"commander":"2.0.0","csscomb-core":"~2.0.0","gonzales-pe":"~3.0.0-0","vow":"0.4.4"},"devDependencies":{"jshint-groups":"0.5.3","jshint":"2.3.0","jscs":"1.4.5","mocha":"1.14.0"},"main":"./lib/csscomb.js","files":["bin","config","lib"],"bin":{"csscomb":"./bin/csscomb"},"scripts":{"test":"jshint-groups && ./node_modules/.bin/jscs . && node test/mocha","test-cov":"rm -rf lib-cov && jscoverage lib lib-cov && TEST_COV=true node test/mocha > ./test/test-coverage.html"},"gitHead":"1db46fd0be2bcdea6c24d6a17fa4e4467964c8b4","bugs":{"url":"https://github.com/csscomb/csscomb.js/issues"},"_id":"csscomb@3.0.3","_shasum":"2d05b04391114704854018c7dc8491916d8117d9","_from":".","_npmVersion":"1.5.0-alpha-1","_npmUser":{"name":"tonyganch","email":"tonyganch+github@gmail.com"},"dist":{"shasum":"2d05b04391114704854018c7dc8491916d8117d9","tarball":"https://registry.npmjs.org/csscomb/-/csscomb-3.0.3.tgz"},"directories":{}},"3.0.4":{"name":"csscomb","description":"CSS coding style formatter","version":"3.0.4","homepage":"http://csscomb.com/","author":{"name":"Mikhail Troshev","email":"mishanga@yandex-team.ru"},"repository":{"type":"git","url":"https://github.com/csscomb/csscomb.js"},"maintainers":[{"name":"csscomb","email":"hello@csscomb.com"},{"name":"miripiruni","email":"miripiruni@gmail.com"},{"name":"mishanga","email":"mishanga@yandex-team.ru"},{"name":"tonyganch","email":"tonyganch+github@gmail.com"}],"contributors":[{"name":"Sergey Puzankov","email":"puzankov@yandex-team.ru"},{"name":"Denis Payase","email":"lostsoul@yandex-team.ru"},{"name":"Igor Novak","email":"bezengi@gmail.com"},{"name":"Roman Komarov","email":"kizmarh@ya.ru"}],"engines":{"node":">= 0.10.0"},"dependencies":{"commander":"2.0.0","csscomb-core":"~2.0.0","gonzales-pe":"3.0.0-10","vow":"0.4.4"},"devDependencies":{"jshint-groups":"0.5.3","jshint":"2.3.0","jscs":"1.4.5","mocha":"1.14.0"},"main":"./lib/csscomb.js","files":["bin","config","lib"],"bin":{"csscomb":"./bin/csscomb"},"scripts":{"test":"jshint-groups && ./node_modules/.bin/jscs . && node test/mocha","test-cov":"rm -rf lib-cov && jscoverage lib lib-cov && TEST_COV=true node test/mocha > ./test/test-coverage.html"},"gitHead":"8f26d8e44d0c44c2f73aaa8cb7598df63d737eea","bugs":{"url":"https://github.com/csscomb/csscomb.js/issues"},"_id":"csscomb@3.0.4","_shasum":"a476e734256870fdb895b0747950b722668cbec6","_from":".","_npmVersion":"1.5.0-alpha-1","_npmUser":{"name":"tonyganch","email":"tonyganch+github@gmail.com"},"dist":{"shasum":"a476e734256870fdb895b0747950b722668cbec6","tarball":"https://registry.npmjs.org/csscomb/-/csscomb-3.0.4.tgz"},"directories":{}},"3.1.0":{"name":"csscomb","description":"CSS coding style formatter","version":"3.1.0","homepage":"http://csscomb.com/","author":{"name":"Mikhail Troshev","email":"mishanga@yandex-team.ru"},"repository":{"type":"git","url":"https://github.com/csscomb/csscomb.js"},"maintainers":[{"name":"csscomb","email":"hello@csscomb.com"},{"name":"miripiruni","email":"miripiruni@gmail.com"},{"name":"mishanga","email":"mishanga@yandex-team.ru"},{"name":"tonyganch","email":"tonyganch+github@gmail.com"}],"contributors":[{"name":"Sergey Puzankov","email":"puzankov@yandex-team.ru"},{"name":"Denis Payase","email":"lostsoul@yandex-team.ru"},{"name":"Igor Novak","email":"bezengi@gmail.com"},{"name":"Roman Komarov","email":"kizmarh@ya.ru"}],"engines":{"node":">= 0.10.0"},"dependencies":{"commander":"2.0.0","csscomb-core":"~3.0.0-1","gonzales-pe":"~3.0.0-10","vow":"0.4.4"},"devDependencies":{"jshint-groups":"0.5.3","jshint":"2.3.0","jscs":"1.4.5","mocha":"1.20.1"},"main":"./lib/csscomb.js","files":["bin","config","lib"],"bin":{"csscomb":"./bin/csscomb"},"scripts":{"test":"jshint-groups && ./node_modules/.bin/jscs . && node test/mocha","test-cov":"rm -rf lib-cov && jscoverage lib lib-cov && TEST_COV=true node test/mocha > ./test/test-coverage.html"},"gitHead":"32043631e002ab344a95d50f85cdafa8a8c81f4a","bugs":{"url":"https://github.com/csscomb/csscomb.js/issues"},"_id":"csscomb@3.1.0","_shasum":"213a8b212315150a9546a08bb657257260ff8bc0","_from":".","_npmVersion":"2.0.0-beta.0","_npmUser":{"name":"tonyganch","email":"tonyganch+github@gmail.com"},"dist":{"shasum":"213a8b212315150a9546a08bb657257260ff8bc0","tarball":"https://registry.npmjs.org/csscomb/-/csscomb-3.1.0.tgz"},"directories":{}},"3.1.1":{"name":"csscomb","description":"CSS coding style formatter","version":"3.1.1","homepage":"http://csscomb.com/","author":{"name":"Mikhail Troshev","email":"mishanga@yandex-team.ru"},"repository":{"type":"git","url":"https://github.com/csscomb/csscomb.js"},"maintainers":[{"name":"csscomb","email":"hello@csscomb.com"},{"name":"miripiruni","email":"miripiruni@gmail.com"},{"name":"mishanga","email":"mishanga@yandex-team.ru"},{"name":"tonyganch","email":"tonyganch+github@gmail.com"}],"contributors":[{"name":"Igor Novak","email":"bezengi@gmail.com"},{"name":"Roman Komarov","email":"kizmarh@ya.ru"},{"name":"Denis Payase","email":"lostsoul@yandex-team.ru"},{"name":"Mikhail Troshev","email":"mishanga@yandex-team.ru","url":"http://mishanga.pro/"},{"name":"Sergey Puzankov","email":"puzankov@yandex-team.ru"}],"engines":{"node":">= 0.10.0"},"dependencies":{"commander":"2.0.0","csscomb-core":"~3.0.0-1","gonzales-pe":"~3.0.0-10","vow":"0.4.4"},"devDependencies":{"jshint-groups":"0.5.3","jshint":"2.3.0","jscs":"1.4.5","mocha":"1.20.1"},"main":"./lib/csscomb.js","files":["bin","config","lib"],"bin":{"csscomb":"./bin/csscomb"},"scripts":{"test":"jshint-groups && ./node_modules/.bin/jscs . && node test/mocha","test-cov":"rm -rf lib-cov && jscoverage lib lib-cov && TEST_COV=true node test/mocha > ./test/test-coverage.html"},"gitHead":"8846e813fbc51a7ffb56f619eead4ba5fcc76948","bugs":{"url":"https://github.com/csscomb/csscomb.js/issues"},"_id":"csscomb@3.1.1","_shasum":"c6f14239b3b5799863d87eb5dece996c419c74dc","_from":".","_npmVersion":"2.0.0-beta.0","_npmUser":{"name":"tonyganch","email":"tonyganch+github@gmail.com"},"dist":{"shasum":"c6f14239b3b5799863d87eb5dece996c419c74dc","tarball":"https://registry.npmjs.org/csscomb/-/csscomb-3.1.1.tgz"},"directories":{}},"3.1.2":{"name":"csscomb","description":"CSS coding style formatter","version":"3.1.2","homepage":"http://csscomb.com/","author":{"name":"Mikhail Troshev","email":"mishanga@yandex-team.ru"},"repository":{"type":"git","url":"https://github.com/csscomb/csscomb.js"},"maintainers":[{"name":"csscomb","email":"hello@csscomb.com"},{"name":"miripiruni","email":"miripiruni@gmail.com"},{"name":"mishanga","email":"mishanga@yandex-team.ru"},{"name":"tonyganch","email":"tonyganch+github@gmail.com"}],"contributors":[{"name":"Igor Novak","email":"bezengi@gmail.com"},{"name":"Roman Komarov","email":"kizmarh@ya.ru"},{"name":"Denis Payase","email":"lostsoul@yandex-team.ru"},{"name":"Mikhail Troshev","email":"mishanga@yandex-team.ru","url":"http://mishanga.pro/"},{"name":"Sergey Puzankov","email":"puzankov@yandex-team.ru"}],"engines":{"node":">= 0.10.0"},"dependencies":{"commander":"2.0.0","csscomb-core":"~3.0.0-1","gonzales-pe":"~3.0.0-10","vow":"0.4.4"},"devDependencies":{"jshint-groups":"0.5.3","jshint":"2.3.0","jscs":"1.4.5","mocha":"1.20.1"},"main":"./lib/csscomb.js","files":["bin","config","lib"],"bin":{"csscomb":"./bin/csscomb"},"scripts":{"test":"jshint-groups && ./node_modules/.bin/jscs . && node test/mocha","test-cov":"rm -rf lib-cov && jscoverage lib lib-cov && TEST_COV=true node test/mocha > ./test/test-coverage.html"},"gitHead":"6bcbfdab7d031f95529692a4de0f1e800adedcbd","bugs":{"url":"https://github.com/csscomb/csscomb.js/issues"},"_id":"csscomb@3.1.2","_shasum":"ef961ca3ba8977592d838a3ed472123656158f4d","_from":".","_npmVersion":"2.0.0-beta.0","_npmUser":{"name":"tonyganch","email":"tonyganch+github@gmail.com"},"dist":{"shasum":"ef961ca3ba8977592d838a3ed472123656158f4d","tarball":"https://registry.npmjs.org/csscomb/-/csscomb-3.1.2.tgz"},"directories":{}},"3.1.3":{"name":"csscomb","description":"CSS coding style formatter","version":"3.1.3","homepage":"http://csscomb.com/","author":{"name":"Mikhail Troshev","email":"mishanga@yandex-team.ru"},"repository":{"type":"git","url":"https://github.com/csscomb/csscomb.js"},"maintainers":[{"name":"csscomb","email":"hello@csscomb.com"},{"name":"miripiruni","email":"miripiruni@gmail.com"},{"name":"mishanga","email":"mishanga@yandex-team.ru"},{"name":"tonyganch","email":"tonyganch+github@gmail.com"}],"contributors":[{"name":"Igor Novak","email":"bezengi@gmail.com"},{"name":"Roman Komarov","email":"kizmarh@ya.ru"},{"name":"Denis Payase","email":"lostsoul@yandex-team.ru"},{"name":"Mikhail Troshev","email":"mishanga@yandex-team.ru","url":"http://mishanga.pro/"},{"name":"Sergey Puzankov","email":"puzankov@yandex-team.ru"}],"engines":{"node":">= 0.10.0"},"dependencies":{"commander":"2.0.0","csscomb-core":"~3.0.0-1","gonzales-pe":"~3.0.0-10","vow":"0.4.4"},"devDependencies":{"jshint-groups":"0.5.3","jshint":"2.3.0","jscs":"1.4.5","mocha":"1.20.1"},"main":"./lib/csscomb.js","files":["bin","config","lib"],"bin":{"csscomb":"./bin/csscomb"},"scripts":{"test":"jshint-groups && ./node_modules/.bin/jscs . && node test/mocha","test-cov":"rm -rf lib-cov && jscoverage lib lib-cov && TEST_COV=true node test/mocha > ./test/test-coverage.html"},"gitHead":"d84f7dae351c27dbffdcb341ad74e620345cea09","bugs":{"url":"https://github.com/csscomb/csscomb.js/issues"},"_id":"csscomb@3.1.3","_shasum":"67bd0afb1ed01fcac42c95f26ff5ab163ba8e820","_from":".","_npmVersion":"2.0.0-beta.0","_npmUser":{"name":"tonyganch","email":"tonyganch+github@gmail.com"},"dist":{"shasum":"67bd0afb1ed01fcac42c95f26ff5ab163ba8e820","tarball":"https://registry.npmjs.org/csscomb/-/csscomb-3.1.3.tgz"},"directories":{}},"3.1.4":{"name":"csscomb","description":"CSS coding style formatter","version":"3.1.4","homepage":"http://csscomb.com/","author":{"name":"Mikhail Troshev","email":"mishanga@yandex-team.ru"},"repository":{"type":"git","url":"https://github.com/csscomb/csscomb.js"},"maintainers":[{"name":"csscomb","email":"hello@csscomb.com"},{"name":"miripiruni","email":"miripiruni@gmail.com"},{"name":"mishanga","email":"mishanga@yandex-team.ru"},{"name":"tonyganch","email":"tonyganch+github@gmail.com"}],"contributors":[{"name":"Igor Novak","email":"bezengi@gmail.com"},{"name":"Roman Komarov","email":"kizmarh@ya.ru"},{"name":"Denis Payase","email":"lostsoul@yandex-team.ru"},{"name":"Mikhail Troshev","email":"mishanga@yandex-team.ru","url":"http://mishanga.pro/"},{"name":"Sergey Puzankov","email":"puzankov@yandex-team.ru"}],"engines":{"node":">= 0.10.0"},"dependencies":{"commander":"2.0.0","csscomb-core":"~3.0.0-1","gonzales-pe":"~3.0.0-10","vow":"0.4.4"},"devDependencies":{"jshint-groups":"0.5.3","jshint":"2.3.0","jscs":"1.4.5","mocha":"1.20.1"},"main":"./lib/csscomb.js","files":["bin","config","lib"],"bin":{"csscomb":"./bin/csscomb"},"scripts":{"test":"jshint-groups && ./node_modules/.bin/jscs . && node test/mocha","test-cov":"rm -rf lib-cov && jscoverage lib lib-cov && TEST_COV=true node test/mocha > ./test/test-coverage.html"},"gitHead":"467a58e435d75e0273a10b662a421da03bfcb6a4","bugs":{"url":"https://github.com/csscomb/csscomb.js/issues"},"_id":"csscomb@3.1.4","_shasum":"e611fe588906d302b982c8952ab3864d7a7b895b","_from":".","_npmVersion":"2.0.0-beta.0","_npmUser":{"name":"tonyganch","email":"tonyganch+github@gmail.com"},"dist":{"shasum":"e611fe588906d302b982c8952ab3864d7a7b895b","tarball":"https://registry.npmjs.org/csscomb/-/csscomb-3.1.4.tgz"},"directories":{}},"3.1.5":{"name":"csscomb","description":"CSS coding style formatter","version":"3.1.5","homepage":"http://csscomb.com/","author":{"name":"Mikhail Troshev","email":"mishanga@yandex-team.ru"},"repository":{"type":"git","url":"https://github.com/csscomb/csscomb.js"},"maintainers":[{"name":"csscomb","email":"hello@csscomb.com"},{"name":"miripiruni","email":"miripiruni@gmail.com"},{"name":"mishanga","email":"mishanga@yandex-team.ru"},{"name":"tonyganch","email":"tonyganch+github@gmail.com"}],"contributors":[{"name":"Igor Novak","email":"bezengi@gmail.com"},{"name":"Roman Komarov","email":"kizmarh@ya.ru"},{"name":"Denis Payase","email":"lostsoul@yandex-team.ru"},{"name":"Mikhail Troshev","email":"mishanga@yandex-team.ru","url":"http://mishanga.pro/"},{"name":"Sergey Puzankov","email":"puzankov@yandex-team.ru"}],"engines":{"node":">= 0.10.0"},"dependencies":{"commander":"2.0.0","csscomb-core":"3.0.0-3","gonzales-pe":"3.0.0-28","vow":"0.4.4"},"devDependencies":{"jshint-groups":"0.5.3","jshint":"2.3.0","jscs":"1.4.5","mocha":"1.20.1"},"main":"./lib/csscomb.js","files":["bin","config","lib"],"bin":{"csscomb":"./bin/csscomb"},"scripts":{"test":"jshint-groups && ./node_modules/.bin/jscs . && node test/mocha","test-cov":"rm -rf lib-cov && jscoverage lib lib-cov && TEST_COV=true node test/mocha > ./test/test-coverage.html"},"gitHead":"df7cf02730e7398ba428bb2027cbda5480eee517","bugs":{"url":"https://github.com/csscomb/csscomb.js/issues"},"_id":"csscomb@3.1.5","_shasum":"e136a87e18e5921f7c3b30e38f694dfa978a6323","_from":".","_npmVersion":"2.0.0-beta.0","_npmUser":{"name":"tonyganch","email":"tonyganch+github@gmail.com"},"dist":{"shasum":"e136a87e18e5921f7c3b30e38f694dfa978a6323","tarball":"https://registry.npmjs.org/csscomb/-/csscomb-3.1.5.tgz"},"directories":{}},"3.1.6":{"name":"csscomb","description":"CSS coding style formatter","version":"3.1.6","homepage":"http://csscomb.com/","author":{"name":"Mikhail Troshev","email":"mishanga@yandex-team.ru"},"repository":{"type":"git","url":"git+https://github.com/csscomb/csscomb.js.git"},"maintainers":[{"name":"csscomb","email":"hello@csscomb.com"},{"name":"miripiruni","email":"miripiruni@gmail.com"},{"name":"mishanga","email":"mishanga@yandex-team.ru"},{"name":"tonyganch","email":"tonyganch+github@gmail.com"}],"contributors":[{"name":"Igor Novak","email":"bezengi@gmail.com"},{"name":"Roman Komarov","email":"kizmarh@ya.ru"},{"name":"Denis Payase","email":"lostsoul@yandex-team.ru"},{"name":"Mikhail Troshev","email":"mishanga@yandex-team.ru","url":"http://mishanga.pro/"},{"name":"Sergey Puzankov","email":"puzankov@yandex-team.ru"}],"engines":{"node":">= 0.10.0"},"dependencies":{"commander":"2.0.0","csscomb-core":"3.0.0-3","gonzales-pe":"3.0.0-28","vow":"0.4.4"},"devDependencies":{"jshint-groups":"0.5.3","jshint":"2.3.0","jscs":"1.4.5","mocha":"1.20.1"},"main":"./lib/csscomb.js","files":["bin","config","lib"],"bin":{"csscomb":"./bin/csscomb"},"scripts":{"test":"jshint-groups && ./node_modules/.bin/jscs . && node test/mocha","test-cov":"rm -rf lib-cov && jscoverage lib lib-cov && TEST_COV=true node test/mocha > ./test/test-coverage.html"},"gitHead":"4ae9682d961a7349b51b5ea617f5ba26b8ed2bdc","bugs":{"url":"https://github.com/csscomb/csscomb.js/issues"},"_id":"csscomb@3.1.6","_shasum":"262985f88ec85ee80f721bf6b339c0694e6e5244","_from":".","_npmVersion":"2.10.1","_nodeVersion":"0.12.4","_npmUser":{"name":"tonyganch","email":"tonyganch+github@gmail.com"},"dist":{"shasum":"262985f88ec85ee80f721bf6b339c0694e6e5244","tarball":"https://registry.npmjs.org/csscomb/-/csscomb-3.1.6.tgz"},"directories":{}},"3.1.7":{"name":"csscomb","description":"CSS coding style formatter","version":"3.1.7","homepage":"http://csscomb.com/","author":{"name":"Mikhail Troshev","email":"mishanga@yandex-team.ru"},"repository":{"type":"git","url":"git+https://github.com/csscomb/csscomb.js.git"},"maintainers":[{"name":"csscomb","email":"hello@csscomb.com"},{"name":"miripiruni","email":"miripiruni@gmail.com"},{"name":"mishanga","email":"mishanga@yandex-team.ru"},{"name":"tonyganch","email":"tonyganch+github@gmail.com"}],"contributors":[{"name":"Igor Novak","email":"bezengi@gmail.com"},{"name":"Roman Komarov","email":"kizmarh@ya.ru"},{"name":"Denis Payase","email":"lostsoul@yandex-team.ru"},{"name":"Mikhail Troshev","email":"mishanga@yandex-team.ru","url":"http://mishanga.pro/"},{"name":"Sergey Puzankov","email":"puzankov@yandex-team.ru"}],"engines":{"node":">= 0.10.0"},"dependencies":{"commander":"2.0.0","csscomb-core":"3.0.0-3","gonzales-pe":"3.0.0-28","vow":"0.4.4"},"devDependencies":{"jshint-groups":"0.5.3","jshint":"2.3.0","jscs":"1.4.5","mocha":"1.20.1"},"main":"./lib/csscomb.js","files":["bin","config","lib"],"bin":{"csscomb":"./bin/csscomb"},"scripts":{"test":"jshint-groups && ./node_modules/.bin/jscs . && node test/mocha","test-cov":"rm -rf lib-cov && jscoverage lib lib-cov && TEST_COV=true node test/mocha > ./test/test-coverage.html"},"gitHead":"bd14cfb8b534d04cd5af42fa0ba7df1010f00e08","bugs":{"url":"https://github.com/csscomb/csscomb.js/issues"},"_id":"csscomb@3.1.7","_shasum":"c7ab6dcb3135fafdadfb2663ea529bcfa5b73c89","_from":".","_npmVersion":"2.10.1","_nodeVersion":"0.12.4","_npmUser":{"name":"tonyganch","email":"tonyganch+github@gmail.com"},"dist":{"shasum":"c7ab6dcb3135fafdadfb2663ea529bcfa5b73c89","tarball":"https://registry.npmjs.org/csscomb/-/csscomb-3.1.7.tgz"},"directories":{}},"3.1.8":{"name":"csscomb","description":"CSS coding style formatter","version":"3.1.8","homepage":"http://csscomb.com/","author":{"name":"Mikhail Troshev","email":"mishanga@yandex-team.ru"},"repository":{"type":"git","url":"git+https://github.com/csscomb/csscomb.js.git"},"maintainers":[{"name":"tonyganch","email":"tonyganch+github@gmail.com"}],"contributors":[{"name":"Igor Novak","email":"bezengi@gmail.com"},{"name":"Roman Komarov","email":"kizmarh@ya.ru"},{"name":"Denis Payase","email":"lostsoul@yandex-team.ru"},{"name":"Mikhail Troshev","email":"mishanga@yandex-team.ru","url":"http://mishanga.pro/"},{"name":"Sergey Puzankov","email":"puzankov@yandex-team.ru"}],"engines":{"node":">= 0.10.0"},"dependencies":{"commander":"2.0.0","csscomb-core":"3.0.0-3.1","gonzales-pe":"3.0.0-28","vow":"0.4.4"},"devDependencies":{"jshint-groups":"0.5.3","jshint":"2.3.0","jscs":"1.4.5","mocha":"1.20.1"},"main":"./lib/csscomb.js","files":["bin","config","lib"],"bin":{"csscomb":"./bin/csscomb"},"scripts":{"test":"jshint-groups && ./node_modules/.bin/jscs . && node test/mocha","test-cov":"rm -rf lib-cov && jscoverage lib lib-cov && TEST_COV=true node test/mocha > ./test/test-coverage.html"},"gitHead":"1fce22d58a504c1f425349f5ad39d2ac40f5637c","bugs":{"url":"https://github.com/csscomb/csscomb.js/issues"},"_id":"csscomb@3.1.8","_shasum":"a8a738884f409baf35ec9461afc52e1c75bd23a2","_from":".","_npmVersion":"2.10.1","_nodeVersion":"0.12.4","_npmUser":{"name":"tonyganch","email":"tonyganch+github@gmail.com"},"dist":{"shasum":"a8a738884f409baf35ec9461afc52e1c75bd23a2","tarball":"https://registry.npmjs.org/csscomb/-/csscomb-3.1.8.tgz"},"directories":{}},"4.0.0-alpha":{"name":"csscomb","description":"CSS coding style formatter","version":"4.0.0-alpha","homepage":"http://csscomb.com/","author":{"name":"Mikhail Troshev","email":"mishanga@yandex-team.ru"},"repository":{"type":"git","url":"git+https://github.com/csscomb/csscomb.js.git"},"license":"MIT","maintainers":[{"name":"tonyganch","email":"tonyganch+github@gmail.com"}],"engines":{"node":">= 0.10.0"},"dependencies":{"glob":"latest","minimist":"1.1.x","csscomb-core":"^3.0.0","gonzales-pe":"^3.3.6","vow":"0.4.4"},"devDependencies":{"babel":"^5.5.3","jscs":"2.1.0","jshint":"2.8.0","mocha":"1.20.1"},"main":"./lib/csscomb.js","files":["bin","config","lib"],"bin":{"csscomb":"./bin/csscomb"},"scripts":{"build":"./scripts/build.sh","coverage":"./scripts/coverage.sh","prepublish":"./scripts/build.sh","test":"./scripts/build.sh && ./scripts/test.sh","watch":"./scripts/watch.sh"},"gitHead":"cbf7ca50ea1fb7f3f448c9ebd7107682bb8aeecd","bugs":{"url":"https://github.com/csscomb/csscomb.js/issues"},"_id":"csscomb@4.0.0-alpha","_shasum":"7b34ab902face6dd072ef1e8117a818922de31c6","_from":".","_npmVersion":"3.3.12","_nodeVersion":"5.2.0","_npmUser":{"name":"tonyganch","email":"tonyganch+github@gmail.com"},"dist":{"shasum":"7b34ab902face6dd072ef1e8117a818922de31c6","tarball":"https://registry.npmjs.org/csscomb/-/csscomb-4.0.0-alpha.tgz"},"_npmOperationalInternal":{"host":"packages-12-west.internal.npmjs.com","tmp":"tmp/csscomb-4.0.0-alpha.tgz_1468278784077_0.7675908121746033"},"directories":{}},"4.0.0":{"name":"csscomb","description":"CSS coding style formatter","version":"4.0.0","homepage":"http://csscomb.com/","author":{"name":"Mikhail Troshev","email":"mishanga@yandex-team.ru"},"repository":{"type":"git","url":"git+https://github.com/csscomb/csscomb.js.git"},"license":"MIT","maintainers":[{"name":"tonyganch","email":"tonyganch+github@gmail.com"}],"engines":{"node":">= 0.10.0"},"dependencies":{"glob":"latest","gonzales-pe":"^3.4.7","minimatch":"3.0.2","minimist":"1.1.x","vow":"0.4.4","vow-fs":"0.3.2"},"devDependencies":{"babel-cli":"^6.11.4","babel-plugin-transform-es2015-destructuring":"^6.9.0","babel-plugin-transform-strict-mode":"^6.11.3","jscs":"2.1.0","jshint":"2.8.0","mocha":"1.20.1"},"main":"./lib/csscomb.js","files":["bin","config","lib"],"bin":{"csscomb":"./bin/csscomb"},"scripts":{"build":"./scripts/build.sh","coverage":"./scripts/coverage.sh","prepublish":"./scripts/build.sh","test":"./scripts/build.sh && ./scripts/test.sh","watch":"./scripts/watch.sh"},"gitHead":"fa37c58a4ee0255ebfb37552aefd17c03399ff1e","bugs":{"url":"https://github.com/csscomb/csscomb.js/issues"},"_id":"csscomb@4.0.0","_shasum":"03a674e47f47acd133524ae82f1765e2be27a7c1","_from":".","_npmVersion":"4.0.5","_nodeVersion":"7.4.0","_npmUser":{"name":"tonyganch","email":"tonyganch+github@gmail.com"},"dist":{"shasum":"03a674e47f47acd133524ae82f1765e2be27a7c1","tarball":"https://registry.npmjs.org/csscomb/-/csscomb-4.0.0.tgz"},"_npmOperationalInternal":{"host":"packages-18-east.internal.npmjs.com","tmp":"tmp/csscomb-4.0.0.tgz_1487248369260_0.05822587735019624"},"directories":{}},"4.0.1":{"name":"csscomb","description":"CSS coding style formatter","version":"4.0.1","homepage":"http://csscomb.com/","author":{"name":"Mikhail Troshev","email":"mishanga@yandex-team.ru"},"repository":{"type":"git","url":"git+https://github.com/csscomb/csscomb.js.git"},"license":"MIT","maintainers":[{"name":"tonyganch","email":"tonyganch+github@gmail.com"}],"engines":{"node":">= 0.10.0"},"dependencies":{"babel-polyfill":"6.23.0","glob":"latest","gonzales-pe":"^3.4.7","minimatch":"3.0.2","minimist":"1.1.x","vow":"0.4.4","vow-fs":"0.3.2"},"devDependencies":{"babel-cli":"^6.11.4","babel-plugin-transform-es2015-destructuring":"^6.9.0","babel-plugin-transform-strict-mode":"^6.11.3","jscs":"2.1.0","jshint":"2.8.0","mocha":"1.20.1"},"main":"./lib/csscomb.js","files":["bin","config","lib"],"bin":{"csscomb":"./bin/csscomb"},"scripts":{"build":"./scripts/build.sh","coverage":"./scripts/coverage.sh","prepublish":"./scripts/build.sh","test":"./scripts/build.sh && ./scripts/test.sh","watch":"./scripts/watch.sh"},"gitHead":"4bbdac36231d93199687004e2890e760412dc9fd","bugs":{"url":"https://github.com/csscomb/csscomb.js/issues"},"_id":"csscomb@4.0.1","_shasum":"a4b0139d7cf6223d635b6652ad31af0ee3e32331","_from":".","_npmVersion":"4.0.5","_nodeVersion":"7.4.0","_npmUser":{"name":"tonyganch","email":"tonyganch+github@gmail.com"},"dist":{"shasum":"a4b0139d7cf6223d635b6652ad31af0ee3e32331","tarball":"https://registry.npmjs.org/csscomb/-/csscomb-4.0.1.tgz"},"_npmOperationalInternal":{"host":"packages-12-west.internal.npmjs.com","tmp":"tmp/csscomb-4.0.1.tgz_1488310740912_0.5510537831578404"},"directories":{}}},"readme":"# CSScomb [![CSSComb](logo.png)](http://csscomb.com/)\n[![Build Status](https://travis-ci.org/csscomb/csscomb.js.svg?branch=master)](http://travis-ci.org/csscomb/csscomb.js)\n[![NPM version](https://badge.fury.io/js/csscomb.svg)](http://badge.fury.io/js/csscomb)\n[![Dependency Status](https://david-dm.org/csscomb/csscomb.js.svg)](https://david-dm.org/csscomb/csscomb.js)\n[![devDependency Status](https://david-dm.org/csscomb/csscomb.js/dev-status.svg)](https://david-dm.org/csscomb/csscomb.js#info=devDependencies)\n\nCSScomb is a coding style formatter for CSS.\nYou can easily write your own [configuration](doc/configuration.md) to make\nyour style sheets beautiful and consistent.\n\nThe main feature is [sorting properties](doc/options.md#sort-order) in a specific order.\nIt was inspired by [@miripiruni](https://github.com/miripiruni)'s\n[PHP-based tool](https://github.com/csscomb/csscomb) of the same name.\nThis is the new JavaScript version, based on the powerful CSS parser\n[Gonzales PE](https://github.com/tonyganch/gonzales-pe).\n\n## 0. Maintenance mode\n\nThe tool is no longer being developed though we may still fix parsing errors and critical bugs.  \nThat means that you should not expect any new features or options.  \n\nIf you'd like to become a maintainer of this project, please ping\n[@tonyganch](https://github.com/tonyganch).\n\n## 1. Install\n\nGlobal installation (for use as a command-line tool):\n\n```bash\nnpm install csscomb -g\n```\n\nLocal installation (for use as a command-line tool within current directory):\n\n```bash\nnpm install csscomb\n```\n\nTo install as a project dependency (the package will appear in your dependencies):\n\n```bash\nnpm install csscomb --save\n```\n\nTo install as a dev dependency (the package will appear in your devDependencies):\n\n```bash\nnpm install csscomb --save-dev\n```\n\n## 2. [Configure](doc/configuration.md)\n\nThere are a number of ways to configure CSScomb:\n\n- Use one of [predefined configs](config)\n- Put `.csscomb.json` file in the project root.\n- Set path to config's file\n- Use `*.css` file as a template\n\n## 3. Use\n\n### [Command Line](doc/usage-cli.md)\n\n```bash\ncsscomb assets/css\n```\n\n### [Node.js module](doc/usage-node.md)\n\n```js\nvar Comb = require('csscomb');\nvar comb = new Comb('zen');\ncomb.processPath('assets/css');\n```\n\n## 4. Contribute\n\nAnyone and everyone is welcome to contribute.\nPlease take a moment to review the [guidelines for contributing](CONTRIBUTING.md).\n\n## Authors\n\n[@mishanga](https://github.com/mishanga),\n[@tonyganch](https://github.com/tonyganch)\n\nThanks for assistance and contributions:\n\n[@miripiruni](https://github.com/miripiruni),\n[@anton-rudeshko](https://github.com/anton-rudeshko),\n[@cvrebert](https://github.com/cvrebert),\n[@filtercake](https://github.com/filtercake),\n[@ignovak](https://github.com/ignovak),\n[@kizu](https://github.com/kizu),\n[@lefoy](https://github.com/lefoy),\n[@L0stSoul](https://github.com/L0stSoul),\n[@mishaberezin](https://github.com/mishaberezin),\n[@puzankov](https://github.com/puzankov),\n[@schneyra](https://github.com/schneyra),\n[@thejameskyle](https://github.com/thejameskyle),\n[@vecmezoni](https://github.com/vecmezoni)\n\n## License\n\nThis software is released under the terms of the\n[MIT license](https://github.com/csscomb/csscomb.js/blob/master/LICENSE).\n\n## Other projects\n* https://github.com/senchalabs/cssbeautify\n* https://github.com/css/gonzales\n* https://github.com/tonyganch/gonzales-pe\n* https://github.com/css/csso\n* https://github.com/nzakas/parser-lib\n","maintainers":[{"name":"tonyganch","email":"tonyganch+github@gmail.com"}],"time":{"modified":"2017-02-28T19:39:02.998Z","created":"2013-07-06T19:27:20.035Z","0.0.0":"2013-07-06T19:27:23.136Z","0.0.3":"2013-08-07T09:43:22.826Z","0.0.4":"2013-08-07T12:33:15.842Z","0.0.5":"2013-08-08T07:24:41.198Z","0.0.6":"2013-08-08T20:01:21.624Z","0.0.7":"2013-08-09T14:58:44.552Z","0.0.8":"2013-08-22T13:37:50.286Z","0.0.9":"2013-08-28T13:40:14.598Z","0.0.10":"2013-09-05T22:24:51.312Z","0.0.11":"2013-09-10T14:33:13.499Z","0.0.12":"2013-09-11T18:58:03.097Z","0.0.13":"2013-09-11T20:37:27.774Z","0.0.14":"2013-09-12T20:01:47.323Z","0.0.15":"2013-10-03T12:23:33.254Z","0.1.0":"2013-10-11T10:34:03.330Z","1.0.0":"2013-11-06T19:48:47.836Z","2.0.0":"2013-12-17T20:26:56.759Z","2.0.1":"2013-12-23T13:43:00.511Z","2.0.3":"2014-01-15T20:20:23.692Z","2.0.4":"2014-01-16T12:15:36.745Z","2.0.5":"2014-06-09T12:29:48.327Z","3.0.0-1":"2014-06-09T14:22:14.308Z","3.0.0-2":"2014-06-13T06:07:37.367Z","3.0.0-3":"2014-06-16T12:56:09.062Z","3.0.0-4":"2014-06-16T15:13:18.339Z","3.0.0-5":"2014-06-16T23:12:04.179Z","3.0.0":"2014-07-19T06:53:53.420Z","3.0.1":"2014-08-18T11:37:59.971Z","3.0.2":"2014-09-21T10:37:26.484Z","3.0.3":"2014-09-29T14:25:20.183Z","3.0.4":"2014-11-15T10:44:43.869Z","3.1.0":"2015-05-19T09:37:58.394Z","3.1.1":"2015-05-20T09:33:22.303Z","3.1.2":"2015-05-20T12:35:05.849Z","3.1.3":"2015-05-20T20:11:23.741Z","3.1.4":"2015-05-23T14:49:39.677Z","3.1.5":"2015-05-27T09:54:43.645Z","3.1.6":"2015-06-09T20:03:09.805Z","3.1.7":"2015-06-09T20:20:46.038Z","3.1.8":"2015-06-28T09:41:27.777Z","4.0.0-alpha":"2016-07-11T23:13:06.780Z","4.0.0":"2017-02-16T12:32:49.858Z","4.0.1":"2017-02-28T19:39:02.998Z"},"author":{"name":"Mikhail Troshev","email":"mishanga@yandex-team.ru"},"repository":{"type":"git","url":"git+https://github.com/csscomb/csscomb.js.git"},"users":{"inforsis":true,"webwurst":true,"stonecypher":true,"denji":true,"runningtalus":true,"karlbateman":true,"lmhs":true,"dreamseer":true,"ambdxtrch":true,"oka-hide":true,"bnu":true,"samhwang1990":true,"timdp":true,"sadsenpai":true,"erikvold":true,"pixelcraft":true,"mskjp":true,"logol":true},"homepage":"http://csscomb.com/","bugs":{"url":"https://github.com/csscomb/csscomb.js/issues"},"readmeFilename":"README.md","license":"MIT","_attachments":{},"_etag":"W/\"58b5d1d6-10f6b\"","_lastModified":"Tue, 28 Feb 2017 19:39:02 GMT"}