{"_id":"tidy-markdown","_rev":"22-121832551631dff2f2156381af97130c","name":"tidy-markdown","description":"Fix ugly markdown.","dist-tags":{"latest":"2.0.5"},"versions":{"0.0.0":{"name":"tidy-markdown","description":"fix ugly markdown.","version":"0.0.0","author":{"name":"Sean Lang"},"dependencies":{"html-entities":"^1.0.10","indent":"0.0.1","marked":"^0.3.2","pad":"0.0.5"},"devDependencies":{"coffee-script":"^1.7.1","mocha":"^1.21.4","should":"^4.0.4"},"keywords":["pretty","markdown","reformat","parse","styleguide"],"license":"GPLv3","main":"lib","scripts":{"test":"mocha"},"gitHead":"5b0b8cb7795a05d69b71f76571dedfb65786017b","_id":"tidy-markdown@0.0.0","_shasum":"43c0a2ea3264b0336ba5a7f066eb41a95babb1aa","_from":".","_npmVersion":"1.4.21","_npmUser":{"name":"slang800","email":"slang800@gmail.com"},"maintainers":[{"name":"slang800","email":"slang800@gmail.com"}],"dist":{"shasum":"43c0a2ea3264b0336ba5a7f066eb41a95babb1aa","tarball":"https://registry.npmjs.org/tidy-markdown/-/tidy-markdown-0.0.0.tgz"},"directories":{}},"0.1.0":{"name":"tidy-markdown","description":"fix ugly markdown.","version":"0.1.0","author":{"name":"Sean Lang"},"bin":{"tidy-markdown":"./bin/index.js"},"dependencies":{"html-entities":"^1.0.10","indent":"0.0.1","marked":"^0.3.2","pad":"0.0.5"},"devDependencies":{"coffee-script":"^1.7.1","mocha":"^1.21.4","should":"^4.0.4"},"keywords":["pretty","markdown","reformat","parse","styleguide"],"license":"GPLv3","main":"lib","repository":{"type":"git","url":"git://github.com/slang800/tidy-markdown.git"},"scripts":{"test":"mocha"},"gitHead":"bca7db59e7de1ee659ab0c32c3c74d9fd17e9a54","bugs":{"url":"https://github.com/slang800/tidy-markdown/issues"},"homepage":"https://github.com/slang800/tidy-markdown","_id":"tidy-markdown@0.1.0","_shasum":"0e32b1473feb618179934f32ba75931a83468b0c","_from":".","_npmVersion":"2.5.1","_nodeVersion":"0.12.0","_npmUser":{"name":"slang800","email":"slang800@gmail.com"},"maintainers":[{"name":"slang800","email":"slang800@gmail.com"}],"dist":{"shasum":"0e32b1473feb618179934f32ba75931a83468b0c","tarball":"https://registry.npmjs.org/tidy-markdown/-/tidy-markdown-0.1.0.tgz"},"directories":{}},"0.2.0":{"name":"tidy-markdown","description":"fix ugly markdown.","version":"0.2.0","author":{"name":"Sean Lang"},"bin":{"tidy-markdown":"./bin/index.js"},"dependencies":{"front-matter":"^1.0.0","html-entities":"^1.0.10","indent":"0.0.1","js-yaml":"^3.2.7","marked":"^0.3.2","pad":"0.0.5"},"devDependencies":{"coffee-script":"^1.7.1","mocha":"^1.21.4","should":"^4.0.4"},"keywords":["pretty","markdown","reformat","parse","styleguide"],"license":"GPLv3","main":"lib","repository":{"type":"git","url":"git://github.com/slang800/tidy-markdown.git"},"scripts":{"test":"mocha"},"gitHead":"90719b8d2bc782bc5604b0ee298458f2e89e3895","bugs":{"url":"https://github.com/slang800/tidy-markdown/issues"},"homepage":"https://github.com/slang800/tidy-markdown","_id":"tidy-markdown@0.2.0","_shasum":"5b9041d21a20dcac67e3417a67d0a08b69baf700","_from":".","_npmVersion":"2.5.1","_nodeVersion":"0.12.0","_npmUser":{"name":"slang800","email":"slang800@gmail.com"},"maintainers":[{"name":"slang800","email":"slang800@gmail.com"}],"dist":{"shasum":"5b9041d21a20dcac67e3417a67d0a08b69baf700","tarball":"https://registry.npmjs.org/tidy-markdown/-/tidy-markdown-0.2.0.tgz"},"directories":{}},"0.3.0":{"name":"tidy-markdown","description":"fix ugly markdown.","version":"0.3.0","author":{"name":"Sean Lang"},"bin":{"tidy-markdown":"./bin/index.js"},"dependencies":{"argparse":"^1.0.1","front-matter":"^1.0.0","html-entities":"^1.0.10","indent":"0.0.1","js-yaml":"^3.2.7","marked":"^0.3.2","pad":"0.0.5"},"devDependencies":{"coffee-script":"^1.7.1","mocha":"^1.21.4","should":"^4.0.4"},"keywords":["pretty","markdown","reformat","parse","styleguide"],"license":"GPLv3","main":"lib","repository":{"type":"git","url":"git://github.com/slang800/tidy-markdown.git"},"scripts":{"test":"mocha"},"gitHead":"b51f1bc7e1a25a0510d83352e6e126ae802c289c","bugs":{"url":"https://github.com/slang800/tidy-markdown/issues"},"homepage":"https://github.com/slang800/tidy-markdown","_id":"tidy-markdown@0.3.0","_shasum":"15ea01928d71d4412fcb119dee6cc2e5ab18d8da","_from":".","_npmVersion":"2.5.1","_nodeVersion":"0.12.0","_npmUser":{"name":"slang800","email":"slang800@gmail.com"},"maintainers":[{"name":"slang800","email":"slang800@gmail.com"}],"dist":{"shasum":"15ea01928d71d4412fcb119dee6cc2e5ab18d8da","tarball":"https://registry.npmjs.org/tidy-markdown/-/tidy-markdown-0.3.0.tgz"},"directories":{}},"0.3.1":{"name":"tidy-markdown","description":"fix ugly markdown.","version":"0.3.1","author":{"name":"Sean Lang"},"bin":{"tidy-markdown":"./bin/index.js"},"dependencies":{"argparse":"^1.0.1","front-matter":"^1.0.0","html-entities":"^1.0.10","indent":"0.0.1","js-yaml":"^3.2.7","marked":"^0.3.2","pad":"0.0.5"},"devDependencies":{"coffee-script":"^1.7.1","mocha":"^1.21.4","should":"^4.0.4"},"keywords":["pretty","markdown","reformat","parse","styleguide"],"license":"GPLv3","main":"lib","repository":{"type":"git","url":"git://github.com/slang800/tidy-markdown.git"},"scripts":{"test":"mocha"},"gitHead":"3d528c3e7e4ac892647f8554e143bf2e7373159b","bugs":{"url":"https://github.com/slang800/tidy-markdown/issues"},"homepage":"https://github.com/slang800/tidy-markdown","_id":"tidy-markdown@0.3.1","_shasum":"32a2491237017cb62961f266ad46a3028992a670","_from":".","_npmVersion":"2.5.1","_nodeVersion":"0.12.0","_npmUser":{"name":"slang800","email":"slang800@gmail.com"},"maintainers":[{"name":"slang800","email":"slang800@gmail.com"}],"dist":{"shasum":"32a2491237017cb62961f266ad46a3028992a670","tarball":"https://registry.npmjs.org/tidy-markdown/-/tidy-markdown-0.3.1.tgz"},"directories":{}},"0.3.2":{"name":"tidy-markdown","description":"fix ugly markdown.","version":"0.3.2","author":{"name":"Sean Lang"},"bin":{"tidy-markdown":"./bin/index.js"},"dependencies":{"argparse":"^1.0.1","front-matter":"^1.0.0","html-entities":"^1.0.10","indent":"0.0.1","js-yaml":"^3.2.7","marked":"^0.3.2","pad":"0.0.5"},"devDependencies":{"coffee-script":"^1.7.1","mocha":"^1.21.4","should":"^4.0.4"},"keywords":["pretty","markdown","reformat","parse","styleguide"],"license":"GPLv3","main":"lib","repository":{"type":"git","url":"git://github.com/slang800/tidy-markdown.git"},"scripts":{"test":"mocha"},"gitHead":"239cc211627c8cac28578df4dded83caecd4b878","bugs":{"url":"https://github.com/slang800/tidy-markdown/issues"},"homepage":"https://github.com/slang800/tidy-markdown","_id":"tidy-markdown@0.3.2","_shasum":"fbdc9bdd3da158bb7bdc28d5f56822c3e517e350","_from":".","_npmVersion":"2.5.1","_nodeVersion":"0.12.0","_npmUser":{"name":"slang800","email":"slang800@gmail.com"},"maintainers":[{"name":"slang800","email":"slang800@gmail.com"}],"dist":{"shasum":"fbdc9bdd3da158bb7bdc28d5f56822c3e517e350","tarball":"https://registry.npmjs.org/tidy-markdown/-/tidy-markdown-0.3.2.tgz"},"directories":{}},"0.3.3":{"name":"tidy-markdown","description":"fix ugly markdown.","version":"0.3.3","author":{"name":"Sean Lang"},"bin":{"tidy-markdown":"./bin/index.js"},"dependencies":{"argparse":"^1.0.1","front-matter":"^1.0.0","html-entities":"^1.0.10","indent":"0.0.1","js-yaml":"^3.2.7","marked":"0.3.2","pad":"0.0.5"},"devDependencies":{"coffee-script":"^1.7.1","mocha":"^1.21.4","should":"^4.0.4"},"keywords":["markdown","parse","pretty","reformat","styleguide"],"license":"GPL-3.0","main":"lib","repository":{"type":"git","url":"git://github.com/slang800/tidy-markdown.git"},"scripts":{"test":"mocha"},"gitHead":"e3ba05c320bb9c5201cb633170ab0713034c6df2","bugs":{"url":"https://github.com/slang800/tidy-markdown/issues"},"homepage":"https://github.com/slang800/tidy-markdown#readme","_id":"tidy-markdown@0.3.3","_shasum":"a4599b079241e95e203cb02af1f4317e67b77ba4","_from":".","_npmVersion":"3.3.3","_nodeVersion":"4.1.0","_npmUser":{"name":"slang","email":"slang800@gmail.com"},"dist":{"shasum":"a4599b079241e95e203cb02af1f4317e67b77ba4","tarball":"https://registry.npmjs.org/tidy-markdown/-/tidy-markdown-0.3.3.tgz"},"maintainers":[{"name":"slang","email":"slang800@gmail.com"}],"directories":{}},"0.4.0":{"name":"tidy-markdown","description":"fix ugly markdown.","version":"0.4.0","author":{"name":"Sean Lang"},"bin":{"tidy-markdown":"./bin/index.js"},"dependencies":{"argparse":"^1.0.1","front-matter":"^1.0.0","html-entities":"^1.0.10","indent":"0.0.1","js-yaml":"^3.2.7","marked":"0.3.2","pad":"0.0.5"},"devDependencies":{"coffee-script":"^1.7.1","mocha":"^1.21.4","should":"^4.0.4"},"keywords":["markdown","parse","pretty","reformat","styleguide"],"license":"GPL-3.0","main":"lib","repository":{"type":"git","url":"git://github.com/slang800/tidy-markdown.git"},"scripts":{"test":"mocha"},"gitHead":"2ade110223214b97d2f62f3462e90f3de7f0faf9","bugs":{"url":"https://github.com/slang800/tidy-markdown/issues"},"homepage":"https://github.com/slang800/tidy-markdown#readme","_id":"tidy-markdown@0.4.0","_shasum":"58cf79334ab28327ef0b32b2ac37c8b017300d41","_from":".","_npmVersion":"3.3.3","_nodeVersion":"4.1.0","_npmUser":{"name":"slang","email":"slang800@gmail.com"},"dist":{"shasum":"58cf79334ab28327ef0b32b2ac37c8b017300d41","tarball":"https://registry.npmjs.org/tidy-markdown/-/tidy-markdown-0.4.0.tgz"},"maintainers":[{"name":"slang","email":"slang800@gmail.com"}],"directories":{}},"1.0.0":{"name":"tidy-markdown","description":"fix ugly markdown.","version":"1.0.0","author":{"name":"Sean Lang"},"bin":{"tidy-markdown":"./bin/index.js"},"dependencies":{"argparse":"^1.0.1","front-matter":"^1.0.0","html-entities":"^1.0.10","indent":"0.0.1","js-yaml":"^3.2.7","marked":"0.3.2","pad":"0.0.5"},"devDependencies":{"coffee-script":"^1.10.0","mocha":"^2.4.5","should":"^4.0.4"},"keywords":["markdown","parse","pretty","reformat","styleguide"],"license":"GPL-3.0","main":"lib","repository":{"type":"git","url":"git://github.com/slang800/tidy-markdown.git"},"scripts":{"test":"mocha"},"gitHead":"fc0c3f14c00685eb82fffa68f21704ddb2808e03","bugs":{"url":"https://github.com/slang800/tidy-markdown/issues"},"homepage":"https://github.com/slang800/tidy-markdown#readme","_id":"tidy-markdown@1.0.0","_shasum":"26e7e3476eb90a660d42276db4a934609b91f666","_from":".","_npmVersion":"3.7.2","_nodeVersion":"5.6.0","_npmUser":{"name":"slang","email":"slang800@gmail.com"},"dist":{"shasum":"26e7e3476eb90a660d42276db4a934609b91f666","tarball":"https://registry.npmjs.org/tidy-markdown/-/tidy-markdown-1.0.0.tgz"},"maintainers":[{"name":"slang","email":"slang800@gmail.com"}],"_npmOperationalInternal":{"host":"packages-5-east.internal.npmjs.com","tmp":"tmp/tidy-markdown-1.0.0.tgz_1455702092877_0.020493356976658106"},"directories":{}},"2.0.0":{"name":"tidy-markdown","description":"Fix ugly markdown.","version":"2.0.0","author":{"name":"Sean Lang"},"bin":{"tidy-markdown":"./bin/index.js"},"dependencies":{"argparse":"^1.0.7","front-matter":"^1.0.0","html-entities":"^1.0.10","indent":"0.0.2","js-yaml":"^3.2.7","lodash":"^4.5.0","marked":"0.3.2","pad":"0.0.5","parse5":"^2.1.5"},"devDependencies":{"coffee-script":"^1.10.0","mocha":"^2.4.5","should":"^8.2.2"},"keywords":["markdown","parse","pretty","reformat","styleguide"],"license":"GPL-3.0","main":"lib","repository":{"type":"git","url":"git://github.com/slang800/tidy-markdown.git"},"scripts":{"test":"mocha"},"gitHead":"4e1366f8b24b30c473ef4bf395cb8b81f92625ec","bugs":{"url":"https://github.com/slang800/tidy-markdown/issues"},"homepage":"https://github.com/slang800/tidy-markdown#readme","_id":"tidy-markdown@2.0.0","_shasum":"653720593669b8a8308c8e12df81dba41432bb59","_from":".","_npmVersion":"3.7.2","_nodeVersion":"5.6.0","_npmUser":{"name":"slang","email":"slang800@gmail.com"},"dist":{"shasum":"653720593669b8a8308c8e12df81dba41432bb59","tarball":"https://registry.npmjs.org/tidy-markdown/-/tidy-markdown-2.0.0.tgz"},"maintainers":[{"name":"slang","email":"slang800@gmail.com"}],"_npmOperationalInternal":{"host":"packages-16-east.internal.npmjs.com","tmp":"tmp/tidy-markdown-2.0.0.tgz_1459292108720_0.594843692611903"},"directories":{}},"2.0.1":{"name":"tidy-markdown","description":"Fix ugly markdown.","version":"2.0.1","author":{"name":"Sean Lang"},"bin":{"tidy-markdown":"./bin/index.js"},"dependencies":{"argparse":"^1.0.7","front-matter":"^1.0.0","html-entities":"^1.0.10","indent":"0.0.2","js-yaml":"^3.2.7","lodash":"^4.5.0","marked":"0.3.2","pad":"0.0.5","parse5":"^2.1.5"},"devDependencies":{"coffee-script":"^1.10.0","mocha":"^2.4.5","should":"^8.2.2"},"keywords":["markdown","parse","pretty","reformat","styleguide"],"license":"GPL-3.0","main":"lib","repository":{"type":"git","url":"git://github.com/slang800/tidy-markdown.git"},"scripts":{"test":"mocha"},"gitHead":"611d5095c05b0a6dc313bb0931c78377550e98a4","bugs":{"url":"https://github.com/slang800/tidy-markdown/issues"},"homepage":"https://github.com/slang800/tidy-markdown#readme","_id":"tidy-markdown@2.0.1","_shasum":"00d46110adc6edce9b0ba3a403656ed3420ed95f","_from":".","_npmVersion":"3.7.2","_nodeVersion":"5.6.0","_npmUser":{"name":"slang","email":"slang800@gmail.com"},"dist":{"shasum":"00d46110adc6edce9b0ba3a403656ed3420ed95f","tarball":"https://registry.npmjs.org/tidy-markdown/-/tidy-markdown-2.0.1.tgz"},"maintainers":[{"name":"slang","email":"slang800@gmail.com"}],"_npmOperationalInternal":{"host":"packages-16-east.internal.npmjs.com","tmp":"tmp/tidy-markdown-2.0.1.tgz_1460892181291_0.297847114270553"},"directories":{}},"2.0.2":{"name":"tidy-markdown","description":"Fix ugly markdown.","version":"2.0.2","author":{"name":"Sean Lang"},"bin":{"tidy-markdown":"./bin/index.js"},"dependencies":{"argparse":"^1.0.7","front-matter":"^1.0.0","html-entities":"^1.0.10","indent":"0.0.2","js-yaml":"^3.2.7","lodash":"^4.5.0","marked":"0.3.2","pad":"0.0.5","parse5":"^2.1.5"},"devDependencies":{"coffee-script":"^1.10.0","mocha":"^2.4.5","should":"^8.2.2"},"keywords":["markdown","parse","pretty","reformat","styleguide"],"license":"GPL-3.0","main":"lib","repository":{"type":"git","url":"git://github.com/slang800/tidy-markdown.git"},"scripts":{"test":"mocha"},"gitHead":"ac1ddbe866e8c7131ff95f3c3158f2a3da312a71","bugs":{"url":"https://github.com/slang800/tidy-markdown/issues"},"homepage":"https://github.com/slang800/tidy-markdown#readme","_id":"tidy-markdown@2.0.2","_shasum":"386c82c6c82fa90ca60306d4844a3131759c86a2","_from":".","_npmVersion":"3.8.8","_nodeVersion":"6.0.0","_npmUser":{"name":"slang","email":"slang800@gmail.com"},"dist":{"shasum":"386c82c6c82fa90ca60306d4844a3131759c86a2","tarball":"https://registry.npmjs.org/tidy-markdown/-/tidy-markdown-2.0.2.tgz"},"maintainers":[{"name":"slang","email":"slang800@gmail.com"}],"_npmOperationalInternal":{"host":"packages-16-east.internal.npmjs.com","tmp":"tmp/tidy-markdown-2.0.2.tgz_1463176445044_0.2750373473390937"},"directories":{}},"2.0.3":{"name":"tidy-markdown","description":"Fix ugly markdown.","version":"2.0.3","author":{"name":"Sean Lang"},"bin":{"tidy-markdown":"./bin/index.js"},"dependencies":{"argparse":"^1.0.7","front-matter":"^1.0.0","html-entities":"^1.0.10","indent":"0.0.2","js-yaml":"^3.2.7","lodash":"^4.5.0","marked":"0.3.2","pad":"0.0.5","parse5":"^2.1.5"},"devDependencies":{"coffee-script":"^1.10.0","mocha":"^2.4.5","should":"^8.2.2"},"keywords":["markdown","parse","pretty","reformat","styleguide"],"license":"GPL-3.0","main":"lib","repository":{"type":"git","url":"git://github.com/slang800/tidy-markdown.git"},"scripts":{"test":"mocha"},"gitHead":"4b64240291935a338f23a3c6d1a7fccf3da6e173","bugs":{"url":"https://github.com/slang800/tidy-markdown/issues"},"homepage":"https://github.com/slang800/tidy-markdown#readme","_id":"tidy-markdown@2.0.3","_shasum":"3bcb57d6e157476502d01ee5652121452924e040","_from":".","_npmVersion":"3.9.0","_nodeVersion":"6.1.0","_npmUser":{"name":"slang","email":"slang800@gmail.com"},"dist":{"shasum":"3bcb57d6e157476502d01ee5652121452924e040","tarball":"https://registry.npmjs.org/tidy-markdown/-/tidy-markdown-2.0.3.tgz"},"maintainers":[{"name":"slang","email":"slang800@gmail.com"}],"_npmOperationalInternal":{"host":"packages-12-west.internal.npmjs.com","tmp":"tmp/tidy-markdown-2.0.3.tgz_1463717379266_0.0129827035125345"},"directories":{}},"2.0.4":{"name":"tidy-markdown","description":"Fix ugly markdown.","version":"2.0.4","author":{"name":"Sean Lang"},"bin":{"tidy-markdown":"./bin/index.js"},"dependencies":{"argparse":"^1.0.7","front-matter":"^1.0.0","html-entities":"^1.0.10","indent":"0.0.2","js-yaml":"^3.2.7","lodash":"^4.5.0","marked":"0.3.2","pad":"0.0.5","parse5":"^2.1.5"},"devDependencies":{"coffee-script":"^1.10.0","mocha":"^2.4.5","should":"^8.2.2"},"keywords":["markdown","parse","pretty","reformat","styleguide"],"license":"GPL-3.0","main":"lib","repository":{"type":"git","url":"git://github.com/slang800/tidy-markdown.git"},"scripts":{"test":"mocha"},"gitHead":"8bf7a1c99c273b98fd22da5c52328abff407c8c6","bugs":{"url":"https://github.com/slang800/tidy-markdown/issues"},"homepage":"https://github.com/slang800/tidy-markdown#readme","_id":"tidy-markdown@2.0.4","_shasum":"e1835ee0de629acb9c2d5139c60f3f7c27b279d9","_from":".","_npmVersion":"3.10.7","_nodeVersion":"6.5.0","_npmUser":{"name":"slang","email":"slang800@gmail.com"},"dist":{"shasum":"e1835ee0de629acb9c2d5139c60f3f7c27b279d9","tarball":"https://registry.npmjs.org/tidy-markdown/-/tidy-markdown-2.0.4.tgz"},"maintainers":[{"name":"slang","email":"slang800@gmail.com"}],"_npmOperationalInternal":{"host":"packages-16-east.internal.npmjs.com","tmp":"tmp/tidy-markdown-2.0.4.tgz_1474596457479_0.37222343892790377"},"directories":{}},"2.0.5":{"name":"tidy-markdown","description":"Fix ugly markdown.","version":"2.0.5","author":{"name":"Sean Lang"},"bin":{"tidy-markdown":"./bin/index.js"},"dependencies":{"argparse":"^1.0.9","front-matter":"^2.1.2","html-entities":"^1.2.0","indent":"0.0.2","js-yaml":"^3.8.2","lodash":"^4.17.4","marked":"0.3.3","pad":"1.1.0","parse5":"^3.0.2"},"devDependencies":{"coffee-script":"^1.12.4","mocha":"^3.2.0","should":"^11.2.0","standard-format":"^2.2.4"},"keywords":["markdown","parse","pretty","reformat","styleguide"],"license":"GPL-3.0","main":"lib","repository":{"type":"git","url":"git://github.com/slang800/tidy-markdown.git"},"scripts":{"test":"make test"},"gitHead":"7083141b04bbcb3b108d0b7338c4e08a2fc4e032","bugs":{"url":"https://github.com/slang800/tidy-markdown/issues"},"homepage":"https://github.com/slang800/tidy-markdown#readme","_id":"tidy-markdown@2.0.5","_shasum":"35254c5da5ef82305d686fb541251ae287a1b82f","_from":".","_npmVersion":"4.2.0","_nodeVersion":"7.5.0","_npmUser":{"name":"slang","email":"slang800@gmail.com"},"dist":{"shasum":"35254c5da5ef82305d686fb541251ae287a1b82f","tarball":"https://registry.npmjs.org/tidy-markdown/-/tidy-markdown-2.0.5.tgz"},"maintainers":[{"name":"slang","email":"slang800@gmail.com"}],"_npmOperationalInternal":{"host":"packages-12-west.internal.npmjs.com","tmp":"tmp/tidy-markdown-2.0.5.tgz_1488763678447_0.8937654087785631"},"directories":{}}},"readme":"# Tidy Markdown\n\n[![Build Status](http://img.shields.io/travis/slang800/tidy-markdown.svg?style=flat-square)](https://travis-ci.org/slang800/tidy-markdown) [![NPM version](http://img.shields.io/npm/v/tidy-markdown.svg?style=flat-square)](https://www.npmjs.org/package/tidy-markdown) [![NPM license](http://img.shields.io/npm/l/tidy-markdown.svg?style=flat-square)](https://www.npmjs.org/package/tidy-markdown)\n\nBeautify Markdown, fixing formatting mistakes and converting basic HTML & Unicode into their Markdown equivalents. Based on the conventions in [Carrot Creative's Markdown Styleguide](https://github.com/carrot/markdown-styleguide) and built on [Marked](https://github.com/chjj/marked).\n\nThere is also an [Atom Plugin](https://atom.io/packages/tidy-markdown) to run this entirely within your editor.\n\n## Install\n\nTidy Markdown is an [npm](http://npmjs.org/package/tidy-markdown) package, so it can be installed like this:\n\n```bash\nnpm install tidy-markdown -g\n```\n\n## CLI\n\nTidy Markdown includes a simple CLI. It operates entirely over STDIN/STDOUT. For example:\n\n```bash\n$ echo \"# a header #\" | tidy-markdown\n# a header\n```\n\nOr using a file:\n\n```bash\n$ tidy-markdown < ./ugly-markdown\n# Some markdown\n\nLorem ipsum dolor adipiscing\n\n- one\n- two\n- three\n```\n\nAnd, of course, we can output to a file too:\n\n```bash\n$ tidy-markdown < ./ugly-markdown > ./clean-markdown\n```\n\n### Editing In-place\n\nIf you want to rewrite a file in-place, you can use `sponge` from [moreutils](https://joeyh.name/code/moreutils/). If you did `tidy-markdown < ./README.md > ./README.md` you'd end up with an empty file.\n\n```bash\n$ tidy-markdown < ./README.md | sponge ./README.md\n```\n\n### Docs\n\nThe `--help` arg will make it show a usage page:\n\n```\n$ tidy-markdown --help\nusage: tidy-markdown [-h] [-v] [--no-ensure-first-header-is-h1]\n\nFix ugly markdown. Unformatted Markdown is read from STDIN, formatted, and\nwritten to STDOUT.\n\nOptional arguments:\n  -h, --help            Show this help message and exit.\n  -v, --version         Show program's version number and exit.\n  --no-ensure-first-header-is-h1\n                        Disable fixing the first header when it isn't an H1.\n                        This is useful if the markdown you're processing\n                        isn't a full document, but rather a piece of a larger\n                        document.\n```\n\n## API\n\nTidy Markdown only exports one function. Here's an example of how it can be used:\n\n```coffee\ntidyMarkdown = require 'tidy-markdown'\n\nuglyMarkdown = '''\n# Some markdown #\n\nLorem ipsum dolor adipiscing\n\n\n- one\n*  two\n+ three\n'''\n\ncleanMarkdown = tidyMarkdown(uglyMarkdown)\nconsole.log cleanMarkdown\n```\n\nwhich outputs:\n\n```markdown\n# Some markdown\n\nLorem ipsum dolor adipiscing\n\n- one\n- two\n- three\n```\n\nYou can also pass options through a 2nd arg, like `tidyMarkdown(uglyMarkdown, {ensureFirstHeaderIsH1: false})`. The option `ensureFirstHeaderIsH1` is the only one right now.\n\n## Features\n\n- Standardize syntactical elements to use a single way of being written (for example, all unordered lists are formatted to start with hyphens, rather than allowing asterisks and/or addition signs to be mixed in).\n- Fix numbering - making ordered lists count naturally from 1 to _n_ and reference links do the same (based on first occurance).\n- Make headers move from `h1` to smaller without gaps (like an `h1` followed by an `h4` would be corrected to an `h1` followed by an `h2`).\n- Decode Unicode characters that have markdown equivalents (like a horizontal ellipsis becomes \"...\" and an em-dash becomes \"--\").\n- Format YAML front-matter and Markdown tables.\n- Convert HTML elements into their Markdown equivalents. For example, `<em>text</em>` becomes `_text_`.\n\n## Minimal Configuration\n\nTidy Markdown works hard to keep configuration to a minimum. The goal is to create a highly readable, canonical representation of Markdown, much like [gofmt](https://golang.org/cmd/gofmt/) has done for Go. Having extra configuration would defeat that purpose and add extra maintenance work.\n\nThat's not to say you shouldn't open issues if you find the output ugly, that's encouraged, especially in the [styleguide repo](https://github.com/slang800/markdown-styleguide) because without criticism it won't get better. However, you should provide examples and a good argument to support the change.\n","maintainers":[{"name":"slang","email":"slang800@gmail.com"}],"time":{"modified":"2017-03-06T01:28:00.563Z","created":"2014-08-13T03:56:04.376Z","0.0.0":"2014-08-13T03:56:04.376Z","0.1.0":"2015-03-01T07:36:54.010Z","0.2.0":"2015-03-17T00:54:17.810Z","0.3.0":"2015-03-25T18:40:51.242Z","0.3.1":"2015-03-26T19:22:20.724Z","0.3.2":"2015-03-27T01:45:43.970Z","0.3.3":"2015-11-08T22:45:55.569Z","0.4.0":"2015-11-09T01:14:36.089Z","1.0.0":"2016-02-17T09:41:35.224Z","2.0.0":"2016-03-29T22:55:09.692Z","2.0.1":"2016-04-17T11:23:02.462Z","2.0.2":"2016-05-13T21:54:07.132Z","2.0.3":"2016-05-20T04:09:41.763Z","2.0.4":"2016-09-23T02:07:38.431Z","2.0.5":"2017-03-06T01:28:00.563Z"},"keywords":["markdown","parse","pretty","reformat","styleguide"],"author":{"name":"Sean Lang"},"license":"GPL-3.0","readmeFilename":"README.md","users":{"slang800":true,"slang":true},"homepage":"https://github.com/slang800/tidy-markdown#readme","repository":{"type":"git","url":"git://github.com/slang800/tidy-markdown.git"},"bugs":{"url":"https://github.com/slang800/tidy-markdown/issues"},"_attachments":{},"_etag":"W/\"58bcbb20-5f78\"","_lastModified":"Mon, 06 Mar 2017 01:28:00 GMT"}