{"_id":"pug-beautify","_rev":"5-76687387007983c0420ada1b49af3eb1","name":"pug-beautify","description":"Simple Pug(Jade) Beautify","dist-tags":{"latest":"0.1.1"},"versions":{"0.0.1":{"name":"pug-beautify","main":"index","version":"0.0.1","description":"Simple Pug(Jade) Beautifier","keywords":["jade","pug","beautify","formatter"],"repository":{"type":"git","url":"git+https://github.com/vingorius/pug-beautify.git"},"license":"MIT","dependencies":{},"gitHead":"9614ae9163f3652d9b71846d77b6697a5ef71b26","bugs":{"url":"https://github.com/vingorius/pug-beautify/issues"},"homepage":"https://github.com/vingorius/pug-beautify#readme","_id":"pug-beautify@0.0.1","scripts":{},"_shasum":"e02ea908b7124324a9c7538e67abbb7b410be157","_from":".","_npmVersion":"2.14.12","_nodeVersion":"4.3.0","_npmUser":{"name":"vingorius","email":"vingorius@gmail.com"},"dist":{"shasum":"e02ea908b7124324a9c7538e67abbb7b410be157","tarball":"https://registry.npmjs.org/pug-beautify/-/pug-beautify-0.0.1.tgz"},"maintainers":[{"name":"vingorius","email":"vingorius@gmail.com"}],"_npmOperationalInternal":{"host":"packages-9-west.internal.npmjs.com","tmp":"tmp/pug-beautify-0.0.1.tgz_1456191118846_0.8502295336220413"},"directories":{}},"0.0.2":{"name":"pug-beautify","main":"index","version":"0.0.2","description":"Simple Pug(Jade) Beautifier","keywords":["jade","pug","beautify","formatter"],"scripts":{"test":"mocha"},"repository":{"type":"git","url":"git+https://github.com/vingorius/pug-beautify.git"},"license":"MIT","dependencies":{},"gitHead":"d3d48808d4c1ff148d428a364334e8bb15621090","bugs":{"url":"https://github.com/vingorius/pug-beautify/issues"},"homepage":"https://github.com/vingorius/pug-beautify#readme","_id":"pug-beautify@0.0.2","_shasum":"3c73985f77fc8e54453b469d8375c06500dab8bc","_from":".","_npmVersion":"2.14.12","_nodeVersion":"4.3.0","_npmUser":{"name":"vingorius","email":"vingorius@gmail.com"},"dist":{"shasum":"3c73985f77fc8e54453b469d8375c06500dab8bc","tarball":"https://registry.npmjs.org/pug-beautify/-/pug-beautify-0.0.2.tgz"},"maintainers":[{"name":"vingorius","email":"vingorius@gmail.com"}],"_npmOperationalInternal":{"host":"packages-9-west.internal.npmjs.com","tmp":"tmp/pug-beautify-0.0.2.tgz_1456200393750_0.6840976078528911"},"directories":{}},"0.0.3":{"name":"pug-beautify","main":"index","version":"0.0.3","description":"Simple Pug(Jade) Beautify","keywords":["jade","pug","beautify","formatter"],"scripts":{"test":"mocha"},"repository":{"type":"git","url":"git+https://github.com/vingorius/pug-beautify.git"},"license":"MIT","dependencies":{},"gitHead":"481f9216cfa862e8f7aa915b0025628e29dd2e6f","bugs":{"url":"https://github.com/vingorius/pug-beautify/issues"},"homepage":"https://github.com/vingorius/pug-beautify#readme","_id":"pug-beautify@0.0.3","_shasum":"1cb4736daa4025bcb39aa815954d9953da88ac6d","_from":".","_npmVersion":"2.14.12","_nodeVersion":"4.3.0","_npmUser":{"name":"vingorius","email":"vingorius@gmail.com"},"dist":{"shasum":"1cb4736daa4025bcb39aa815954d9953da88ac6d","tarball":"https://registry.npmjs.org/pug-beautify/-/pug-beautify-0.0.3.tgz"},"maintainers":[{"name":"vingorius","email":"vingorius@gmail.com"}],"_npmOperationalInternal":{"host":"packages-5-east.internal.npmjs.com","tmp":"tmp/pug-beautify-0.0.3.tgz_1456206875756_0.32100585638545454"},"directories":{}},"0.1.0":{"name":"pug-beautify","main":"index","version":"0.1.0","description":"Simple Pug(Jade) Beautify","keywords":["jade","pug","beautify","formatter"],"scripts":{"test":"mocha"},"repository":{"type":"git","url":"git+https://github.com/vingorius/pug-beautify.git"},"license":"MIT","dependencies":{},"gitHead":"4e76326785b3aa7f384daabd7ea1dadc92529f4e","bugs":{"url":"https://github.com/vingorius/pug-beautify/issues"},"homepage":"https://github.com/vingorius/pug-beautify#readme","_id":"pug-beautify@0.1.0","_shasum":"ba070673177ce060c93b2c8a2b6bca0bd4c388d4","_from":".","_npmVersion":"2.14.12","_nodeVersion":"4.3.0","_npmUser":{"name":"vingorius","email":"vingorius@gmail.com"},"dist":{"shasum":"ba070673177ce060c93b2c8a2b6bca0bd4c388d4","tarball":"https://registry.npmjs.org/pug-beautify/-/pug-beautify-0.1.0.tgz"},"maintainers":[{"name":"vingorius","email":"vingorius@gmail.com"}],"_npmOperationalInternal":{"host":"packages-9-west.internal.npmjs.com","tmp":"tmp/pug-beautify-0.1.0.tgz_1456278296053_0.4349790755659342"},"directories":{}},"0.1.1":{"name":"pug-beautify","main":"index","version":"0.1.1","description":"Simple Pug(Jade) Beautify","keywords":["jade","pug","beautify","formatter"],"scripts":{"test":"mocha"},"repository":{"type":"git","url":"git+https://github.com/vingorius/pug-beautify.git"},"license":"MIT","dependencies":{},"gitHead":"a1271b9a286d39ae4f353fd28404befca49f63bc","bugs":{"url":"https://github.com/vingorius/pug-beautify/issues"},"homepage":"https://github.com/vingorius/pug-beautify#readme","_id":"pug-beautify@0.1.1","_shasum":"df7fbc70ee80c18a6422dffab2fe508188cdcc18","_from":".","_npmVersion":"2.14.12","_nodeVersion":"4.3.0","_npmUser":{"name":"vingorius","email":"vingorius@gmail.com"},"dist":{"shasum":"df7fbc70ee80c18a6422dffab2fe508188cdcc18","tarball":"https://registry.npmjs.org/pug-beautify/-/pug-beautify-0.1.1.tgz"},"maintainers":[{"name":"vingorius","email":"vingorius@gmail.com"}],"_npmOperationalInternal":{"host":"packages-5-east.internal.npmjs.com","tmp":"tmp/pug-beautify-0.1.1.tgz_1456357962683_0.6845877231098711"},"directories":{}}},"readme":"# Pug(former jade) beautify\n    This tiny program is formatting a pug(former jade) template file.\n    For reusability, it's made as a module suggested by @Glaving001\n    https://github.com/vingorius/jade-beautify/issues/7\n## Installation\n```shell\nnpm install pug-beautify\n```\n## Test\n```shell\nnpm test\n```\n### Options\n    fill_tab : true/false,default true, fill whether tab or space.\n    omit_div : true/false,default false, whether omit 'div' tag.\n    tab_size : number, default 4, when 'fill_tab' is false, fill 'tab_size' spaces.\n\n## How to use\n```javascript\nvar output = pugBeautify(code);\n```\n```javascript\nvar output = pugBeautify(code,{fill_tab:true,omit_div:false,tab_size:4});\n```\n\n## Example code\n```javascript\nvar fs = require('fs');\nvar pugBeautify = require('pug-beautify');\nvar code = fs.readFileSync('sample.jade','utf8');\nvar option = {\n    fill_tab: true,\n    omit_div: false,\n    tab_size: 4\n};\ntry {\n    var output = pugBeautify(code,option);\n}catch(error){\n    // Error occurred\n}\n```\n## Todo\n","maintainers":[{"name":"vingorius","email":"vingorius@gmail.com"}],"time":{"modified":"2016-02-24T23:52:44.970Z","created":"2016-02-23T01:32:02.182Z","0.0.1":"2016-02-23T01:32:02.182Z","0.0.2":"2016-02-23T04:06:37.018Z","0.0.3":"2016-02-23T05:54:40.638Z","0.1.0":"2016-02-24T01:44:56.666Z","0.1.1":"2016-02-24T23:52:44.970Z"},"homepage":"https://github.com/vingorius/pug-beautify#readme","keywords":["jade","pug","beautify","formatter"],"repository":{"type":"git","url":"git+https://github.com/vingorius/pug-beautify.git"},"bugs":{"url":"https://github.com/vingorius/pug-beautify/issues"},"license":"MIT","readmeFilename":"README.md","_attachments":{},"_etag":"W/\"56ce424c-1bd0\"","_lastModified":"Wed, 24 Feb 2016 23:52:44 GMT"}