{"_id":"react-addons-pure-render-mixin","_rev":"80-e9c212590554fb471fccd6b072229819","name":"react-addons-pure-render-mixin","description":"This package provides the React PureRenderMixin add-on.","dist-tags":{"latest":"15.4.2","next":"16.0.0-alpha.3"},"versions":{"0.14.0-beta1":{"name":"react-addons-pure-render-mixin","version":"0.14.0-beta1","main":"index.js","license":"BSD-3-Clause","peerDependencies":{"react":"^0.14.0-beta1"},"description":"This package provides the React PureRenderMixin add-on. See http://facebook.github.io/react/docs/addons.html for more information.","_id":"react-addons-pure-render-mixin@0.14.0-beta1","_shasum":"a594a07f6f06a32556dfb0e578c6ee735e6a8d89","_resolved":"file:build/packages/react-addons-pure-render-mixin.tgz","_from":"build/packages/react-addons-pure-render-mixin.tgz","scripts":{},"_npmVersion":"2.2.0","_nodeVersion":"0.10.35","_npmUser":{"name":"spicyj","email":"ben@benalpert.com"},"maintainers":[{"name":"spicyj","email":"ben@benalpert.com"}],"dist":{"shasum":"a594a07f6f06a32556dfb0e578c6ee735e6a8d89","tarball":"https://registry.npmjs.org/react-addons-pure-render-mixin/-/react-addons-pure-render-mixin-0.14.0-beta1.tgz"},"directories":{}},"0.14.0-beta2":{"name":"react-addons-pure-render-mixin","version":"0.14.0-beta2","main":"index.js","license":"BSD-3-Clause","peerDependencies":{"react":"^0.14.0-beta2"},"description":"This package provides the React PureRenderMixin add-on. See http://facebook.github.io/react/docs/addons.html for more information.","_id":"react-addons-pure-render-mixin@0.14.0-beta2","_shasum":"1c35e15aee1396dc580cdb8d28fc90ba641eaac1","_resolved":"file:build copy/packages/react-addons-pure-render-mixin.tgz","_from":"build copy/packages/react-addons-pure-render-mixin.tgz","scripts":{},"_npmVersion":"2.13.2","_nodeVersion":"0.10.40","_npmUser":{"name":"zpao","email":"paul@oshannessy.com"},"maintainers":[{"name":"spicyj","email":"ben@benalpert.com"},{"name":"zpao","email":"paul@oshannessy.com"}],"dist":{"shasum":"1c35e15aee1396dc580cdb8d28fc90ba641eaac1","tarball":"https://registry.npmjs.org/react-addons-pure-render-mixin/-/react-addons-pure-render-mixin-0.14.0-beta2.tgz"},"directories":{}},"0.14.0-beta3":{"name":"react-addons-pure-render-mixin","version":"0.14.0-beta3","main":"index.js","license":"BSD-3-Clause","peerDependencies":{"react":"^0.14.0-beta3"},"description":"This package provides the React PureRenderMixin add-on. See http://facebook.github.io/react/docs/addons.html for more information.","_id":"react-addons-pure-render-mixin@0.14.0-beta3","_shasum":"d29c9f10a94a0e8eb177d0fe2030425936477c78","_resolved":"file:build/packages/react-addons-pure-render-mixin.tgz","_from":"build/packages/react-addons-pure-render-mixin.tgz","scripts":{},"_npmVersion":"2.13.2","_nodeVersion":"0.10.40","_npmUser":{"name":"zpao","email":"paul@oshannessy.com"},"maintainers":[{"name":"spicyj","email":"ben@benalpert.com"},{"name":"zpao","email":"paul@oshannessy.com"}],"dist":{"shasum":"d29c9f10a94a0e8eb177d0fe2030425936477c78","tarball":"https://registry.npmjs.org/react-addons-pure-render-mixin/-/react-addons-pure-render-mixin-0.14.0-beta3.tgz"},"directories":{}},"0.14.0-rc1":{"name":"react-addons-pure-render-mixin","version":"0.14.0-rc1","main":"index.js","license":"BSD-3-Clause","peerDependencies":{"react":"^0.14.0-rc1"},"description":"This package provides the React PureRenderMixin add-on. See http://facebook.github.io/react/docs/addons.html for more information.","_id":"react-addons-pure-render-mixin@0.14.0-rc1","_shasum":"5aea5631f44ecb957b351fa35ec14b23dd055025","_resolved":"file:build/packages/react-addons-pure-render-mixin.tgz","_from":"build/packages/react-addons-pure-render-mixin.tgz","scripts":{},"_npmVersion":"2.2.0","_nodeVersion":"0.10.35","_npmUser":{"name":"spicyj","email":"ben@benalpert.com"},"maintainers":[{"name":"spicyj","email":"ben@benalpert.com"},{"name":"zpao","email":"paul@oshannessy.com"}],"dist":{"shasum":"5aea5631f44ecb957b351fa35ec14b23dd055025","tarball":"https://registry.npmjs.org/react-addons-pure-render-mixin/-/react-addons-pure-render-mixin-0.14.0-rc1.tgz"},"directories":{}},"0.14.0":{"name":"react-addons-pure-render-mixin","version":"0.14.0","main":"index.js","license":"BSD-3-Clause","peerDependencies":{"react":"^0.14.0"},"description":"This package provides the React PureRenderMixin add-on. See http://facebook.github.io/react/docs/addons.html for more information.","_id":"react-addons-pure-render-mixin@0.14.0","_shasum":"f2af4f37a0fb18d3935f76bb731bc7e8524612d3","_resolved":"file:build/packages/react-addons-pure-render-mixin.tgz","_from":"build/packages/react-addons-pure-render-mixin.tgz","scripts":{},"_npmVersion":"2.14.3","_nodeVersion":"4.1.0","_npmUser":{"name":"zpao","email":"paul@oshannessy.com"},"maintainers":[{"name":"spicyj","email":"ben@benalpert.com"},{"name":"zpao","email":"paul@oshannessy.com"}],"dist":{"shasum":"f2af4f37a0fb18d3935f76bb731bc7e8524612d3","tarball":"https://registry.npmjs.org/react-addons-pure-render-mixin/-/react-addons-pure-render-mixin-0.14.0.tgz"},"directories":{}},"0.14.1":{"name":"react-addons-pure-render-mixin","version":"0.14.1","main":"index.js","license":"BSD-3-Clause","peerDependencies":{"react":"^0.14.1"},"description":"This package provides the React PureRenderMixin add-on. See http://facebook.github.io/react/docs/addons.html for more information.","_id":"react-addons-pure-render-mixin@0.14.1","_shasum":"55fdfbf47cb21ded3c092717c421c950361e911c","_resolved":"file:build/packages/react-addons-pure-render-mixin.tgz","_from":"build/packages/react-addons-pure-render-mixin.tgz","scripts":{},"_npmVersion":"2.14.8","_nodeVersion":"4.2.0","_npmUser":{"name":"zpao","email":"paul@oshannessy.com"},"maintainers":[{"name":"spicyj","email":"ben@benalpert.com"},{"name":"zpao","email":"paul@oshannessy.com"}],"dist":{"shasum":"55fdfbf47cb21ded3c092717c421c950361e911c","tarball":"https://registry.npmjs.org/react-addons-pure-render-mixin/-/react-addons-pure-render-mixin-0.14.1.tgz"},"directories":{}},"0.14.2":{"name":"react-addons-pure-render-mixin","version":"0.14.2","main":"index.js","license":"BSD-3-Clause","peerDependencies":{"react":"^0.14.2"},"description":"This package provides the React PureRenderMixin add-on. See http://facebook.github.io/react/docs/addons.html for more information.","_id":"react-addons-pure-render-mixin@0.14.2","_shasum":"9649a14411330a2e5e4263a68392d5263c3e5ba4","_resolved":"file:build/packages/react-addons-pure-render-mixin.tgz","_from":"build/packages/react-addons-pure-render-mixin.tgz","scripts":{},"_npmVersion":"2.14.9","_nodeVersion":"4.2.0","_npmUser":{"name":"zpao","email":"paul@oshannessy.com"},"maintainers":[{"name":"spicyj","email":"ben@benalpert.com"},{"name":"zpao","email":"paul@oshannessy.com"}],"dist":{"shasum":"9649a14411330a2e5e4263a68392d5263c3e5ba4","tarball":"https://registry.npmjs.org/react-addons-pure-render-mixin/-/react-addons-pure-render-mixin-0.14.2.tgz"},"directories":{}},"0.14.3":{"name":"react-addons-pure-render-mixin","version":"0.14.3","main":"index.js","repository":{"type":"git","url":"git+https://github.com/facebook/react.git"},"keywords":["react","react-addon"],"license":"BSD-3-Clause","peerDependencies":{"react":"^0.14.3"},"description":"This package provides the React PureRenderMixin add-on.","bugs":{"url":"https://github.com/facebook/react/issues"},"homepage":"https://github.com/facebook/react#readme","_id":"react-addons-pure-render-mixin@0.14.3","_shasum":"ce3126b629a18256d29b2a15a28edc0c7428e827","_resolved":"file:build/packages/react-addons-pure-render-mixin.tgz","_from":"build/packages/react-addons-pure-render-mixin.tgz","scripts":{},"_npmVersion":"2.14.7","_nodeVersion":"4.2.2","_npmUser":{"name":"zpao","email":"paul@oshannessy.com"},"maintainers":[{"name":"spicyj","email":"ben@benalpert.com"},{"name":"zpao","email":"paul@oshannessy.com"}],"dist":{"shasum":"ce3126b629a18256d29b2a15a28edc0c7428e827","tarball":"https://registry.npmjs.org/react-addons-pure-render-mixin/-/react-addons-pure-render-mixin-0.14.3.tgz"},"directories":{}},"0.14.4":{"name":"react-addons-pure-render-mixin","version":"0.14.4","main":"index.js","repository":{"type":"git","url":"git+https://github.com/facebook/react.git"},"keywords":["react","react-addon"],"license":"BSD-3-Clause","peerDependencies":{"react":"^0.14.4"},"description":"This package provides the React PureRenderMixin add-on.","bugs":{"url":"https://github.com/facebook/react/issues"},"homepage":"https://github.com/facebook/react#readme","_id":"react-addons-pure-render-mixin@0.14.4","_shasum":"131a27ee186b8516132ca9ab0b1a1e12c9d5575e","_resolved":"file:build/packages/react-addons-pure-render-mixin.tgz","_from":"build/packages/react-addons-pure-render-mixin.tgz","scripts":{},"_npmVersion":"2.14.4","_nodeVersion":"4.1.0","_npmUser":{"name":"spicyj","email":"ben@benalpert.com"},"maintainers":[{"name":"spicyj","email":"ben@benalpert.com"},{"name":"zpao","email":"paul@oshannessy.com"}],"dist":{"shasum":"131a27ee186b8516132ca9ab0b1a1e12c9d5575e","tarball":"https://registry.npmjs.org/react-addons-pure-render-mixin/-/react-addons-pure-render-mixin-0.14.4.tgz"},"directories":{}},"0.14.5":{"name":"react-addons-pure-render-mixin","version":"0.14.5","main":"index.js","repository":{"type":"git","url":"git+https://github.com/facebook/react.git"},"keywords":["react","react-addon"],"license":"BSD-3-Clause","peerDependencies":{"react":"^0.14.5"},"description":"This package provides the React PureRenderMixin add-on.","bugs":{"url":"https://github.com/facebook/react/issues"},"homepage":"https://github.com/facebook/react#readme","_id":"react-addons-pure-render-mixin@0.14.5","_shasum":"fdc8310983eedfbaf1c8f1806b57d00697f1eb16","_resolved":"file:build/packages/react-addons-pure-render-mixin.tgz","_from":"build/packages/react-addons-pure-render-mixin.tgz","scripts":{},"_npmVersion":"2.14.4","_nodeVersion":"4.1.0","_npmUser":{"name":"spicyj","email":"ben@benalpert.com"},"maintainers":[{"name":"spicyj","email":"ben@benalpert.com"},{"name":"zpao","email":"paul@oshannessy.com"}],"dist":{"shasum":"fdc8310983eedfbaf1c8f1806b57d00697f1eb16","tarball":"https://registry.npmjs.org/react-addons-pure-render-mixin/-/react-addons-pure-render-mixin-0.14.5.tgz"},"directories":{}},"0.14.6":{"name":"react-addons-pure-render-mixin","version":"0.14.6","main":"index.js","repository":{"type":"git","url":"git+https://github.com/facebook/react.git"},"keywords":["react","react-addon"],"license":"BSD-3-Clause","peerDependencies":{"react":"^0.14.6"},"description":"This package provides the React PureRenderMixin add-on.","bugs":{"url":"https://github.com/facebook/react/issues"},"homepage":"https://github.com/facebook/react#readme","_id":"react-addons-pure-render-mixin@0.14.6","_shasum":"7080f3c9cddce8627a5e7244a1385638d0549667","_resolved":"file:build/packages/react-addons-pure-render-mixin.tgz","_from":"build/packages/react-addons-pure-render-mixin.tgz","scripts":{},"_npmVersion":"2.14.15","_nodeVersion":"4.2.2","_npmUser":{"name":"zpao","email":"paul@oshannessy.com"},"maintainers":[{"name":"spicyj","email":"ben@benalpert.com"},{"name":"zpao","email":"paul@oshannessy.com"}],"dist":{"shasum":"7080f3c9cddce8627a5e7244a1385638d0549667","tarball":"https://registry.npmjs.org/react-addons-pure-render-mixin/-/react-addons-pure-render-mixin-0.14.6.tgz"},"directories":{}},"0.15.0-alpha.1":{"name":"react-addons-pure-render-mixin","version":"0.15.0-alpha.1","main":"index.js","repository":{"type":"git","url":"git+https://github.com/facebook/react.git"},"keywords":["react","react-addon"],"license":"BSD-3-Clause","peerDependencies":{"react":"^0.15.0-alpha.1"},"description":"This package provides the React PureRenderMixin add-on.","bugs":{"url":"https://github.com/facebook/react/issues"},"homepage":"https://github.com/facebook/react#readme","_id":"react-addons-pure-render-mixin@0.15.0-alpha.1","_shasum":"e0add40821f884e538a9fdec99ee54b0a8b540cb","_resolved":"file:build/packages/react-addons-pure-render-mixin.tgz","_from":"build/packages/react-addons-pure-render-mixin.tgz","scripts":{},"_npmVersion":"2.14.15","_nodeVersion":"4.2.2","_npmUser":{"name":"zpao","email":"paul@oshannessy.com"},"maintainers":[{"name":"spicyj","email":"ben@benalpert.com"},{"name":"zpao","email":"paul@oshannessy.com"}],"dist":{"shasum":"e0add40821f884e538a9fdec99ee54b0a8b540cb","tarball":"https://registry.npmjs.org/react-addons-pure-render-mixin/-/react-addons-pure-render-mixin-0.15.0-alpha.1.tgz"},"directories":{}},"0.14.7":{"name":"react-addons-pure-render-mixin","version":"0.14.7","main":"index.js","repository":{"type":"git","url":"git+https://github.com/facebook/react.git"},"keywords":["react","react-addon"],"license":"BSD-3-Clause","dependencies":{},"peerDependencies":{"react":"^0.14.7"},"description":"This package provides the React PureRenderMixin add-on.","bugs":{"url":"https://github.com/facebook/react/issues"},"homepage":"https://github.com/facebook/react#readme","_id":"react-addons-pure-render-mixin@0.14.7","_shasum":"3e5379813caddf3c926bf20691130186ea7c5851","_resolved":"file:build/packages/react-addons-pure-render-mixin.tgz","_from":"build/packages/react-addons-pure-render-mixin.tgz","scripts":{},"_npmVersion":"2.14.12","_nodeVersion":"4.2.6","_npmUser":{"name":"graue","email":"scott@oceanbase.org"},"dist":{"shasum":"3e5379813caddf3c926bf20691130186ea7c5851","tarball":"https://registry.npmjs.org/react-addons-pure-render-mixin/-/react-addons-pure-render-mixin-0.14.7.tgz"},"maintainers":[{"name":"graue","email":"scott@oceanbase.org"},{"name":"spicyj","email":"ben@benalpert.com"},{"name":"zpao","email":"paul@oshannessy.com"}],"directories":{}},"15.0.0-rc.1":{"name":"react-addons-pure-render-mixin","version":"15.0.0-rc.1","main":"index.js","repository":{"type":"git","url":"git+https://github.com/facebook/react.git"},"keywords":["react","react-addon"],"license":"BSD-3-Clause","dependencies":{},"peerDependencies":{"react":"^15.0.0-rc.1"},"description":"This package provides the React PureRenderMixin add-on.","bugs":{"url":"https://github.com/facebook/react/issues"},"homepage":"https://github.com/facebook/react#readme","_id":"react-addons-pure-render-mixin@15.0.0-rc.1","_shasum":"d825e4a22aa21e5a37fce07cd77bcab0f0f824f7","_resolved":"file:build/packages/react-addons-pure-render-mixin.tgz","_from":"build/packages/react-addons-pure-render-mixin.tgz","scripts":{},"_npmVersion":"2.14.12","_nodeVersion":"4.3.0","_npmUser":{"name":"zpao","email":"paul@oshannessy.com"},"maintainers":[{"name":"graue","email":"scott@oceanbase.org"},{"name":"spicyj","email":"ben@benalpert.com"},{"name":"zpao","email":"paul@oshannessy.com"}],"dist":{"shasum":"d825e4a22aa21e5a37fce07cd77bcab0f0f824f7","tarball":"https://registry.npmjs.org/react-addons-pure-render-mixin/-/react-addons-pure-render-mixin-15.0.0-rc.1.tgz"},"_npmOperationalInternal":{"host":"packages-13-west.internal.npmjs.com","tmp":"tmp/react-addons-pure-render-mixin-15.0.0-rc.1.tgz_1457399265839_0.38702269294299185"},"directories":{}},"15.0.0-rc.2":{"name":"react-addons-pure-render-mixin","version":"15.0.0-rc.2","main":"index.js","repository":{"type":"git","url":"git+https://github.com/facebook/react.git"},"keywords":["react","react-addon"],"license":"BSD-3-Clause","dependencies":{},"peerDependencies":{"react":"^15.0.0-rc.2"},"description":"This package provides the React PureRenderMixin add-on.","bugs":{"url":"https://github.com/facebook/react/issues"},"homepage":"https://github.com/facebook/react#readme","_id":"react-addons-pure-render-mixin@15.0.0-rc.2","_shasum":"14d098805078693c238d8449f13f42805ac3c7d1","_resolved":"file:build/packages/react-addons-pure-render-mixin.tgz","_from":"build/packages/react-addons-pure-render-mixin.tgz","scripts":{},"_npmVersion":"3.8.1","_nodeVersion":"5.1.1","_npmUser":{"name":"gaearon","email":"dan.abramov@gmail.com"},"dist":{"shasum":"14d098805078693c238d8449f13f42805ac3c7d1","tarball":"https://registry.npmjs.org/react-addons-pure-render-mixin/-/react-addons-pure-render-mixin-15.0.0-rc.2.tgz"},"maintainers":[{"name":"gaearon","email":"dan.abramov@gmail.com"},{"name":"graue","email":"scott@oceanbase.org"},{"name":"sebmarkbage","email":"sebastian@calyptus.eu"},{"name":"spicyj","email":"ben@benalpert.com"},{"name":"zpao","email":"paul@oshannessy.com"}],"_npmOperationalInternal":{"host":"packages-13-west.internal.npmjs.com","tmp":"tmp/react-addons-pure-render-mixin-15.0.0-rc.2.tgz_1458166648347_0.3370702089741826"},"directories":{}},"0.14.8":{"name":"react-addons-pure-render-mixin","version":"0.14.8","main":"index.js","repository":{"type":"git","url":"git+https://github.com/facebook/react.git"},"keywords":["react","react-addon"],"license":"BSD-3-Clause","dependencies":{},"peerDependencies":{"react":"^0.14.8"},"description":"This package provides the React PureRenderMixin add-on.","bugs":{"url":"https://github.com/facebook/react/issues"},"homepage":"https://github.com/facebook/react#readme","_id":"react-addons-pure-render-mixin@0.14.8","_shasum":"4109af2d6ceb72e3897bf343d8ae7f329a6713d4","_resolved":"file:build/packages/react-addons-pure-render-mixin.tgz","_from":"build/packages/react-addons-pure-render-mixin.tgz","scripts":{},"_npmVersion":"2.14.7","_nodeVersion":"4.2.1","_npmUser":{"name":"gaearon","email":"dan.abramov@gmail.com"},"dist":{"shasum":"4109af2d6ceb72e3897bf343d8ae7f329a6713d4","tarball":"https://registry.npmjs.org/react-addons-pure-render-mixin/-/react-addons-pure-render-mixin-0.14.8.tgz"},"maintainers":[{"name":"gaearon","email":"dan.abramov@gmail.com"},{"name":"graue","email":"scott@oceanbase.org"},{"name":"sebmarkbage","email":"sebastian@calyptus.eu"},{"name":"spicyj","email":"ben@benalpert.com"},{"name":"zpao","email":"paul@oshannessy.com"}],"_npmOperationalInternal":{"host":"packages-16-east.internal.npmjs.com","tmp":"tmp/react-addons-pure-render-mixin-0.14.8.tgz_1459268439877_0.694907917175442"},"directories":{}},"15.0.0":{"name":"react-addons-pure-render-mixin","version":"15.0.0","main":"index.js","repository":{"type":"git","url":"git+https://github.com/facebook/react.git"},"keywords":["react","react-addon"],"license":"BSD-3-Clause","dependencies":{},"peerDependencies":{"react":"^15.0.0"},"description":"This package provides the React PureRenderMixin add-on.","bugs":{"url":"https://github.com/facebook/react/issues"},"homepage":"https://github.com/facebook/react#readme","_id":"react-addons-pure-render-mixin@15.0.0","_shasum":"7353c292cca4841cd5eb6ada73f50f369a24c61d","_resolved":"file:build/packages/react-addons-pure-render-mixin.tgz","_from":"build/packages/react-addons-pure-render-mixin.tgz","scripts":{},"_npmVersion":"2.15.3","_nodeVersion":"4.4.0","_npmUser":{"name":"zpao","email":"paul@oshannessy.com"},"maintainers":[{"name":"gaearon","email":"dan.abramov@gmail.com"},{"name":"graue","email":"scott@oceanbase.org"},{"name":"sebmarkbage","email":"sebastian@calyptus.eu"},{"name":"spicyj","email":"ben@benalpert.com"},{"name":"zpao","email":"paul@oshannessy.com"}],"dist":{"shasum":"7353c292cca4841cd5eb6ada73f50f369a24c61d","tarball":"https://registry.npmjs.org/react-addons-pure-render-mixin/-/react-addons-pure-render-mixin-15.0.0.tgz"},"_npmOperationalInternal":{"host":"packages-12-west.internal.npmjs.com","tmp":"tmp/react-addons-pure-render-mixin-15.0.0.tgz_1460064352917_0.9445973674301058"},"directories":{}},"15.0.1":{"name":"react-addons-pure-render-mixin","version":"15.0.1","main":"index.js","repository":{"type":"git","url":"git+https://github.com/facebook/react.git"},"keywords":["react","react-addon"],"license":"BSD-3-Clause","dependencies":{},"peerDependencies":{"react":"^15.0.1"},"description":"This package provides the React PureRenderMixin add-on.","bugs":{"url":"https://github.com/facebook/react/issues"},"homepage":"https://github.com/facebook/react#readme","_id":"react-addons-pure-render-mixin@15.0.1","_shasum":"fb106f4537e2803ca7cea2c55cac9f4a2dcb1f53","_resolved":"file:build/packages/react-addons-pure-render-mixin.tgz","_from":"build/packages/react-addons-pure-render-mixin.tgz","scripts":{},"_npmVersion":"2.15.0","_nodeVersion":"4.4.2","_npmUser":{"name":"zpao","email":"paul@oshannessy.com"},"maintainers":[{"name":"gaearon","email":"dan.abramov@gmail.com"},{"name":"graue","email":"scott@oceanbase.org"},{"name":"sebmarkbage","email":"sebastian@calyptus.eu"},{"name":"spicyj","email":"ben@benalpert.com"},{"name":"zpao","email":"paul@oshannessy.com"}],"dist":{"shasum":"fb106f4537e2803ca7cea2c55cac9f4a2dcb1f53","tarball":"https://registry.npmjs.org/react-addons-pure-render-mixin/-/react-addons-pure-render-mixin-15.0.1.tgz"},"_npmOperationalInternal":{"host":"packages-12-west.internal.npmjs.com","tmp":"tmp/react-addons-pure-render-mixin-15.0.1.tgz_1460139853605_0.6086815225426108"},"directories":{}},"15.0.2-alpha.1":{"name":"react-addons-pure-render-mixin","version":"15.0.2-alpha.1","main":"index.js","repository":{"type":"git","url":"git+https://github.com/facebook/react.git"},"keywords":["react","react-addon"],"license":"BSD-3-Clause","dependencies":{},"peerDependencies":{"react":"^15.0.2-alpha.1"},"description":"This package provides the React PureRenderMixin add-on.","bugs":{"url":"https://github.com/facebook/react/issues"},"homepage":"https://github.com/facebook/react#readme","_id":"react-addons-pure-render-mixin@15.0.2-alpha.1","_shasum":"503452e8bc3b4ecbbcb05fa77cc377d11a3bf8c4","_resolved":"file:build/packages/react-addons-pure-render-mixin.tgz","_from":"build/packages/react-addons-pure-render-mixin.tgz","scripts":{},"_npmVersion":"2.15.3","_nodeVersion":"4.4.2","_npmUser":{"name":"zpao","email":"paul@oshannessy.com"},"maintainers":[{"name":"gaearon","email":"dan.abramov@gmail.com"},{"name":"graue","email":"scott@oceanbase.org"},{"name":"sebmarkbage","email":"sebastian@calyptus.eu"},{"name":"spicyj","email":"ben@benalpert.com"},{"name":"zpao","email":"paul@oshannessy.com"}],"dist":{"shasum":"503452e8bc3b4ecbbcb05fa77cc377d11a3bf8c4","tarball":"https://registry.npmjs.org/react-addons-pure-render-mixin/-/react-addons-pure-render-mixin-15.0.2-alpha.1.tgz"},"_npmOperationalInternal":{"host":"packages-16-east.internal.npmjs.com","tmp":"tmp/react-addons-pure-render-mixin-15.0.2-alpha.1.tgz_1461176220577_0.5649276229087263"},"directories":{}},"15.0.2-alpha.2":{"name":"react-addons-pure-render-mixin","version":"15.0.2-alpha.2","main":"index.js","repository":{"type":"git","url":"git+https://github.com/facebook/react.git"},"keywords":["react","react-addon"],"license":"BSD-3-Clause","dependencies":{},"peerDependencies":{"react":"^15.0.2-alpha.2"},"description":"This package provides the React PureRenderMixin add-on.","bugs":{"url":"https://github.com/facebook/react/issues"},"homepage":"https://github.com/facebook/react#readme","_id":"react-addons-pure-render-mixin@15.0.2-alpha.2","_shasum":"a3ba486d0f59fd35e3270a5624c9d192af89781c","_resolved":"file:build/packages/react-addons-pure-render-mixin.tgz","_from":"build/packages/react-addons-pure-render-mixin.tgz","scripts":{},"_npmVersion":"2.14.19","_nodeVersion":"4.1.0","_npmUser":{"name":"spicyj","email":"ben@benalpert.com"},"maintainers":[{"name":"gaearon","email":"dan.abramov@gmail.com"},{"name":"graue","email":"scott@oceanbase.org"},{"name":"sebmarkbage","email":"sebastian@calyptus.eu"},{"name":"spicyj","email":"ben@benalpert.com"},{"name":"zpao","email":"paul@oshannessy.com"}],"dist":{"shasum":"a3ba486d0f59fd35e3270a5624c9d192af89781c","tarball":"https://registry.npmjs.org/react-addons-pure-render-mixin/-/react-addons-pure-render-mixin-15.0.2-alpha.2.tgz"},"_npmOperationalInternal":{"host":"packages-12-west.internal.npmjs.com","tmp":"tmp/react-addons-pure-render-mixin-15.0.2-alpha.2.tgz_1461277314023_0.049030913738533854"},"directories":{}},"15.0.2-alpha.3":{"name":"react-addons-pure-render-mixin","version":"15.0.2-alpha.3","main":"index.js","repository":{"type":"git","url":"git+https://github.com/facebook/react.git"},"keywords":["react","react-addon"],"license":"BSD-3-Clause","dependencies":{},"peerDependencies":{"react":"^15.0.2-alpha.3"},"description":"This package provides the React PureRenderMixin add-on.","bugs":{"url":"https://github.com/facebook/react/issues"},"homepage":"https://github.com/facebook/react#readme","_id":"react-addons-pure-render-mixin@15.0.2-alpha.3","_shasum":"f7c07b11e804d474ea14281ee5cf1772b2652a77","_resolved":"file:build/packages/react-addons-pure-render-mixin.tgz","_from":"build/packages/react-addons-pure-render-mixin.tgz","scripts":{},"_npmVersion":"2.15.3","_nodeVersion":"4.4.2","_npmUser":{"name":"zpao","email":"paul@oshannessy.com"},"maintainers":[{"name":"gaearon","email":"dan.abramov@gmail.com"},{"name":"graue","email":"scott@oceanbase.org"},{"name":"sebmarkbage","email":"sebastian@calyptus.eu"},{"name":"spicyj","email":"ben@benalpert.com"},{"name":"zpao","email":"paul@oshannessy.com"}],"dist":{"shasum":"f7c07b11e804d474ea14281ee5cf1772b2652a77","tarball":"https://registry.npmjs.org/react-addons-pure-render-mixin/-/react-addons-pure-render-mixin-15.0.2-alpha.3.tgz"},"_npmOperationalInternal":{"host":"packages-16-east.internal.npmjs.com","tmp":"tmp/react-addons-pure-render-mixin-15.0.2-alpha.3.tgz_1461614614611_0.9204274099320173"},"directories":{}},"15.0.2-alpha.4":{"name":"react-addons-pure-render-mixin","version":"15.0.2-alpha.4","main":"index.js","repository":{"type":"git","url":"git+https://github.com/facebook/react.git"},"keywords":["react","react-addon"],"license":"BSD-3-Clause","dependencies":{},"peerDependencies":{"react":"^15.0.2-alpha.4"},"description":"This package provides the React PureRenderMixin add-on.","bugs":{"url":"https://github.com/facebook/react/issues"},"homepage":"https://github.com/facebook/react#readme","_id":"react-addons-pure-render-mixin@15.0.2-alpha.4","_shasum":"3f26cc9d750aaa342db1bbfa8327fbf72793d440","_resolved":"file:build/packages/react-addons-pure-render-mixin.tgz","_from":"build/packages/react-addons-pure-render-mixin.tgz","scripts":{},"_npmVersion":"2.15.3","_nodeVersion":"4.4.2","_npmUser":{"name":"zpao","email":"paul@oshannessy.com"},"maintainers":[{"name":"gaearon","email":"dan.abramov@gmail.com"},{"name":"graue","email":"scott@oceanbase.org"},{"name":"sebmarkbage","email":"sebastian@calyptus.eu"},{"name":"spicyj","email":"ben@benalpert.com"},{"name":"zpao","email":"paul@oshannessy.com"}],"dist":{"shasum":"3f26cc9d750aaa342db1bbfa8327fbf72793d440","tarball":"https://registry.npmjs.org/react-addons-pure-render-mixin/-/react-addons-pure-render-mixin-15.0.2-alpha.4.tgz"},"_npmOperationalInternal":{"host":"packages-16-east.internal.npmjs.com","tmp":"tmp/react-addons-pure-render-mixin-15.0.2-alpha.4.tgz_1461827508220_0.09488912974484265"},"directories":{}},"15.0.2":{"name":"react-addons-pure-render-mixin","version":"15.0.2","main":"index.js","repository":{"type":"git","url":"git+https://github.com/facebook/react.git"},"keywords":["react","react-addon"],"license":"BSD-3-Clause","dependencies":{},"peerDependencies":{"react":"^15.0.2"},"description":"This package provides the React PureRenderMixin add-on.","bugs":{"url":"https://github.com/facebook/react/issues"},"homepage":"https://github.com/facebook/react#readme","_id":"react-addons-pure-render-mixin@15.0.2","_shasum":"b7731c5cc7f21214d68a78c84f40df3aefdf462f","_resolved":"file:build/packages/react-addons-pure-render-mixin.tgz","_from":"build/packages/react-addons-pure-render-mixin.tgz","scripts":{},"_npmVersion":"2.15.1","_nodeVersion":"4.4.3","_npmUser":{"name":"zpao","email":"paul@oshannessy.com"},"maintainers":[{"name":"gaearon","email":"dan.abramov@gmail.com"},{"name":"graue","email":"scott@oceanbase.org"},{"name":"sebmarkbage","email":"sebastian@calyptus.eu"},{"name":"spicyj","email":"ben@benalpert.com"},{"name":"zpao","email":"paul@oshannessy.com"}],"dist":{"shasum":"b7731c5cc7f21214d68a78c84f40df3aefdf462f","tarball":"https://registry.npmjs.org/react-addons-pure-render-mixin/-/react-addons-pure-render-mixin-15.0.2.tgz"},"_npmOperationalInternal":{"host":"packages-12-west.internal.npmjs.com","tmp":"tmp/react-addons-pure-render-mixin-15.0.2.tgz_1461976686917_0.2681200075894594"},"directories":{}},"15.0.3-alpha.1":{"name":"react-addons-pure-render-mixin","version":"15.0.3-alpha.1","main":"index.js","repository":{"type":"git","url":"git+https://github.com/facebook/react.git"},"keywords":["react","react-addon"],"license":"BSD-3-Clause","dependencies":{},"peerDependencies":{"react":"^15.0.3-alpha.1"},"description":"This package provides the React PureRenderMixin add-on.","bugs":{"url":"https://github.com/facebook/react/issues"},"homepage":"https://github.com/facebook/react#readme","_id":"react-addons-pure-render-mixin@15.0.3-alpha.1","_shasum":"27971c0f6c53ca5fa1567edeea8e3068ae17561e","_resolved":"file:build/packages/react-addons-pure-render-mixin.tgz","_from":"build/packages/react-addons-pure-render-mixin.tgz","scripts":{},"_npmVersion":"2.15.1","_nodeVersion":"4.4.3","_npmUser":{"name":"zpao","email":"paul@oshannessy.com"},"maintainers":[{"name":"gaearon","email":"dan.abramov@gmail.com"},{"name":"graue","email":"scott@oceanbase.org"},{"name":"sebmarkbage","email":"sebastian@calyptus.eu"},{"name":"spicyj","email":"ben@benalpert.com"},{"name":"zpao","email":"paul@oshannessy.com"}],"dist":{"shasum":"27971c0f6c53ca5fa1567edeea8e3068ae17561e","tarball":"https://registry.npmjs.org/react-addons-pure-render-mixin/-/react-addons-pure-render-mixin-15.0.3-alpha.1.tgz"},"_npmOperationalInternal":{"host":"packages-12-west.internal.npmjs.com","tmp":"tmp/react-addons-pure-render-mixin-15.0.3-alpha.1.tgz_1462304409592_0.12612095335498452"},"directories":{}},"15.0.3-alpha.2":{"name":"react-addons-pure-render-mixin","version":"15.0.3-alpha.2","main":"index.js","repository":{"type":"git","url":"git+https://github.com/facebook/react.git"},"keywords":["react","react-addon"],"license":"BSD-3-Clause","dependencies":{},"peerDependencies":{"react":"^15.0.3-alpha.2"},"description":"This package provides the React PureRenderMixin add-on.","bugs":{"url":"https://github.com/facebook/react/issues"},"homepage":"https://github.com/facebook/react#readme","_id":"react-addons-pure-render-mixin@15.0.3-alpha.2","_shasum":"29880ff672dab107064504b998f4bd37f46a5b0e","_resolved":"file:build/packages/react-addons-pure-render-mixin.tgz","_from":"build/packages/react-addons-pure-render-mixin.tgz","scripts":{},"_npmVersion":"2.15.1","_nodeVersion":"4.4.3","_npmUser":{"name":"zpao","email":"paul@oshannessy.com"},"maintainers":[{"name":"gaearon","email":"dan.abramov@gmail.com"},{"name":"graue","email":"scott@oceanbase.org"},{"name":"sebmarkbage","email":"sebastian@calyptus.eu"},{"name":"spicyj","email":"ben@benalpert.com"},{"name":"zpao","email":"paul@oshannessy.com"}],"dist":{"shasum":"29880ff672dab107064504b998f4bd37f46a5b0e","tarball":"https://registry.npmjs.org/react-addons-pure-render-mixin/-/react-addons-pure-render-mixin-15.0.3-alpha.2.tgz"},"_npmOperationalInternal":{"host":"packages-16-east.internal.npmjs.com","tmp":"tmp/react-addons-pure-render-mixin-15.0.3-alpha.2.tgz_1462855053321_0.9711488669272512"},"directories":{}},"15.1.0-alpha.1":{"name":"react-addons-pure-render-mixin","version":"15.1.0-alpha.1","main":"index.js","repository":{"type":"git","url":"git+https://github.com/facebook/react.git"},"keywords":["react","react-addon"],"license":"BSD-3-Clause","dependencies":{},"peerDependencies":{"react":"^15.1.0-alpha.1"},"description":"This package provides the React PureRenderMixin add-on.","bugs":{"url":"https://github.com/facebook/react/issues"},"homepage":"https://github.com/facebook/react#readme","_id":"react-addons-pure-render-mixin@15.1.0-alpha.1","_shasum":"bb61dc3831e17843916e7d7f2a89f3f13152877a","_resolved":"file:build/packages/react-addons-pure-render-mixin.tgz","_from":"build/packages/react-addons-pure-render-mixin.tgz","scripts":{},"_npmVersion":"2.15.1","_nodeVersion":"4.4.3","_npmUser":{"name":"zpao","email":"paul@oshannessy.com"},"maintainers":[{"name":"gaearon","email":"dan.abramov@gmail.com"},{"name":"graue","email":"scott@oceanbase.org"},{"name":"sebmarkbage","email":"sebastian@calyptus.eu"},{"name":"spicyj","email":"ben@benalpert.com"},{"name":"zpao","email":"paul@oshannessy.com"}],"dist":{"shasum":"bb61dc3831e17843916e7d7f2a89f3f13152877a","tarball":"https://registry.npmjs.org/react-addons-pure-render-mixin/-/react-addons-pure-render-mixin-15.1.0-alpha.1.tgz"},"_npmOperationalInternal":{"host":"packages-16-east.internal.npmjs.com","tmp":"tmp/react-addons-pure-render-mixin-15.1.0-alpha.1.tgz_1462858082381_0.9699247626122087"},"directories":{}},"15.1.0":{"name":"react-addons-pure-render-mixin","version":"15.1.0","main":"index.js","repository":{"type":"git","url":"git+https://github.com/facebook/react.git"},"keywords":["react","react-addon"],"license":"BSD-3-Clause","dependencies":{},"peerDependencies":{"react":"^15.1.0"},"description":"This package provides the React PureRenderMixin add-on.","bugs":{"url":"https://github.com/facebook/react/issues"},"homepage":"https://github.com/facebook/react#readme","_id":"react-addons-pure-render-mixin@15.1.0","_shasum":"b8ebac419225b7371148c89d884e2c2c77b7f491","_resolved":"file:build/packages/react-addons-pure-render-mixin.tgz","_from":"build/packages/react-addons-pure-render-mixin.tgz","scripts":{},"_npmVersion":"2.15.1","_nodeVersion":"4.4.3","_npmUser":{"name":"zpao","email":"paul@oshannessy.com"},"maintainers":[{"name":"gaearon","email":"dan.abramov@gmail.com"},{"name":"graue","email":"scott@oceanbase.org"},{"name":"sebmarkbage","email":"sebastian@calyptus.eu"},{"name":"spicyj","email":"ben@benalpert.com"},{"name":"zpao","email":"paul@oshannessy.com"}],"dist":{"shasum":"b8ebac419225b7371148c89d884e2c2c77b7f491","tarball":"https://registry.npmjs.org/react-addons-pure-render-mixin/-/react-addons-pure-render-mixin-15.1.0.tgz"},"_npmOperationalInternal":{"host":"packages-16-east.internal.npmjs.com","tmp":"tmp/react-addons-pure-render-mixin-15.1.0.tgz_1463785563925_0.8462062715552747"},"directories":{}},"15.2.0-rc.1":{"name":"react-addons-pure-render-mixin","version":"15.2.0-rc.1","main":"index.js","repository":{"type":"git","url":"git+https://github.com/facebook/react.git"},"keywords":["react","react-addon"],"license":"BSD-3-Clause","dependencies":{},"peerDependencies":{"react":"^15.2.0-rc.1"},"description":"This package provides the React PureRenderMixin add-on.","bugs":{"url":"https://github.com/facebook/react/issues"},"homepage":"https://github.com/facebook/react#readme","_id":"react-addons-pure-render-mixin@15.2.0-rc.1","_shasum":"3336c0cf39f114a06432faa103529c230c7f9c2c","_resolved":"file:build/packages/react-addons-pure-render-mixin.tgz","_from":"build/packages/react-addons-pure-render-mixin.tgz","scripts":{},"_npmVersion":"2.15.5","_nodeVersion":"4.4.5","_npmUser":{"name":"zpao","email":"paul@oshannessy.com"},"maintainers":[{"name":"gaearon","email":"dan.abramov@gmail.com"},{"name":"graue","email":"scott@oceanbase.org"},{"name":"sebmarkbage","email":"sebastian@calyptus.eu"},{"name":"spicyj","email":"ben@benalpert.com"},{"name":"zpao","email":"paul@oshannessy.com"}],"dist":{"shasum":"3336c0cf39f114a06432faa103529c230c7f9c2c","tarball":"https://registry.npmjs.org/react-addons-pure-render-mixin/-/react-addons-pure-render-mixin-15.2.0-rc.1.tgz"},"_npmOperationalInternal":{"host":"packages-12-west.internal.npmjs.com","tmp":"tmp/react-addons-pure-render-mixin-15.2.0-rc.1.tgz_1465954186706_0.49527188250795007"},"directories":{}},"15.2.0-rc.2":{"name":"react-addons-pure-render-mixin","version":"15.2.0-rc.2","main":"index.js","repository":{"type":"git","url":"git+https://github.com/facebook/react.git"},"keywords":["react","react-addon"],"license":"BSD-3-Clause","dependencies":{},"peerDependencies":{"react":"^15.2.0-rc.2"},"description":"This package provides the React PureRenderMixin add-on.","bugs":{"url":"https://github.com/facebook/react/issues"},"homepage":"https://github.com/facebook/react#readme","_id":"react-addons-pure-render-mixin@15.2.0-rc.2","_shasum":"0f222b858110e1805ed8e3cb1fdbbe970228ce6d","_resolved":"file:build/packages/react-addons-pure-render-mixin.tgz","_from":"build/packages/react-addons-pure-render-mixin.tgz","scripts":{},"_npmVersion":"2.15.5","_nodeVersion":"4.4.5","_npmUser":{"name":"zpao","email":"paul@oshannessy.com"},"maintainers":[{"name":"gaearon","email":"dan.abramov@gmail.com"},{"name":"graue","email":"scott@oceanbase.org"},{"name":"sebmarkbage","email":"sebastian@calyptus.eu"},{"name":"spicyj","email":"ben@benalpert.com"},{"name":"zpao","email":"paul@oshannessy.com"}],"dist":{"shasum":"0f222b858110e1805ed8e3cb1fdbbe970228ce6d","tarball":"https://registry.npmjs.org/react-addons-pure-render-mixin/-/react-addons-pure-render-mixin-15.2.0-rc.2.tgz"},"_npmOperationalInternal":{"host":"packages-12-west.internal.npmjs.com","tmp":"tmp/react-addons-pure-render-mixin-15.2.0-rc.2.tgz_1467354704038_0.8372610427904874"},"directories":{}},"15.2.0":{"name":"react-addons-pure-render-mixin","version":"15.2.0","main":"index.js","repository":{"type":"git","url":"git+https://github.com/facebook/react.git"},"keywords":["react","react-addon"],"license":"BSD-3-Clause","dependencies":{},"peerDependencies":{"react":"^15.2.0"},"description":"This package provides the React PureRenderMixin add-on.","bugs":{"url":"https://github.com/facebook/react/issues"},"homepage":"https://github.com/facebook/react#readme","_id":"react-addons-pure-render-mixin@15.2.0","_shasum":"61189db78242e956f4a97221fa62671ff84206d4","_resolved":"file:build/packages/react-addons-pure-render-mixin.tgz","_from":"build/packages/react-addons-pure-render-mixin.tgz","scripts":{},"_npmVersion":"2.15.5","_nodeVersion":"4.4.5","_npmUser":{"name":"zpao","email":"paul@oshannessy.com"},"maintainers":[{"name":"gaearon","email":"dan.abramov@gmail.com"},{"name":"graue","email":"scott@oceanbase.org"},{"name":"sebmarkbage","email":"sebastian@calyptus.eu"},{"name":"spicyj","email":"ben@benalpert.com"},{"name":"zpao","email":"paul@oshannessy.com"}],"dist":{"shasum":"61189db78242e956f4a97221fa62671ff84206d4","tarball":"https://registry.npmjs.org/react-addons-pure-render-mixin/-/react-addons-pure-render-mixin-15.2.0.tgz"},"_npmOperationalInternal":{"host":"packages-16-east.internal.npmjs.com","tmp":"tmp/react-addons-pure-render-mixin-15.2.0.tgz_1467399112441_0.9313450437039137"},"directories":{}},"15.2.1":{"name":"react-addons-pure-render-mixin","version":"15.2.1","main":"index.js","repository":{"type":"git","url":"git+https://github.com/facebook/react.git"},"keywords":["react","react-addon"],"license":"BSD-3-Clause","dependencies":{},"peerDependencies":{"react":"^15.2.1"},"description":"This package provides the React PureRenderMixin add-on.","bugs":{"url":"https://github.com/facebook/react/issues"},"homepage":"https://github.com/facebook/react#readme","_id":"react-addons-pure-render-mixin@15.2.1","_shasum":"1bad0cef9dcdad90b784ed0082803ac8a5f50098","_resolved":"file:build/packages/react-addons-pure-render-mixin.tgz","_from":"build/packages/react-addons-pure-render-mixin.tgz","scripts":{},"_npmVersion":"2.15.5","_nodeVersion":"4.4.5","_npmUser":{"name":"zpao","email":"paul@oshannessy.com"},"maintainers":[{"name":"gaearon","email":"dan.abramov@gmail.com"},{"name":"graue","email":"scott@oceanbase.org"},{"name":"sebmarkbage","email":"sebastian@calyptus.eu"},{"name":"spicyj","email":"ben@benalpert.com"},{"name":"zpao","email":"paul@oshannessy.com"}],"dist":{"shasum":"1bad0cef9dcdad90b784ed0082803ac8a5f50098","tarball":"https://registry.npmjs.org/react-addons-pure-render-mixin/-/react-addons-pure-render-mixin-15.2.1.tgz"},"_npmOperationalInternal":{"host":"packages-16-east.internal.npmjs.com","tmp":"tmp/react-addons-pure-render-mixin-15.2.1.tgz_1468017053160_0.06694797286763787"},"directories":{}},"15.3.0-rc.1":{"name":"react-addons-pure-render-mixin","version":"15.3.0-rc.1","main":"index.js","repository":{"type":"git","url":"git+https://github.com/facebook/react.git"},"keywords":["react","react-addon"],"license":"BSD-3-Clause","dependencies":{},"peerDependencies":{"react":"^15.3.0-rc.1"},"description":"This package provides the React PureRenderMixin add-on.","bugs":{"url":"https://github.com/facebook/react/issues"},"homepage":"https://github.com/facebook/react#readme","_id":"react-addons-pure-render-mixin@15.3.0-rc.1","_shasum":"f0139f58efe9bc16fbfdce888a911fd711547c03","_resolved":"file:build/packages/react-addons-pure-render-mixin.tgz","_from":"build/packages/react-addons-pure-render-mixin.tgz","scripts":{},"_npmVersion":"3.9.6","_nodeVersion":"6.2.0","_npmUser":{"name":"zpao","email":"paul@oshannessy.com"},"maintainers":[{"name":"gaearon","email":"dan.abramov@gmail.com"},{"name":"graue","email":"scott@oceanbase.org"},{"name":"sebmarkbage","email":"sebastian@calyptus.eu"},{"name":"spicyj","email":"ben@benalpert.com"},{"name":"zpao","email":"paul@oshannessy.com"}],"dist":{"shasum":"f0139f58efe9bc16fbfdce888a911fd711547c03","tarball":"https://registry.npmjs.org/react-addons-pure-render-mixin/-/react-addons-pure-render-mixin-15.3.0-rc.1.tgz"},"_npmOperationalInternal":{"host":"packages-16-east.internal.npmjs.com","tmp":"tmp/react-addons-pure-render-mixin-15.3.0-rc.1.tgz_1468436288151_0.8345740700606257"},"directories":{}},"15.3.0-rc.2":{"name":"react-addons-pure-render-mixin","version":"15.3.0-rc.2","main":"index.js","repository":{"type":"git","url":"git+https://github.com/facebook/react.git"},"keywords":["react","react-addon"],"license":"BSD-3-Clause","dependencies":{},"peerDependencies":{"react":"^15.3.0-rc.2"},"description":"This package provides the React PureRenderMixin add-on.","bugs":{"url":"https://github.com/facebook/react/issues"},"homepage":"https://github.com/facebook/react#readme","_id":"react-addons-pure-render-mixin@15.3.0-rc.2","_shasum":"32f3fba38c1a53e0baedd86be4e4faeff2079506","_resolved":"file:build/packages/react-addons-pure-render-mixin.tgz","_from":"build/packages/react-addons-pure-render-mixin.tgz","scripts":{},"_npmVersion":"3.9.6","_nodeVersion":"6.2.0","_npmUser":{"name":"zpao","email":"paul@oshannessy.com"},"maintainers":[{"name":"gaearon","email":"dan.abramov@gmail.com"},{"name":"graue","email":"scott@oceanbase.org"},{"name":"sebmarkbage","email":"sebastian@calyptus.eu"},{"name":"spicyj","email":"ben@benalpert.com"},{"name":"zpao","email":"paul@oshannessy.com"}],"dist":{"shasum":"32f3fba38c1a53e0baedd86be4e4faeff2079506","tarball":"https://registry.npmjs.org/react-addons-pure-render-mixin/-/react-addons-pure-render-mixin-15.3.0-rc.2.tgz"},"_npmOperationalInternal":{"host":"packages-16-east.internal.npmjs.com","tmp":"tmp/react-addons-pure-render-mixin-15.3.0-rc.2.tgz_1468443702799_0.5980178152676672"},"directories":{}},"15.3.0-rc.3":{"name":"react-addons-pure-render-mixin","version":"15.3.0-rc.3","main":"index.js","repository":{"type":"git","url":"git+https://github.com/facebook/react.git"},"keywords":["react","react-addon"],"license":"BSD-3-Clause","dependencies":{},"peerDependencies":{"react":"^15.3.0-rc.3"},"description":"This package provides the React PureRenderMixin add-on.","bugs":{"url":"https://github.com/facebook/react/issues"},"homepage":"https://github.com/facebook/react#readme","_id":"react-addons-pure-render-mixin@15.3.0-rc.3","_shasum":"8ad0027acf453c55aa1597aa76e52dfbadacd773","_resolved":"file:build/packages/react-addons-pure-render-mixin.tgz","_from":"build/packages/react-addons-pure-render-mixin.tgz","scripts":{},"_npmVersion":"3.9.6","_nodeVersion":"6.2.0","_npmUser":{"name":"zpao","email":"paul@oshannessy.com"},"maintainers":[{"name":"gaearon","email":"dan.abramov@gmail.com"},{"name":"graue","email":"scott@oceanbase.org"},{"name":"sebmarkbage","email":"sebastian@calyptus.eu"},{"name":"spicyj","email":"ben@benalpert.com"},{"name":"zpao","email":"paul@oshannessy.com"}],"dist":{"shasum":"8ad0027acf453c55aa1597aa76e52dfbadacd773","tarball":"https://registry.npmjs.org/react-addons-pure-render-mixin/-/react-addons-pure-render-mixin-15.3.0-rc.3.tgz"},"_npmOperationalInternal":{"host":"packages-12-west.internal.npmjs.com","tmp":"tmp/react-addons-pure-render-mixin-15.3.0-rc.3.tgz_1469141935093_0.032028983579948545"},"directories":{}},"15.3.0":{"name":"react-addons-pure-render-mixin","version":"15.3.0","main":"index.js","repository":{"type":"git","url":"git+https://github.com/facebook/react.git"},"keywords":["react","react-addon"],"license":"BSD-3-Clause","dependencies":{},"peerDependencies":{"react":"^15.3.0"},"description":"This package provides the React PureRenderMixin add-on.","bugs":{"url":"https://github.com/facebook/react/issues"},"homepage":"https://github.com/facebook/react#readme","_id":"react-addons-pure-render-mixin@15.3.0","_shasum":"a190429fc9fdb04edbb69272e94b2cef8dd1e694","_resolved":"file:build/packages/react-addons-pure-render-mixin.tgz","_from":"build/packages/react-addons-pure-render-mixin.tgz","scripts":{},"_npmVersion":"3.9.6","_nodeVersion":"6.2.0","_npmUser":{"name":"zpao","email":"paul@oshannessy.com"},"maintainers":[{"name":"fb","email":"opensource+npm@fb.com"},{"name":"gaearon","email":"dan.abramov@gmail.com"},{"name":"graue","email":"scott@oceanbase.org"},{"name":"sebmarkbage","email":"sebastian@calyptus.eu"},{"name":"spicyj","email":"ben@benalpert.com"},{"name":"zpao","email":"paul@oshannessy.com"}],"dist":{"shasum":"a190429fc9fdb04edbb69272e94b2cef8dd1e694","tarball":"https://registry.npmjs.org/react-addons-pure-render-mixin/-/react-addons-pure-render-mixin-15.3.0.tgz"},"_npmOperationalInternal":{"host":"packages-12-west.internal.npmjs.com","tmp":"tmp/react-addons-pure-render-mixin-15.3.0.tgz_1469817484172_0.5261014623101801"},"directories":{}},"15.3.1-rc.1":{"name":"react-addons-pure-render-mixin","version":"15.3.1-rc.1","main":"index.js","repository":{"type":"git","url":"git+https://github.com/facebook/react.git"},"keywords":["react","react-addon"],"license":"BSD-3-Clause","dependencies":{},"peerDependencies":{"react":"^15.3.1-rc.1"},"files":["LICENSE","PATENTS","README.md","index.js"],"description":"This package provides the React PureRenderMixin add-on.","bugs":{"url":"https://github.com/facebook/react/issues"},"homepage":"https://github.com/facebook/react#readme","_id":"react-addons-pure-render-mixin@15.3.1-rc.1","_shasum":"63d75b1a07d03b35b5dd233b7f64760aa59d6b9b","_resolved":"file:build/packages/react-addons-pure-render-mixin.tgz","_from":"build/packages/react-addons-pure-render-mixin.tgz","scripts":{},"_npmVersion":"2.15.5","_nodeVersion":"4.4.5","_npmUser":{"name":"zpao","email":"paul@oshannessy.com"},"maintainers":[{"name":"fb","email":"opensource+npm@fb.com"},{"name":"gaearon","email":"dan.abramov@gmail.com"},{"name":"graue","email":"scott@oceanbase.org"},{"name":"sebmarkbage","email":"sebastian@calyptus.eu"},{"name":"spicyj","email":"ben@benalpert.com"},{"name":"zpao","email":"paul@oshannessy.com"}],"dist":{"shasum":"63d75b1a07d03b35b5dd233b7f64760aa59d6b9b","tarball":"https://registry.npmjs.org/react-addons-pure-render-mixin/-/react-addons-pure-render-mixin-15.3.1-rc.1.tgz"},"_npmOperationalInternal":{"host":"packages-16-east.internal.npmjs.com","tmp":"tmp/react-addons-pure-render-mixin-15.3.1-rc.1.tgz_1471044906474_0.054505656473338604"},"directories":{}},"15.3.1-rc.2":{"name":"react-addons-pure-render-mixin","version":"15.3.1-rc.2","main":"index.js","repository":{"type":"git","url":"git+https://github.com/facebook/react.git"},"keywords":["react","react-addon"],"license":"BSD-3-Clause","dependencies":{},"peerDependencies":{"react":"^15.3.1-rc.2"},"files":["LICENSE","PATENTS","README.md","index.js"],"description":"This package provides the React PureRenderMixin add-on.","bugs":{"url":"https://github.com/facebook/react/issues"},"homepage":"https://github.com/facebook/react#readme","_id":"react-addons-pure-render-mixin@15.3.1-rc.2","_shasum":"834b1f82df42d799a9581cf8c4a29ec6b7a61199","_resolved":"file:build/packages/react-addons-pure-render-mixin.tgz","_from":"build/packages/react-addons-pure-render-mixin.tgz","scripts":{},"_npmVersion":"2.15.5","_nodeVersion":"4.4.5","_npmUser":{"name":"zpao","email":"paul@oshannessy.com"},"maintainers":[{"name":"fb","email":"opensource+npm@fb.com"},{"name":"gaearon","email":"dan.abramov@gmail.com"},{"name":"graue","email":"scott@oceanbase.org"},{"name":"sebmarkbage","email":"sebastian@calyptus.eu"},{"name":"spicyj","email":"ben@benalpert.com"},{"name":"zpao","email":"paul@oshannessy.com"}],"dist":{"shasum":"834b1f82df42d799a9581cf8c4a29ec6b7a61199","tarball":"https://registry.npmjs.org/react-addons-pure-render-mixin/-/react-addons-pure-render-mixin-15.3.1-rc.2.tgz"},"_npmOperationalInternal":{"host":"packages-12-west.internal.npmjs.com","tmp":"tmp/react-addons-pure-render-mixin-15.3.1-rc.2.tgz_1471301763678_0.9488619775511324"},"directories":{}},"15.3.1":{"name":"react-addons-pure-render-mixin","version":"15.3.1","main":"index.js","repository":{"type":"git","url":"git+https://github.com/facebook/react.git"},"keywords":["react","react-addon"],"license":"BSD-3-Clause","dependencies":{},"peerDependencies":{"react":"^15.3.1"},"files":["LICENSE","PATENTS","README.md","index.js"],"description":"This package provides the React PureRenderMixin add-on.","bugs":{"url":"https://github.com/facebook/react/issues"},"homepage":"https://github.com/facebook/react#readme","_id":"react-addons-pure-render-mixin@15.3.1","_shasum":"75e8790ff7b9434ae481a377ec07503420d5aba6","_resolved":"file:build/packages/react-addons-pure-render-mixin.tgz","_from":"build/packages/react-addons-pure-render-mixin.tgz","scripts":{},"_npmVersion":"2.15.5","_nodeVersion":"4.4.5","_npmUser":{"name":"zpao","email":"paul@oshannessy.com"},"maintainers":[{"name":"fb","email":"opensource+npm@fb.com"},{"name":"gaearon","email":"dan.abramov@gmail.com"},{"name":"graue","email":"scott@oceanbase.org"},{"name":"sebmarkbage","email":"sebastian@calyptus.eu"},{"name":"spicyj","email":"ben@benalpert.com"},{"name":"zpao","email":"paul@oshannessy.com"}],"dist":{"shasum":"75e8790ff7b9434ae481a377ec07503420d5aba6","tarball":"https://registry.npmjs.org/react-addons-pure-render-mixin/-/react-addons-pure-render-mixin-15.3.1.tgz"},"_npmOperationalInternal":{"host":"packages-12-west.internal.npmjs.com","tmp":"tmp/react-addons-pure-render-mixin-15.3.1.tgz_1471632601151_0.27741410303860903"},"directories":{}},"15.3.2-rc.1":{"name":"react-addons-pure-render-mixin","version":"15.3.2-rc.1","main":"index.js","repository":{"type":"git","url":"git+https://github.com/facebook/react.git"},"keywords":["react","react-addon"],"license":"BSD-3-Clause","dependencies":{},"peerDependencies":{"react":"^15.3.2-rc.1"},"files":["LICENSE","PATENTS","README.md","index.js"],"description":"This package provides the React PureRenderMixin add-on.","bugs":{"url":"https://github.com/facebook/react/issues"},"homepage":"https://github.com/facebook/react#readme","_id":"react-addons-pure-render-mixin@15.3.2-rc.1","_shasum":"95329bb05e447d7523e24af16b3866f54fade33c","_resolved":"file:build/packages/react-addons-pure-render-mixin.tgz","_from":"build/packages/react-addons-pure-render-mixin.tgz","scripts":{},"_npmVersion":"3.10.3","_nodeVersion":"6.5.0","_npmUser":{"name":"zpao","email":"paul@oshannessy.com"},"maintainers":[{"name":"fb","email":"opensource+npm@fb.com"},{"name":"gaearon","email":"dan.abramov@gmail.com"},{"name":"graue","email":"scott@oceanbase.org"},{"name":"sebmarkbage","email":"sebastian@calyptus.eu"},{"name":"spicyj","email":"ben@benalpert.com"},{"name":"zpao","email":"paul@oshannessy.com"}],"dist":{"shasum":"95329bb05e447d7523e24af16b3866f54fade33c","tarball":"https://registry.npmjs.org/react-addons-pure-render-mixin/-/react-addons-pure-render-mixin-15.3.2-rc.1.tgz"},"_npmOperationalInternal":{"host":"packages-12-west.internal.npmjs.com","tmp":"tmp/react-addons-pure-render-mixin-15.3.2-rc.1.tgz_1473982999543_0.3885543164797127"},"directories":{}},"15.3.2":{"name":"react-addons-pure-render-mixin","version":"15.3.2","main":"index.js","repository":{"type":"git","url":"git+https://github.com/facebook/react.git"},"keywords":["react","react-addon"],"license":"BSD-3-Clause","dependencies":{},"peerDependencies":{"react":"^15.3.2"},"files":["LICENSE","PATENTS","README.md","index.js"],"description":"This package provides the React PureRenderMixin add-on.","bugs":{"url":"https://github.com/facebook/react/issues"},"homepage":"https://github.com/facebook/react#readme","_id":"react-addons-pure-render-mixin@15.3.2","_shasum":"c5f54764667ead26e6cdf7178b6c8dbbd8463ec2","_resolved":"file:build/packages/react-addons-pure-render-mixin.tgz","_from":"build/packages/react-addons-pure-render-mixin.tgz","scripts":{},"_npmVersion":"3.10.3","_nodeVersion":"6.5.0","_npmUser":{"name":"zpao","email":"paul@oshannessy.com"},"maintainers":[{"name":"fb","email":"opensource+npm@fb.com"},{"name":"gaearon","email":"dan.abramov@gmail.com"},{"name":"graue","email":"scott@oceanbase.org"},{"name":"sebmarkbage","email":"sebastian@calyptus.eu"},{"name":"spicyj","email":"ben@benalpert.com"},{"name":"zpao","email":"paul@oshannessy.com"}],"dist":{"shasum":"c5f54764667ead26e6cdf7178b6c8dbbd8463ec2","tarball":"https://registry.npmjs.org/react-addons-pure-render-mixin/-/react-addons-pure-render-mixin-15.3.2.tgz"},"_npmOperationalInternal":{"host":"packages-16-east.internal.npmjs.com","tmp":"tmp/react-addons-pure-render-mixin-15.3.2.tgz_1474307202313_0.10271686711348593"},"directories":{}},"15.4.0-rc.1":{"name":"react-addons-pure-render-mixin","version":"15.4.0-rc.1","main":"index.js","repository":{"type":"git","url":"git+https://github.com/facebook/react.git"},"keywords":["react","react-addon"],"license":"BSD-3-Clause","dependencies":{},"peerDependencies":{"react":"^15.4.0-rc.1"},"files":["LICENSE","PATENTS","README.md","index.js"],"description":"This package provides the React PureRenderMixin add-on.","bugs":{"url":"https://github.com/facebook/react/issues"},"homepage":"https://github.com/facebook/react#readme","_id":"react-addons-pure-render-mixin@15.4.0-rc.1","_shasum":"2cef79e1d6ac88c8e0aa455fc64e74847b093e29","_resolved":"file:build/packages/react-addons-pure-render-mixin.tgz","_from":"build/packages/react-addons-pure-render-mixin.tgz","scripts":{},"_npmVersion":"3.10.3","_nodeVersion":"6.7.0","_npmUser":{"name":"zpao","email":"paul@oshannessy.com"},"maintainers":[{"name":"fb","email":"opensource+npm@fb.com"},{"name":"gaearon","email":"dan.abramov@gmail.com"},{"name":"graue","email":"scott@oceanbase.org"},{"name":"sebmarkbage","email":"sebastian@calyptus.eu"},{"name":"spicyj","email":"ben@benalpert.com"},{"name":"zpao","email":"paul@oshannessy.com"}],"dist":{"shasum":"2cef79e1d6ac88c8e0aa455fc64e74847b093e29","tarball":"https://registry.npmjs.org/react-addons-pure-render-mixin/-/react-addons-pure-render-mixin-15.4.0-rc.1.tgz"},"_npmOperationalInternal":{"host":"packages-12-west.internal.npmjs.com","tmp":"tmp/react-addons-pure-render-mixin-15.4.0-rc.1.tgz_1475620522635_0.1931504993699491"},"directories":{}},"15.4.0-rc.2":{"name":"react-addons-pure-render-mixin","version":"15.4.0-rc.2","main":"index.js","repository":{"type":"git","url":"git+https://github.com/facebook/react.git"},"keywords":["react","react-addon"],"license":"BSD-3-Clause","dependencies":{},"peerDependencies":{"react":"^15.4.0-rc.2"},"files":["LICENSE","PATENTS","README.md","index.js"],"description":"This package provides the React PureRenderMixin add-on.","bugs":{"url":"https://github.com/facebook/react/issues"},"homepage":"https://github.com/facebook/react#readme","_id":"react-addons-pure-render-mixin@15.4.0-rc.2","_shasum":"653053969f3ef70a10352c4f88c9acc14c66402e","_resolved":"file:build/packages/react-addons-pure-render-mixin.tgz","_from":"build/packages/react-addons-pure-render-mixin.tgz","scripts":{},"_npmVersion":"3.10.3","_nodeVersion":"6.7.0","_npmUser":{"name":"zpao","email":"paul@oshannessy.com"},"maintainers":[{"name":"fb","email":"opensource+npm@fb.com"},{"name":"gaearon","email":"dan.abramov@gmail.com"},{"name":"graue","email":"scott@oceanbase.org"},{"name":"sebmarkbage","email":"sebastian@calyptus.eu"},{"name":"spicyj","email":"ben@benalpert.com"},{"name":"zpao","email":"paul@oshannessy.com"}],"dist":{"shasum":"653053969f3ef70a10352c4f88c9acc14c66402e","tarball":"https://registry.npmjs.org/react-addons-pure-render-mixin/-/react-addons-pure-render-mixin-15.4.0-rc.2.tgz"},"_npmOperationalInternal":{"host":"packages-12-west.internal.npmjs.com","tmp":"tmp/react-addons-pure-render-mixin-15.4.0-rc.2.tgz_1475707837621_0.8278942476026714"},"directories":{}},"15.4.0-rc.3":{"name":"react-addons-pure-render-mixin","version":"15.4.0-rc.3","main":"index.js","repository":{"type":"git","url":"git+https://github.com/facebook/react.git"},"keywords":["react","react-addon"],"license":"BSD-3-Clause","dependencies":{},"peerDependencies":{"react":"^15.4.0-rc.3"},"files":["LICENSE","PATENTS","README.md","index.js"],"description":"This package provides the React PureRenderMixin add-on.","bugs":{"url":"https://github.com/facebook/react/issues"},"homepage":"https://github.com/facebook/react#readme","_id":"react-addons-pure-render-mixin@15.4.0-rc.3","_shasum":"37bd4bf9029f37c3c2f4eb019f4ef602b682390f","_resolved":"file:packages/react-addons-pure-render-mixin.tgz","_from":"packages/react-addons-pure-render-mixin.tgz","scripts":{},"_npmVersion":"3.10.3","_nodeVersion":"6.3.1","_npmUser":{"name":"gaearon","email":"dan.abramov@gmail.com"},"dist":{"shasum":"37bd4bf9029f37c3c2f4eb019f4ef602b682390f","tarball":"https://registry.npmjs.org/react-addons-pure-render-mixin/-/react-addons-pure-render-mixin-15.4.0-rc.3.tgz"},"maintainers":[{"name":"fb","email":"opensource+npm@fb.com"},{"name":"gaearon","email":"dan.abramov@gmail.com"},{"name":"graue","email":"scott@oceanbase.org"},{"name":"sebmarkbage","email":"sebastian@calyptus.eu"},{"name":"spicyj","email":"ben@benalpert.com"},{"name":"zpao","email":"paul@oshannessy.com"}],"_npmOperationalInternal":{"host":"packages-12-west.internal.npmjs.com","tmp":"tmp/react-addons-pure-render-mixin-15.4.0-rc.3.tgz_1476472420063_0.4759393164422363"},"directories":{}},"15.4.0-rc.4":{"name":"react-addons-pure-render-mixin","version":"15.4.0-rc.4","main":"index.js","repository":{"type":"git","url":"git+https://github.com/facebook/react.git"},"keywords":["react","react-addon"],"license":"BSD-3-Clause","dependencies":{},"peerDependencies":{"react":"^15.4.0-rc.4"},"files":["LICENSE","PATENTS","README.md","index.js"],"description":"This package provides the React PureRenderMixin add-on.","bugs":{"url":"https://github.com/facebook/react/issues"},"homepage":"https://github.com/facebook/react#readme","_id":"react-addons-pure-render-mixin@15.4.0-rc.4","scripts":{},"_shasum":"84ca3e0e0154f53d93c92de3e03457f48157300d","_from":".","_npmVersion":"3.10.3","_nodeVersion":"6.6.0","_npmUser":{"name":"sebmarkbage","email":"sebastian@calyptus.eu"},"maintainers":[{"name":"fb","email":"opensource+npm@fb.com"},{"name":"gaearon","email":"dan.abramov@gmail.com"},{"name":"graue","email":"scott@oceanbase.org"},{"name":"sebmarkbage","email":"sebastian@calyptus.eu"},{"name":"spicyj","email":"ben@benalpert.com"},{"name":"zpao","email":"paul@oshannessy.com"}],"dist":{"shasum":"84ca3e0e0154f53d93c92de3e03457f48157300d","tarball":"https://registry.npmjs.org/react-addons-pure-render-mixin/-/react-addons-pure-render-mixin-15.4.0-rc.4.tgz"},"_npmOperationalInternal":{"host":"packages-16-east.internal.npmjs.com","tmp":"tmp/react-addons-pure-render-mixin-15.4.0-rc.4.tgz_1476482583939_0.6208799029700458"},"directories":{}},"15.4.0":{"name":"react-addons-pure-render-mixin","version":"15.4.0","main":"index.js","repository":{"type":"git","url":"git+https://github.com/facebook/react.git"},"keywords":["react","react-addon"],"license":"BSD-3-Clause","dependencies":{},"peerDependencies":{"react":"^15.4.0"},"files":["LICENSE","PATENTS","README.md","index.js"],"description":"This package provides the React PureRenderMixin add-on.","bugs":{"url":"https://github.com/facebook/react/issues"},"homepage":"https://github.com/facebook/react#readme","_id":"react-addons-pure-render-mixin@15.4.0","_shasum":"76d594622a1fa9ec1e1b27500490acb4b093d9c2","_resolved":"file:build/packages/react-addons-pure-render-mixin.tgz","_from":"build/packages/react-addons-pure-render-mixin.tgz","scripts":{},"_npmVersion":"3.10.8","_nodeVersion":"6.9.1","_npmUser":{"name":"tomocchino","email":"tomocchino@gmail.com"},"dist":{"shasum":"76d594622a1fa9ec1e1b27500490acb4b093d9c2","tarball":"https://registry.npmjs.org/react-addons-pure-render-mixin/-/react-addons-pure-render-mixin-15.4.0.tgz"},"maintainers":[{"name":"fb","email":"opensource+npm@fb.com"},{"name":"gaearon","email":"dan.abramov@gmail.com"},{"name":"graue","email":"scott@oceanbase.org"},{"name":"sebmarkbage","email":"sebastian@calyptus.eu"},{"name":"spicyj","email":"ben@benalpert.com"},{"name":"tomocchino","email":"tomocchino@gmail.com"},{"name":"zpao","email":"paul@oshannessy.com"}],"_npmOperationalInternal":{"host":"packages-12-west.internal.npmjs.com","tmp":"tmp/react-addons-pure-render-mixin-15.4.0.tgz_1479306754047_0.11947961430996656"},"directories":{}},"15.4.1":{"name":"react-addons-pure-render-mixin","version":"15.4.1","main":"index.js","repository":{"type":"git","url":"git+https://github.com/facebook/react.git"},"keywords":["react","react-addon"],"license":"BSD-3-Clause","dependencies":{},"peerDependencies":{"react":"^15.4.1"},"files":["LICENSE","PATENTS","README.md","index.js"],"description":"This package provides the React PureRenderMixin add-on.","bugs":{"url":"https://github.com/facebook/react/issues"},"homepage":"https://github.com/facebook/react#readme","_id":"react-addons-pure-render-mixin@15.4.1","_shasum":"8a1f48f9fd3f24ed12af63c4d2dc0c7529fa7e02","_resolved":"file:build/packages/react-addons-pure-render-mixin.tgz","_from":"build/packages/react-addons-pure-render-mixin.tgz","scripts":{},"_npmVersion":"3.10.8","_nodeVersion":"6.9.0","_npmUser":{"name":"spicyj","email":"ben@benalpert.com"},"maintainers":[{"name":"fb","email":"opensource+npm@fb.com"},{"name":"gaearon","email":"dan.abramov@gmail.com"},{"name":"graue","email":"scott@oceanbase.org"},{"name":"sebmarkbage","email":"sebastian@calyptus.eu"},{"name":"spicyj","email":"ben@benalpert.com"},{"name":"tomocchino","email":"tomocchino@gmail.com"},{"name":"zpao","email":"paul@oshannessy.com"}],"dist":{"shasum":"8a1f48f9fd3f24ed12af63c4d2dc0c7529fa7e02","tarball":"https://registry.npmjs.org/react-addons-pure-render-mixin/-/react-addons-pure-render-mixin-15.4.1.tgz"},"_npmOperationalInternal":{"host":"packages-12-west.internal.npmjs.com","tmp":"tmp/react-addons-pure-render-mixin-15.4.1.tgz_1479866337429_0.08823531679809093"},"directories":{}},"15.4.2":{"name":"react-addons-pure-render-mixin","version":"15.4.2","main":"index.js","repository":{"type":"git","url":"git+https://github.com/facebook/react.git"},"keywords":["react","react-addon"],"license":"BSD-3-Clause","dependencies":{"fbjs":"^0.8.4","object-assign":"^4.1.0"},"peerDependencies":{"react":"^15.4.2"},"files":["LICENSE","PATENTS","README.md","index.js"],"description":"This package provides the React PureRenderMixin add-on.","bugs":{"url":"https://github.com/facebook/react/issues"},"homepage":"https://github.com/facebook/react#readme","_id":"react-addons-pure-render-mixin@15.4.2","_shasum":"a8433c71c45e2368503721921dc47bdaf1fbabcd","_resolved":"file:build/packages/react-addons-pure-render-mixin.tgz","_from":"build/packages/react-addons-pure-render-mixin.tgz","scripts":{},"_npmVersion":"3.10.8","_nodeVersion":"6.3.1","_npmUser":{"name":"gaearon","email":"dan.abramov@gmail.com"},"dist":{"shasum":"a8433c71c45e2368503721921dc47bdaf1fbabcd","tarball":"https://registry.npmjs.org/react-addons-pure-render-mixin/-/react-addons-pure-render-mixin-15.4.2.tgz"},"maintainers":[{"name":"fb","email":"opensource+npm@fb.com"},{"name":"gaearon","email":"dan.abramov@gmail.com"},{"name":"graue","email":"scott@oceanbase.org"},{"name":"sebmarkbage","email":"sebastian@calyptus.eu"},{"name":"spicyj","email":"ben@benalpert.com"},{"name":"tomocchino","email":"tomocchino@gmail.com"},{"name":"zpao","email":"paul@oshannessy.com"}],"_npmOperationalInternal":{"host":"packages-18-east.internal.npmjs.com","tmp":"tmp/react-addons-pure-render-mixin-15.4.2.tgz_1483733750212_0.7695868874434382"},"directories":{}},"16.0.0-alpha":{"name":"react-addons-pure-render-mixin","version":"16.0.0-alpha","main":"index.js","repository":{"type":"git","url":"git+https://github.com/facebook/react.git"},"keywords":["react","react-addon"],"license":"BSD-3-Clause","dependencies":{"fbjs":"^0.8.4","object-assign":"^4.1.0"},"peerDependencies":{"react":"^16.0.0-alpha"},"files":["LICENSE","PATENTS","README.md","index.js"],"description":"This package provides the React PureRenderMixin add-on.","bugs":{"url":"https://github.com/facebook/react/issues"},"homepage":"https://github.com/facebook/react#readme","_id":"react-addons-pure-render-mixin@16.0.0-alpha","_shasum":"7587c96ee9ded5c6ca1849cd549082f4b395281f","_resolved":"file:build/packages/react-addons-pure-render-mixin.tgz","_from":"build/packages/react-addons-pure-render-mixin.tgz","scripts":{},"_npmVersion":"3.10.8","_nodeVersion":"6.9.1","_npmUser":{"name":"brianvaughn","email":"briandavidvaughn@gmail.com"},"dist":{"shasum":"7587c96ee9ded5c6ca1849cd549082f4b395281f","tarball":"https://registry.npmjs.org/react-addons-pure-render-mixin/-/react-addons-pure-render-mixin-16.0.0-alpha.tgz"},"maintainers":[{"name":"brianvaughn","email":"briandavidvaughn@gmail.com"},{"name":"fb","email":"opensource+npm@fb.com"},{"name":"gaearon","email":"dan.abramov@gmail.com"},{"name":"sebmarkbage","email":"sebastian@calyptus.eu"},{"name":"spicyj","email":"ben@benalpert.com"},{"name":"tomocchino","email":"tomocchino@gmail.com"},{"name":"zpao","email":"paul@oshannessy.com"}],"_npmOperationalInternal":{"host":"packages-18-east.internal.npmjs.com","tmp":"tmp/react-addons-pure-render-mixin-16.0.0-alpha.tgz_1484008037558_0.4960827501490712"},"directories":{}},"16.0.0-alpha.0":{"name":"react-addons-pure-render-mixin","version":"16.0.0-alpha.0","main":"index.js","repository":{"type":"git","url":"git+https://github.com/facebook/react.git"},"keywords":["react","react-addon"],"license":"BSD-3-Clause","dependencies":{"fbjs":"^0.8.4","object-assign":"^4.1.0"},"peerDependencies":{"react":"^16.0.0-alpha.0"},"files":["LICENSE","PATENTS","README.md","index.js"],"description":"This package provides the React PureRenderMixin add-on.","bugs":{"url":"https://github.com/facebook/react/issues"},"homepage":"https://github.com/facebook/react#readme","_id":"react-addons-pure-render-mixin@16.0.0-alpha.0","_shasum":"9b4f8017d1378be974806d7f4fef859ab2487ed8","_resolved":"file:packages/react-addons-pure-render-mixin.tgz","_from":"packages/react-addons-pure-render-mixin.tgz","scripts":{},"_npmVersion":"3.10.8","_nodeVersion":"6.9.1","_npmUser":{"name":"brianvaughn","email":"briandavidvaughn@gmail.com"},"dist":{"shasum":"9b4f8017d1378be974806d7f4fef859ab2487ed8","tarball":"https://registry.npmjs.org/react-addons-pure-render-mixin/-/react-addons-pure-render-mixin-16.0.0-alpha.0.tgz"},"maintainers":[{"name":"brianvaughn","email":"briandavidvaughn@gmail.com"},{"name":"fb","email":"opensource+npm@fb.com"},{"name":"gaearon","email":"dan.abramov@gmail.com"},{"name":"sebmarkbage","email":"sebastian@calyptus.eu"},{"name":"spicyj","email":"ben@benalpert.com"},{"name":"tomocchino","email":"tomocchino@gmail.com"},{"name":"zpao","email":"paul@oshannessy.com"}],"_npmOperationalInternal":{"host":"packages-12-west.internal.npmjs.com","tmp":"tmp/react-addons-pure-render-mixin-16.0.0-alpha.0.tgz_1485374673483_0.42501415801234543"},"directories":{}},"16.0.0-alpha.2":{"name":"react-addons-pure-render-mixin","version":"16.0.0-alpha.2","main":"index.js","repository":{"type":"git","url":"git+https://github.com/facebook/react.git"},"keywords":["react","react-addon"],"license":"BSD-3-Clause","dependencies":{"fbjs":"^0.8.9","object-assign":"^4.1.0"},"peerDependencies":{"react":"^16.0.0-alpha.2"},"files":["LICENSE","PATENTS","README.md","index.js"],"description":"This package provides the React PureRenderMixin add-on.","bugs":{"url":"https://github.com/facebook/react/issues"},"homepage":"https://github.com/facebook/react#readme","_id":"react-addons-pure-render-mixin@16.0.0-alpha.2","_shasum":"6e2538383e22bef0d77ce8a0f56bfd5701f003cd","_resolved":"file:build/packages/react-addons-pure-render-mixin.tgz","_from":"build/packages/react-addons-pure-render-mixin.tgz","scripts":{},"_npmVersion":"3.10.3","_nodeVersion":"6.3.1","_npmUser":{"name":"gaearon","email":"dan.abramov@gmail.com"},"dist":{"shasum":"6e2538383e22bef0d77ce8a0f56bfd5701f003cd","tarball":"https://registry.npmjs.org/react-addons-pure-render-mixin/-/react-addons-pure-render-mixin-16.0.0-alpha.2.tgz"},"maintainers":[{"name":"brianvaughn","email":"briandavidvaughn@gmail.com"},{"name":"fb","email":"opensource+npm@fb.com"},{"name":"gaearon","email":"dan.abramov@gmail.com"},{"name":"sebmarkbage","email":"sebastian@calyptus.eu"},{"name":"spicyj","email":"ben@benalpert.com"},{"name":"tomocchino","email":"tomocchino@gmail.com"},{"name":"zpao","email":"paul@oshannessy.com"}],"_npmOperationalInternal":{"host":"packages-18-east.internal.npmjs.com","tmp":"tmp/react-addons-pure-render-mixin-16.0.0-alpha.2.tgz_1486656969690_0.8378953442443162"},"directories":{}},"16.0.0-alpha.3":{"name":"react-addons-pure-render-mixin","version":"16.0.0-alpha.3","main":"index.js","repository":{"type":"git","url":"git+https://github.com/facebook/react.git"},"keywords":["react","react-addon"],"license":"BSD-3-Clause","dependencies":{"fbjs":"^0.8.9","object-assign":"^4.1.0"},"peerDependencies":{"react":"^16.0.0-alpha.3"},"files":["LICENSE","PATENTS","README.md","index.js"],"description":"This package provides the React PureRenderMixin add-on.","bugs":{"url":"https://github.com/facebook/react/issues"},"homepage":"https://github.com/facebook/react#readme","_id":"react-addons-pure-render-mixin@16.0.0-alpha.3","_shasum":"c3daee3f6d15a0e02ac9d63793975bdda7d10bed","_resolved":"file:build/packages/react-addons-pure-render-mixin.tgz","_from":"build/packages/react-addons-pure-render-mixin.tgz","scripts":{},"_npmVersion":"3.10.10","_nodeVersion":"6.10.0","_npmUser":{"name":"acdlite","email":"acdlite@me.com"},"dist":{"shasum":"c3daee3f6d15a0e02ac9d63793975bdda7d10bed","tarball":"https://registry.npmjs.org/react-addons-pure-render-mixin/-/react-addons-pure-render-mixin-16.0.0-alpha.3.tgz"},"maintainers":[{"name":"acdlite","email":"acdlite@me.com"},{"name":"brianvaughn","email":"briandavidvaughn@gmail.com"},{"name":"fb","email":"opensource+npm@fb.com"},{"name":"gaearon","email":"dan.abramov@gmail.com"},{"name":"sebmarkbage","email":"sebastian@calyptus.eu"},{"name":"spicyj","email":"ben@benalpert.com"},{"name":"tomocchino","email":"tomocchino@gmail.com"},{"name":"zpao","email":"paul@oshannessy.com"}],"_npmOperationalInternal":{"host":"packages-12-west.internal.npmjs.com","tmp":"tmp/react-addons-pure-render-mixin-16.0.0-alpha.3.tgz_1487893948081_0.999406399903819"},"directories":{}}},"readme":"# react-addons-pure-render-mixin\n\nThis package provides the React PureRenderMixin add-on.\n\nSee <https://facebook.github.io/react/docs/pure-render-mixin.html> for more information.","maintainers":[{"name":"acdlite","email":"acdlite@me.com"},{"name":"brianvaughn","email":"briandavidvaughn@gmail.com"},{"name":"fb","email":"opensource+npm@fb.com"},{"name":"gaearon","email":"dan.abramov@gmail.com"},{"name":"sebmarkbage","email":"sebastian@calyptus.eu"},{"name":"spicyj","email":"ben@benalpert.com"},{"name":"tomocchino","email":"tomocchino@gmail.com"},{"name":"zpao","email":"paul@oshannessy.com"}],"time":{"modified":"2017-02-23T23:52:28.306Z","created":"2015-07-03T08:49:28.370Z","0.14.0-beta1":"2015-07-03T08:49:28.370Z","0.14.0-beta2":"2015-08-02T04:42:03.725Z","0.14.0-beta3":"2015-08-03T21:34:22.084Z","0.14.0-rc1":"2015-09-10T16:03:31.701Z","0.14.0":"2015-10-07T17:30:20.316Z","0.14.1":"2015-10-28T21:35:27.653Z","0.14.2":"2015-11-02T19:54:48.509Z","0.14.3":"2015-11-19T02:26:19.253Z","0.14.4":"2015-12-29T21:59:35.681Z","0.14.5":"2015-12-29T22:40:54.334Z","0.14.6":"2016-01-06T23:53:33.550Z","0.15.0-alpha.1":"2016-01-21T04:15:40.873Z","0.14.7":"2016-01-28T19:57:45.386Z","15.0.0-rc.1":"2016-03-08T01:07:47.806Z","15.0.0-rc.2":"2016-03-16T22:17:30.434Z","0.14.8":"2016-03-29T16:20:40.857Z","15.0.0":"2016-04-07T21:25:53.539Z","15.0.1":"2016-04-08T18:24:14.187Z","15.0.2-alpha.1":"2016-04-20T18:17:02.847Z","15.0.2-alpha.2":"2016-04-21T22:21:54.551Z","15.0.2-alpha.3":"2016-04-25T20:03:37.964Z","15.0.2-alpha.4":"2016-04-28T07:11:50.630Z","15.0.2":"2016-04-30T00:38:07.308Z","15.0.3-alpha.1":"2016-05-03T19:40:10.073Z","15.0.3-alpha.2":"2016-05-10T04:37:34.588Z","15.1.0-alpha.1":"2016-05-10T05:28:03.616Z","15.1.0":"2016-05-20T23:06:05.938Z","15.2.0-rc.1":"2016-06-15T01:29:47.337Z","15.2.0-rc.2":"2016-07-01T06:31:44.565Z","15.2.0":"2016-07-01T18:51:55.889Z","15.2.1":"2016-07-08T22:30:55.809Z","15.3.0-rc.1":"2016-07-13T18:58:11.350Z","15.3.0-rc.2":"2016-07-13T21:01:45.974Z","15.3.0-rc.3":"2016-07-21T22:58:55.315Z","15.3.0":"2016-07-29T18:38:04.390Z","15.3.1-rc.1":"2016-08-12T23:35:09.059Z","15.3.1-rc.2":"2016-08-15T22:56:03.968Z","15.3.1":"2016-08-19T18:50:01.403Z","15.3.2-rc.1":"2016-09-15T23:43:19.783Z","15.3.2":"2016-09-19T17:46:45.586Z","15.4.0-rc.1":"2016-10-04T22:35:22.875Z","15.4.0-rc.2":"2016-10-05T22:50:37.873Z","15.4.0-rc.3":"2016-10-14T19:13:42.078Z","15.4.0-rc.4":"2016-10-14T22:03:06.408Z","15.4.0":"2016-11-16T14:32:35.761Z","15.4.1":"2016-11-23T01:58:57.657Z","15.4.2":"2017-01-06T20:15:50.846Z","16.0.0-alpha":"2017-01-10T00:27:19.447Z","16.0.0-alpha.0":"2017-01-25T20:04:33.705Z","16.0.0-alpha.2":"2017-02-09T16:16:10.287Z","16.0.0-alpha.3":"2017-02-23T23:52:28.306Z"},"license":"BSD-3-Clause","readmeFilename":"README.md","users":{"326060588":true,"mathieuancelin":true,"hierophantos":true,"vasz":true,"junya":true,"rankun203":true,"kimmohintikka":true,"kael":true},"homepage":"https://github.com/facebook/react#readme","keywords":["react","react-addon"],"repository":{"type":"git","url":"git+https://github.com/facebook/react.git"},"bugs":{"url":"https://github.com/facebook/react/issues"},"_attachments":{},"_etag":"W/\"58af75bc-120df\"","_lastModified":"Thu, 23 Feb 2017 23:52:28 GMT"}