{"_id":"temp","_rev":"54-a987cd27fcb55a3534d7f25d8a370b4d","name":"temp","description":"Temporary files and directories","dist-tags":{"latest":"0.8.3"},"versions":{"0.2.0":{"name":"temp","description":"Temporary files and directories","tags":["temporary","temp","tempfile","tempdir","tmpfile","tmpdir","security"],"version":"0.2.0","author":{"name":"Bruce Williams","email":"bruce@codefluency.com"},"directories":{"lib":"lib"},"engines":["node >=0.1.90"],"main":"./lib/temp","_id":"temp@0.2.0","_nodeSupported":true,"_npmVersion":"0.2.7-2","_nodeVersion":"v0.3.1-pre","dist":{"tarball":"https://registry.npmjs.org/temp/-/temp-0.2.0.tgz","shasum":"b7f30f8dac554891416543f688051c5599d53847"},"_npmUser":{"name":"bruce","email":"bruce@codefluency.com"}},"0.3.0":{"name":"temp","description":"Temporary files and directories","tags":["temporary","temp","tempfile","tempdir","tmpfile","tmpdir","security"],"version":"0.3.0","author":{"name":"Bruce Williams","email":"bruce@codefluency.com"},"directories":{"lib":"lib"},"engines":["node >=0.4.0"],"main":"./lib/temp","dependencies":{},"devDependencies":{},"repository":{"type":"git","url":"git://github.com/bruce/node-temp.git"},"_npmUser":{"name":"bruce","email":"bruce@codefluency.com"},"_id":"temp@0.3.0","_engineSupported":true,"_npmVersion":"1.0.106","_nodeVersion":"v0.6.0","_defaultsLoaded":true,"dist":{"shasum":"8679a7008719041e2270269c6dbc7bc11514eeee","tarball":"https://registry.npmjs.org/temp/-/temp-0.3.0.tgz"},"maintainers":[{"name":"bruce","email":"bruce@codefluency.com"}]},"0.4.0":{"name":"temp","description":"Temporary files and directories","tags":["temporary","temp","tempfile","tempdir","tmpfile","tmpdir","security"],"version":"0.4.0","author":{"name":"Bruce Williams","email":"bruce@codefluency.com"},"directories":{"lib":"lib"},"engines":["node >=0.4.0"],"main":"./lib/temp","dependencies":{},"devDependencies":{},"repository":{"type":"git","url":"git://github.com/bruce/node-temp.git"},"_npmUser":{"name":"bruce","email":"bruce@codefluency.com"},"_id":"temp@0.4.0","_engineSupported":true,"_npmVersion":"1.0.106","_nodeVersion":"v0.6.0","_defaultsLoaded":true,"dist":{"shasum":"671ad63d57be0fe9d7294664b3fc400636678a60","tarball":"https://registry.npmjs.org/temp/-/temp-0.4.0.tgz"},"maintainers":[{"name":"bruce","email":"bruce@codefluency.com"}]},"0.5.0":{"name":"temp","description":"Temporary files and directories","tags":["temporary","temp","tempfile","tempdir","tmpfile","tmpdir","security"],"version":"0.5.0","author":{"name":"Bruce Williams","email":"bruce@codefluency.com"},"directories":{"lib":"lib"},"engines":["node >=0.8.0"],"main":"./lib/temp","dependencies":{},"devDependencies":{},"repository":{"type":"git","url":"git://github.com/bruce/node-temp.git"},"_id":"temp@0.5.0","dist":{"shasum":"605fa983bcbed88bac99370bc5bf934678cb289e","tarball":"https://registry.npmjs.org/temp/-/temp-0.5.0.tgz"},"_npmVersion":"1.1.69","_npmUser":{"name":"bruce","email":"bruce@codefluency.com"},"maintainers":[{"name":"bruce","email":"bruce@codefluency.com"}]},"0.5.1":{"name":"temp","description":"Temporary files and directories","tags":["temporary","temp","tempfile","tempdir","tmpfile","tmpdir","security"],"version":"0.5.1","author":{"name":"Bruce Williams","email":"bruce@codefluency.com"},"directories":{"lib":"lib"},"engines":["node >=0.8.0"],"main":"./lib/temp","dependencies":{"rimraf":"~2.1.4"},"devDependencies":{},"repository":{"type":"git","url":"git://github.com/bruce/node-temp.git"},"_id":"temp@0.5.1","dist":{"shasum":"77ab19c79aa7b593cbe4fac2441768cad987b8df","tarball":"https://registry.npmjs.org/temp/-/temp-0.5.1.tgz"},"_npmVersion":"1.2.0","_npmUser":{"name":"bruce","email":"bruce@codefluency.com"},"maintainers":[{"name":"bruce","email":"bruce@codefluency.com"}]},"0.6.0":{"name":"temp","description":"Temporary files and directories","tags":["temporary","temp","tempfile","tempdir","tmpfile","tmpdir","security"],"version":"0.6.0","author":{"name":"Bruce Williams","email":"bruce@codefluency.com"},"directories":{"lib":"lib"},"engines":["node >=0.6.0"],"main":"./lib/temp","dependencies":{"rimraf":"~2.1.4","osenv":"0.0.3"},"devDependencies":{},"repository":{"type":"git","url":"git://github.com/bruce/node-temp.git"},"scripts":{"test":"node test/temp-test.js"},"bugs":{"url":"https://github.com/bruce/node-temp/issues"},"_id":"temp@0.6.0","dist":{"shasum":"6b13df5cddf370f2e3a606ca40f202c419173f07","tarball":"https://registry.npmjs.org/temp/-/temp-0.6.0.tgz"},"_from":".","_npmVersion":"1.2.32","_npmUser":{"name":"bruce","email":"bruce@codefluency.com"},"maintainers":[{"name":"bruce","email":"bruce@codefluency.com"}]},"0.7.0":{"name":"temp","description":"Temporary files and directories","tags":["temporary","temp","tempfile","tempdir","tmpfile","tmpdir","security"],"version":"0.7.0","author":{"name":"Bruce Williams","email":"bruce@codefluency.com"},"directories":{"lib":"lib"},"engines":["node >=0.8.0"],"main":"./lib/temp","dependencies":{"rimraf":"~2.2.6"},"keywords":["temporary","tmp","temp","tempdir","tempfile","tmpdir","tmpfile"],"devDependencies":{},"repository":{"type":"git","url":"git://github.com/bruce/node-temp.git"},"scripts":{"test":"node test/temp-test.js"},"bugs":{"url":"https://github.com/bruce/node-temp/issues"},"homepage":"https://github.com/bruce/node-temp","_id":"temp@0.7.0","dist":{"shasum":"d34bdc8e7f955da2a6a473fea07ad601d68ba78f","tarball":"https://registry.npmjs.org/temp/-/temp-0.7.0.tgz"},"_from":".","_npmVersion":"1.4.3","_npmUser":{"name":"superjoe","email":"superjoe30@gmail.com"},"maintainers":[{"name":"bruce","email":"bruce@codefluency.com"},{"name":"superjoe","email":"superjoe30@gmail.com"}]},"0.8.0":{"name":"temp","description":"Temporary files and directories","tags":["temporary","temp","tempfile","tempdir","tmpfile","tmpdir","security"],"version":"0.8.0","author":{"name":"Bruce Williams","email":"bruce@codefluency.com"},"directories":{"lib":"lib"},"engines":["node >=0.8.0"],"main":"./lib/temp","dependencies":{"rimraf":"~2.2.6"},"keywords":["temporary","tmp","temp","tempdir","tempfile","tmpdir","tmpfile"],"devDependencies":{},"repository":{"type":"git","url":"git://github.com/bruce/node-temp.git"},"scripts":{"test":"node test/temp-test.js"},"bugs":{"url":"https://github.com/bruce/node-temp/issues"},"_id":"temp@0.8.0","dist":{"shasum":"3a642f54ab725c8fb6125a284b119480314b3e32","tarball":"https://registry.npmjs.org/temp/-/temp-0.8.0.tgz"},"_from":".","_npmVersion":"1.3.11","_npmUser":{"name":"bruce","email":"brwcodes@gmail.com"},"maintainers":[{"name":"bruce","email":"bruce@codefluency.com"}]},"0.8.1":{"name":"temp","description":"Temporary files and directories","tags":["temporary","temp","tempfile","tempdir","tmpfile","tmpdir","security"],"version":"0.8.1","author":{"name":"Bruce Williams","email":"brwcodes@gmail.com"},"directories":{"lib":"lib"},"engines":["node >=0.8.0"],"main":"./lib/temp","dependencies":{"rimraf":"~2.2.6"},"keywords":["temporary","tmp","temp","tempdir","tempfile","tmpdir","tmpfile"],"devDependencies":{},"repository":{"type":"git","url":"git://github.com/bruce/node-temp.git"},"scripts":{"test":"node test/temp-test.js"},"bugs":{"url":"https://github.com/bruce/node-temp/issues"},"_id":"temp@0.8.1","dist":{"shasum":"4b7b4ffde85bb09f2dd6ba6cc43b44213c94fd3a","tarball":"https://registry.npmjs.org/temp/-/temp-0.8.1.tgz"},"_from":".","_npmVersion":"1.3.11","_npmUser":{"name":"bruce","email":"brwcodes@gmail.com"},"maintainers":[{"name":"bruce","email":"bruce@codefluency.com"}]},"0.8.2":{"name":"temp","description":"Temporary files and directories","tags":["temporary","temp","tempfile","tempdir","tmpfile","tmpdir","security"],"version":"0.8.2","author":{"name":"Bruce Williams","email":"brwcodes@gmail.com"},"license":"MIT","directories":{"lib":"lib"},"engines":["node >=0.8.0"],"main":"./lib/temp","dependencies":{"rimraf":"~2.2.6"},"keywords":["temporary","tmp","temp","tempdir","tempfile","tmpdir","tmpfile"],"devDependencies":{},"repository":{"type":"git","url":"git://github.com/bruce/node-temp.git"},"scripts":{"test":"node test/temp-test.js"},"gitHead":"b2f866ed416fb1f41b56bfb9627e4bf2493cb8ec","bugs":{"url":"https://github.com/bruce/node-temp/issues"},"homepage":"https://github.com/bruce/node-temp","_id":"temp@0.8.2","_shasum":"08c82aed0d7d39de7ec1dfe8b7f64e44285a066b","_from":".","_npmVersion":"2.5.1","_nodeVersion":"0.12.0","_npmUser":{"name":"bruce","email":"brwcodes@gmail.com"},"maintainers":[{"name":"bruce","email":"bruce@codefluency.com"}],"dist":{"shasum":"08c82aed0d7d39de7ec1dfe8b7f64e44285a066b","tarball":"https://registry.npmjs.org/temp/-/temp-0.8.2.tgz"}},"0.8.3":{"name":"temp","description":"Temporary files and directories","tags":["temporary","temp","tempfile","tempdir","tmpfile","tmpdir","security"],"version":"0.8.3","author":{"name":"Bruce Williams","email":"brwcodes@gmail.com"},"license":"MIT","directories":{"lib":"lib"},"engines":["node >=0.8.0"],"main":"./lib/temp","dependencies":{"os-tmpdir":"^1.0.0","rimraf":"~2.2.6"},"keywords":["temporary","tmp","temp","tempdir","tempfile","tmpdir","tmpfile"],"devDependencies":{},"repository":{"type":"git","url":"git://github.com/bruce/node-temp.git"},"scripts":{"test":"node test/temp-test.js"},"gitHead":"76966b174840a540c8d1566507f2afcad99a3afa","bugs":{"url":"https://github.com/bruce/node-temp/issues"},"homepage":"https://github.com/bruce/node-temp","_id":"temp@0.8.3","_shasum":"e0c6bc4d26b903124410e4fed81103014dfc1f59","_from":".","_npmVersion":"2.5.1","_nodeVersion":"0.12.0","_npmUser":{"name":"bruce","email":"brwcodes@gmail.com"},"maintainers":[{"name":"bruce","email":"bruce@codefluency.com"}],"dist":{"shasum":"e0c6bc4d26b903124410e4fed81103014dfc1f59","tarball":"https://registry.npmjs.org/temp/-/temp-0.8.3.tgz"}}},"maintainers":[{"name":"bruce","email":"bruce@codefluency.com"}],"author":{"name":"Bruce Williams","email":"brwcodes@gmail.com"},"time":{"created":"2010-11-09T23:36:39Z","modified":"2017-01-30T09:52:00.917Z","0.2.0":"2010-11-09T23:36:39Z","0.3.0":"2011-12-30T04:56:26.911Z","0.4.0":"2012-01-02T06:06:13.789Z","0.5.0":"2012-12-27T06:05:40.975Z","0.5.1":"2013-06-30T05:34:31.247Z","0.6.0":"2013-09-09T06:30:45.938Z","0.7.0":"2014-02-26T09:14:42.595Z","0.8.0":"2014-06-02T04:56:15.496Z","0.8.1":"2014-08-05T00:12:17.410Z","0.8.2":"2015-06-08T16:50:31.181Z","0.8.3":"2015-06-08T16:55:52.866Z"},"repository":{"type":"git","url":"git://github.com/bruce/node-temp.git"},"users":{"fgribreau":true,"mstapp":true,"maschs":true,"itonyyo":true,"subso":true,"anhulife":true,"nguru":true,"gerst20051":true,"magemagic":true,"bluejeansandrain":true,"dbsweets":true,"algonzo":true,"antonio-gomez":true,"f124275809":true,"steel1990":true,"abuelwafa":true,"faraoman":true,"seangenabe":true,"nachbar90":true},"readme":"node-temp\n=========\n\nTemporary files, directories, and streams for Node.js.\n\nHandles generating a unique file/directory name under the appropriate\nsystem temporary directory, changing the file to an appropriate mode,\nand supports automatic removal (if asked)\n\n`temp` has a similar API to the `fs` module.\n\nNode.js Compatibility\n---------------------\n\nSupports v0.10.0+.\n\n[![Build Status](https://travis-ci.org/bruce/node-temp.png)](https://travis-ci.org/bruce/node-temp)\n\nPlease let me know if you have problems running it on a later version of Node.js or\nhave platform-specific problems.\n\nInstallation\n------------\n\nInstall it using [npm](http://github.com/isaacs/npm):\n\n    $ npm install temp\n\nOr get it directly from:\nhttp://github.com/bruce/node-temp\n\nSynopsis\n--------\n\nYou can create temporary files with `open` and `openSync`, temporary\ndirectories with `mkdir` and `mkdirSync`, or you can get a unique name\nin the system temporary directory with `path`.\n\nWorking copies of the following examples can be found under the\n`examples` directory.\n\n### Temporary Files\n\nTo create a temporary file use `open` or `openSync`, passing\nthem an optional prefix, suffix, or both (see below for details on\naffixes). The object passed to the callback (or returned) has\n`path` and `fd` keys:\n\n```javascript\n{ path: \"/path/to/file\",\n, fd: theFileDescriptor\n}\n```\n\nIn this example we write to a temporary file and call out to `grep` and\n`wc -l` to determine the number of time `foo` occurs in the text.  The\ntemporary file is chmod'd `0600` and cleaned up automatically when the\nprocess at exit (because `temp.track()` is called):\n\n```javascript\nvar temp = require('temp'),\n    fs   = require('fs'),\n    util  = require('util'),\n    exec = require('child_process').exec;\n\n// Automatically track and cleanup files at exit\ntemp.track();\n\n// Fake data\nvar myData = \"foo\\nbar\\nfoo\\nbaz\";\n\n// Process the data (note: error handling omitted)\ntemp.open('myprefix', function(err, info) {\n  if (!err) {\n    fs.write(info.fd, myData);\n    fs.close(info.fd, function(err) {\n      exec(\"grep foo '\" + info.path + \"' | wc -l\", function(err, stdout) {\n        util.puts(stdout.trim());\n      });\n    });\n  }\n});\n```\n\n### Want Cleanup? Make sure you ask for it.\n\nAs noted in the example above, if you want temp to track the files and\ndirectories it creates and handle removing those files and directories\non exit, you must call `track()`. The `track()` function is chainable,\nand it's recommended that you call it when requiring the module.\n\n```javascript\nvar temp = require(\"temp\").track();\n```\n\nWhy is this necessary? In pre-0.6 versions of temp, tracking was\nautomatic. While this works great for scripts and\n[Grunt tasks](http://gruntjs.com/), it's not so great for long-running\nserver processes. Since that's arguably what Node.js is _for_, you\nhave to opt-in to tracking.\n\nBut it's easy.\n\n#### Cleanup anytime\n\nWhen tracking, you can run `cleanup()` and `cleanupSync()` anytime\n(`cleanupSync()` will be run for you on process exit). An object will\nbe returned (or passed to the callback) with cleanup counts and\nthe file/directory tracking lists will be reset.\n\n```javascript\n> temp.cleanupSync();\n{ files: 1,\n  dirs:  0 }\n```\n\n```javascript\n> temp.cleanup(function(err, stats) {\n    console.log(stats);\n  });\n{ files: 1,\n  dirs:  0 }\n```\n\nNote: If you're not tracking, an error (\"not tracking\") will be passed\nto the callback.\n\n### Temporary Directories\n\nTo create a temporary directory, use `mkdir` or `mkdirSync`, passing\nit an optional prefix, suffix, or both (see below for details on affixes).\n\nIn this example we create a temporary directory, write to a file\nwithin it, call out to an external program to create a PDF, and read\nthe result.  While the external process creates a lot of additional\nfiles, the temporary directory is removed automatically at exit (because\n`temp.track()` is called):\n\n```javascript\nvar temp = require('temp'),\n    fs   = require('fs'),\n    util = require('util'),\n    path = require('path'),\n    exec = require('child_process').exec;\n\n// Automatically track and cleanup files at exit\ntemp.track();\n\n// For use with ConTeXt, http://wiki.contextgarden.net\nvar myData = \"\\\\starttext\\nHello World\\n\\\\stoptext\";\n\ntemp.mkdir('pdfcreator', function(err, dirPath) {\n  var inputPath = path.join(dirPath, 'input.tex')\n  fs.writeFile(inputPath, myData, function(err) {\n    if (err) throw err;\n    process.chdir(dirPath);\n    exec(\"texexec '\" + inputPath + \"'\", function(err) {\n      if (err) throw err;\n      fs.readFile(path.join(dirPath, 'input.pdf'), function(err, data) {\n        if (err) throw err;\n        sys.print(data);\n      });\n    });\n  });\n});\n```\n\n### Temporary Streams\n\nTo create a temporary WriteStream, use 'createWriteStream', which sits\non top of `fs.createWriteStream`. The return value is a\n`fs.WriteStream` whose `path` is registered for removal when\n`temp.cleanup` is called (because `temp.track()` is called).\n\n```javascript\nvar temp = require('temp');\n\n// Automatically track and cleanup files at exit\ntemp.track();\n\nvar stream = temp.createWriteStream();\nstream.write(\"Some data\");\n// Maybe do some other things\nstream.end();\n```\n\n### Affixes\n\nYou can provide custom prefixes and suffixes when creating temporary\nfiles and directories. If you provide a string, it is used as the prefix\nfor the temporary name. If you provide an object with `prefix`,\n`suffix` and `dir` keys, they are used for the temporary name.\n\nHere are some examples:\n\n* `\"aprefix\"`: A simple prefix, prepended to the filename; this is\n  shorthand for:\n* `{prefix: \"aprefix\"}`: A simple prefix, prepended to the filename\n* `{suffix: \".asuffix\"}`: A suffix, appended to the filename\n  (especially useful when the file needs to be named with specific\n  extension for use with an external program).\n* `{prefix: \"myprefix\", suffix: \"mysuffix\"}`: Customize both affixes\n* `{dir: path.join(os.tmpDir(), \"myapp\")}`: default prefix and suffix\n  within a new temporary directory.\n* `null`: Use the defaults for files and directories (prefixes `\"f-\"`\n  and `\"d-\"`, respectively, no suffixes).\n\nIn this simple example we read a `pdf`, write it to a temporary file with\na `.pdf` extension, and close it.\n\n```javascript\nvar fs   = require('fs'),\n    temp = require('temp');\n\nfs.readFile('/path/to/source.pdf', function(err, data) {\n  temp.open({suffix: '.pdf'}, function(err, info) {\n    if (err) throw err;\n    fs.write(info.fd, contents);\n    fs.close(info.fd, function(err) {\n      if (err) throw err;\n      // Do something with the file\n    });\n  });\n});\n```\n\n### Just a path, please\n\nIf you just want a unique name in your temporary directory, use\n`path`:\n\n```javascript\nvar fs = require('fs');\nvar tempName = temp.path({suffix: '.pdf'});\n// Do something with tempName\n```\n\nNote: The file isn't created for you, and the mode is not changed  -- and it\nwill not be removed automatically at exit.  If you use `path`, it's\nall up to you.\n\nUsing it with Grunt\n-------------------\n\nIf you want to use the module with [Grunt](http://gruntjs.com/), make sure you\nuse `async()` in your Gruntfile:\n\n```javascript\nmodule.exports = function (grunt) {\n  var temp = require(\"temp\");\n  temp.track(); // Cleanup files, please\n  grunt.registerTask(\"temptest\", \"Testing temp\", function() {\n\n    var done = this.async(); // Don't forget this!\n\n    grunt.log.writeln(\"About to write a file...\");\n    temp.open('tempfile', function(err, info) {\n      // File writing shenanigans here\n      grunt.log.writeln(\"Wrote a file!\")\n\n      done(); // REALLY don't forget this!\n\n    });\n  });\n};\n```\n\nFor more information, see the [Grunt FAQ](http://gruntjs.com/frequently-asked-questions#why-doesn-t-my-asynchronous-task-complete).\n\nTesting\n-------\n\n```sh\n$ npm test\n```\n\nContributing\n------------\n\nYou can find the repository at:\nhttp://github.com/bruce/node-temp\n\nIssues/Feature Requests can be submitted at:\nhttp://github.com/bruce/node-temp/issues\n\nI'd really like to hear your feedback, and I'd love to receive your\npull-requests!\n\nCopyright\n---------\n\nCopyright (c) 2010-2014 Bruce Williams. This software is licensed\nunder the MIT License, see LICENSE for details.\n","readmeFilename":"README.md","bugs":{"url":"https://github.com/bruce/node-temp/issues"},"keywords":["temporary","tmp","temp","tempdir","tempfile","tmpdir","tmpfile"],"homepage":"https://github.com/bruce/node-temp","license":"MIT","_attachments":{},"_etag":"W/\"588f0cc0-4bf9\"","_lastModified":"Mon, 30 Jan 2017 09:52:00 GMT"}