{"_id":"season","_rev":"84-15eb53cead336056c9c1d4964fc33c2b","name":"season","description":"CSON utilities","dist-tags":{"latest":"6.0.0"},"versions":{"0.1.0":{"name":"season","version":"0.1.0","description":"CSON utilities","licenses":[{"type":"MIT","url":"http://github.com/atom/season/raw/master/LICENSE.md"}],"main":"./lib/cson.js","bin":{"csonc":"./bin/csonc"},"scripts":{"prepublish":"grunt coffee","test":"jasmine-focused --captureExceptions --coffee spec/"},"repository":{"type":"git","url":"https://github.com/atom/season.git"},"bugs":{"url":"https://github.com/atom/season/issues"},"keywords":["cson","json"],"dependencies":{"underscore":"~1.4.4","coffee-script":"~1.6.2"},"devDependencies":{"jasmine-focused":"~0.1.0","grunt-contrib-coffee":"~0.7.0","grunt-cli":"~0.1.8","grunt":"~0.4.1","grunt-shell":"~0.2.2","grunt-coffeelint":"0.0.6","temp":"~0.5.0","rimraf":"~2.1.4"},"_id":"season@0.1.0","dist":{"shasum":"43f18a05c4b68ce8b8afbf4c2bc5e2d612d9295e","tarball":"https://registry.npmjs.org/season/-/season-0.1.0.tgz"},"_from":".","_npmVersion":"1.2.18","_npmUser":{"name":"kevinsawicki","email":"kevinsawicki@gmail.com"},"maintainers":[{"name":"kevinsawicki","email":"kevinsawicki@gmail.com"}],"directories":{}},"0.2.0":{"name":"season","version":"0.2.0","description":"CSON utilities","licenses":[{"type":"MIT","url":"http://github.com/atom/season/raw/master/LICENSE.md"}],"main":"./lib/cson.js","bin":{"csonc":"./bin/csonc"},"scripts":{"prepublish":"grunt coffee","test":"jasmine-focused --captureExceptions --coffee spec/"},"repository":{"type":"git","url":"https://github.com/atom/season.git"},"bugs":{"url":"https://github.com/atom/season/issues"},"keywords":["cson","json"],"dependencies":{"underscore":"~1.4.4","coffee-script":"~1.6.2"},"devDependencies":{"jasmine-focused":"~0.1.0","grunt-contrib-coffee":"~0.7.0","grunt-cli":"~0.1.8","grunt":"~0.4.1","grunt-shell":"~0.2.2","grunt-coffeelint":"0.0.6","temp":"~0.5.0","rimraf":"~2.1.4"},"_id":"season@0.2.0","dist":{"shasum":"b3899c1e4cb9f88a542404771236295f866d2525","tarball":"https://registry.npmjs.org/season/-/season-0.2.0.tgz"},"_from":".","_npmVersion":"1.2.18","_npmUser":{"name":"kevinsawicki","email":"kevinsawicki@gmail.com"},"maintainers":[{"name":"kevinsawicki","email":"kevinsawicki@gmail.com"}],"directories":{}},"0.3.0":{"name":"season","version":"0.3.0","description":"CSON utilities","licenses":[{"type":"MIT","url":"http://github.com/atom/season/raw/master/LICENSE.md"}],"main":"./lib/cson.js","bin":{"csonc":"./bin/csonc"},"scripts":{"prepublish":"grunt coffee","test":"jasmine-focused --captureExceptions --coffee spec/"},"repository":{"type":"git","url":"https://github.com/atom/season.git"},"bugs":{"url":"https://github.com/atom/season/issues"},"keywords":["cson","json"],"dependencies":{"underscore":"~1.4.4","coffee-script":"~1.6.2"},"devDependencies":{"jasmine-focused":"~0.1.0","grunt-contrib-coffee":"~0.7.0","grunt-cli":"~0.1.8","grunt":"~0.4.1","grunt-shell":"~0.2.2","grunt-coffeelint":"0.0.6","temp":"~0.5.0","rimraf":"~2.1.4"},"_id":"season@0.3.0","dist":{"shasum":"e7477a807fae8757a41d5042fe9e0628855d23d2","tarball":"https://registry.npmjs.org/season/-/season-0.3.0.tgz"},"_from":".","_npmVersion":"1.2.18","_npmUser":{"name":"kevinsawicki","email":"kevinsawicki@gmail.com"},"maintainers":[{"name":"kevinsawicki","email":"kevinsawicki@gmail.com"}],"directories":{}},"0.5.0":{"name":"season","version":"0.5.0","description":"CSON utilities","licenses":[{"type":"MIT","url":"http://github.com/atom/season/raw/master/LICENSE.md"}],"main":"./lib/cson.js","bin":{"csonc":"./bin/csonc"},"scripts":{"prepublish":"grunt coffee","test":"jasmine-focused --captureExceptions --coffee spec/"},"repository":{"type":"git","url":"https://github.com/atom/season.git"},"bugs":{"url":"https://github.com/atom/season/issues"},"keywords":["cson","json"],"dependencies":{"underscore":"~1.4.4","coffee-script":"~1.6.2"},"devDependencies":{"jasmine-focused":"~0.1.0","grunt-contrib-coffee":"~0.7.0","grunt-cli":"~0.1.8","grunt":"~0.4.1","grunt-shell":"~0.2.2","grunt-coffeelint":"0.0.6","temp":"~0.5.0","rimraf":"~2.1.4"},"_id":"season@0.5.0","dist":{"shasum":"54a18c191f3735f8aa322160a888586fbb1232ac","tarball":"https://registry.npmjs.org/season/-/season-0.5.0.tgz"},"_from":".","_npmVersion":"1.2.18","_npmUser":{"name":"kevinsawicki","email":"kevinsawicki@gmail.com"},"maintainers":[{"name":"kevinsawicki","email":"kevinsawicki@gmail.com"}],"directories":{}},"0.4.0":{"name":"season","version":"0.4.0","description":"CSON utilities","licenses":[{"type":"MIT","url":"http://github.com/atom/season/raw/master/LICENSE.md"}],"main":"./lib/cson.js","bin":{"csonc":"./bin/csonc"},"scripts":{"prepublish":"grunt coffee","test":"jasmine-focused --captureExceptions --coffee spec/"},"repository":{"type":"git","url":"https://github.com/atom/season.git"},"bugs":{"url":"https://github.com/atom/season/issues"},"keywords":["cson","json"],"dependencies":{"underscore":"~1.4.4","coffee-script":"~1.6.2"},"devDependencies":{"jasmine-focused":"~0.1.0","grunt-contrib-coffee":"~0.7.0","grunt-cli":"~0.1.8","grunt":"~0.4.1","grunt-shell":"~0.2.2","grunt-coffeelint":"0.0.6","temp":"~0.5.0","rimraf":"~2.1.4"},"_id":"season@0.4.0","dist":{"shasum":"f7ed9f1771dedf3b7bcab8c9627bc5193a5c05dc","tarball":"https://registry.npmjs.org/season/-/season-0.4.0.tgz"},"_from":".","_npmVersion":"1.2.18","_npmUser":{"name":"kevinsawicki","email":"kevinsawicki@gmail.com"},"maintainers":[{"name":"kevinsawicki","email":"kevinsawicki@gmail.com"}],"directories":{}},"0.6.0":{"name":"season","version":"0.6.0","description":"CSON utilities","licenses":[{"type":"MIT","url":"http://github.com/atom/season/raw/master/LICENSE.md"}],"main":"./lib/cson.js","bin":{"csonc":"./bin/csonc"},"scripts":{"prepublish":"grunt coffee","test":"jasmine-focused --captureExceptions --coffee spec/"},"repository":{"type":"git","url":"https://github.com/atom/season.git"},"bugs":{"url":"https://github.com/atom/season/issues"},"keywords":["cson","json"],"dependencies":{"underscore":"~1.4.4","coffee-script":"~1.6.2","optimist":"~0.4.0"},"devDependencies":{"jasmine-focused":"~0.1.0","grunt-contrib-coffee":"~0.7.0","grunt-cli":"~0.1.8","grunt":"~0.4.1","grunt-shell":"~0.2.2","grunt-coffeelint":"0.0.6","temp":"~0.5.0","rimraf":"~2.1.4"},"_id":"season@0.6.0","dist":{"shasum":"e6e037223d1c127ade1452ce13928751380ce419","tarball":"https://registry.npmjs.org/season/-/season-0.6.0.tgz"},"_from":".","_npmVersion":"1.2.18","_npmUser":{"name":"kevinsawicki","email":"kevinsawicki@gmail.com"},"maintainers":[{"name":"kevinsawicki","email":"kevinsawicki@gmail.com"}],"directories":{}},"0.7.0":{"name":"season","version":"0.7.0","description":"CSON utilities","licenses":[{"type":"MIT","url":"http://github.com/atom/season/raw/master/LICENSE.md"}],"main":"./lib/cson.js","bin":{"csonc":"./bin/csonc"},"scripts":{"prepublish":"grunt coffee","test":"jasmine-focused --captureExceptions --coffee spec/"},"repository":{"type":"git","url":"https://github.com/atom/season.git"},"bugs":{"url":"https://github.com/atom/season/issues"},"keywords":["cson","json"],"dependencies":{"underscore":"~1.4.4","coffee-script":"~1.6.2","optimist":"~0.4.0"},"devDependencies":{"jasmine-focused":"~0.1.0","grunt-contrib-coffee":"~0.7.0","grunt-cli":"~0.1.8","grunt":"~0.4.1","grunt-shell":"~0.2.2","grunt-coffeelint":"0.0.6","temp":"~0.5.0","rimraf":"~2.1.4"},"_id":"season@0.7.0","dist":{"shasum":"3d0dcaee90876426ff07cd788bab3d669ff9e5bd","tarball":"https://registry.npmjs.org/season/-/season-0.7.0.tgz"},"_from":".","_npmVersion":"1.2.18","_npmUser":{"name":"kevinsawicki","email":"kevinsawicki@gmail.com"},"maintainers":[{"name":"kevinsawicki","email":"kevinsawicki@gmail.com"}],"directories":{}},"0.9.0":{"name":"season","version":"0.9.0","description":"CSON utilities","licenses":[{"type":"MIT","url":"http://github.com/atom/season/raw/master/LICENSE.md"}],"main":"./lib/cson.js","bin":{"csonc":"./bin/csonc"},"scripts":{"prepublish":"grunt coffee","test":"jasmine-focused --captureExceptions --coffee spec/"},"repository":{"type":"git","url":"https://github.com/atom/season.git"},"bugs":{"url":"https://github.com/atom/season/issues"},"keywords":["cson","json"],"dependencies":{"underscore":"~1.4.4","coffee-script":"~1.6.2","optimist":"~0.4.0"},"devDependencies":{"jasmine-focused":"~0.1.0","grunt-contrib-coffee":"~0.7.0","grunt-cli":"~0.1.8","grunt":"~0.4.1","grunt-shell":"~0.2.2","grunt-coffeelint":"0.0.6","temp":"~0.5.0","rimraf":"~2.1.4"},"_id":"season@0.9.0","dist":{"shasum":"2a7d8e205118430ad0d67426f4a91f2c6429d052","tarball":"https://registry.npmjs.org/season/-/season-0.9.0.tgz"},"_from":".","_npmVersion":"1.2.18","_npmUser":{"name":"kevinsawicki","email":"kevinsawicki@gmail.com"},"maintainers":[{"name":"kevinsawicki","email":"kevinsawicki@gmail.com"}],"directories":{}},"0.10.0":{"name":"season","version":"0.10.0","description":"CSON utilities","licenses":[{"type":"MIT","url":"http://github.com/atom/season/raw/master/LICENSE.md"}],"main":"./lib/cson.js","bin":{"csonc":"./bin/csonc"},"scripts":{"prepublish":"grunt coffee","test":"jasmine-focused --captureExceptions --coffee spec/"},"repository":{"type":"git","url":"https://github.com/atom/season.git"},"bugs":{"url":"https://github.com/atom/season/issues"},"keywords":["cson","json","CoffeeScript"],"dependencies":{"underscore":"~1.4.4","coffee-script":"~1.6.2","optimist":"~0.4.0"},"devDependencies":{"jasmine-focused":"~0.1.0","grunt-contrib-coffee":"~0.7.0","grunt-cli":"~0.1.8","grunt":"~0.4.1","grunt-shell":"~0.2.2","grunt-coffeelint":"0.0.6","temp":"~0.5.0","rimraf":"~2.1.4"},"_id":"season@0.10.0","dist":{"shasum":"e693c7e194125a8a1eb9fcb8c1bebeb8864484fe","tarball":"https://registry.npmjs.org/season/-/season-0.10.0.tgz"},"_from":".","_npmVersion":"1.2.18","_npmUser":{"name":"kevinsawicki","email":"kevinsawicki@gmail.com"},"maintainers":[{"name":"kevinsawicki","email":"kevinsawicki@gmail.com"}],"directories":{}},"0.11.0":{"name":"season","version":"0.11.0","description":"CSON utilities","licenses":[{"type":"MIT","url":"http://github.com/atom/season/raw/master/LICENSE.md"}],"main":"./lib/cson.js","bin":{"csonc":"./bin/csonc"},"scripts":{"prepublish":"grunt clean lint coffee","test":"grunt test"},"repository":{"type":"git","url":"https://github.com/atom/season.git"},"bugs":{"url":"https://github.com/atom/season/issues"},"homepage":"http://atom.github.io/season","keywords":["cson","json","CoffeeScript"],"dependencies":{"underscore":"~1.4.4","coffee-script":"~1.6.2","optimist":"~0.4.0"},"devDependencies":{"jasmine-focused":"~0.1.0","grunt-contrib-coffee":"~0.7.0","grunt-cli":"~0.1.8","grunt":"~0.4.1","grunt-shell":"~0.2.2","grunt-coffeelint":"0.0.6","temp":"~0.5.0","rimraf":"~2.1.4"},"_id":"season@0.11.0","dist":{"shasum":"bed950988853dc6b132a1703ba233dc551f0da03","tarball":"https://registry.npmjs.org/season/-/season-0.11.0.tgz"},"_from":".","_npmVersion":"1.2.21","_npmUser":{"name":"kevinsawicki","email":"kevinsawicki@gmail.com"},"maintainers":[{"name":"kevinsawicki","email":"kevinsawicki@gmail.com"}],"directories":{}},"0.12.0":{"name":"season","version":"0.12.0","description":"CSON utilities","licenses":[{"type":"MIT","url":"http://github.com/atom/season/raw/master/LICENSE.md"}],"main":"./lib/cson.js","bin":{"csonc":"./bin/csonc"},"scripts":{"prepublish":"grunt clean lint coffee","test":"grunt test"},"repository":{"type":"git","url":"https://github.com/atom/season.git"},"bugs":{"url":"https://github.com/atom/season/issues"},"homepage":"http://atom.github.io/season","keywords":["cson","json","CoffeeScript"],"dependencies":{"underscore":"~1.4.4","coffee-script":"~1.6.2","optimist":"~0.4.0"},"devDependencies":{"jasmine-focused":"~0.1.0","grunt-contrib-coffee":"~0.7.0","grunt-cli":"~0.1.8","grunt":"~0.4.1","grunt-shell":"~0.2.2","grunt-coffeelint":"0.0.6","temp":"~0.5.0","rimraf":"~2.1.4"},"_id":"season@0.12.0","dist":{"shasum":"dcc60a4e5b45f37a60f128010d0587c17f83758e","tarball":"https://registry.npmjs.org/season/-/season-0.12.0.tgz"},"_from":".","_npmVersion":"1.3.9","_npmUser":{"name":"kevinsawicki","email":"kevinsawicki@gmail.com"},"maintainers":[{"name":"kevinsawicki","email":"kevinsawicki@gmail.com"}],"directories":{}},"0.13.0":{"name":"season","version":"0.13.0","description":"CSON utilities","licenses":[{"type":"MIT","url":"http://github.com/atom/season/raw/master/LICENSE.md"}],"main":"./lib/cson.js","bin":{"csonc":"./bin/csonc"},"scripts":{"prepublish":"grunt clean lint coffee","test":"grunt test"},"repository":{"type":"git","url":"https://github.com/atom/season.git"},"bugs":{"url":"https://github.com/atom/season/issues"},"homepage":"http://atom.github.io/season","keywords":["cson","json","CoffeeScript"],"dependencies":{"underscore":"~1.4.4","coffee-script":"~1.6.2","optimist":"~0.4.0","mkdirp":"~0.3.5"},"devDependencies":{"jasmine-focused":"~0.1.0","grunt-contrib-coffee":"~0.7.0","grunt-cli":"~0.1.8","grunt":"~0.4.1","grunt-shell":"~0.2.2","grunt-coffeelint":"0.0.6","temp":"~0.5.0","rimraf":"~2.1.4"},"_id":"season@0.13.0","dist":{"shasum":"ab6bf30c570314db4a63584b82af187b0973eb08","tarball":"https://registry.npmjs.org/season/-/season-0.13.0.tgz"},"_from":".","_npmVersion":"1.3.9","_npmUser":{"name":"kevinsawicki","email":"kevinsawicki@gmail.com"},"maintainers":[{"name":"kevinsawicki","email":"kevinsawicki@gmail.com"}],"directories":{}},"0.14.0":{"name":"season","version":"0.14.0","description":"CSON utilities","licenses":[{"type":"MIT","url":"http://github.com/atom/season/raw/master/LICENSE.md"}],"main":"./lib/cson.js","bin":{"csonc":"./bin/csonc"},"scripts":{"prepublish":"grunt clean lint coffee","test":"grunt test"},"repository":{"type":"git","url":"https://github.com/atom/season.git"},"bugs":{"url":"https://github.com/atom/season/issues"},"homepage":"http://atom.github.io/season","keywords":["cson","json","CoffeeScript"],"dependencies":{"underscore":"~1.4.4","coffee-script":"~1.6.2","optimist":"~0.4.0","mkdirp":"~0.3.5"},"devDependencies":{"jasmine-focused":"~0.15.0","grunt-contrib-coffee":"~0.7.0","grunt-cli":"~0.1.8","grunt":"~0.4.1","grunt-shell":"~0.2.2","grunt-coffeelint":"0.0.6","temp":"~0.5.0","rimraf":"~2.1.4"},"_id":"season@0.14.0","dist":{"shasum":"346b3050c78a6ccbc42b16a25e37b727f9d77829","tarball":"https://registry.npmjs.org/season/-/season-0.14.0.tgz"},"_from":".","_npmVersion":"1.3.2","_npmUser":{"name":"kevinsawicki","email":"kevinsawicki@gmail.com"},"maintainers":[{"name":"kevinsawicki","email":"kevinsawicki@gmail.com"}],"directories":{}},"1.0.0":{"name":"season","version":"1.0.0","description":"CSON utilities","licenses":[{"type":"MIT","url":"http://github.com/atom/season/raw/master/LICENSE.md"}],"main":"./lib/cson.js","bin":{"csonc":"./bin/csonc"},"scripts":{"prepublish":"grunt clean lint coffee","test":"grunt test"},"repository":{"type":"git","url":"https://github.com/atom/season.git"},"bugs":{"url":"https://github.com/atom/season/issues"},"homepage":"http://atom.github.io/season","keywords":["cson","json","CoffeeScript"],"dependencies":{"underscore-plus":"1.x","coffee-script":"~1.7.0","optimist":"~0.4.0","fs-plus":"1.x"},"devDependencies":{"jasmine-focused":"1.x","grunt-contrib-coffee":"~0.9.0","grunt-cli":"~0.1.8","grunt":"~0.4.1","grunt-shell":"~0.2.2","grunt-coffeelint":"0.0.6","temp":"~0.5.0","rimraf":"~2.1.4"},"_id":"season@1.0.0","dist":{"shasum":"552ee0c69acd94da19ff6d4394d7c10745e15762","tarball":"https://registry.npmjs.org/season/-/season-1.0.0.tgz"},"_from":".","_npmVersion":"1.3.2","_npmUser":{"name":"kevinsawicki","email":"kevinsawicki@gmail.com"},"maintainers":[{"name":"kevinsawicki","email":"kevinsawicki@gmail.com"}],"directories":{}},"1.0.1":{"name":"season","version":"1.0.1","description":"CSON utilities","licenses":[{"type":"MIT","url":"http://github.com/atom/season/raw/master/LICENSE.md"}],"main":"./lib/cson.js","bin":{"csonc":"./bin/csonc"},"scripts":{"prepublish":"grunt clean lint coffee","test":"grunt test"},"repository":{"type":"git","url":"https://github.com/atom/season.git"},"bugs":{"url":"https://github.com/atom/season/issues"},"homepage":"http://atom.github.io/season","keywords":["cson","json","CoffeeScript"],"dependencies":{"underscore-plus":"1.x","coffee-script":"~1.7.0","optimist":"~0.4.0","fs-plus":"2.x"},"devDependencies":{"jasmine-focused":"1.x","grunt-contrib-coffee":"~0.9.0","grunt-cli":"~0.1.8","grunt":"~0.4.1","grunt-shell":"~0.2.2","grunt-coffeelint":"0.0.6","temp":"~0.5.0","rimraf":"~2.1.4"},"_id":"season@1.0.1","dist":{"shasum":"b4299b4f17d1b9cfa4e15cfe4ca84d41830163f5","tarball":"https://registry.npmjs.org/season/-/season-1.0.1.tgz"},"_from":".","_npmVersion":"1.3.11","_npmUser":{"name":"kevinsawicki","email":"kevinsawicki@gmail.com"},"maintainers":[{"name":"kevinsawicki","email":"kevinsawicki@gmail.com"}],"directories":{}},"1.0.2":{"name":"season","version":"1.0.2","description":"CSON utilities","licenses":[{"type":"MIT","url":"http://github.com/atom/season/raw/master/LICENSE.md"}],"main":"./lib/cson.js","bin":{"csonc":"./bin/csonc"},"scripts":{"prepublish":"grunt clean lint coffee","test":"grunt test"},"repository":{"type":"git","url":"https://github.com/atom/season.git"},"bugs":{"url":"https://github.com/atom/season/issues"},"homepage":"http://atom.github.io/season","keywords":["cson","json","CoffeeScript"],"dependencies":{"underscore-plus":"1.x","coffee-script":"~1.7.0","optimist":"~0.4.0","fs-plus":"2.x"},"devDependencies":{"jasmine-focused":"1.x","grunt-contrib-coffee":"~0.9.0","grunt-cli":"~0.1.8","grunt":"~0.4.1","grunt-shell":"~0.2.2","grunt-coffeelint":"0.0.6","temp":"~0.5.0","rimraf":"~2.1.4"},"_id":"season@1.0.2","dist":{"shasum":"958edb2dcb5d934f4dd4d59f8ccbf6a88a4783b1","tarball":"https://registry.npmjs.org/season/-/season-1.0.2.tgz"},"_from":".","_npmVersion":"1.3.11","_npmUser":{"name":"kevinsawicki","email":"kevinsawicki@gmail.com"},"maintainers":[{"name":"kevinsawicki","email":"kevinsawicki@gmail.com"}],"directories":{}},"2.0.0":{"name":"season","version":"2.0.0","description":"CSON utilities","licenses":[{"type":"MIT","url":"http://github.com/atom/season/raw/master/LICENSE.md"}],"main":"./lib/cson.js","bin":{"csonc":"./bin/csonc"},"scripts":{"prepublish":"grunt clean lint coffee","test":"grunt test"},"repository":{"type":"git","url":"https://github.com/atom/season.git"},"bugs":{"url":"https://github.com/atom/season/issues"},"homepage":"http://atom.github.io/season","keywords":["cson","json","CoffeeScript"],"dependencies":{"underscore-plus":"1.x","cson-safe":"~0.1.1","optimist":"~0.4.0","fs-plus":"2.x"},"devDependencies":{"jasmine-focused":"1.x","grunt-contrib-coffee":"~0.9.0","grunt-cli":"~0.1.8","grunt":"~0.4.1","grunt-shell":"~0.2.2","grunt-coffeelint":"0.0.6","temp":"~0.5.0","rimraf":"~2.1.4"},"_id":"season@2.0.0","dist":{"shasum":"10a8d7bcee1a9ff8e2fea7028e2edc7c918d2b7d","tarball":"https://registry.npmjs.org/season/-/season-2.0.0.tgz"},"_from":".","_npmVersion":"1.4.4","_npmUser":{"name":"kevinsawicki","email":"kevinsawicki@gmail.com"},"maintainers":[{"name":"kevinsawicki","email":"kevinsawicki@gmail.com"}],"directories":{}},"3.0.0":{"name":"season","version":"3.0.0","description":"CSON utilities","licenses":[{"type":"MIT","url":"http://github.com/atom/season/raw/master/LICENSE.md"}],"main":"./lib/cson.js","bin":{"csonc":"./bin/csonc"},"scripts":{"prepublish":"grunt clean lint coffee","test":"grunt test"},"repository":{"type":"git","url":"https://github.com/atom/season.git"},"bugs":{"url":"https://github.com/atom/season/issues"},"homepage":"http://atom.github.io/season","keywords":["cson","json","CoffeeScript"],"dependencies":{"cson-safe":"~0.1.1","fs-plus":"2.x","optimist":"~0.4.0","underscore-plus":"1.x"},"devDependencies":{"jasmine-focused":"1.x","grunt-contrib-coffee":"~0.9.0","grunt-cli":"~0.1.8","grunt":"~0.4.1","grunt-shell":"~0.2.2","grunt-coffeelint":"0.0.6","temp":"~0.5.0","rimraf":"~2.1.4"},"gitHead":"9df6c144248856c72bf97084c437985cb575d864","_id":"season@3.0.0","_shasum":"f048e22fa7cd604fda7eb186cabda249ebc56b78","_from":".","_npmVersion":"1.4.23","_npmUser":{"name":"nathansobo","email":"nathan@github.com"},"maintainers":[{"name":"kevinsawicki","email":"kevinsawicki@gmail.com"},{"name":"nathansobo","email":"nathan@github.com"},{"name":"benogle","email":"ogle.ben@gmail.com"}],"dist":{"shasum":"f048e22fa7cd604fda7eb186cabda249ebc56b78","tarball":"https://registry.npmjs.org/season/-/season-3.0.0.tgz"},"directories":{}},"4.0.0":{"name":"season","version":"4.0.0","description":"CSON utilities","licenses":[{"type":"MIT","url":"http://github.com/atom/season/raw/master/LICENSE.md"}],"main":"./lib/cson.js","bin":{"csonc":"./bin/csonc"},"scripts":{"prepublish":"grunt clean lint coffee","test":"grunt test"},"repository":{"type":"git","url":"https://github.com/atom/season.git"},"bugs":{"url":"https://github.com/atom/season/issues"},"homepage":"http://atom.github.io/season","keywords":["cson","json","CoffeeScript"],"dependencies":{"cson-safe":"^1.0.1","fs-plus":"2.x","optimist":"~0.4.0","underscore-plus":"1.x"},"devDependencies":{"jasmine-focused":"1.x","grunt-contrib-coffee":"~0.9.0","grunt-cli":"~0.1.8","grunt":"~0.4.1","grunt-shell":"~0.2.2","grunt-coffeelint":"0.0.6","temp":"~0.5.0","rimraf":"~2.1.4"},"gitHead":"456bc33014427adcd0350864d58be6dfdb1a4e6f","_id":"season@4.0.0","_shasum":"36a9991477bd1bbb1354f37c5af65f4513c5efa2","_from":".","_npmVersion":"1.4.28","_npmUser":{"name":"kevinsawicki","email":"kevinsawicki@gmail.com"},"maintainers":[{"name":"kevinsawicki","email":"kevinsawicki@gmail.com"},{"name":"nathansobo","email":"nathan@github.com"},{"name":"benogle","email":"ogle.ben@gmail.com"},{"name":"aroben","email":"adam@roben.org"}],"dist":{"shasum":"36a9991477bd1bbb1354f37c5af65f4513c5efa2","tarball":"https://registry.npmjs.org/season/-/season-4.0.0.tgz"},"directories":{}},"4.0.1":{"name":"season","version":"4.0.1","description":"CSON utilities","licenses":[{"type":"MIT","url":"http://github.com/atom/season/raw/master/LICENSE.md"}],"main":"./lib/cson.js","bin":{"csonc":"./bin/csonc"},"scripts":{"prepublish":"grunt clean lint coffee","test":"grunt test"},"repository":{"type":"git","url":"https://github.com/atom/season.git"},"bugs":{"url":"https://github.com/atom/season/issues"},"homepage":"http://atom.github.io/season","keywords":["cson","json","CoffeeScript"],"dependencies":{"cson-safe":"^1.0.3","fs-plus":"2.x","optimist":"~0.4.0","underscore-plus":"1.x"},"devDependencies":{"jasmine-focused":"1.x","grunt-contrib-coffee":"~0.9.0","grunt-cli":"~0.1.8","grunt":"~0.4.1","grunt-shell":"~0.2.2","grunt-coffeelint":"0.0.6","temp":"~0.5.0","rimraf":"~2.1.4"},"gitHead":"6cf2c028e9a921074785dfb9a087e2b8778d3938","_id":"season@4.0.1","_shasum":"1f42c7d23c460ee6d9773790f5203ed5c4c356da","_from":".","_npmVersion":"1.4.28","_npmUser":{"name":"kevinsawicki","email":"kevinsawicki@gmail.com"},"maintainers":[{"name":"kevinsawicki","email":"kevinsawicki@gmail.com"},{"name":"nathansobo","email":"nathan@github.com"},{"name":"benogle","email":"ogle.ben@gmail.com"},{"name":"aroben","email":"adam@roben.org"}],"dist":{"shasum":"1f42c7d23c460ee6d9773790f5203ed5c4c356da","tarball":"https://registry.npmjs.org/season/-/season-4.0.1.tgz"},"directories":{}},"4.0.2":{"name":"season","version":"4.0.2","description":"CSON utilities","licenses":[{"type":"MIT","url":"http://github.com/atom/season/raw/master/LICENSE.md"}],"main":"./lib/cson.js","bin":{"csonc":"./bin/csonc"},"scripts":{"prepublish":"grunt clean lint coffee","test":"grunt test"},"repository":{"type":"git","url":"https://github.com/atom/season.git"},"bugs":{"url":"https://github.com/atom/season/issues"},"homepage":"http://atom.github.io/season","keywords":["cson","json","CoffeeScript"],"dependencies":{"cson-safe":"git+https://github.com/atom/cson-safe.git#vm-instead-of-eval","fs-plus":"2.x","optimist":"~0.4.0","underscore-plus":"1.x"},"devDependencies":{"jasmine-focused":"1.x","grunt-contrib-coffee":"~0.9.0","grunt-cli":"~0.1.8","grunt":"~0.4.1","grunt-shell":"~0.2.2","grunt-coffeelint":"0.0.6","temp":"~0.5.0","rimraf":"~2.1.4"},"gitHead":"532adba29a1734dad73b8069483ed71d2c4b06a6","_id":"season@4.0.2","_shasum":"0624daf30c6924e99112bdee0bed7c9bdddce041","_from":".","_npmVersion":"1.4.28","_npmUser":{"name":"kevinsawicki","email":"kevinsawicki@gmail.com"},"maintainers":[{"name":"kevinsawicki","email":"kevinsawicki@gmail.com"},{"name":"nathansobo","email":"nathan@github.com"},{"name":"benogle","email":"ogle.ben@gmail.com"},{"name":"aroben","email":"adam@roben.org"}],"dist":{"shasum":"0624daf30c6924e99112bdee0bed7c9bdddce041","tarball":"https://registry.npmjs.org/season/-/season-4.0.2.tgz"},"directories":{}},"4.0.3":{"name":"season","version":"4.0.3","description":"CSON utilities","licenses":[{"type":"MIT","url":"http://github.com/atom/season/raw/master/LICENSE.md"}],"main":"./lib/cson.js","bin":{"csonc":"./bin/csonc"},"scripts":{"prepublish":"grunt clean lint coffee","test":"grunt test"},"repository":{"type":"git","url":"https://github.com/atom/season.git"},"bugs":{"url":"https://github.com/atom/season/issues"},"homepage":"http://atom.github.io/season","keywords":["cson","json","CoffeeScript"],"dependencies":{"cson-safe":"git+https://github.com/atom/cson-safe.git#912d911e10085b239da67b897950843862cc66f0","fs-plus":"2.x","optimist":"~0.4.0","underscore-plus":"1.x"},"devDependencies":{"jasmine-focused":"1.x","grunt-contrib-coffee":"~0.9.0","grunt-cli":"~0.1.8","grunt":"~0.4.1","grunt-shell":"~0.2.2","grunt-coffeelint":"0.0.6","temp":"~0.5.0","rimraf":"~2.1.4"},"gitHead":"4c10295e9f496720121370b2a43a459a085776e6","_id":"season@4.0.3","_shasum":"104bdfff98a91073ac71e6d32613353a7bf9d4b9","_from":".","_npmVersion":"1.4.28","_npmUser":{"name":"kevinsawicki","email":"kevinsawicki@gmail.com"},"maintainers":[{"name":"kevinsawicki","email":"kevinsawicki@gmail.com"},{"name":"nathansobo","email":"nathan@github.com"},{"name":"benogle","email":"ogle.ben@gmail.com"},{"name":"aroben","email":"adam@roben.org"}],"dist":{"shasum":"104bdfff98a91073ac71e6d32613353a7bf9d4b9","tarball":"https://registry.npmjs.org/season/-/season-4.0.3.tgz"},"directories":{}},"5.0.0":{"name":"season","version":"5.0.0","description":"CSON utilities","licenses":[{"type":"MIT","url":"http://github.com/atom/season/raw/master/LICENSE.md"}],"main":"./lib/cson.js","bin":{"csonc":"./bin/csonc"},"scripts":{"prepublish":"grunt clean lint coffee","test":"grunt test"},"repository":{"type":"git","url":"https://github.com/atom/season.git"},"bugs":{"url":"https://github.com/atom/season/issues"},"homepage":"http://atom.github.io/season","keywords":["cson","json","CoffeeScript"],"dependencies":{"cson-safe":"git+https://github.com/atom/cson-safe.git#912d911e10085b239da67b897950843862cc66f0","fs-plus":"2.x","optimist":"~0.4.0","underscore-plus":"1.x"},"devDependencies":{"jasmine-focused":"1.x","grunt-contrib-coffee":"~0.9.0","grunt-cli":"~0.1.8","grunt":"~0.4.1","grunt-shell":"~0.2.2","grunt-coffeelint":"0.0.6","temp":"~0.5.0","rimraf":"~2.1.4"},"gitHead":"bfe5eafd1a81d0440138ee450e37cce77488e785","_id":"season@5.0.0","_shasum":"6bac186e20fba92ac75444daa679059931170208","_from":".","_npmVersion":"1.4.28","_npmUser":{"name":"kevinsawicki","email":"kevinsawicki@gmail.com"},"maintainers":[{"name":"kevinsawicki","email":"kevinsawicki@gmail.com"},{"name":"nathansobo","email":"nathan@github.com"},{"name":"benogle","email":"ogle.ben@gmail.com"},{"name":"aroben","email":"adam@roben.org"}],"dist":{"shasum":"6bac186e20fba92ac75444daa679059931170208","tarball":"https://registry.npmjs.org/season/-/season-5.0.0.tgz"},"directories":{}},"5.0.1":{"name":"season","version":"5.0.1","description":"CSON utilities","licenses":[{"type":"MIT","url":"http://github.com/atom/season/raw/master/LICENSE.md"}],"main":"./lib/cson.js","bin":{"csonc":"./bin/csonc"},"scripts":{"prepublish":"grunt clean lint coffee","test":"grunt test"},"repository":{"type":"git","url":"https://github.com/atom/season.git"},"bugs":{"url":"https://github.com/atom/season/issues"},"homepage":"http://atom.github.io/season","keywords":["cson","json","CoffeeScript"],"dependencies":{"cson-safe":"^1.0.4","fs-plus":"2.x","optimist":"~0.4.0","underscore-plus":"1.x"},"devDependencies":{"jasmine-focused":"1.x","grunt-contrib-coffee":"~0.9.0","grunt-cli":"~0.1.8","grunt":"~0.4.1","grunt-shell":"~0.2.2","grunt-coffeelint":"0.0.6","temp":"~0.5.0","rimraf":"~2.1.4"},"gitHead":"4d940d38a22c5624e4323bdf5c690f24f27ef5b0","_id":"season@5.0.1","_shasum":"3c07b984f4db81ac21c450bf8638e9c3bcbc3239","_from":".","_npmVersion":"1.4.28","_npmUser":{"name":"kevinsawicki","email":"kevinsawicki@gmail.com"},"maintainers":[{"name":"kevinsawicki","email":"kevinsawicki@gmail.com"},{"name":"nathansobo","email":"nathan@github.com"},{"name":"benogle","email":"ogle.ben@gmail.com"},{"name":"aroben","email":"adam@roben.org"}],"dist":{"shasum":"3c07b984f4db81ac21c450bf8638e9c3bcbc3239","tarball":"https://registry.npmjs.org/season/-/season-5.0.1.tgz"},"directories":{}},"5.0.2":{"name":"season","version":"5.0.2","description":"CSON utilities","licenses":[{"type":"MIT","url":"http://github.com/atom/season/raw/master/LICENSE.md"}],"main":"./lib/cson.js","bin":{"csonc":"./bin/csonc"},"scripts":{"prepublish":"grunt clean lint coffee","test":"grunt test"},"repository":{"type":"git","url":"https://github.com/atom/season.git"},"bugs":{"url":"https://github.com/atom/season/issues"},"homepage":"http://atom.github.io/season","keywords":["cson","json","CoffeeScript"],"dependencies":{"cson-safe":"^1.0.4","fs-plus":"2.x","optimist":"~0.4.0","underscore-plus":"1.x"},"devDependencies":{"jasmine-focused":"1.x","grunt-contrib-coffee":"~0.9.0","grunt-cli":"~0.1.8","grunt":"~0.4.1","grunt-shell":"~0.2.2","grunt-coffeelint":"0.0.6","temp":"~0.5.0","rimraf":"~2.1.4"},"gitHead":"d35a65f8b8e420d51abdded5e8a486d4b1cd2b55","_id":"season@5.0.2","_shasum":"de2909577270c5cdd541c9757544ad56b9488e46","_from":".","_npmVersion":"1.4.28","_npmUser":{"name":"kevinsawicki","email":"kevinsawicki@gmail.com"},"maintainers":[{"name":"kevinsawicki","email":"kevinsawicki@gmail.com"},{"name":"nathansobo","email":"nathan@github.com"},{"name":"benogle","email":"ogle.ben@gmail.com"},{"name":"aroben","email":"adam@roben.org"}],"dist":{"shasum":"de2909577270c5cdd541c9757544ad56b9488e46","tarball":"https://registry.npmjs.org/season/-/season-5.0.2.tgz"},"directories":{}},"5.0.3":{"name":"season","version":"5.0.3","description":"CSON utilities","licenses":[{"type":"MIT","url":"http://github.com/atom/season/raw/master/LICENSE.md"}],"main":"./lib/cson.js","bin":{"csonc":"./bin/csonc"},"scripts":{"prepublish":"grunt clean lint coffee","test":"grunt test"},"repository":{"type":"git","url":"https://github.com/atom/season.git"},"bugs":{"url":"https://github.com/atom/season/issues"},"homepage":"http://atom.github.io/season","keywords":["cson","json","CoffeeScript"],"dependencies":{"cson-safe":"^1.0.4","fs-plus":"2.x","optimist":"~0.4.0","underscore-plus":"1.x"},"devDependencies":{"jasmine-focused":"1.x","grunt-contrib-coffee":"~0.9.0","grunt-cli":"~0.1.8","grunt":"~0.4.1","grunt-shell":"~0.2.2","grunt-coffeelint":"0.0.6","temp":"~0.5.0","rimraf":"~2.1.4"},"gitHead":"f6af136b3f7cdee9c726b3917db8f176675eb049","_id":"season@5.0.3","_shasum":"b1e94b9335ef4a36f475cb4246d522304b8004e2","_from":".","_npmVersion":"1.4.28","_npmUser":{"name":"kevinsawicki","email":"kevinsawicki@gmail.com"},"maintainers":[{"name":"kevinsawicki","email":"kevinsawicki@gmail.com"},{"name":"nathansobo","email":"nathan@github.com"},{"name":"benogle","email":"ogle.ben@gmail.com"},{"name":"aroben","email":"adam@roben.org"}],"dist":{"shasum":"b1e94b9335ef4a36f475cb4246d522304b8004e2","tarball":"https://registry.npmjs.org/season/-/season-5.0.3.tgz"},"directories":{}},"5.0.4":{"name":"season","version":"5.0.4","description":"CSON utilities","licenses":[{"type":"MIT","url":"http://github.com/atom/season/raw/master/LICENSE.md"}],"main":"./lib/cson.js","bin":{"csonc":"./bin/csonc"},"scripts":{"prepublish":"grunt clean lint coffee","test":"grunt test"},"repository":{"type":"git","url":"https://github.com/atom/season.git"},"bugs":{"url":"https://github.com/atom/season/issues"},"homepage":"http://atom.github.io/season","keywords":["cson","json","CoffeeScript"],"dependencies":{"cson-safe":"^1.0.4","fs-plus":"2.x","optimist":"~0.4.0","underscore-plus":"1.x"},"devDependencies":{"jasmine-focused":"1.x","grunt-contrib-coffee":"~0.9.0","grunt-cli":"~0.1.8","grunt":"~0.4.1","grunt-shell":"~0.2.2","grunt-coffeelint":"0.0.6","temp":"~0.5.0","rimraf":"~2.1.4"},"gitHead":"138f3c12f24a2904592d902b04ea8bc9d93efab4","_id":"season@5.0.4","_shasum":"fc09062c7a66b761f8ca188df1f4543d767e3d15","_from":".","_npmVersion":"1.4.28","_npmUser":{"name":"kevinsawicki","email":"kevinsawicki@gmail.com"},"maintainers":[{"name":"kevinsawicki","email":"kevinsawicki@gmail.com"},{"name":"nathansobo","email":"nathan@github.com"},{"name":"benogle","email":"ogle.ben@gmail.com"},{"name":"aroben","email":"adam@roben.org"}],"dist":{"shasum":"fc09062c7a66b761f8ca188df1f4543d767e3d15","tarball":"https://registry.npmjs.org/season/-/season-5.0.4.tgz"},"directories":{}},"5.0.5":{"name":"season","version":"5.0.5","description":"CSON utilities","licenses":[{"type":"MIT","url":"http://github.com/atom/season/raw/master/LICENSE.md"}],"main":"./lib/cson.js","bin":{"csonc":"./bin/csonc"},"scripts":{"prepublish":"grunt clean lint coffee","test":"grunt test"},"repository":{"type":"git","url":"https://github.com/atom/season.git"},"bugs":{"url":"https://github.com/atom/season/issues"},"homepage":"http://atom.github.io/season","keywords":["cson","json","CoffeeScript"],"dependencies":{"cson-safe":"^1.0.4","fs-plus":"2.x","optimist":"~0.4.0","underscore-plus":"1.x"},"devDependencies":{"jasmine-focused":"1.x","grunt-contrib-coffee":"~0.9.0","grunt-cli":"~0.1.8","grunt":"~0.4.1","grunt-shell":"~0.2.2","grunt-coffeelint":"0.0.6","temp":"~0.5.0","rimraf":"~2.1.4"},"gitHead":"46149e294ded6e0a5a91281f3385fa6827df6888","_id":"season@5.0.5","_shasum":"bdb77e4bbbd92b7ac84906a2038ca542e28512f0","_from":".","_npmVersion":"1.4.28","_npmUser":{"name":"kevinsawicki","email":"kevinsawicki@gmail.com"},"maintainers":[{"name":"kevinsawicki","email":"kevinsawicki@gmail.com"},{"name":"nathansobo","email":"nathan@github.com"},{"name":"benogle","email":"ogle.ben@gmail.com"},{"name":"aroben","email":"adam@roben.org"}],"dist":{"shasum":"bdb77e4bbbd92b7ac84906a2038ca542e28512f0","tarball":"https://registry.npmjs.org/season/-/season-5.0.5.tgz"},"directories":{}},"5.1.0":{"name":"season","version":"5.1.0","description":"CSON utilities","licenses":[{"type":"MIT","url":"http://github.com/atom/season/raw/master/LICENSE.md"}],"main":"./lib/cson.js","bin":{"csonc":"./bin/csonc"},"scripts":{"prepublish":"grunt clean lint coffee","test":"grunt test"},"repository":{"type":"git","url":"https://github.com/atom/season.git"},"bugs":{"url":"https://github.com/atom/season/issues"},"homepage":"http://atom.github.io/season","keywords":["cson","json","CoffeeScript"],"dependencies":{"cson-safe":"^1.0.4","fs-plus":"2.x","optimist":"~0.4.0","underscore-plus":"1.x"},"devDependencies":{"jasmine-focused":"1.x","grunt-contrib-coffee":"~0.9.0","grunt-cli":"~0.1.8","grunt":"~0.4.1","grunt-shell":"~0.2.2","grunt-coffeelint":"0.0.6","temp":"~0.5.0","rimraf":"~2.1.4"},"gitHead":"436a4939e6bfa6e8753db73a117c65910629020d","_id":"season@5.1.0","_shasum":"b04ef25552f185e8a18ac2b0946b695824a935fe","_from":".","_npmVersion":"1.4.28","_npmUser":{"name":"kevinsawicki","email":"kevinsawicki@gmail.com"},"maintainers":[{"name":"kevinsawicki","email":"kevinsawicki@gmail.com"},{"name":"nathansobo","email":"nathan@github.com"},{"name":"benogle","email":"ogle.ben@gmail.com"},{"name":"aroben","email":"adam@roben.org"}],"dist":{"shasum":"b04ef25552f185e8a18ac2b0946b695824a935fe","tarball":"https://registry.npmjs.org/season/-/season-5.1.0.tgz"},"directories":{}},"5.1.1":{"name":"season","version":"5.1.1","description":"CSON utilities","licenses":[{"type":"MIT","url":"http://github.com/atom/season/raw/master/LICENSE.md"}],"main":"./lib/cson.js","bin":{"csonc":"./bin/csonc"},"scripts":{"prepublish":"grunt clean lint coffee","test":"grunt test"},"repository":{"type":"git","url":"https://github.com/atom/season.git"},"bugs":{"url":"https://github.com/atom/season/issues"},"homepage":"http://atom.github.io/season","keywords":["cson","json","CoffeeScript"],"dependencies":{"cson-safe":"^1.0.4","fs-plus":"2.x","optimist":"~0.4.0","underscore-plus":"1.x"},"devDependencies":{"jasmine-focused":"1.x","grunt-contrib-coffee":"~0.9.0","grunt-cli":"~0.1.8","grunt":"~0.4.1","grunt-shell":"~0.2.2","grunt-coffeelint":"0.0.6","temp":"~0.5.0","rimraf":"~2.1.4"},"gitHead":"b38010fe33e81ae2526b36aaddda3e75eb4320ba","_id":"season@5.1.1","_shasum":"a94f4806d47487de2694e51a7b8330ad9cd847e0","_from":".","_npmVersion":"1.4.28","_npmUser":{"name":"kevinsawicki","email":"kevinsawicki@gmail.com"},"maintainers":[{"name":"kevinsawicki","email":"kevinsawicki@gmail.com"},{"name":"nathansobo","email":"nathan@github.com"},{"name":"benogle","email":"ogle.ben@gmail.com"},{"name":"aroben","email":"adam@roben.org"}],"dist":{"shasum":"a94f4806d47487de2694e51a7b8330ad9cd847e0","tarball":"https://registry.npmjs.org/season/-/season-5.1.1.tgz"},"directories":{}},"5.1.2":{"name":"season","version":"5.1.2","description":"CSON utilities","licenses":[{"type":"MIT","url":"http://github.com/atom/season/raw/master/LICENSE.md"}],"main":"./lib/cson.js","bin":{"csonc":"./bin/csonc"},"scripts":{"prepublish":"grunt clean lint coffee","test":"grunt test"},"repository":{"type":"git","url":"https://github.com/atom/season.git"},"bugs":{"url":"https://github.com/atom/season/issues"},"homepage":"http://atom.github.io/season","keywords":["cson","json","CoffeeScript"],"dependencies":{"cson-safe":"^1.0.5","fs-plus":"2.x","optimist":"~0.4.0","underscore-plus":"1.x"},"devDependencies":{"jasmine-focused":"1.x","grunt-contrib-coffee":"~0.9.0","grunt-cli":"~0.1.8","grunt":"~0.4.1","grunt-shell":"~0.2.2","grunt-coffeelint":"0.0.6","temp":"~0.5.0","rimraf":"~2.1.4"},"gitHead":"a744c850e40c14bcff24429067ed3690a62a9e63","_id":"season@5.1.2","_shasum":"9e00a001e2e8e4cba04c1b7f336d969031412d7e","_from":".","_npmVersion":"1.4.28","_npmUser":{"name":"kevinsawicki","email":"kevinsawicki@gmail.com"},"maintainers":[{"name":"kevinsawicki","email":"kevinsawicki@gmail.com"},{"name":"nathansobo","email":"nathan@github.com"},{"name":"benogle","email":"ogle.ben@gmail.com"},{"name":"aroben","email":"adam@roben.org"}],"dist":{"shasum":"9e00a001e2e8e4cba04c1b7f336d969031412d7e","tarball":"https://registry.npmjs.org/season/-/season-5.1.2.tgz"},"directories":{}},"5.1.3":{"name":"season","version":"5.1.3","description":"CSON utilities","licenses":[{"type":"MIT","url":"http://github.com/atom/season/raw/master/LICENSE.md"}],"main":"./lib/cson.js","bin":{"csonc":"./bin/csonc"},"scripts":{"prepublish":"grunt clean lint coffee","test":"grunt test"},"repository":{"type":"git","url":"https://github.com/atom/season.git"},"bugs":{"url":"https://github.com/atom/season/issues"},"homepage":"http://atom.github.io/season","keywords":["cson","json","CoffeeScript"],"dependencies":{"cson-parser":"^1.0.6","fs-plus":"2.x","optimist":"~0.4.0","underscore-plus":"1.x"},"devDependencies":{"jasmine-focused":"1.x","grunt-contrib-coffee":"~0.9.0","grunt-cli":"~0.1.8","grunt":"~0.4.1","grunt-shell":"~0.2.2","grunt-coffeelint":"0.0.6","temp":"~0.5.0","rimraf":"~2.1.4"},"gitHead":"5e14eddbd25a2f99fbfc71ea4c517d9d52a16dd1","_id":"season@5.1.3","_shasum":"97803c8d64b057e8f479cca0683dec05dda3034d","_from":".","_npmVersion":"1.4.28","_npmUser":{"name":"kevinsawicki","email":"kevinsawicki@gmail.com"},"maintainers":[{"name":"kevinsawicki","email":"kevinsawicki@gmail.com"},{"name":"nathansobo","email":"nathan@github.com"},{"name":"benogle","email":"ogle.ben@gmail.com"},{"name":"aroben","email":"adam@roben.org"}],"dist":{"shasum":"97803c8d64b057e8f479cca0683dec05dda3034d","tarball":"https://registry.npmjs.org/season/-/season-5.1.3.tgz"},"directories":{}},"5.1.4":{"name":"season","version":"5.1.4","description":"CSON utilities","licenses":[{"type":"MIT","url":"http://github.com/atom/season/raw/master/LICENSE.md"}],"main":"./lib/cson.js","bin":{"csonc":"./bin/csonc"},"scripts":{"prepublish":"grunt clean lint coffee","test":"grunt test"},"repository":{"type":"git","url":"https://github.com/atom/season.git"},"bugs":{"url":"https://github.com/atom/season/issues"},"homepage":"http://atom.github.io/season","keywords":["cson","json","CoffeeScript"],"dependencies":{"cson-parser":"^1.0.6","fs-plus":"2.x","optimist":"~0.4.0"},"devDependencies":{"jasmine-focused":"1.x","grunt-contrib-coffee":"~0.9.0","grunt-cli":"~0.1.8","grunt":"~0.4.1","grunt-shell":"~0.2.2","grunt-coffeelint":"0.0.6","temp":"~0.5.0","rimraf":"~2.1.4"},"gitHead":"e86883b7d1a335e8cd2a878086d6153d75758a8c","_id":"season@5.1.4","_shasum":"8f92ca98d1330d79336c8e21c6c1da3f2db7587d","_from":".","_npmVersion":"1.4.28","_npmUser":{"name":"kevinsawicki","email":"kevinsawicki@gmail.com"},"maintainers":[{"name":"kevinsawicki","email":"kevinsawicki@gmail.com"},{"name":"nathansobo","email":"nathan@github.com"},{"name":"benogle","email":"ogle.ben@gmail.com"},{"name":"aroben","email":"adam@roben.org"}],"dist":{"shasum":"8f92ca98d1330d79336c8e21c6c1da3f2db7587d","tarball":"https://registry.npmjs.org/season/-/season-5.1.4.tgz"},"directories":{}},"5.1.5":{"name":"season","version":"5.1.5","description":"CSON utilities","licenses":[{"type":"MIT","url":"http://github.com/atom/season/raw/master/LICENSE.md"}],"main":"./lib/cson.js","bin":{"csonc":"./bin/csonc"},"scripts":{"prepublish":"grunt clean lint coffee","test":"grunt test"},"repository":{"type":"git","url":"https://github.com/atom/season.git"},"bugs":{"url":"https://github.com/atom/season/issues"},"homepage":"http://atom.github.io/season","keywords":["cson","json","CoffeeScript"],"dependencies":{"cson-parser":"^1.0.6","fs-plus":"2.x","optimist":"~0.4.0"},"devDependencies":{"jasmine-focused":"1.x","grunt-contrib-coffee":"~0.9.0","grunt-cli":"~0.1.8","grunt":"~0.4.1","grunt-shell":"~0.2.2","grunt-coffeelint":"0.0.6","temp":"~0.5.0","rimraf":"~2.1.4"},"gitHead":"a90fc7a929e16ea9070b06bff3f39c182b9681c9","_id":"season@5.1.5","_shasum":"1b547508928d4f91839c88638edfbaa9c7fb7088","_from":".","_npmVersion":"1.4.28","_npmUser":{"name":"kevinsawicki","email":"kevinsawicki@gmail.com"},"maintainers":[{"name":"kevinsawicki","email":"kevinsawicki@gmail.com"},{"name":"nathansobo","email":"nathan@github.com"},{"name":"benogle","email":"ogle.ben@gmail.com"},{"name":"aroben","email":"adam@roben.org"}],"dist":{"shasum":"1b547508928d4f91839c88638edfbaa9c7fb7088","tarball":"https://registry.npmjs.org/season/-/season-5.1.5.tgz"},"directories":{}},"5.2.0":{"name":"season","version":"5.2.0","description":"CSON utilities","licenses":[{"type":"MIT","url":"http://github.com/atom/season/raw/master/LICENSE.md"}],"main":"./lib/cson.js","bin":{"csonc":"./bin/csonc"},"scripts":{"prepublish":"grunt clean lint coffee","test":"grunt test"},"repository":{"type":"git","url":"https://github.com/atom/season.git"},"bugs":{"url":"https://github.com/atom/season/issues"},"homepage":"http://atom.github.io/season","keywords":["cson","json","CoffeeScript"],"dependencies":{"cson-parser":"^1.0.6","fs-plus":"2.x","optimist":"~0.4.0"},"devDependencies":{"jasmine-focused":"1.x","grunt-contrib-coffee":"~0.9.0","grunt-cli":"~0.1.8","grunt":"~0.4.1","grunt-shell":"~0.2.2","grunt-coffeelint":"0.0.6","temp":"~0.5.0","rimraf":"~2.1.4"},"gitHead":"da8bfc78c6ad23183db54c3a40d9bf61072f9ba6","_id":"season@5.2.0","_shasum":"72745acad63d7062f6958c2da695ce54ec01da42","_from":".","_npmVersion":"1.4.28","_npmUser":{"name":"kevinsawicki","email":"kevinsawicki@gmail.com"},"maintainers":[{"name":"kevinsawicki","email":"kevinsawicki@gmail.com"},{"name":"nathansobo","email":"nathan@github.com"},{"name":"benogle","email":"ogle.ben@gmail.com"},{"name":"aroben","email":"adam@roben.org"}],"dist":{"shasum":"72745acad63d7062f6958c2da695ce54ec01da42","tarball":"https://registry.npmjs.org/season/-/season-5.2.0.tgz"},"directories":{}},"5.3.0":{"name":"season","version":"5.3.0","description":"CSON utilities","licenses":[{"type":"MIT","url":"http://github.com/atom/season/raw/master/LICENSE.md"}],"main":"./lib/cson.js","bin":{"csonc":"./bin/csonc"},"scripts":{"prepublish":"grunt clean lint coffee","test":"grunt test"},"repository":{"type":"git","url":"https://github.com/atom/season.git"},"bugs":{"url":"https://github.com/atom/season/issues"},"homepage":"http://atom.github.io/season","keywords":["cson","json","CoffeeScript"],"dependencies":{"cson-parser":"1.0.9","fs-plus":"2.x","optimist":"~0.4.0"},"devDependencies":{"jasmine-focused":"1.x","grunt-contrib-coffee":"~0.9.0","grunt-cli":"~0.1.8","grunt":"~0.4.1","grunt-shell":"~0.2.2","grunt-coffeelint":"0.0.6","temp":"~0.5.0","rimraf":"~2.1.4"},"gitHead":"211104960e113cfb9c39a3b65fc57f77eb7b0595","_id":"season@5.3.0","_shasum":"282d397e6416f44923287bd55450ad080b95db65","_from":".","_npmVersion":"1.4.28","_npmUser":{"name":"kevinsawicki","email":"kevinsawicki@gmail.com"},"maintainers":[{"name":"kevinsawicki","email":"kevinsawicki@gmail.com"},{"name":"nathansobo","email":"nathan@github.com"},{"name":"benogle","email":"ogle.ben@gmail.com"},{"name":"aroben","email":"adam@roben.org"}],"dist":{"shasum":"282d397e6416f44923287bd55450ad080b95db65","tarball":"https://registry.npmjs.org/season/-/season-5.3.0.tgz"},"directories":{}},"5.4.0":{"name":"season","version":"5.4.0","description":"CSON utilities","licenses":[{"type":"MIT","url":"http://github.com/atom/season/raw/master/LICENSE.md"}],"main":"./lib/cson.js","bin":{"csonc":"./bin/csonc"},"scripts":{"prepublish":"grunt clean lint coffee","test":"grunt test"},"repository":{"type":"git","url":"git+https://github.com/atom/season.git"},"bugs":{"url":"https://github.com/atom/season/issues"},"homepage":"http://atom.github.io/season","keywords":["cson","json","CoffeeScript"],"dependencies":{"cson-parser":"1.0.9","fs-plus":"2.x","optimist":"~0.4.0"},"devDependencies":{"jasmine-focused":"1.x","grunt-contrib-coffee":"~0.9.0","grunt-cli":"~0.1.8","grunt":"~0.4.1","grunt-shell":"~0.2.2","grunt-coffeelint":"0.0.6","temp":"~0.5.0","rimraf":"~2.1.4"},"gitHead":"799fd3af39fe8fa9f4e863d0d649c527253a50b7","_id":"season@5.4.0","_shasum":"d176627211f41900a44091c03b9e4fe5eb0cd3e1","_from":".","_npmVersion":"3.8.6","_nodeVersion":"5.12.0","_npmUser":{"name":"maxbrunsfeld","email":"maxbrunsfeld@gmail.com"},"dist":{"shasum":"d176627211f41900a44091c03b9e4fe5eb0cd3e1","tarball":"https://registry.npmjs.org/season/-/season-5.4.0.tgz"},"maintainers":[{"name":"aroben","email":"adam@roben.org"},{"name":"atom","email":"nathan@github.com"},{"name":"benogle","email":"ogle.ben@gmail.com"},{"name":"kevinsawicki","email":"kevinsawicki@gmail.com"},{"name":"maxbrunsfeld","email":"maxbrunsfeld@gmail.com"},{"name":"nathansobo","email":"nathan@github.com"}],"_npmOperationalInternal":{"host":"packages-12-west.internal.npmjs.com","tmp":"tmp/season-5.4.0.tgz_1474578772370_0.7589926165528595"},"directories":{}},"5.4.1":{"name":"season","version":"5.4.1","description":"CSON utilities","licenses":[{"type":"MIT","url":"http://github.com/atom/season/raw/master/LICENSE.md"}],"main":"./lib/cson.js","bin":{"csonc":"./bin/csonc"},"scripts":{"prepublish":"grunt clean lint coffee","test":"grunt test"},"repository":{"type":"git","url":"git+https://github.com/atom/season.git"},"bugs":{"url":"https://github.com/atom/season/issues"},"homepage":"http://atom.github.io/season","keywords":["cson","json","CoffeeScript"],"dependencies":{"cson-parser":"1.0.9","fs-plus":"2.x","optimist":"~0.4.0"},"devDependencies":{"jasmine-focused":"1.x","grunt-contrib-coffee":"~0.9.0","grunt-cli":"~0.1.8","grunt":"~0.4.1","grunt-shell":"~0.2.2","grunt-coffeelint":"0.0.6","temp":"~0.5.0","rimraf":"~2.1.4"},"gitHead":"98cd0454330cf2c7909a8d262aac4a3acbb22099","_id":"season@5.4.1","_shasum":"4bd6da6152a7f2d6f08b1433ce2d920669853d0d","_from":".","_npmVersion":"3.8.6","_nodeVersion":"5.12.0","_npmUser":{"name":"maxbrunsfeld","email":"maxbrunsfeld@gmail.com"},"dist":{"shasum":"4bd6da6152a7f2d6f08b1433ce2d920669853d0d","tarball":"https://registry.npmjs.org/season/-/season-5.4.1.tgz"},"maintainers":[{"name":"aroben","email":"adam@roben.org"},{"name":"atom","email":"nathan@github.com"},{"name":"benogle","email":"ogle.ben@gmail.com"},{"name":"kevinsawicki","email":"kevinsawicki@gmail.com"},{"name":"maxbrunsfeld","email":"maxbrunsfeld@gmail.com"},{"name":"nathansobo","email":"nathan@github.com"}],"_npmOperationalInternal":{"host":"packages-16-east.internal.npmjs.com","tmp":"tmp/season-5.4.1.tgz_1474580533725_0.4208490336313844"},"directories":{}},"6.0.0":{"name":"season","version":"6.0.0","description":"CSON utilities","licenses":[{"type":"MIT","url":"http://github.com/atom/season/raw/master/LICENSE.md"}],"main":"./lib/cson.js","bin":{"csonc":"./bin/csonc"},"scripts":{"prepublish":"grunt clean lint coffee","test":"grunt test"},"repository":{"type":"git","url":"git+https://github.com/atom/season.git"},"bugs":{"url":"https://github.com/atom/season/issues"},"homepage":"http://atom.github.io/season","keywords":["cson","json","CoffeeScript"],"dependencies":{"cson-parser":"1.0.9","fs-plus":"^3.0.0","optimist":"~0.4.0"},"devDependencies":{"jasmine-focused":"1.x","grunt-contrib-coffee":"~0.9.0","grunt-cli":"~0.1.8","grunt":"~0.4.1","grunt-shell":"~0.2.2","grunt-coffeelint":"0.0.6","temp":"~0.5.0","rimraf":"~2.1.4"},"gitHead":"72934357d74578725d2dae8586c6d1286dfb57e6","_id":"season@6.0.0","_shasum":"7ad18823907bcb275ff01b34d1aca9e2c089b986","_from":".","_npmVersion":"3.10.8","_nodeVersion":"6.9.1","_npmUser":{"name":"as-cii","email":"as-cii@github.com"},"dist":{"shasum":"7ad18823907bcb275ff01b34d1aca9e2c089b986","tarball":"https://registry.npmjs.org/season/-/season-6.0.0.tgz"},"maintainers":[{"name":"aroben","email":"adam@roben.org"},{"name":"as-cii","email":"as-cii@github.com"},{"name":"atom","email":"nathan@github.com"},{"name":"benogle","email":"ogle.ben@gmail.com"},{"name":"kevinsawicki","email":"kevinsawicki@gmail.com"},{"name":"maxbrunsfeld","email":"maxbrunsfeld@gmail.com"},{"name":"nathansobo","email":"nathan@github.com"}],"_npmOperationalInternal":{"host":"packages-12-west.internal.npmjs.com","tmp":"tmp/season-6.0.0.tgz_1488799208075_0.9481908294837922"},"directories":{}}},"readme":"# season - CSON Node module\n[![macOS Build Status](https://travis-ci.org/atom/season.svg?branch=master)](https://travis-ci.org/atom/season) [![Windows Build Status](https://ci.appveyor.com/api/projects/status/v3bth3ooq5q8k8lx/branch/master?svg=true)](https://ci.appveyor.com/project/Atom/season) [![Dependency Status](https://david-dm.org/atom/season.svg)](https://david-dm.org/atom/season)\n\nRead and write CSON/JSON files seamlessly.\n\n## Installing\n\n```sh\nnpm install season\n```\n\n## Building\n  * Clone the repository\n  * Run `npm install`\n  * Run `grunt` to compile the CoffeeScript code\n  * Run `grunt test` to run the specs\n\n## Compiling CSON to JSON\n\nThis module comes with a `csonc` executable that allows you to compile a CSON\nfile to JSON.\n\nTo use:\n\n```sh\nnpm install -g season\necho \"this: 'is cson'\" > file.cson\ncsonc file.cson --output file.json\ncat file.json\n{\n  \"this\": \"is cson\"\n}\n```\n\n## Docs\n\n```coffeescript\nCSON = require 'season'\n```\n\n### CSON.setCacheDir(cacheDirectory)\n\nSet the cache directory to use for storing compiled CSON files.\n\n`cacheDirectory` - Root directory path for storing compiled CSON.\n\n### CSON.stringify(object)\n\nConvert the object to a CSON string.\n\n`object` - The object to convert to CSON.\n\nReturns the CSON string representation of the given object.\n\n### CSON.readFile(objectPath, callback)\n\nRead the CSON or JSON object at the given path and return it to the callback\nonce it is read and parsed.\n\n`objectPath` - The string path to a JSON or CSON object file.\n\n`callback` - The function to call with the error or object once the path\n             is read and parsed.\n\n### CSON.readFileSync(objectPath)\n\nSynchronous version of `CSON.readFile(objectPath, callback)`.\n\nReturns the object read from the path or throws an error if reading fails.\n\n### CSON.writeFile(objectPath, object, callback)\n\nWrite the object to the given path as either JSON or CSON depending on the\npath's extension.\n\n`objectPath` - The string path to a JSON or CSON object file.\n\n`object` - The object to convert to a string and write to the path.\n\n`callback` - The function to with an error object on failures.\n\n### CSON.writeFileSync(objectPath, object)\n\nSynchronous version of `CSON.writeFile(objectPath, object, callback)`\n\n### CSON.isObjectPath(objectPath)\n\nIs the given path a valid object path?\n\nReturns `true` if the path has a `.json` or `.cson` file extension, `false`\notherwise.\n\n### CSON.resolve(objectPath)\n\nResolve the path to an existent file that has a `.json` or `.cson` extension.\n\n`objectPath` - The string path to a JSON or CSON object file with or without\n               an extension.\n\nReturns the path to an existent CSON or JSON file or `null` if none found.\n","maintainers":[{"name":"aroben","email":"adam@roben.org"},{"name":"as-cii","email":"as-cii@github.com"},{"name":"atom","email":"nathan@github.com"},{"name":"benogle","email":"ogle.ben@gmail.com"},{"name":"kevinsawicki","email":"kevinsawicki@gmail.com"},{"name":"maxbrunsfeld","email":"maxbrunsfeld@gmail.com"},{"name":"nathansobo","email":"nathan@github.com"}],"time":{"modified":"2017-03-06T11:20:09.917Z","created":"2013-05-13T19:47:06.083Z","0.1.0":"2013-05-13T19:47:10.826Z","0.2.0":"2013-05-13T20:33:51.556Z","0.3.0":"2013-05-13T22:36:28.995Z","0.5.0":"2013-05-14T04:24:03.299Z","0.4.0":"2013-05-14T04:24:27.045Z","0.6.0":"2013-05-14T17:57:40.817Z","0.7.0":"2013-05-14T17:59:20.223Z","0.9.0":"2013-05-16T04:56:54.443Z","0.10.0":"2013-05-30T04:58:09.717Z","0.11.0":"2013-07-03T15:25:23.120Z","0.12.0":"2013-09-09T15:09:28.750Z","0.13.0":"2013-09-21T17:35:14.608Z","0.14.0":"2013-10-29T17:48:25.437Z","1.0.0":"2014-01-31T21:42:12.580Z","1.0.1":"2014-02-17T23:20:52.194Z","1.0.2":"2014-02-22T19:37:22.884Z","2.0.0":"2014-03-26T19:37:21.308Z","3.0.0":"2014-11-13T15:32:08.488Z","4.0.0":"2014-12-12T21:09:26.842Z","4.0.1":"2015-01-10T00:31:24.225Z","4.0.2":"2015-01-10T01:01:14.689Z","4.0.3":"2015-01-10T01:25:50.432Z","5.0.0":"2015-01-10T01:56:40.820Z","5.0.1":"2015-01-12T17:49:34.725Z","5.0.2":"2015-01-12T17:51:37.461Z","5.0.3":"2015-01-13T17:51:16.397Z","5.0.4":"2015-01-13T20:14:11.903Z","5.0.5":"2015-01-13T22:14:00.500Z","5.1.0":"2015-01-23T17:40:34.877Z","5.1.1":"2015-01-23T18:00:23.090Z","5.1.2":"2015-01-29T19:33:48.875Z","5.1.3":"2015-02-04T22:56:26.393Z","5.1.4":"2015-02-12T00:32:00.996Z","5.1.5":"2015-03-27T18:47:26.490Z","5.2.0":"2015-04-21T00:10:59.526Z","5.3.0":"2015-06-10T21:45:48.675Z","5.4.0":"2016-09-22T21:12:52.604Z","5.4.1":"2016-09-22T21:42:15.682Z","6.0.0":"2017-03-06T11:20:09.917Z"},"repository":{"type":"git","url":"git+https://github.com/atom/season.git"},"readmeFilename":"README.md","homepage":"http://atom.github.io/season","keywords":["cson","json","CoffeeScript"],"bugs":{"url":"https://github.com/atom/season/issues"},"users":{"ngtk":true,"danielbayley":true},"_attachments":{},"_etag":"W/\"58bd45e9-d748\"","_lastModified":"Mon, 06 Mar 2017 11:20:09 GMT"}