{"_id":"react-addons-create-fragment","_rev":"74-4e1fe6e7ed66297b49dc6ce90f2ffe85","name":"react-addons-create-fragment","description":"This package provides the React createFragment add-on.","dist-tags":{"latest":"15.4.2","next":"16.0.0-alpha.3"},"versions":{"0.14.0-beta1":{"name":"react-addons-create-fragment","version":"0.14.0-beta1","main":"index.js","license":"BSD-3-Clause","peerDependencies":{"react":"^0.14.0-beta1"},"description":"This package provides the React createFragment add-on. See http://facebook.github.io/react/docs/addons.html for more information.","_id":"react-addons-create-fragment@0.14.0-beta1","_shasum":"f2af5afc5045e9e064d8420766fe9fc1c72b1aaf","_resolved":"file:build/packages/react-addons-create-fragment.tgz","_from":"build/packages/react-addons-create-fragment.tgz","scripts":{},"_npmVersion":"2.2.0","_nodeVersion":"0.10.35","_npmUser":{"name":"spicyj","email":"ben@benalpert.com"},"maintainers":[{"name":"spicyj","email":"ben@benalpert.com"}],"dist":{"shasum":"f2af5afc5045e9e064d8420766fe9fc1c72b1aaf","tarball":"https://registry.npmjs.org/react-addons-create-fragment/-/react-addons-create-fragment-0.14.0-beta1.tgz"},"directories":{}},"0.14.0-beta2":{"name":"react-addons-create-fragment","version":"0.14.0-beta2","main":"index.js","license":"BSD-3-Clause","peerDependencies":{"react":"^0.14.0-beta2"},"description":"This package provides the React createFragment add-on. See http://facebook.github.io/react/docs/addons.html for more information.","_id":"react-addons-create-fragment@0.14.0-beta2","_shasum":"d4662214ccda5dd45e175dffe366cd786ceba77f","_resolved":"file:build copy/packages/react-addons-create-fragment.tgz","_from":"build copy/packages/react-addons-create-fragment.tgz","scripts":{},"_npmVersion":"2.13.2","_nodeVersion":"0.10.40","_npmUser":{"name":"zpao","email":"paul@oshannessy.com"},"maintainers":[{"name":"spicyj","email":"ben@benalpert.com"},{"name":"zpao","email":"paul@oshannessy.com"}],"dist":{"shasum":"d4662214ccda5dd45e175dffe366cd786ceba77f","tarball":"https://registry.npmjs.org/react-addons-create-fragment/-/react-addons-create-fragment-0.14.0-beta2.tgz"},"directories":{}},"0.14.0-beta3":{"name":"react-addons-create-fragment","version":"0.14.0-beta3","main":"index.js","license":"BSD-3-Clause","peerDependencies":{"react":"^0.14.0-beta3"},"description":"This package provides the React createFragment add-on. See http://facebook.github.io/react/docs/addons.html for more information.","_id":"react-addons-create-fragment@0.14.0-beta3","_shasum":"481d02f942d2101e1c35f97ea944fa64d6939d56","_resolved":"file:build/packages/react-addons-create-fragment.tgz","_from":"build/packages/react-addons-create-fragment.tgz","scripts":{},"_npmVersion":"2.13.2","_nodeVersion":"0.10.40","_npmUser":{"name":"zpao","email":"paul@oshannessy.com"},"maintainers":[{"name":"spicyj","email":"ben@benalpert.com"},{"name":"zpao","email":"paul@oshannessy.com"}],"dist":{"shasum":"481d02f942d2101e1c35f97ea944fa64d6939d56","tarball":"https://registry.npmjs.org/react-addons-create-fragment/-/react-addons-create-fragment-0.14.0-beta3.tgz"},"directories":{}},"0.14.0-rc1":{"name":"react-addons-create-fragment","version":"0.14.0-rc1","main":"index.js","license":"BSD-3-Clause","peerDependencies":{"react":"^0.14.0-rc1"},"description":"This package provides the React createFragment add-on. See http://facebook.github.io/react/docs/addons.html for more information.","_id":"react-addons-create-fragment@0.14.0-rc1","_shasum":"525374f0fc3529bb3793fdfa3f25b413fea49698","_resolved":"file:build/packages/react-addons-create-fragment.tgz","_from":"build/packages/react-addons-create-fragment.tgz","scripts":{},"_npmVersion":"2.2.0","_nodeVersion":"0.10.35","_npmUser":{"name":"spicyj","email":"ben@benalpert.com"},"maintainers":[{"name":"spicyj","email":"ben@benalpert.com"},{"name":"zpao","email":"paul@oshannessy.com"}],"dist":{"shasum":"525374f0fc3529bb3793fdfa3f25b413fea49698","tarball":"https://registry.npmjs.org/react-addons-create-fragment/-/react-addons-create-fragment-0.14.0-rc1.tgz"},"directories":{}},"0.14.0":{"name":"react-addons-create-fragment","version":"0.14.0","main":"index.js","license":"BSD-3-Clause","peerDependencies":{"react":"^0.14.0"},"description":"This package provides the React createFragment add-on. See http://facebook.github.io/react/docs/addons.html for more information.","_id":"react-addons-create-fragment@0.14.0","_shasum":"34330e770edfd8fa0cf2d61812887b346505dfaa","_resolved":"file:build/packages/react-addons-create-fragment.tgz","_from":"build/packages/react-addons-create-fragment.tgz","scripts":{},"_npmVersion":"2.14.3","_nodeVersion":"4.1.0","_npmUser":{"name":"zpao","email":"paul@oshannessy.com"},"maintainers":[{"name":"spicyj","email":"ben@benalpert.com"},{"name":"zpao","email":"paul@oshannessy.com"}],"dist":{"shasum":"34330e770edfd8fa0cf2d61812887b346505dfaa","tarball":"https://registry.npmjs.org/react-addons-create-fragment/-/react-addons-create-fragment-0.14.0.tgz"},"directories":{}},"0.14.1":{"name":"react-addons-create-fragment","version":"0.14.1","main":"index.js","license":"BSD-3-Clause","peerDependencies":{"react":"^0.14.1"},"description":"This package provides the React createFragment add-on. See http://facebook.github.io/react/docs/addons.html for more information.","_id":"react-addons-create-fragment@0.14.1","_shasum":"a32ad79a31c91aa94249d8e658d4e2dba446d4b2","_resolved":"file:build/packages/react-addons-create-fragment.tgz","_from":"build/packages/react-addons-create-fragment.tgz","scripts":{},"_npmVersion":"2.14.8","_nodeVersion":"4.2.0","_npmUser":{"name":"zpao","email":"paul@oshannessy.com"},"maintainers":[{"name":"spicyj","email":"ben@benalpert.com"},{"name":"zpao","email":"paul@oshannessy.com"}],"dist":{"shasum":"a32ad79a31c91aa94249d8e658d4e2dba446d4b2","tarball":"https://registry.npmjs.org/react-addons-create-fragment/-/react-addons-create-fragment-0.14.1.tgz"},"directories":{}},"0.14.2":{"name":"react-addons-create-fragment","version":"0.14.2","main":"index.js","license":"BSD-3-Clause","peerDependencies":{"react":"^0.14.2"},"description":"This package provides the React createFragment add-on. See http://facebook.github.io/react/docs/addons.html for more information.","_id":"react-addons-create-fragment@0.14.2","_shasum":"56054ed9a6b753a3ffdca799e5e675c2797bf018","_resolved":"file:build/packages/react-addons-create-fragment.tgz","_from":"build/packages/react-addons-create-fragment.tgz","scripts":{},"_npmVersion":"2.14.9","_nodeVersion":"4.2.0","_npmUser":{"name":"zpao","email":"paul@oshannessy.com"},"maintainers":[{"name":"spicyj","email":"ben@benalpert.com"},{"name":"zpao","email":"paul@oshannessy.com"}],"dist":{"shasum":"56054ed9a6b753a3ffdca799e5e675c2797bf018","tarball":"https://registry.npmjs.org/react-addons-create-fragment/-/react-addons-create-fragment-0.14.2.tgz"},"directories":{}},"0.14.3":{"name":"react-addons-create-fragment","version":"0.14.3","main":"index.js","repository":{"type":"git","url":"git+https://github.com/facebook/react.git"},"keywords":["react","react-addon"],"license":"BSD-3-Clause","peerDependencies":{"react":"^0.14.3"},"description":"This package provides the React createFragment add-on.","bugs":{"url":"https://github.com/facebook/react/issues"},"homepage":"https://github.com/facebook/react#readme","_id":"react-addons-create-fragment@0.14.3","_shasum":"83ace5a52abbbc661575200693fd955f622033b2","_resolved":"file:build/packages/react-addons-create-fragment.tgz","_from":"build/packages/react-addons-create-fragment.tgz","scripts":{},"_npmVersion":"2.14.7","_nodeVersion":"4.2.2","_npmUser":{"name":"zpao","email":"paul@oshannessy.com"},"maintainers":[{"name":"spicyj","email":"ben@benalpert.com"},{"name":"zpao","email":"paul@oshannessy.com"}],"dist":{"shasum":"83ace5a52abbbc661575200693fd955f622033b2","tarball":"https://registry.npmjs.org/react-addons-create-fragment/-/react-addons-create-fragment-0.14.3.tgz"},"directories":{}},"0.14.4":{"name":"react-addons-create-fragment","version":"0.14.4","main":"index.js","repository":{"type":"git","url":"git+https://github.com/facebook/react.git"},"keywords":["react","react-addon"],"license":"BSD-3-Clause","peerDependencies":{"react":"^0.14.4"},"description":"This package provides the React createFragment add-on.","bugs":{"url":"https://github.com/facebook/react/issues"},"homepage":"https://github.com/facebook/react#readme","_id":"react-addons-create-fragment@0.14.4","_shasum":"c7247e14611e72ba025683144d19ff7d47dc452e","_resolved":"file:build/packages/react-addons-create-fragment.tgz","_from":"build/packages/react-addons-create-fragment.tgz","scripts":{},"_npmVersion":"2.14.4","_nodeVersion":"4.1.0","_npmUser":{"name":"spicyj","email":"ben@benalpert.com"},"maintainers":[{"name":"spicyj","email":"ben@benalpert.com"},{"name":"zpao","email":"paul@oshannessy.com"}],"dist":{"shasum":"c7247e14611e72ba025683144d19ff7d47dc452e","tarball":"https://registry.npmjs.org/react-addons-create-fragment/-/react-addons-create-fragment-0.14.4.tgz"},"directories":{}},"0.14.5":{"name":"react-addons-create-fragment","version":"0.14.5","main":"index.js","repository":{"type":"git","url":"git+https://github.com/facebook/react.git"},"keywords":["react","react-addon"],"license":"BSD-3-Clause","peerDependencies":{"react":"^0.14.5"},"description":"This package provides the React createFragment add-on.","bugs":{"url":"https://github.com/facebook/react/issues"},"homepage":"https://github.com/facebook/react#readme","_id":"react-addons-create-fragment@0.14.5","_shasum":"4eb7260f92c3f799d5b8867e36f8ef6554037aea","_resolved":"file:build/packages/react-addons-create-fragment.tgz","_from":"build/packages/react-addons-create-fragment.tgz","scripts":{},"_npmVersion":"2.14.4","_nodeVersion":"4.1.0","_npmUser":{"name":"spicyj","email":"ben@benalpert.com"},"maintainers":[{"name":"spicyj","email":"ben@benalpert.com"},{"name":"zpao","email":"paul@oshannessy.com"}],"dist":{"shasum":"4eb7260f92c3f799d5b8867e36f8ef6554037aea","tarball":"https://registry.npmjs.org/react-addons-create-fragment/-/react-addons-create-fragment-0.14.5.tgz"},"directories":{}},"0.14.6":{"name":"react-addons-create-fragment","version":"0.14.6","main":"index.js","repository":{"type":"git","url":"git+https://github.com/facebook/react.git"},"keywords":["react","react-addon"],"license":"BSD-3-Clause","peerDependencies":{"react":"^0.14.6"},"description":"This package provides the React createFragment add-on.","bugs":{"url":"https://github.com/facebook/react/issues"},"homepage":"https://github.com/facebook/react#readme","_id":"react-addons-create-fragment@0.14.6","_shasum":"d64ff1d2a8a597172d164926bb047ed3df981939","_resolved":"file:build/packages/react-addons-create-fragment.tgz","_from":"build/packages/react-addons-create-fragment.tgz","scripts":{},"_npmVersion":"2.14.15","_nodeVersion":"4.2.2","_npmUser":{"name":"zpao","email":"paul@oshannessy.com"},"maintainers":[{"name":"spicyj","email":"ben@benalpert.com"},{"name":"zpao","email":"paul@oshannessy.com"}],"dist":{"shasum":"d64ff1d2a8a597172d164926bb047ed3df981939","tarball":"https://registry.npmjs.org/react-addons-create-fragment/-/react-addons-create-fragment-0.14.6.tgz"},"directories":{}},"0.15.0-alpha.1":{"name":"react-addons-create-fragment","version":"0.15.0-alpha.1","main":"index.js","repository":{"type":"git","url":"git+https://github.com/facebook/react.git"},"keywords":["react","react-addon"],"license":"BSD-3-Clause","peerDependencies":{"react":"^0.15.0-alpha.1"},"description":"This package provides the React createFragment add-on.","bugs":{"url":"https://github.com/facebook/react/issues"},"homepage":"https://github.com/facebook/react#readme","_id":"react-addons-create-fragment@0.15.0-alpha.1","_shasum":"8e34608fee2f75ba9c5203bbd07de3e972a9c837","_resolved":"file:build/packages/react-addons-create-fragment.tgz","_from":"build/packages/react-addons-create-fragment.tgz","scripts":{},"_npmVersion":"2.14.15","_nodeVersion":"4.2.2","_npmUser":{"name":"zpao","email":"paul@oshannessy.com"},"maintainers":[{"name":"spicyj","email":"ben@benalpert.com"},{"name":"zpao","email":"paul@oshannessy.com"}],"dist":{"shasum":"8e34608fee2f75ba9c5203bbd07de3e972a9c837","tarball":"https://registry.npmjs.org/react-addons-create-fragment/-/react-addons-create-fragment-0.15.0-alpha.1.tgz"},"directories":{}},"0.14.7":{"name":"react-addons-create-fragment","version":"0.14.7","main":"index.js","repository":{"type":"git","url":"git+https://github.com/facebook/react.git"},"keywords":["react","react-addon"],"license":"BSD-3-Clause","dependencies":{},"peerDependencies":{"react":"^0.14.7"},"description":"This package provides the React createFragment add-on.","bugs":{"url":"https://github.com/facebook/react/issues"},"homepage":"https://github.com/facebook/react#readme","_id":"react-addons-create-fragment@0.14.7","_shasum":"6bb63309ceac222d216c3d67e53c932050174cf4","_resolved":"file:build/packages/react-addons-create-fragment.tgz","_from":"build/packages/react-addons-create-fragment.tgz","scripts":{},"_npmVersion":"2.14.12","_nodeVersion":"4.2.6","_npmUser":{"name":"graue","email":"scott@oceanbase.org"},"dist":{"shasum":"6bb63309ceac222d216c3d67e53c932050174cf4","tarball":"https://registry.npmjs.org/react-addons-create-fragment/-/react-addons-create-fragment-0.14.7.tgz"},"maintainers":[{"name":"graue","email":"scott@oceanbase.org"},{"name":"spicyj","email":"ben@benalpert.com"},{"name":"zpao","email":"paul@oshannessy.com"}],"directories":{}},"15.0.0-rc.1":{"name":"react-addons-create-fragment","version":"15.0.0-rc.1","main":"index.js","repository":{"type":"git","url":"git+https://github.com/facebook/react.git"},"keywords":["react","react-addon"],"license":"BSD-3-Clause","dependencies":{},"peerDependencies":{"react":"^15.0.0-rc.1"},"description":"This package provides the React createFragment add-on.","bugs":{"url":"https://github.com/facebook/react/issues"},"homepage":"https://github.com/facebook/react#readme","_id":"react-addons-create-fragment@15.0.0-rc.1","_shasum":"1aebc189a2c13032ead159739622f20df57b07e9","_resolved":"file:build/packages/react-addons-create-fragment.tgz","_from":"build/packages/react-addons-create-fragment.tgz","scripts":{},"_npmVersion":"2.14.12","_nodeVersion":"4.3.0","_npmUser":{"name":"zpao","email":"paul@oshannessy.com"},"maintainers":[{"name":"graue","email":"scott@oceanbase.org"},{"name":"spicyj","email":"ben@benalpert.com"},{"name":"zpao","email":"paul@oshannessy.com"}],"dist":{"shasum":"1aebc189a2c13032ead159739622f20df57b07e9","tarball":"https://registry.npmjs.org/react-addons-create-fragment/-/react-addons-create-fragment-15.0.0-rc.1.tgz"},"_npmOperationalInternal":{"host":"packages-12-west.internal.npmjs.com","tmp":"tmp/react-addons-create-fragment-15.0.0-rc.1.tgz_1457399251413_0.19718755944631994"},"directories":{}},"15.0.0-rc.2":{"name":"react-addons-create-fragment","version":"15.0.0-rc.2","main":"index.js","repository":{"type":"git","url":"git+https://github.com/facebook/react.git"},"keywords":["react","react-addon"],"license":"BSD-3-Clause","dependencies":{},"peerDependencies":{"react":"^15.0.0-rc.2"},"description":"This package provides the React createFragment add-on.","bugs":{"url":"https://github.com/facebook/react/issues"},"homepage":"https://github.com/facebook/react#readme","_id":"react-addons-create-fragment@15.0.0-rc.2","_shasum":"fd17934f15217961538506ff93045d47ec951e98","_resolved":"file:build/packages/react-addons-create-fragment.tgz","_from":"build/packages/react-addons-create-fragment.tgz","scripts":{},"_npmVersion":"3.8.1","_nodeVersion":"5.1.1","_npmUser":{"name":"gaearon","email":"dan.abramov@gmail.com"},"dist":{"shasum":"fd17934f15217961538506ff93045d47ec951e98","tarball":"https://registry.npmjs.org/react-addons-create-fragment/-/react-addons-create-fragment-15.0.0-rc.2.tgz"},"maintainers":[{"name":"gaearon","email":"dan.abramov@gmail.com"},{"name":"graue","email":"scott@oceanbase.org"},{"name":"sebmarkbage","email":"sebastian@calyptus.eu"},{"name":"spicyj","email":"ben@benalpert.com"},{"name":"zpao","email":"paul@oshannessy.com"}],"_npmOperationalInternal":{"host":"packages-13-west.internal.npmjs.com","tmp":"tmp/react-addons-create-fragment-15.0.0-rc.2.tgz_1458166566845_0.07404715148732066"},"directories":{}},"0.14.8":{"name":"react-addons-create-fragment","version":"0.14.8","main":"index.js","repository":{"type":"git","url":"git+https://github.com/facebook/react.git"},"keywords":["react","react-addon"],"license":"BSD-3-Clause","dependencies":{},"peerDependencies":{"react":"^0.14.8"},"description":"This package provides the React createFragment add-on.","bugs":{"url":"https://github.com/facebook/react/issues"},"homepage":"https://github.com/facebook/react#readme","_id":"react-addons-create-fragment@0.14.8","_shasum":"e83240d1cba49249690fcc6f148710baa11d2b7a","_resolved":"file:build/packages/react-addons-create-fragment.tgz","_from":"build/packages/react-addons-create-fragment.tgz","scripts":{},"_npmVersion":"2.14.7","_nodeVersion":"4.2.1","_npmUser":{"name":"gaearon","email":"dan.abramov@gmail.com"},"dist":{"shasum":"e83240d1cba49249690fcc6f148710baa11d2b7a","tarball":"https://registry.npmjs.org/react-addons-create-fragment/-/react-addons-create-fragment-0.14.8.tgz"},"maintainers":[{"name":"gaearon","email":"dan.abramov@gmail.com"},{"name":"graue","email":"scott@oceanbase.org"},{"name":"sebmarkbage","email":"sebastian@calyptus.eu"},{"name":"spicyj","email":"ben@benalpert.com"},{"name":"zpao","email":"paul@oshannessy.com"}],"_npmOperationalInternal":{"host":"packages-16-east.internal.npmjs.com","tmp":"tmp/react-addons-create-fragment-0.14.8.tgz_1459268406877_0.644633469870314"},"directories":{}},"15.0.0":{"name":"react-addons-create-fragment","version":"15.0.0","main":"index.js","repository":{"type":"git","url":"git+https://github.com/facebook/react.git"},"keywords":["react","react-addon"],"license":"BSD-3-Clause","dependencies":{},"peerDependencies":{"react":"^15.0.0"},"description":"This package provides the React createFragment add-on.","bugs":{"url":"https://github.com/facebook/react/issues"},"homepage":"https://github.com/facebook/react#readme","_id":"react-addons-create-fragment@15.0.0","_shasum":"e2a86aa6b3186bf45431e8a83aed3e9ba4c06800","_resolved":"file:build/packages/react-addons-create-fragment.tgz","_from":"build/packages/react-addons-create-fragment.tgz","scripts":{},"_npmVersion":"2.15.3","_nodeVersion":"4.4.0","_npmUser":{"name":"zpao","email":"paul@oshannessy.com"},"maintainers":[{"name":"gaearon","email":"dan.abramov@gmail.com"},{"name":"graue","email":"scott@oceanbase.org"},{"name":"sebmarkbage","email":"sebastian@calyptus.eu"},{"name":"spicyj","email":"ben@benalpert.com"},{"name":"zpao","email":"paul@oshannessy.com"}],"dist":{"shasum":"e2a86aa6b3186bf45431e8a83aed3e9ba4c06800","tarball":"https://registry.npmjs.org/react-addons-create-fragment/-/react-addons-create-fragment-15.0.0.tgz"},"_npmOperationalInternal":{"host":"packages-12-west.internal.npmjs.com","tmp":"tmp/react-addons-create-fragment-15.0.0.tgz_1460064346034_0.6573211997747421"},"directories":{}},"15.0.1":{"name":"react-addons-create-fragment","version":"15.0.1","main":"index.js","repository":{"type":"git","url":"git+https://github.com/facebook/react.git"},"keywords":["react","react-addon"],"license":"BSD-3-Clause","dependencies":{},"peerDependencies":{"react":"^15.0.1"},"description":"This package provides the React createFragment add-on.","bugs":{"url":"https://github.com/facebook/react/issues"},"homepage":"https://github.com/facebook/react#readme","_id":"react-addons-create-fragment@15.0.1","_shasum":"10c3a6b08543bb115fd69be2523216ce6063a54f","_resolved":"file:build/packages/react-addons-create-fragment.tgz","_from":"build/packages/react-addons-create-fragment.tgz","scripts":{},"_npmVersion":"2.15.0","_nodeVersion":"4.4.2","_npmUser":{"name":"zpao","email":"paul@oshannessy.com"},"maintainers":[{"name":"gaearon","email":"dan.abramov@gmail.com"},{"name":"graue","email":"scott@oceanbase.org"},{"name":"sebmarkbage","email":"sebastian@calyptus.eu"},{"name":"spicyj","email":"ben@benalpert.com"},{"name":"zpao","email":"paul@oshannessy.com"}],"dist":{"shasum":"10c3a6b08543bb115fd69be2523216ce6063a54f","tarball":"https://registry.npmjs.org/react-addons-create-fragment/-/react-addons-create-fragment-15.0.1.tgz"},"_npmOperationalInternal":{"host":"packages-12-west.internal.npmjs.com","tmp":"tmp/react-addons-create-fragment-15.0.1.tgz_1460139845170_0.6232102564536035"},"directories":{}},"15.0.2-alpha.1":{"name":"react-addons-create-fragment","version":"15.0.2-alpha.1","main":"index.js","repository":{"type":"git","url":"git+https://github.com/facebook/react.git"},"keywords":["react","react-addon"],"license":"BSD-3-Clause","dependencies":{},"peerDependencies":{"react":"^15.0.2-alpha.1"},"description":"This package provides the React createFragment add-on.","bugs":{"url":"https://github.com/facebook/react/issues"},"homepage":"https://github.com/facebook/react#readme","_id":"react-addons-create-fragment@15.0.2-alpha.1","_shasum":"bfebfdf61255f586f609600b409136f6953c5528","_resolved":"file:build/packages/react-addons-create-fragment.tgz","_from":"build/packages/react-addons-create-fragment.tgz","scripts":{},"_npmVersion":"2.15.3","_nodeVersion":"4.4.2","_npmUser":{"name":"zpao","email":"paul@oshannessy.com"},"maintainers":[{"name":"gaearon","email":"dan.abramov@gmail.com"},{"name":"graue","email":"scott@oceanbase.org"},{"name":"sebmarkbage","email":"sebastian@calyptus.eu"},{"name":"spicyj","email":"ben@benalpert.com"},{"name":"zpao","email":"paul@oshannessy.com"}],"dist":{"shasum":"bfebfdf61255f586f609600b409136f6953c5528","tarball":"https://registry.npmjs.org/react-addons-create-fragment/-/react-addons-create-fragment-15.0.2-alpha.1.tgz"},"_npmOperationalInternal":{"host":"packages-16-east.internal.npmjs.com","tmp":"tmp/react-addons-create-fragment-15.0.2-alpha.1.tgz_1461176205605_0.8536517200991511"},"directories":{}},"15.0.2-alpha.2":{"name":"react-addons-create-fragment","version":"15.0.2-alpha.2","main":"index.js","repository":{"type":"git","url":"git+https://github.com/facebook/react.git"},"keywords":["react","react-addon"],"license":"BSD-3-Clause","dependencies":{},"peerDependencies":{"react":"^15.0.2-alpha.2"},"description":"This package provides the React createFragment add-on.","bugs":{"url":"https://github.com/facebook/react/issues"},"homepage":"https://github.com/facebook/react#readme","_id":"react-addons-create-fragment@15.0.2-alpha.2","_shasum":"ced2013e5246906b9c282b257ccd0e2b96913961","_resolved":"file:build/packages/react-addons-create-fragment.tgz","_from":"build/packages/react-addons-create-fragment.tgz","scripts":{},"_npmVersion":"2.14.19","_nodeVersion":"4.1.0","_npmUser":{"name":"spicyj","email":"ben@benalpert.com"},"maintainers":[{"name":"gaearon","email":"dan.abramov@gmail.com"},{"name":"graue","email":"scott@oceanbase.org"},{"name":"sebmarkbage","email":"sebastian@calyptus.eu"},{"name":"spicyj","email":"ben@benalpert.com"},{"name":"zpao","email":"paul@oshannessy.com"}],"dist":{"shasum":"ced2013e5246906b9c282b257ccd0e2b96913961","tarball":"https://registry.npmjs.org/react-addons-create-fragment/-/react-addons-create-fragment-15.0.2-alpha.2.tgz"},"_npmOperationalInternal":{"host":"packages-16-east.internal.npmjs.com","tmp":"tmp/react-addons-create-fragment-15.0.2-alpha.2.tgz_1461277300488_0.5520429366733879"},"directories":{}},"15.0.2-alpha.3":{"name":"react-addons-create-fragment","version":"15.0.2-alpha.3","main":"index.js","repository":{"type":"git","url":"git+https://github.com/facebook/react.git"},"keywords":["react","react-addon"],"license":"BSD-3-Clause","dependencies":{},"peerDependencies":{"react":"^15.0.2-alpha.3"},"description":"This package provides the React createFragment add-on.","bugs":{"url":"https://github.com/facebook/react/issues"},"homepage":"https://github.com/facebook/react#readme","_id":"react-addons-create-fragment@15.0.2-alpha.3","_shasum":"6afbfed84b202427e79604ee222e3dccecfd1284","_resolved":"file:build/packages/react-addons-create-fragment.tgz","_from":"build/packages/react-addons-create-fragment.tgz","scripts":{},"_npmVersion":"2.15.3","_nodeVersion":"4.4.2","_npmUser":{"name":"zpao","email":"paul@oshannessy.com"},"maintainers":[{"name":"gaearon","email":"dan.abramov@gmail.com"},{"name":"graue","email":"scott@oceanbase.org"},{"name":"sebmarkbage","email":"sebastian@calyptus.eu"},{"name":"spicyj","email":"ben@benalpert.com"},{"name":"zpao","email":"paul@oshannessy.com"}],"dist":{"shasum":"6afbfed84b202427e79604ee222e3dccecfd1284","tarball":"https://registry.npmjs.org/react-addons-create-fragment/-/react-addons-create-fragment-15.0.2-alpha.3.tgz"},"_npmOperationalInternal":{"host":"packages-12-west.internal.npmjs.com","tmp":"tmp/react-addons-create-fragment-15.0.2-alpha.3.tgz_1461614605125_0.45163327269256115"},"directories":{}},"15.0.2-alpha.4":{"name":"react-addons-create-fragment","version":"15.0.2-alpha.4","main":"index.js","repository":{"type":"git","url":"git+https://github.com/facebook/react.git"},"keywords":["react","react-addon"],"license":"BSD-3-Clause","dependencies":{},"peerDependencies":{"react":"^15.0.2-alpha.4"},"description":"This package provides the React createFragment add-on.","bugs":{"url":"https://github.com/facebook/react/issues"},"homepage":"https://github.com/facebook/react#readme","_id":"react-addons-create-fragment@15.0.2-alpha.4","_shasum":"7ffc03893baf9af55baa421b411e168c6aa23e2a","_resolved":"file:build/packages/react-addons-create-fragment.tgz","_from":"build/packages/react-addons-create-fragment.tgz","scripts":{},"_npmVersion":"2.15.3","_nodeVersion":"4.4.2","_npmUser":{"name":"zpao","email":"paul@oshannessy.com"},"maintainers":[{"name":"gaearon","email":"dan.abramov@gmail.com"},{"name":"graue","email":"scott@oceanbase.org"},{"name":"sebmarkbage","email":"sebastian@calyptus.eu"},{"name":"spicyj","email":"ben@benalpert.com"},{"name":"zpao","email":"paul@oshannessy.com"}],"dist":{"shasum":"7ffc03893baf9af55baa421b411e168c6aa23e2a","tarball":"https://registry.npmjs.org/react-addons-create-fragment/-/react-addons-create-fragment-15.0.2-alpha.4.tgz"},"_npmOperationalInternal":{"host":"packages-16-east.internal.npmjs.com","tmp":"tmp/react-addons-create-fragment-15.0.2-alpha.4.tgz_1461827497773_0.22786795650608838"},"directories":{}},"15.0.2":{"name":"react-addons-create-fragment","version":"15.0.2","main":"index.js","repository":{"type":"git","url":"git+https://github.com/facebook/react.git"},"keywords":["react","react-addon"],"license":"BSD-3-Clause","dependencies":{},"peerDependencies":{"react":"^15.0.2"},"description":"This package provides the React createFragment add-on.","bugs":{"url":"https://github.com/facebook/react/issues"},"homepage":"https://github.com/facebook/react#readme","_id":"react-addons-create-fragment@15.0.2","_shasum":"575c17f370ca056beb3311c3ec7c1155bbad3f84","_resolved":"file:build/packages/react-addons-create-fragment.tgz","_from":"build/packages/react-addons-create-fragment.tgz","scripts":{},"_npmVersion":"2.15.1","_nodeVersion":"4.4.3","_npmUser":{"name":"zpao","email":"paul@oshannessy.com"},"maintainers":[{"name":"gaearon","email":"dan.abramov@gmail.com"},{"name":"graue","email":"scott@oceanbase.org"},{"name":"sebmarkbage","email":"sebastian@calyptus.eu"},{"name":"spicyj","email":"ben@benalpert.com"},{"name":"zpao","email":"paul@oshannessy.com"}],"dist":{"shasum":"575c17f370ca056beb3311c3ec7c1155bbad3f84","tarball":"https://registry.npmjs.org/react-addons-create-fragment/-/react-addons-create-fragment-15.0.2.tgz"},"_npmOperationalInternal":{"host":"packages-16-east.internal.npmjs.com","tmp":"tmp/react-addons-create-fragment-15.0.2.tgz_1461976675293_0.8262156881392002"},"directories":{}},"15.0.3-alpha.1":{"name":"react-addons-create-fragment","version":"15.0.3-alpha.1","main":"index.js","repository":{"type":"git","url":"git+https://github.com/facebook/react.git"},"keywords":["react","react-addon"],"license":"BSD-3-Clause","dependencies":{},"peerDependencies":{"react":"^15.0.3-alpha.1"},"description":"This package provides the React createFragment add-on.","bugs":{"url":"https://github.com/facebook/react/issues"},"homepage":"https://github.com/facebook/react#readme","_id":"react-addons-create-fragment@15.0.3-alpha.1","_shasum":"74b2bf2fc19244bd9ee31a243cb4c0bc94215a68","_resolved":"file:build/packages/react-addons-create-fragment.tgz","_from":"build/packages/react-addons-create-fragment.tgz","scripts":{},"_npmVersion":"2.15.1","_nodeVersion":"4.4.3","_npmUser":{"name":"zpao","email":"paul@oshannessy.com"},"maintainers":[{"name":"gaearon","email":"dan.abramov@gmail.com"},{"name":"graue","email":"scott@oceanbase.org"},{"name":"sebmarkbage","email":"sebastian@calyptus.eu"},{"name":"spicyj","email":"ben@benalpert.com"},{"name":"zpao","email":"paul@oshannessy.com"}],"dist":{"shasum":"74b2bf2fc19244bd9ee31a243cb4c0bc94215a68","tarball":"https://registry.npmjs.org/react-addons-create-fragment/-/react-addons-create-fragment-15.0.3-alpha.1.tgz"},"_npmOperationalInternal":{"host":"packages-16-east.internal.npmjs.com","tmp":"tmp/react-addons-create-fragment-15.0.3-alpha.1.tgz_1462304395226_0.4665203266777098"},"directories":{}},"15.0.3-alpha.2":{"name":"react-addons-create-fragment","version":"15.0.3-alpha.2","main":"index.js","repository":{"type":"git","url":"git+https://github.com/facebook/react.git"},"keywords":["react","react-addon"],"license":"BSD-3-Clause","dependencies":{},"peerDependencies":{"react":"^15.0.3-alpha.2"},"description":"This package provides the React createFragment add-on.","bugs":{"url":"https://github.com/facebook/react/issues"},"homepage":"https://github.com/facebook/react#readme","_id":"react-addons-create-fragment@15.0.3-alpha.2","_shasum":"ca63be28c706d1f6d789b65b62bddb7e5bec3636","_resolved":"file:build/packages/react-addons-create-fragment.tgz","_from":"build/packages/react-addons-create-fragment.tgz","scripts":{},"_npmVersion":"2.15.1","_nodeVersion":"4.4.3","_npmUser":{"name":"zpao","email":"paul@oshannessy.com"},"maintainers":[{"name":"gaearon","email":"dan.abramov@gmail.com"},{"name":"graue","email":"scott@oceanbase.org"},{"name":"sebmarkbage","email":"sebastian@calyptus.eu"},{"name":"spicyj","email":"ben@benalpert.com"},{"name":"zpao","email":"paul@oshannessy.com"}],"dist":{"shasum":"ca63be28c706d1f6d789b65b62bddb7e5bec3636","tarball":"https://registry.npmjs.org/react-addons-create-fragment/-/react-addons-create-fragment-15.0.3-alpha.2.tgz"},"_npmOperationalInternal":{"host":"packages-12-west.internal.npmjs.com","tmp":"tmp/react-addons-create-fragment-15.0.3-alpha.2.tgz_1462855035952_0.11049159918911755"},"directories":{}},"15.1.0-alpha.1":{"name":"react-addons-create-fragment","version":"15.1.0-alpha.1","main":"index.js","repository":{"type":"git","url":"git+https://github.com/facebook/react.git"},"keywords":["react","react-addon"],"license":"BSD-3-Clause","dependencies":{},"peerDependencies":{"react":"^15.1.0-alpha.1"},"description":"This package provides the React createFragment add-on.","bugs":{"url":"https://github.com/facebook/react/issues"},"homepage":"https://github.com/facebook/react#readme","_id":"react-addons-create-fragment@15.1.0-alpha.1","_shasum":"cd50cbc6e3f15fd6ce4600bc7f3956941906d0d1","_resolved":"file:build/packages/react-addons-create-fragment.tgz","_from":"build/packages/react-addons-create-fragment.tgz","scripts":{},"_npmVersion":"2.15.1","_nodeVersion":"4.4.3","_npmUser":{"name":"zpao","email":"paul@oshannessy.com"},"maintainers":[{"name":"gaearon","email":"dan.abramov@gmail.com"},{"name":"graue","email":"scott@oceanbase.org"},{"name":"sebmarkbage","email":"sebastian@calyptus.eu"},{"name":"spicyj","email":"ben@benalpert.com"},{"name":"zpao","email":"paul@oshannessy.com"}],"dist":{"shasum":"cd50cbc6e3f15fd6ce4600bc7f3956941906d0d1","tarball":"https://registry.npmjs.org/react-addons-create-fragment/-/react-addons-create-fragment-15.1.0-alpha.1.tgz"},"_npmOperationalInternal":{"host":"packages-16-east.internal.npmjs.com","tmp":"tmp/react-addons-create-fragment-15.1.0-alpha.1.tgz_1462858067208_0.09292887733317912"},"directories":{}},"15.1.0":{"name":"react-addons-create-fragment","version":"15.1.0","main":"index.js","repository":{"type":"git","url":"git+https://github.com/facebook/react.git"},"keywords":["react","react-addon"],"license":"BSD-3-Clause","dependencies":{},"peerDependencies":{"react":"^15.1.0"},"description":"This package provides the React createFragment add-on.","bugs":{"url":"https://github.com/facebook/react/issues"},"homepage":"https://github.com/facebook/react#readme","_id":"react-addons-create-fragment@15.1.0","_shasum":"3c2636ea92dda79994ef078a2f6e9dc7ed6a9eaa","_resolved":"file:build/packages/react-addons-create-fragment.tgz","_from":"build/packages/react-addons-create-fragment.tgz","scripts":{},"_npmVersion":"2.15.1","_nodeVersion":"4.4.3","_npmUser":{"name":"zpao","email":"paul@oshannessy.com"},"maintainers":[{"name":"gaearon","email":"dan.abramov@gmail.com"},{"name":"graue","email":"scott@oceanbase.org"},{"name":"sebmarkbage","email":"sebastian@calyptus.eu"},{"name":"spicyj","email":"ben@benalpert.com"},{"name":"zpao","email":"paul@oshannessy.com"}],"dist":{"shasum":"3c2636ea92dda79994ef078a2f6e9dc7ed6a9eaa","tarball":"https://registry.npmjs.org/react-addons-create-fragment/-/react-addons-create-fragment-15.1.0.tgz"},"_npmOperationalInternal":{"host":"packages-16-east.internal.npmjs.com","tmp":"tmp/react-addons-create-fragment-15.1.0.tgz_1463785553431_0.46504624909721315"},"directories":{}},"15.2.0-rc.1":{"name":"react-addons-create-fragment","version":"15.2.0-rc.1","main":"index.js","repository":{"type":"git","url":"git+https://github.com/facebook/react.git"},"keywords":["react","react-addon"],"license":"BSD-3-Clause","dependencies":{},"peerDependencies":{"react":"^15.2.0-rc.1"},"description":"This package provides the React createFragment add-on.","bugs":{"url":"https://github.com/facebook/react/issues"},"homepage":"https://github.com/facebook/react#readme","_id":"react-addons-create-fragment@15.2.0-rc.1","_shasum":"a981915e1edfd4d1f88da2d22e2ec51eb1ac8015","_resolved":"file:build/packages/react-addons-create-fragment.tgz","_from":"build/packages/react-addons-create-fragment.tgz","scripts":{},"_npmVersion":"2.15.5","_nodeVersion":"4.4.5","_npmUser":{"name":"zpao","email":"paul@oshannessy.com"},"maintainers":[{"name":"gaearon","email":"dan.abramov@gmail.com"},{"name":"graue","email":"scott@oceanbase.org"},{"name":"sebmarkbage","email":"sebastian@calyptus.eu"},{"name":"spicyj","email":"ben@benalpert.com"},{"name":"zpao","email":"paul@oshannessy.com"}],"dist":{"shasum":"a981915e1edfd4d1f88da2d22e2ec51eb1ac8015","tarball":"https://registry.npmjs.org/react-addons-create-fragment/-/react-addons-create-fragment-15.2.0-rc.1.tgz"},"_npmOperationalInternal":{"host":"packages-16-east.internal.npmjs.com","tmp":"tmp/react-addons-create-fragment-15.2.0-rc.1.tgz_1465954174315_0.506438018521294"},"directories":{}},"15.2.0-rc.2":{"name":"react-addons-create-fragment","version":"15.2.0-rc.2","main":"index.js","repository":{"type":"git","url":"git+https://github.com/facebook/react.git"},"keywords":["react","react-addon"],"license":"BSD-3-Clause","dependencies":{},"peerDependencies":{"react":"^15.2.0-rc.2"},"description":"This package provides the React createFragment add-on.","bugs":{"url":"https://github.com/facebook/react/issues"},"homepage":"https://github.com/facebook/react#readme","_id":"react-addons-create-fragment@15.2.0-rc.2","_shasum":"cbbca0c26bd5af50571ec2387f3c74f0c5c1239a","_resolved":"file:build/packages/react-addons-create-fragment.tgz","_from":"build/packages/react-addons-create-fragment.tgz","scripts":{},"_npmVersion":"2.15.5","_nodeVersion":"4.4.5","_npmUser":{"name":"zpao","email":"paul@oshannessy.com"},"maintainers":[{"name":"gaearon","email":"dan.abramov@gmail.com"},{"name":"graue","email":"scott@oceanbase.org"},{"name":"sebmarkbage","email":"sebastian@calyptus.eu"},{"name":"spicyj","email":"ben@benalpert.com"},{"name":"zpao","email":"paul@oshannessy.com"}],"dist":{"shasum":"cbbca0c26bd5af50571ec2387f3c74f0c5c1239a","tarball":"https://registry.npmjs.org/react-addons-create-fragment/-/react-addons-create-fragment-15.2.0-rc.2.tgz"},"_npmOperationalInternal":{"host":"packages-12-west.internal.npmjs.com","tmp":"tmp/react-addons-create-fragment-15.2.0-rc.2.tgz_1467354689066_0.5042504793964326"},"directories":{}},"15.2.0":{"name":"react-addons-create-fragment","version":"15.2.0","main":"index.js","repository":{"type":"git","url":"git+https://github.com/facebook/react.git"},"keywords":["react","react-addon"],"license":"BSD-3-Clause","dependencies":{},"peerDependencies":{"react":"^15.2.0"},"description":"This package provides the React createFragment add-on.","bugs":{"url":"https://github.com/facebook/react/issues"},"homepage":"https://github.com/facebook/react#readme","_id":"react-addons-create-fragment@15.2.0","_shasum":"ed17449181648e6e6aa4f87d0383156246feb86c","_resolved":"file:build/packages/react-addons-create-fragment.tgz","_from":"build/packages/react-addons-create-fragment.tgz","scripts":{},"_npmVersion":"2.15.5","_nodeVersion":"4.4.5","_npmUser":{"name":"zpao","email":"paul@oshannessy.com"},"maintainers":[{"name":"gaearon","email":"dan.abramov@gmail.com"},{"name":"graue","email":"scott@oceanbase.org"},{"name":"sebmarkbage","email":"sebastian@calyptus.eu"},{"name":"spicyj","email":"ben@benalpert.com"},{"name":"zpao","email":"paul@oshannessy.com"}],"dist":{"shasum":"ed17449181648e6e6aa4f87d0383156246feb86c","tarball":"https://registry.npmjs.org/react-addons-create-fragment/-/react-addons-create-fragment-15.2.0.tgz"},"_npmOperationalInternal":{"host":"packages-12-west.internal.npmjs.com","tmp":"tmp/react-addons-create-fragment-15.2.0.tgz_1467399100750_0.7253615108784288"},"directories":{}},"15.2.1":{"name":"react-addons-create-fragment","version":"15.2.1","main":"index.js","repository":{"type":"git","url":"git+https://github.com/facebook/react.git"},"keywords":["react","react-addon"],"license":"BSD-3-Clause","dependencies":{},"peerDependencies":{"react":"^15.2.1"},"description":"This package provides the React createFragment add-on.","bugs":{"url":"https://github.com/facebook/react/issues"},"homepage":"https://github.com/facebook/react#readme","_id":"react-addons-create-fragment@15.2.1","_shasum":"50284640cc51865e2d1e77bf4b0123145e6fe8b7","_resolved":"file:build/packages/react-addons-create-fragment.tgz","_from":"build/packages/react-addons-create-fragment.tgz","scripts":{},"_npmVersion":"2.15.5","_nodeVersion":"4.4.5","_npmUser":{"name":"zpao","email":"paul@oshannessy.com"},"maintainers":[{"name":"gaearon","email":"dan.abramov@gmail.com"},{"name":"graue","email":"scott@oceanbase.org"},{"name":"sebmarkbage","email":"sebastian@calyptus.eu"},{"name":"spicyj","email":"ben@benalpert.com"},{"name":"zpao","email":"paul@oshannessy.com"}],"dist":{"shasum":"50284640cc51865e2d1e77bf4b0123145e6fe8b7","tarball":"https://registry.npmjs.org/react-addons-create-fragment/-/react-addons-create-fragment-15.2.1.tgz"},"_npmOperationalInternal":{"host":"packages-16-east.internal.npmjs.com","tmp":"tmp/react-addons-create-fragment-15.2.1.tgz_1468017040392_0.6510441261343658"},"directories":{}},"15.3.0-rc.1":{"name":"react-addons-create-fragment","version":"15.3.0-rc.1","main":"index.js","repository":{"type":"git","url":"git+https://github.com/facebook/react.git"},"keywords":["react","react-addon"],"license":"BSD-3-Clause","dependencies":{},"peerDependencies":{"react":"^15.3.0-rc.1"},"description":"This package provides the React createFragment add-on.","bugs":{"url":"https://github.com/facebook/react/issues"},"homepage":"https://github.com/facebook/react#readme","_id":"react-addons-create-fragment@15.3.0-rc.1","_shasum":"267b0e83f5e42a7f9e728c631e2705b38b841e48","_resolved":"file:build/packages/react-addons-create-fragment.tgz","_from":"build/packages/react-addons-create-fragment.tgz","scripts":{},"_npmVersion":"3.9.6","_nodeVersion":"6.2.0","_npmUser":{"name":"zpao","email":"paul@oshannessy.com"},"maintainers":[{"name":"gaearon","email":"dan.abramov@gmail.com"},{"name":"graue","email":"scott@oceanbase.org"},{"name":"sebmarkbage","email":"sebastian@calyptus.eu"},{"name":"spicyj","email":"ben@benalpert.com"},{"name":"zpao","email":"paul@oshannessy.com"}],"dist":{"shasum":"267b0e83f5e42a7f9e728c631e2705b38b841e48","tarball":"https://registry.npmjs.org/react-addons-create-fragment/-/react-addons-create-fragment-15.3.0-rc.1.tgz"},"_npmOperationalInternal":{"host":"packages-16-east.internal.npmjs.com","tmp":"tmp/react-addons-create-fragment-15.3.0-rc.1.tgz_1468436275382_0.5182885779067874"},"directories":{}},"15.3.0-rc.2":{"name":"react-addons-create-fragment","version":"15.3.0-rc.2","main":"index.js","repository":{"type":"git","url":"git+https://github.com/facebook/react.git"},"keywords":["react","react-addon"],"license":"BSD-3-Clause","dependencies":{},"peerDependencies":{"react":"^15.3.0-rc.2"},"description":"This package provides the React createFragment add-on.","bugs":{"url":"https://github.com/facebook/react/issues"},"homepage":"https://github.com/facebook/react#readme","_id":"react-addons-create-fragment@15.3.0-rc.2","_shasum":"99a9c2187d8dbddf18a19ca8ee336211d9b84ffc","_resolved":"file:build/packages/react-addons-create-fragment.tgz","_from":"build/packages/react-addons-create-fragment.tgz","scripts":{},"_npmVersion":"3.9.6","_nodeVersion":"6.2.0","_npmUser":{"name":"zpao","email":"paul@oshannessy.com"},"maintainers":[{"name":"gaearon","email":"dan.abramov@gmail.com"},{"name":"graue","email":"scott@oceanbase.org"},{"name":"sebmarkbage","email":"sebastian@calyptus.eu"},{"name":"spicyj","email":"ben@benalpert.com"},{"name":"zpao","email":"paul@oshannessy.com"}],"dist":{"shasum":"99a9c2187d8dbddf18a19ca8ee336211d9b84ffc","tarball":"https://registry.npmjs.org/react-addons-create-fragment/-/react-addons-create-fragment-15.3.0-rc.2.tgz"},"_npmOperationalInternal":{"host":"packages-12-west.internal.npmjs.com","tmp":"tmp/react-addons-create-fragment-15.3.0-rc.2.tgz_1468443693768_0.7347888809163123"},"directories":{}},"15.3.0-rc.3":{"name":"react-addons-create-fragment","version":"15.3.0-rc.3","main":"index.js","repository":{"type":"git","url":"git+https://github.com/facebook/react.git"},"keywords":["react","react-addon"],"license":"BSD-3-Clause","dependencies":{},"peerDependencies":{"react":"^15.3.0-rc.3"},"description":"This package provides the React createFragment add-on.","bugs":{"url":"https://github.com/facebook/react/issues"},"homepage":"https://github.com/facebook/react#readme","_id":"react-addons-create-fragment@15.3.0-rc.3","_shasum":"3aced13a9603fe4597d06514b5f590e4f658ed77","_resolved":"file:build/packages/react-addons-create-fragment.tgz","_from":"build/packages/react-addons-create-fragment.tgz","scripts":{},"_npmVersion":"3.9.6","_nodeVersion":"6.2.0","_npmUser":{"name":"zpao","email":"paul@oshannessy.com"},"maintainers":[{"name":"gaearon","email":"dan.abramov@gmail.com"},{"name":"graue","email":"scott@oceanbase.org"},{"name":"sebmarkbage","email":"sebastian@calyptus.eu"},{"name":"spicyj","email":"ben@benalpert.com"},{"name":"zpao","email":"paul@oshannessy.com"}],"dist":{"shasum":"3aced13a9603fe4597d06514b5f590e4f658ed77","tarball":"https://registry.npmjs.org/react-addons-create-fragment/-/react-addons-create-fragment-15.3.0-rc.3.tgz"},"_npmOperationalInternal":{"host":"packages-16-east.internal.npmjs.com","tmp":"tmp/react-addons-create-fragment-15.3.0-rc.3.tgz_1469141921900_0.5544717684388161"},"directories":{}},"15.3.0":{"name":"react-addons-create-fragment","version":"15.3.0","main":"index.js","repository":{"type":"git","url":"git+https://github.com/facebook/react.git"},"keywords":["react","react-addon"],"license":"BSD-3-Clause","dependencies":{},"peerDependencies":{"react":"^15.3.0"},"description":"This package provides the React createFragment add-on.","bugs":{"url":"https://github.com/facebook/react/issues"},"homepage":"https://github.com/facebook/react#readme","_id":"react-addons-create-fragment@15.3.0","_shasum":"2409628a823ee4d87eee0f7b1774cf7ca8680d83","_resolved":"file:build/packages/react-addons-create-fragment.tgz","_from":"build/packages/react-addons-create-fragment.tgz","scripts":{},"_npmVersion":"3.9.6","_nodeVersion":"6.2.0","_npmUser":{"name":"zpao","email":"paul@oshannessy.com"},"maintainers":[{"name":"fb","email":"opensource+npm@fb.com"},{"name":"gaearon","email":"dan.abramov@gmail.com"},{"name":"graue","email":"scott@oceanbase.org"},{"name":"sebmarkbage","email":"sebastian@calyptus.eu"},{"name":"spicyj","email":"ben@benalpert.com"},{"name":"zpao","email":"paul@oshannessy.com"}],"dist":{"shasum":"2409628a823ee4d87eee0f7b1774cf7ca8680d83","tarball":"https://registry.npmjs.org/react-addons-create-fragment/-/react-addons-create-fragment-15.3.0.tgz"},"_npmOperationalInternal":{"host":"packages-12-west.internal.npmjs.com","tmp":"tmp/react-addons-create-fragment-15.3.0.tgz_1469817475522_0.44326878478750587"},"directories":{}},"15.3.1-rc.1":{"name":"react-addons-create-fragment","version":"15.3.1-rc.1","main":"index.js","repository":{"type":"git","url":"git+https://github.com/facebook/react.git"},"keywords":["react","react-addon"],"license":"BSD-3-Clause","dependencies":{},"peerDependencies":{"react":"^15.3.1-rc.1"},"files":["LICENSE","PATENTS","README.md","index.js"],"description":"This package provides the React createFragment add-on.","bugs":{"url":"https://github.com/facebook/react/issues"},"homepage":"https://github.com/facebook/react#readme","_id":"react-addons-create-fragment@15.3.1-rc.1","_shasum":"52d8341d17ac909a974a38644652b6a65ed00bc9","_resolved":"file:build/packages/react-addons-create-fragment.tgz","_from":"build/packages/react-addons-create-fragment.tgz","scripts":{},"_npmVersion":"2.15.5","_nodeVersion":"4.4.5","_npmUser":{"name":"zpao","email":"paul@oshannessy.com"},"maintainers":[{"name":"fb","email":"opensource+npm@fb.com"},{"name":"gaearon","email":"dan.abramov@gmail.com"},{"name":"graue","email":"scott@oceanbase.org"},{"name":"sebmarkbage","email":"sebastian@calyptus.eu"},{"name":"spicyj","email":"ben@benalpert.com"},{"name":"zpao","email":"paul@oshannessy.com"}],"dist":{"shasum":"52d8341d17ac909a974a38644652b6a65ed00bc9","tarball":"https://registry.npmjs.org/react-addons-create-fragment/-/react-addons-create-fragment-15.3.1-rc.1.tgz"},"_npmOperationalInternal":{"host":"packages-16-east.internal.npmjs.com","tmp":"tmp/react-addons-create-fragment-15.3.1-rc.1.tgz_1471044896351_0.9523508376441896"},"directories":{}},"15.3.1-rc.2":{"name":"react-addons-create-fragment","version":"15.3.1-rc.2","main":"index.js","repository":{"type":"git","url":"git+https://github.com/facebook/react.git"},"keywords":["react","react-addon"],"license":"BSD-3-Clause","dependencies":{},"peerDependencies":{"react":"^15.3.1-rc.2"},"files":["LICENSE","PATENTS","README.md","index.js"],"description":"This package provides the React createFragment add-on.","bugs":{"url":"https://github.com/facebook/react/issues"},"homepage":"https://github.com/facebook/react#readme","_id":"react-addons-create-fragment@15.3.1-rc.2","_shasum":"34a8bff80bf0d02e9600b481d1d5878ba5411124","_resolved":"file:build/packages/react-addons-create-fragment.tgz","_from":"build/packages/react-addons-create-fragment.tgz","scripts":{},"_npmVersion":"2.15.5","_nodeVersion":"4.4.5","_npmUser":{"name":"zpao","email":"paul@oshannessy.com"},"maintainers":[{"name":"fb","email":"opensource+npm@fb.com"},{"name":"gaearon","email":"dan.abramov@gmail.com"},{"name":"graue","email":"scott@oceanbase.org"},{"name":"sebmarkbage","email":"sebastian@calyptus.eu"},{"name":"spicyj","email":"ben@benalpert.com"},{"name":"zpao","email":"paul@oshannessy.com"}],"dist":{"shasum":"34a8bff80bf0d02e9600b481d1d5878ba5411124","tarball":"https://registry.npmjs.org/react-addons-create-fragment/-/react-addons-create-fragment-15.3.1-rc.2.tgz"},"_npmOperationalInternal":{"host":"packages-12-west.internal.npmjs.com","tmp":"tmp/react-addons-create-fragment-15.3.1-rc.2.tgz_1471301756488_0.9080787289422005"},"directories":{}},"15.3.1":{"name":"react-addons-create-fragment","version":"15.3.1","main":"index.js","repository":{"type":"git","url":"git+https://github.com/facebook/react.git"},"keywords":["react","react-addon"],"license":"BSD-3-Clause","dependencies":{},"peerDependencies":{"react":"^15.3.1"},"files":["LICENSE","PATENTS","README.md","index.js"],"description":"This package provides the React createFragment add-on.","bugs":{"url":"https://github.com/facebook/react/issues"},"homepage":"https://github.com/facebook/react#readme","_id":"react-addons-create-fragment@15.3.1","_shasum":"a9f09f66cf9ea83b22a5d8d28a6558ccdea8383b","_resolved":"file:build/packages/react-addons-create-fragment.tgz","_from":"build/packages/react-addons-create-fragment.tgz","scripts":{},"_npmVersion":"2.15.5","_nodeVersion":"4.4.5","_npmUser":{"name":"zpao","email":"paul@oshannessy.com"},"maintainers":[{"name":"fb","email":"opensource+npm@fb.com"},{"name":"gaearon","email":"dan.abramov@gmail.com"},{"name":"graue","email":"scott@oceanbase.org"},{"name":"sebmarkbage","email":"sebastian@calyptus.eu"},{"name":"spicyj","email":"ben@benalpert.com"},{"name":"zpao","email":"paul@oshannessy.com"}],"dist":{"shasum":"a9f09f66cf9ea83b22a5d8d28a6558ccdea8383b","tarball":"https://registry.npmjs.org/react-addons-create-fragment/-/react-addons-create-fragment-15.3.1.tgz"},"_npmOperationalInternal":{"host":"packages-16-east.internal.npmjs.com","tmp":"tmp/react-addons-create-fragment-15.3.1.tgz_1471632589974_0.24836554424837232"},"directories":{}},"15.3.2-rc.1":{"name":"react-addons-create-fragment","version":"15.3.2-rc.1","main":"index.js","repository":{"type":"git","url":"git+https://github.com/facebook/react.git"},"keywords":["react","react-addon"],"license":"BSD-3-Clause","dependencies":{},"peerDependencies":{"react":"^15.3.2-rc.1"},"files":["LICENSE","PATENTS","README.md","index.js"],"description":"This package provides the React createFragment add-on.","bugs":{"url":"https://github.com/facebook/react/issues"},"homepage":"https://github.com/facebook/react#readme","_id":"react-addons-create-fragment@15.3.2-rc.1","_shasum":"2aeef4fe2705e1d1ce9350e42bc51204733c6f64","_resolved":"file:build/packages/react-addons-create-fragment.tgz","_from":"build/packages/react-addons-create-fragment.tgz","scripts":{},"_npmVersion":"3.10.3","_nodeVersion":"6.5.0","_npmUser":{"name":"zpao","email":"paul@oshannessy.com"},"maintainers":[{"name":"fb","email":"opensource+npm@fb.com"},{"name":"gaearon","email":"dan.abramov@gmail.com"},{"name":"graue","email":"scott@oceanbase.org"},{"name":"sebmarkbage","email":"sebastian@calyptus.eu"},{"name":"spicyj","email":"ben@benalpert.com"},{"name":"zpao","email":"paul@oshannessy.com"}],"dist":{"shasum":"2aeef4fe2705e1d1ce9350e42bc51204733c6f64","tarball":"https://registry.npmjs.org/react-addons-create-fragment/-/react-addons-create-fragment-15.3.2-rc.1.tgz"},"_npmOperationalInternal":{"host":"packages-16-east.internal.npmjs.com","tmp":"tmp/react-addons-create-fragment-15.3.2-rc.1.tgz_1473982991331_0.6602483540773392"},"directories":{}},"15.3.2":{"name":"react-addons-create-fragment","version":"15.3.2","main":"index.js","repository":{"type":"git","url":"git+https://github.com/facebook/react.git"},"keywords":["react","react-addon"],"license":"BSD-3-Clause","dependencies":{},"peerDependencies":{"react":"^15.3.2"},"files":["LICENSE","PATENTS","README.md","index.js"],"description":"This package provides the React createFragment add-on.","bugs":{"url":"https://github.com/facebook/react/issues"},"homepage":"https://github.com/facebook/react#readme","_id":"react-addons-create-fragment@15.3.2","_shasum":"0e589c8c7add0e5db5db48367b5167cbed9c5852","_resolved":"file:build/packages/react-addons-create-fragment.tgz","_from":"build/packages/react-addons-create-fragment.tgz","scripts":{},"_npmVersion":"3.10.3","_nodeVersion":"6.5.0","_npmUser":{"name":"zpao","email":"paul@oshannessy.com"},"maintainers":[{"name":"fb","email":"opensource+npm@fb.com"},{"name":"gaearon","email":"dan.abramov@gmail.com"},{"name":"graue","email":"scott@oceanbase.org"},{"name":"sebmarkbage","email":"sebastian@calyptus.eu"},{"name":"spicyj","email":"ben@benalpert.com"},{"name":"zpao","email":"paul@oshannessy.com"}],"dist":{"shasum":"0e589c8c7add0e5db5db48367b5167cbed9c5852","tarball":"https://registry.npmjs.org/react-addons-create-fragment/-/react-addons-create-fragment-15.3.2.tgz"},"_npmOperationalInternal":{"host":"packages-12-west.internal.npmjs.com","tmp":"tmp/react-addons-create-fragment-15.3.2.tgz_1474307190695_0.6541676605120301"},"directories":{}},"15.4.0-rc.1":{"name":"react-addons-create-fragment","version":"15.4.0-rc.1","main":"index.js","repository":{"type":"git","url":"git+https://github.com/facebook/react.git"},"keywords":["react","react-addon"],"license":"BSD-3-Clause","dependencies":{},"peerDependencies":{"react":"^15.4.0-rc.1"},"files":["LICENSE","PATENTS","README.md","index.js"],"description":"This package provides the React createFragment add-on.","bugs":{"url":"https://github.com/facebook/react/issues"},"homepage":"https://github.com/facebook/react#readme","_id":"react-addons-create-fragment@15.4.0-rc.1","_shasum":"b2e161607b017abb21a83122a9dce640183bb925","_resolved":"file:build/packages/react-addons-create-fragment.tgz","_from":"build/packages/react-addons-create-fragment.tgz","scripts":{},"_npmVersion":"3.10.3","_nodeVersion":"6.7.0","_npmUser":{"name":"zpao","email":"paul@oshannessy.com"},"maintainers":[{"name":"fb","email":"opensource+npm@fb.com"},{"name":"gaearon","email":"dan.abramov@gmail.com"},{"name":"graue","email":"scott@oceanbase.org"},{"name":"sebmarkbage","email":"sebastian@calyptus.eu"},{"name":"spicyj","email":"ben@benalpert.com"},{"name":"zpao","email":"paul@oshannessy.com"}],"dist":{"shasum":"b2e161607b017abb21a83122a9dce640183bb925","tarball":"https://registry.npmjs.org/react-addons-create-fragment/-/react-addons-create-fragment-15.4.0-rc.1.tgz"},"_npmOperationalInternal":{"host":"packages-16-east.internal.npmjs.com","tmp":"tmp/react-addons-create-fragment-15.4.0-rc.1.tgz_1475620506772_0.7343635954894125"},"directories":{}},"15.4.0-rc.2":{"name":"react-addons-create-fragment","version":"15.4.0-rc.2","main":"index.js","repository":{"type":"git","url":"git+https://github.com/facebook/react.git"},"keywords":["react","react-addon"],"license":"BSD-3-Clause","dependencies":{},"peerDependencies":{"react":"^15.4.0-rc.2"},"files":["LICENSE","PATENTS","README.md","index.js"],"description":"This package provides the React createFragment add-on.","bugs":{"url":"https://github.com/facebook/react/issues"},"homepage":"https://github.com/facebook/react#readme","_id":"react-addons-create-fragment@15.4.0-rc.2","_shasum":"7d1b283b868440b239a0b719e36ccfcd546d8b19","_resolved":"file:build/packages/react-addons-create-fragment.tgz","_from":"build/packages/react-addons-create-fragment.tgz","scripts":{},"_npmVersion":"3.10.3","_nodeVersion":"6.7.0","_npmUser":{"name":"zpao","email":"paul@oshannessy.com"},"maintainers":[{"name":"fb","email":"opensource+npm@fb.com"},{"name":"gaearon","email":"dan.abramov@gmail.com"},{"name":"graue","email":"scott@oceanbase.org"},{"name":"sebmarkbage","email":"sebastian@calyptus.eu"},{"name":"spicyj","email":"ben@benalpert.com"},{"name":"zpao","email":"paul@oshannessy.com"}],"dist":{"shasum":"7d1b283b868440b239a0b719e36ccfcd546d8b19","tarball":"https://registry.npmjs.org/react-addons-create-fragment/-/react-addons-create-fragment-15.4.0-rc.2.tgz"},"_npmOperationalInternal":{"host":"packages-16-east.internal.npmjs.com","tmp":"tmp/react-addons-create-fragment-15.4.0-rc.2.tgz_1475707825241_0.3028801395557821"},"directories":{}},"15.4.0-rc.3":{"name":"react-addons-create-fragment","version":"15.4.0-rc.3","main":"index.js","repository":{"type":"git","url":"git+https://github.com/facebook/react.git"},"keywords":["react","react-addon"],"license":"BSD-3-Clause","dependencies":{},"peerDependencies":{"react":"^15.4.0-rc.3"},"files":["LICENSE","PATENTS","README.md","index.js"],"description":"This package provides the React createFragment add-on.","bugs":{"url":"https://github.com/facebook/react/issues"},"homepage":"https://github.com/facebook/react#readme","_id":"react-addons-create-fragment@15.4.0-rc.3","_shasum":"37e95e07ef8bc8d805318449d49a587bc57d4b47","_resolved":"file:packages/react-addons-create-fragment.tgz","_from":"packages/react-addons-create-fragment.tgz","scripts":{},"_npmVersion":"3.10.3","_nodeVersion":"6.3.1","_npmUser":{"name":"gaearon","email":"dan.abramov@gmail.com"},"dist":{"shasum":"37e95e07ef8bc8d805318449d49a587bc57d4b47","tarball":"https://registry.npmjs.org/react-addons-create-fragment/-/react-addons-create-fragment-15.4.0-rc.3.tgz"},"maintainers":[{"name":"fb","email":"opensource+npm@fb.com"},{"name":"gaearon","email":"dan.abramov@gmail.com"},{"name":"graue","email":"scott@oceanbase.org"},{"name":"sebmarkbage","email":"sebastian@calyptus.eu"},{"name":"spicyj","email":"ben@benalpert.com"},{"name":"zpao","email":"paul@oshannessy.com"}],"_npmOperationalInternal":{"host":"packages-16-east.internal.npmjs.com","tmp":"tmp/react-addons-create-fragment-15.4.0-rc.3.tgz_1476472388004_0.6875860365107656"},"directories":{}},"15.4.0-rc.4":{"name":"react-addons-create-fragment","version":"15.4.0-rc.4","main":"index.js","repository":{"type":"git","url":"git+https://github.com/facebook/react.git"},"keywords":["react","react-addon"],"license":"BSD-3-Clause","dependencies":{},"peerDependencies":{"react":"^15.4.0-rc.4"},"files":["LICENSE","PATENTS","README.md","index.js"],"description":"This package provides the React createFragment add-on.","bugs":{"url":"https://github.com/facebook/react/issues"},"homepage":"https://github.com/facebook/react#readme","_id":"react-addons-create-fragment@15.4.0-rc.4","scripts":{},"_shasum":"26f91eb6b9d50a7f4e787f9a47ecfb597a322f2e","_from":".","_npmVersion":"3.10.3","_nodeVersion":"6.6.0","_npmUser":{"name":"sebmarkbage","email":"sebastian@calyptus.eu"},"maintainers":[{"name":"fb","email":"opensource+npm@fb.com"},{"name":"gaearon","email":"dan.abramov@gmail.com"},{"name":"graue","email":"scott@oceanbase.org"},{"name":"sebmarkbage","email":"sebastian@calyptus.eu"},{"name":"spicyj","email":"ben@benalpert.com"},{"name":"zpao","email":"paul@oshannessy.com"}],"dist":{"shasum":"26f91eb6b9d50a7f4e787f9a47ecfb597a322f2e","tarball":"https://registry.npmjs.org/react-addons-create-fragment/-/react-addons-create-fragment-15.4.0-rc.4.tgz"},"_npmOperationalInternal":{"host":"packages-12-west.internal.npmjs.com","tmp":"tmp/react-addons-create-fragment-15.4.0-rc.4.tgz_1476482531816_0.5849574697203934"},"directories":{}},"15.4.0":{"name":"react-addons-create-fragment","version":"15.4.0","main":"index.js","repository":{"type":"git","url":"git+https://github.com/facebook/react.git"},"keywords":["react","react-addon"],"license":"BSD-3-Clause","dependencies":{},"peerDependencies":{"react":"^15.4.0"},"files":["LICENSE","PATENTS","README.md","index.js"],"description":"This package provides the React createFragment add-on.","bugs":{"url":"https://github.com/facebook/react/issues"},"homepage":"https://github.com/facebook/react#readme","_id":"react-addons-create-fragment@15.4.0","_shasum":"3e7c4806db6e3ec553fe0b88a622dc816a1cc7a1","_resolved":"file:build/packages/react-addons-create-fragment.tgz","_from":"build/packages/react-addons-create-fragment.tgz","scripts":{},"_npmVersion":"3.10.8","_nodeVersion":"6.9.1","_npmUser":{"name":"tomocchino","email":"tomocchino@gmail.com"},"dist":{"shasum":"3e7c4806db6e3ec553fe0b88a622dc816a1cc7a1","tarball":"https://registry.npmjs.org/react-addons-create-fragment/-/react-addons-create-fragment-15.4.0.tgz"},"maintainers":[{"name":"fb","email":"opensource+npm@fb.com"},{"name":"gaearon","email":"dan.abramov@gmail.com"},{"name":"graue","email":"scott@oceanbase.org"},{"name":"sebmarkbage","email":"sebastian@calyptus.eu"},{"name":"spicyj","email":"ben@benalpert.com"},{"name":"tomocchino","email":"tomocchino@gmail.com"},{"name":"zpao","email":"paul@oshannessy.com"}],"_npmOperationalInternal":{"host":"packages-18-east.internal.npmjs.com","tmp":"tmp/react-addons-create-fragment-15.4.0.tgz_1479306741816_0.783058714820072"},"directories":{}},"15.4.1":{"name":"react-addons-create-fragment","version":"15.4.1","main":"index.js","repository":{"type":"git","url":"git+https://github.com/facebook/react.git"},"keywords":["react","react-addon"],"license":"BSD-3-Clause","dependencies":{},"peerDependencies":{"react":"^15.4.1"},"files":["LICENSE","PATENTS","README.md","index.js"],"description":"This package provides the React createFragment add-on.","bugs":{"url":"https://github.com/facebook/react/issues"},"homepage":"https://github.com/facebook/react#readme","_id":"react-addons-create-fragment@15.4.1","_shasum":"596fde66cf7f375b5dad3c36ff6efe19c0ac47e7","_resolved":"file:build/packages/react-addons-create-fragment.tgz","_from":"build/packages/react-addons-create-fragment.tgz","scripts":{},"_npmVersion":"3.10.8","_nodeVersion":"6.9.0","_npmUser":{"name":"spicyj","email":"ben@benalpert.com"},"maintainers":[{"name":"fb","email":"opensource+npm@fb.com"},{"name":"gaearon","email":"dan.abramov@gmail.com"},{"name":"graue","email":"scott@oceanbase.org"},{"name":"sebmarkbage","email":"sebastian@calyptus.eu"},{"name":"spicyj","email":"ben@benalpert.com"},{"name":"tomocchino","email":"tomocchino@gmail.com"},{"name":"zpao","email":"paul@oshannessy.com"}],"dist":{"shasum":"596fde66cf7f375b5dad3c36ff6efe19c0ac47e7","tarball":"https://registry.npmjs.org/react-addons-create-fragment/-/react-addons-create-fragment-15.4.1.tgz"},"_npmOperationalInternal":{"host":"packages-18-east.internal.npmjs.com","tmp":"tmp/react-addons-create-fragment-15.4.1.tgz_1479866327582_0.35083009162917733"},"directories":{}},"15.4.2":{"name":"react-addons-create-fragment","version":"15.4.2","main":"index.js","repository":{"type":"git","url":"git+https://github.com/facebook/react.git"},"keywords":["react","react-addon"],"license":"BSD-3-Clause","dependencies":{"fbjs":"^0.8.4","object-assign":"^4.1.0"},"peerDependencies":{"react":"^15.4.2"},"files":["LICENSE","PATENTS","README.md","index.js"],"description":"This package provides the React createFragment add-on.","bugs":{"url":"https://github.com/facebook/react/issues"},"homepage":"https://github.com/facebook/react#readme","_id":"react-addons-create-fragment@15.4.2","_shasum":"11372924f730a97dff4c690535211bb73d8f8815","_resolved":"file:build/packages/react-addons-create-fragment.tgz","_from":"build/packages/react-addons-create-fragment.tgz","scripts":{},"_npmVersion":"3.10.8","_nodeVersion":"6.3.1","_npmUser":{"name":"gaearon","email":"dan.abramov@gmail.com"},"dist":{"shasum":"11372924f730a97dff4c690535211bb73d8f8815","tarball":"https://registry.npmjs.org/react-addons-create-fragment/-/react-addons-create-fragment-15.4.2.tgz"},"maintainers":[{"name":"fb","email":"opensource+npm@fb.com"},{"name":"gaearon","email":"dan.abramov@gmail.com"},{"name":"graue","email":"scott@oceanbase.org"},{"name":"sebmarkbage","email":"sebastian@calyptus.eu"},{"name":"spicyj","email":"ben@benalpert.com"},{"name":"tomocchino","email":"tomocchino@gmail.com"},{"name":"zpao","email":"paul@oshannessy.com"}],"_npmOperationalInternal":{"host":"packages-12-west.internal.npmjs.com","tmp":"tmp/react-addons-create-fragment-15.4.2.tgz_1483733735032_0.7067246721126139"},"directories":{}},"16.0.0-alpha":{"name":"react-addons-create-fragment","version":"16.0.0-alpha","main":"index.js","repository":{"type":"git","url":"git+https://github.com/facebook/react.git"},"keywords":["react","react-addon"],"license":"BSD-3-Clause","dependencies":{"fbjs":"^0.8.4","object-assign":"^4.1.0"},"peerDependencies":{"react":"^16.0.0-alpha"},"files":["LICENSE","PATENTS","README.md","index.js"],"description":"This package provides the React createFragment add-on.","bugs":{"url":"https://github.com/facebook/react/issues"},"homepage":"https://github.com/facebook/react#readme","_id":"react-addons-create-fragment@16.0.0-alpha","_shasum":"838785272221866258cf2cef5d940c53196b7536","_resolved":"file:build/packages/react-addons-create-fragment.tgz","_from":"build/packages/react-addons-create-fragment.tgz","scripts":{},"_npmVersion":"3.10.8","_nodeVersion":"6.9.1","_npmUser":{"name":"brianvaughn","email":"briandavidvaughn@gmail.com"},"dist":{"shasum":"838785272221866258cf2cef5d940c53196b7536","tarball":"https://registry.npmjs.org/react-addons-create-fragment/-/react-addons-create-fragment-16.0.0-alpha.tgz"},"maintainers":[{"name":"brianvaughn","email":"briandavidvaughn@gmail.com"},{"name":"fb","email":"opensource+npm@fb.com"},{"name":"gaearon","email":"dan.abramov@gmail.com"},{"name":"sebmarkbage","email":"sebastian@calyptus.eu"},{"name":"spicyj","email":"ben@benalpert.com"},{"name":"tomocchino","email":"tomocchino@gmail.com"},{"name":"zpao","email":"paul@oshannessy.com"}],"_npmOperationalInternal":{"host":"packages-18-east.internal.npmjs.com","tmp":"tmp/react-addons-create-fragment-16.0.0-alpha.tgz_1484008027353_0.6064627894666046"},"directories":{}},"16.0.0-alpha.0":{"name":"react-addons-create-fragment","version":"16.0.0-alpha.0","main":"index.js","repository":{"type":"git","url":"git+https://github.com/facebook/react.git"},"keywords":["react","react-addon"],"license":"BSD-3-Clause","dependencies":{"fbjs":"^0.8.4","object-assign":"^4.1.0"},"peerDependencies":{"react":"^16.0.0-alpha.0"},"files":["LICENSE","PATENTS","README.md","index.js"],"description":"This package provides the React createFragment add-on.","bugs":{"url":"https://github.com/facebook/react/issues"},"homepage":"https://github.com/facebook/react#readme","_id":"react-addons-create-fragment@16.0.0-alpha.0","_shasum":"1221de3e9ddee270db4572265d6ba2a05a026142","_resolved":"file:packages/react-addons-create-fragment.tgz","_from":"packages/react-addons-create-fragment.tgz","scripts":{},"_npmVersion":"3.10.8","_nodeVersion":"6.9.1","_npmUser":{"name":"brianvaughn","email":"briandavidvaughn@gmail.com"},"dist":{"shasum":"1221de3e9ddee270db4572265d6ba2a05a026142","tarball":"https://registry.npmjs.org/react-addons-create-fragment/-/react-addons-create-fragment-16.0.0-alpha.0.tgz"},"maintainers":[{"name":"brianvaughn","email":"briandavidvaughn@gmail.com"},{"name":"fb","email":"opensource+npm@fb.com"},{"name":"gaearon","email":"dan.abramov@gmail.com"},{"name":"sebmarkbage","email":"sebastian@calyptus.eu"},{"name":"spicyj","email":"ben@benalpert.com"},{"name":"tomocchino","email":"tomocchino@gmail.com"},{"name":"zpao","email":"paul@oshannessy.com"}],"_npmOperationalInternal":{"host":"packages-12-west.internal.npmjs.com","tmp":"tmp/react-addons-create-fragment-16.0.0-alpha.0.tgz_1485374663719_0.45145427947863936"},"directories":{}},"16.0.0-alpha.2":{"name":"react-addons-create-fragment","version":"16.0.0-alpha.2","main":"index.js","repository":{"type":"git","url":"git+https://github.com/facebook/react.git"},"keywords":["react","react-addon"],"license":"BSD-3-Clause","dependencies":{"fbjs":"^0.8.9","object-assign":"^4.1.0"},"peerDependencies":{"react":"^16.0.0-alpha.2"},"files":["LICENSE","PATENTS","README.md","index.js"],"description":"This package provides the React createFragment add-on.","bugs":{"url":"https://github.com/facebook/react/issues"},"homepage":"https://github.com/facebook/react#readme","_id":"react-addons-create-fragment@16.0.0-alpha.2","_shasum":"feca1dabbc02d802d3bb91ec20bd01a6a21dd03b","_resolved":"file:build/packages/react-addons-create-fragment.tgz","_from":"build/packages/react-addons-create-fragment.tgz","scripts":{},"_npmVersion":"3.10.3","_nodeVersion":"6.3.1","_npmUser":{"name":"gaearon","email":"dan.abramov@gmail.com"},"dist":{"shasum":"feca1dabbc02d802d3bb91ec20bd01a6a21dd03b","tarball":"https://registry.npmjs.org/react-addons-create-fragment/-/react-addons-create-fragment-16.0.0-alpha.2.tgz"},"maintainers":[{"name":"brianvaughn","email":"briandavidvaughn@gmail.com"},{"name":"fb","email":"opensource+npm@fb.com"},{"name":"gaearon","email":"dan.abramov@gmail.com"},{"name":"sebmarkbage","email":"sebastian@calyptus.eu"},{"name":"spicyj","email":"ben@benalpert.com"},{"name":"tomocchino","email":"tomocchino@gmail.com"},{"name":"zpao","email":"paul@oshannessy.com"}],"_npmOperationalInternal":{"host":"packages-12-west.internal.npmjs.com","tmp":"tmp/react-addons-create-fragment-16.0.0-alpha.2.tgz_1486656955853_0.6844537628348917"},"directories":{}},"16.0.0-alpha.3":{"name":"react-addons-create-fragment","version":"16.0.0-alpha.3","main":"index.js","repository":{"type":"git","url":"git+https://github.com/facebook/react.git"},"keywords":["react","react-addon"],"license":"BSD-3-Clause","dependencies":{"fbjs":"^0.8.9","object-assign":"^4.1.0"},"peerDependencies":{"react":"^16.0.0-alpha.3"},"files":["LICENSE","PATENTS","README.md","index.js"],"description":"This package provides the React createFragment add-on.","bugs":{"url":"https://github.com/facebook/react/issues"},"homepage":"https://github.com/facebook/react#readme","_id":"react-addons-create-fragment@16.0.0-alpha.3","_shasum":"dcb11c8861989f182db84d449c64eedd96f7524f","_resolved":"file:build/packages/react-addons-create-fragment.tgz","_from":"build/packages/react-addons-create-fragment.tgz","scripts":{},"_npmVersion":"3.10.10","_nodeVersion":"6.10.0","_npmUser":{"name":"acdlite","email":"acdlite@me.com"},"dist":{"shasum":"dcb11c8861989f182db84d449c64eedd96f7524f","tarball":"https://registry.npmjs.org/react-addons-create-fragment/-/react-addons-create-fragment-16.0.0-alpha.3.tgz"},"maintainers":[{"name":"acdlite","email":"acdlite@me.com"},{"name":"brianvaughn","email":"briandavidvaughn@gmail.com"},{"name":"fb","email":"opensource+npm@fb.com"},{"name":"gaearon","email":"dan.abramov@gmail.com"},{"name":"sebmarkbage","email":"sebastian@calyptus.eu"},{"name":"spicyj","email":"ben@benalpert.com"},{"name":"tomocchino","email":"tomocchino@gmail.com"},{"name":"zpao","email":"paul@oshannessy.com"}],"_npmOperationalInternal":{"host":"packages-12-west.internal.npmjs.com","tmp":"tmp/react-addons-create-fragment-16.0.0-alpha.3.tgz_1487893940839_0.5238933379296213"},"directories":{}}},"readme":"# react-addons-create-fragment\n\nThis package provides the React createFragment add-on.\n\nSee <https://facebook.github.io/react/docs/create-fragment.html> for more information.","maintainers":[{"name":"acdlite","email":"acdlite@me.com"},{"name":"brianvaughn","email":"briandavidvaughn@gmail.com"},{"name":"fb","email":"opensource+npm@fb.com"},{"name":"gaearon","email":"dan.abramov@gmail.com"},{"name":"sebmarkbage","email":"sebastian@calyptus.eu"},{"name":"spicyj","email":"ben@benalpert.com"},{"name":"tomocchino","email":"tomocchino@gmail.com"},{"name":"zpao","email":"paul@oshannessy.com"}],"time":{"modified":"2017-02-23T23:52:21.068Z","created":"2015-07-03T08:49:09.289Z","0.14.0-beta1":"2015-07-03T08:49:09.289Z","0.14.0-beta2":"2015-08-02T04:41:15.517Z","0.14.0-beta3":"2015-08-03T21:34:02.569Z","0.14.0-rc1":"2015-09-10T16:03:13.892Z","0.14.0":"2015-10-07T17:29:26.048Z","0.14.1":"2015-10-28T21:34:58.625Z","0.14.2":"2015-11-02T19:54:27.988Z","0.14.3":"2015-11-19T02:23:31.510Z","0.14.4":"2015-12-29T21:59:10.514Z","0.14.5":"2015-12-29T22:40:22.310Z","0.14.6":"2016-01-06T23:53:06.153Z","0.15.0-alpha.1":"2016-01-21T04:15:09.082Z","0.14.7":"2016-01-28T19:57:17.273Z","15.0.0-rc.1":"2016-03-08T01:07:33.487Z","15.0.0-rc.2":"2016-03-16T22:16:09.316Z","0.14.8":"2016-03-29T16:20:07.857Z","15.0.0":"2016-04-07T21:25:46.539Z","15.0.1":"2016-04-08T18:24:05.843Z","15.0.2-alpha.1":"2016-04-20T18:16:47.831Z","15.0.2-alpha.2":"2016-04-21T22:21:43.608Z","15.0.2-alpha.3":"2016-04-25T20:03:25.679Z","15.0.2-alpha.4":"2016-04-28T07:11:40.123Z","15.0.2":"2016-04-30T00:37:57.440Z","15.0.3-alpha.1":"2016-05-03T19:39:57.745Z","15.0.3-alpha.2":"2016-05-10T04:37:18.418Z","15.1.0-alpha.1":"2016-05-10T05:27:48.464Z","15.1.0":"2016-05-20T23:05:55.525Z","15.2.0-rc.1":"2016-06-15T01:29:39.152Z","15.2.0-rc.2":"2016-07-01T06:31:29.560Z","15.2.0":"2016-07-01T18:51:41.274Z","15.2.1":"2016-07-08T22:30:43.054Z","15.3.0-rc.1":"2016-07-13T18:57:58.465Z","15.3.0-rc.2":"2016-07-13T21:01:34.281Z","15.3.0-rc.3":"2016-07-21T22:58:44.704Z","15.3.0":"2016-07-29T18:37:55.762Z","15.3.1-rc.1":"2016-08-12T23:34:59.160Z","15.3.1-rc.2":"2016-08-15T22:55:56.789Z","15.3.1":"2016-08-19T18:49:52.512Z","15.3.2-rc.1":"2016-09-15T23:43:13.835Z","15.3.2":"2016-09-19T17:46:30.926Z","15.4.0-rc.1":"2016-10-04T22:35:09.545Z","15.4.0-rc.2":"2016-10-05T22:50:28.375Z","15.4.0-rc.3":"2016-10-14T19:13:09.535Z","15.4.0-rc.4":"2016-10-14T22:02:12.052Z","15.4.0":"2016-11-16T14:32:22.412Z","15.4.1":"2016-11-23T01:58:49.644Z","15.4.2":"2017-01-06T20:15:37.051Z","16.0.0-alpha":"2017-01-10T00:27:09.388Z","16.0.0-alpha.0":"2017-01-25T20:04:23.958Z","16.0.0-alpha.2":"2017-02-09T16:15:57.870Z","16.0.0-alpha.3":"2017-02-23T23:52:21.068Z"},"license":"BSD-3-Clause","readmeFilename":"README.md","homepage":"https://github.com/facebook/react#readme","keywords":["react","react-addon"],"repository":{"type":"git","url":"git+https://github.com/facebook/react.git"},"bugs":{"url":"https://github.com/facebook/react/issues"},"users":{"princetoad":true,"shakakira":true},"_attachments":{},"_etag":"W/\"58af75b5-11d8d\"","_lastModified":"Thu, 23 Feb 2017 23:52:21 GMT"}