{"digest":"c8f77e965de866c76404e9559e12d64e36c408af","css":"atom-text-editor .editor-contents--private .highlight.hyperclick > .region {\n  border-bottom: 1px solid #383a42;\n}\natom-text-editor:not([mini]).hyperclick .editor-contents--private {\n  /**\n   * Unfortunately, this cannot be a property of `.hyperclick .region`:\n   * https://discuss.atom.io/t/some-css-styles-not-honored-by-decorations/11662\n   */\n  cursor: pointer;\n}\natom-text-editor:not([mini]).hyperclick-loading .editor-contents--private {\n  cursor: wait;\n}\nhyperclick-suggestion-list {\n  cursor: default;\n}\n.hyperclick-suggestion-list-scroller.popover-list.select-list {\n  overflow-y: auto;\n  width: inherit;\n  max-width: 500px;\n}\n.hyperclick-result-item {\n  cursor: pointer;\n}\nhyperclick-suggestion-list .right-label {\n  float: right;\n  padding-left: 0.75em;\n  padding-right: 0.6em;\n  font-size: 0.9em;\n  color: #777777;\n}\nhyperclick-suggestion-list .right-label:empty {\n  width: 0.6em;\n  padding: 0;\n}\n","imports":[{"path":"static\\variables\\ui-variables.less","digest":"e3029f763111ec391f6dcea8178d35be7c798b4f"},{"path":"static\\variables\\syntax-variables.less","digest":"812c1b7883a023f768773d14294653adcdb932d7"},{"path":"node_modules\\one-light-syntax\\styles\\syntax-variables.less","digest":"70198a1ac749d0767ca6ec9ac47a78482bdefa10"},{"path":"node_modules\\one-light-syntax\\styles\\colors.less","digest":"6e53c2e7473d04130f2592930c3470ed86daffdf"}],"version":1}