{"_id":"coffee-script","_rev":"524-e82584b12db96706668f554ef7286fbb","name":"coffee-script","description":"Unfancy JavaScript","dist-tags":{"latest":"1.12.4","stable":"1.12.3"},"versions":{"0.7.0":{"name":"coffee-script","description":"Unfancy JavaScript","keywords":["javascript","language"],"author":{"name":"Jeremy Ashkenas"},"version":"0.7.0","licenses":[{"type":"MIT","url":"http://github.com/jashkenas/coffee-script/raw/master/LICENSE"}],"engines":{"node":">=0.1.99"},"scripts":{"install":"sudo bin/cake install"},"_id":"coffee-script@0.7.0","_nodeSupported":true,"_npmVersion":"0.2.7-2","_nodeVersion":"v0.3.1-pre","dist":{"tarball":"https://registry.npmjs.org/coffee-script/-/coffee-script-0.7.0.tgz","shasum":"4a13189bb859740956d758ea3ed23c159bfa0a40"},"directories":{}},"0.7.1":{"name":"coffee-script","description":"Unfancy JavaScript","keywords":["javascript","language"],"author":{"name":"Jeremy Ashkenas"},"version":"0.7.1","licenses":[{"type":"MIT","url":"http://github.com/jashkenas/coffee-script/raw/master/LICENSE"}],"engines":{"node":">=0.1.99"},"scripts":{"install":"sudo bin/cake install"},"_id":"coffee-script@0.7.1","_nodeSupported":true,"_npmVersion":"0.2.7-2","_nodeVersion":"v0.3.1-pre","dist":{"tarball":"https://registry.npmjs.org/coffee-script/-/coffee-script-0.7.1.tgz","shasum":"dd488ec141a03048a20bc23bd03b2e865650e34d"},"directories":{}},"0.7.2":{"name":"coffee-script","description":"Unfancy JavaScript","keywords":["javascript","language"],"author":{"name":"Jeremy Ashkenas"},"version":"0.7.2","licenses":[{"type":"MIT","url":"http://github.com/jashkenas/coffee-script/raw/master/LICENSE"}],"engines":{"node":">=0.1.99"},"scripts":{"install":"bin/cake install"},"_id":"coffee-script@0.7.2","_nodeSupported":true,"_npmVersion":"0.2.7-2","_nodeVersion":"v0.3.1-pre","dist":{"tarball":"https://registry.npmjs.org/coffee-script/-/coffee-script-0.7.2.tgz","shasum":"3fb2401120a3d90198102cfd540b243c5302bf85"},"directories":{}},"0.9.0":{"name":"coffee-script","description":"Unfancy JavaScript","keywords":["javascript","language","coffeescript","compiler"],"author":{"name":"Jeremy Ashkenas"},"version":"0.9.0","licenses":[{"type":"MIT","url":"http://github.com/jashkenas/coffee-script/raw/master/LICENSE"}],"engines":{"node":">=0.1.99"},"bin":{"coffee":"./bin/coffee","cake":"./bin/cake"},"_id":"coffee-script@0.9.0","_nodeSupported":true,"_npmVersion":"0.2.7-2","_nodeVersion":"v0.3.1-pre","dist":{"tarball":"https://registry.npmjs.org/coffee-script/-/coffee-script-0.9.0.tgz","shasum":"ff24152d6083e4cf8c2b6887e63a78fb02efd5f3"},"directories":{}},"0.9.1":{"name":"coffee-script","description":"Unfancy JavaScript","keywords":["javascript","language","coffeescript","compiler"],"author":{"name":"Jeremy Ashkenas"},"version":"0.9.1","licenses":[{"type":"MIT","url":"http://github.com/jashkenas/coffee-script/raw/master/LICENSE"}],"engines":{"node":">=0.1.99"},"bin":{"coffee":"./bin/coffee","cake":"./bin/cake"},"_id":"coffee-script@0.9.1","_nodeSupported":true,"_npmVersion":"0.2.7-2","_nodeVersion":"v0.3.1-pre","dist":{"tarball":"https://registry.npmjs.org/coffee-script/-/coffee-script-0.9.1.tgz","shasum":"fc01d881e2e82dd0813afdc9124aea117dafca03"},"directories":{}},"0.9.2":{"name":"coffee-script","description":"Unfancy JavaScript","keywords":["javascript","language","coffeescript","compiler"],"author":{"name":"Jeremy Ashkenas"},"version":"0.9.2","licenses":[{"type":"MIT","url":"http://github.com/jashkenas/coffee-script/raw/master/LICENSE"}],"engines":{"node":">=0.1.99"},"directories":{"lib":"./lib"},"main":"./lib/coffee-script","bin":{"coffee":"./bin/coffee","cake":"./bin/cake"},"_id":"coffee-script@0.9.2","_nodeSupported":true,"_npmVersion":"0.2.7-2","_nodeVersion":"v0.3.1-pre","dist":{"tarball":"https://registry.npmjs.org/coffee-script/-/coffee-script-0.9.2.tgz","shasum":"16b99eac4f137b7550b4e50438d00b84b545c3d4"}},"0.9.3":{"name":"coffee-script","description":"Unfancy JavaScript","keywords":["javascript","language","coffeescript","compiler"],"author":{"name":"Jeremy Ashkenas"},"version":"0.9.3","licenses":[{"type":"MIT","url":"http://github.com/jashkenas/coffee-script/raw/master/LICENSE"}],"engines":{"node":">=0.1.99"},"directories":{"lib":"./lib"},"main":"./lib/coffee-script","bin":{"coffee":"./bin/coffee","cake":"./bin/cake"},"_id":"coffee-script@0.9.3","_nodeSupported":true,"_npmVersion":"0.2.7-2","_nodeVersion":"v0.3.1-pre","dist":{"tarball":"https://registry.npmjs.org/coffee-script/-/coffee-script-0.9.3.tgz","shasum":"09c4b206647adc5230fba2985208567aaeff8ba0"}},"0.9.4":{"name":"coffee-script","description":"Unfancy JavaScript","keywords":["javascript","language","coffeescript","compiler"],"author":{"name":"Jeremy Ashkenas"},"version":"0.9.4","licenses":[{"type":"MIT","url":"http://github.com/jashkenas/coffee-script/raw/master/LICENSE"}],"engines":{"node":">=0.1.99"},"directories":{"lib":"./lib"},"main":"./lib/coffee-script","bin":{"coffee":"./bin/coffee","cake":"./bin/cake"},"_id":"coffee-script@0.9.4","_nodeSupported":true,"_npmVersion":"0.2.7-2","_nodeVersion":"v0.3.1-pre","dist":{"tarball":"https://registry.npmjs.org/coffee-script/-/coffee-script-0.9.4.tgz","shasum":"98241e7caad360886920ec3bccc98b7799dfee06"}},"0.9.5":{"name":"coffee-script","description":"Unfancy JavaScript","keywords":["javascript","language","coffeescript","compiler"],"author":{"name":"Jeremy Ashkenas"},"version":"0.9.5","licenses":[{"type":"MIT","url":"http://github.com/jashkenas/coffee-script/raw/master/LICENSE"}],"engines":{"node":">=0.1.99"},"directories":{"lib":"./lib"},"main":"./lib/coffee-script","bin":{"coffee":"./bin/coffee","cake":"./bin/cake"},"_id":"coffee-script@0.9.5","_nodeSupported":true,"_npmVersion":"0.2.8-1","_nodeVersion":"v0.2.5","dist":{"tarball":"https://registry.npmjs.org/coffee-script/-/coffee-script-0.9.5.tgz","shasum":"936ad50eca576c30edde477d9ce5c1f8138eac2f"}},"0.9.6":{"name":"coffee-script","description":"Unfancy JavaScript","keywords":["javascript","language","coffeescript","compiler"],"author":{"name":"Jeremy Ashkenas"},"version":"0.9.6","licenses":[{"type":"MIT","url":"http://github.com/jashkenas/coffee-script/raw/master/LICENSE"}],"engines":{"node":">=0.1.99"},"directories":{"lib":"./lib"},"main":"./lib/coffee-script","bin":{"coffee":"./bin/coffee","cake":"./bin/cake"},"_id":"coffee-script@0.9.6","_nodeSupported":true,"_npmVersion":"0.2.8-1","_nodeVersion":"v0.2.5","dist":{"tarball":"https://registry.npmjs.org/coffee-script/-/coffee-script-0.9.6.tgz","shasum":"76a5a34e958bfaf8e25e83c48cbe0a96fdbc9804"}},"1.0.0":{"name":"coffee-script","description":"Unfancy JavaScript","keywords":["javascript","language","coffeescript","compiler"],"author":{"name":"Jeremy Ashkenas"},"version":"1.0.0","licenses":[{"type":"MIT","url":"http://github.com/jashkenas/coffee-script/raw/master/LICENSE"}],"engines":{"node":">=0.2.5"},"directories":{"lib":"./lib"},"main":"./lib/coffee-script","bin":{"coffee":"./bin/coffee","cake":"./bin/cake"},"_id":"coffee-script@1.0.0","_nodeSupported":true,"_npmVersion":"0.2.8-1","_nodeVersion":"v0.2.5","dist":{"tarball":"https://registry.npmjs.org/coffee-script/-/coffee-script-1.0.0.tgz","shasum":"dc6b102c80f045e4dc02931fcee6dc4ab92c9dc1"}},"1.0.1":{"name":"coffee-script","description":"Unfancy JavaScript","keywords":["javascript","language","coffeescript","compiler"],"author":{"name":"Jeremy Ashkenas"},"version":"1.0.1","licenses":[{"type":"MIT","url":"http://github.com/jashkenas/coffee-script/raw/master/LICENSE"}],"engines":{"node":">=0.2.5"},"directories":{"lib":"./lib","bin":"./bin"},"main":"./lib/coffee-script","bin":{"coffee":"./bin/coffee","cake":"./bin/cake"},"_id":"coffee-script@1.0.1","_engineSupported":true,"_npmVersion":"0.2.16","_nodeVersion":"v0.3.7","modules":{"browser.js":"lib/browser.js","cake.js":"lib/cake.js","coffee-script.js":"lib/coffee-script.js","command.js":"lib/command.js","grammar.js":"lib/grammar.js","helpers.js":"lib/helpers.js","index.js":"lib/index.js","lexer.js":"lib/lexer.js","nodes.js":"lib/nodes.js","optparse.js":"lib/optparse.js","parser.js":"lib/parser.js","repl.js":"lib/repl.js","rewriter.js":"lib/rewriter.js","scope.js":"lib/scope.js"},"files":[""],"_defaultsLoaded":true,"dist":{"shasum":"4fa0049d48208951bc9122b362f8107a560c975c","tarball":"https://registry.npmjs.org/coffee-script/-/coffee-script-1.0.1.tgz"}},"1.1.0":{"name":"coffee-script","description":"Unfancy JavaScript","keywords":["javascript","language","coffeescript","compiler"],"author":{"name":"Jeremy Ashkenas"},"version":"1.1.0","licenses":[{"type":"MIT","url":"http://github.com/jashkenas/coffee-script/raw/master/LICENSE"}],"engines":{"node":">=0.2.5"},"directories":{"lib":"./lib"},"main":"./lib/coffee-script","bin":{"coffee":"./bin/coffee","cake":"./bin/cake"},"homepage":"http://coffeescript.org","repository":{"type":"git","url":"git://github.com/jashkenas/coffee-script.git"},"_id":"coffee-script@1.1.0","_engineSupported":true,"_npmVersion":"0.3.18","_nodeVersion":"v0.4.7","dist":{"shasum":"6b4e18b4f9e254723d379d860dfdbea663f460c7","tarball":"https://registry.npmjs.org/coffee-script/-/coffee-script-1.1.0.tgz"}},"1.1.1":{"name":"coffee-script","description":"Unfancy JavaScript","keywords":["javascript","language","coffeescript","compiler"],"author":{"name":"Jeremy Ashkenas"},"version":"1.1.1","licenses":[{"type":"MIT","url":"http://github.com/jashkenas/coffee-script/raw/master/LICENSE"}],"engines":{"node":">=0.2.5"},"directories":{"lib":"./lib"},"main":"./lib/coffee-script","bin":{"coffee":"./bin/coffee","cake":"./bin/cake"},"homepage":"http://coffeescript.org","repository":{"type":"git","url":"git://github.com/jashkenas/coffee-script.git"},"dependencies":{},"devDependencies":{},"_id":"coffee-script@1.1.1","_engineSupported":true,"_npmVersion":"1.0.3","_nodeVersion":"v0.4.7","_defaultsLoaded":true,"dist":{"shasum":"b3961915e4f547354dd6178378b3073999526224","tarball":"https://registry.npmjs.org/coffee-script/-/coffee-script-1.1.1.tgz"},"scripts":{}},"1.1.2":{"name":"coffee-script","description":"Unfancy JavaScript","keywords":["javascript","language","coffeescript","compiler"],"author":{"name":"Jeremy Ashkenas"},"version":"1.1.2","licenses":[{"type":"MIT","url":"http://github.com/jashkenas/coffee-script/raw/master/LICENSE"}],"engines":{"node":">=0.2.5"},"directories":{"lib":"./lib"},"main":"./lib/coffee-script","bin":{"coffee":"./bin/coffee","cake":"./bin/cake"},"homepage":"http://coffeescript.org","repository":{"type":"git","url":"git://github.com/jashkenas/coffee-script.git"},"_npmJsonOpts":{"file":"/Users/jashkenas/.npm/coffee-script/1.1.2/package/package.json","wscript":false,"contributors":false,"serverjs":false},"_id":"coffee-script@1.1.2","dependencies":{},"devDependencies":{},"_engineSupported":true,"_npmVersion":"1.0.22","_nodeVersion":"v0.4.10","_defaultsLoaded":true,"dist":{"shasum":"a530a19d050c37054d83ae6c8041fba0fcd61ed3","tarball":"https://registry.npmjs.org/coffee-script/-/coffee-script-1.1.2.tgz"},"scripts":{},"maintainers":[{"name":"jashkenas","email":"jashkenas@gmail.com"}]},"1.1.3":{"name":"coffee-script","description":"Unfancy JavaScript","keywords":["javascript","language","coffeescript","compiler"],"author":{"name":"Jeremy Ashkenas"},"version":"1.1.3","licenses":[{"type":"MIT","url":"http://github.com/jashkenas/coffee-script/raw/master/LICENSE"}],"engines":{"node":">=0.4.0"},"directories":{"lib":"./lib/coffee-script"},"main":"./lib/coffee-script/coffee-script","bin":{"coffee":"./bin/coffee","cake":"./bin/cake"},"homepage":"http://coffeescript.org","repository":{"type":"git","url":"git://github.com/jashkenas/coffee-script.git"},"devDependencies":{"uglify-js":"1.0.6","jison":"0.2.11"},"_npmUser":{"name":"jashkenas","email":"jashkenas@gmail.com"},"_id":"coffee-script@1.1.3","dependencies":{},"_engineSupported":true,"_npmVersion":"1.0.104","_nodeVersion":"v0.6.0","_defaultsLoaded":true,"dist":{"shasum":"04cb82e59653fcad6ae6050900c81adf3af6d798","tarball":"https://registry.npmjs.org/coffee-script/-/coffee-script-1.1.3.tgz"},"maintainers":[{"name":"jashkenas","email":"jashkenas@gmail.com"}]},"1.2.0":{"name":"coffee-script","description":"Unfancy JavaScript","keywords":["javascript","language","coffeescript","compiler"],"author":{"name":"Jeremy Ashkenas"},"version":"1.2.0","licenses":[{"type":"MIT","url":"http://github.com/jashkenas/coffee-script/raw/master/LICENSE"}],"engines":{"node":">=0.4.0"},"directories":{"lib":"./lib/coffee-script"},"main":"./lib/coffee-script/coffee-script","bin":{"coffee":"./bin/coffee","cake":"./bin/cake"},"homepage":"http://coffeescript.org","repository":{"type":"git","url":"git://github.com/jashkenas/coffee-script.git"},"devDependencies":{"uglify-js":">=1.0.0","jison":">=0.2.0"},"_npmUser":{"name":"jashkenas","email":"jashkenas@gmail.com"},"_id":"coffee-script@1.2.0","dependencies":{},"_engineSupported":true,"_npmVersion":"1.0.104","_nodeVersion":"v0.6.6","_defaultsLoaded":true,"dist":{"shasum":"b5e61e55f1ca8c4a9eb87d53aa0657ea43125b91","tarball":"https://registry.npmjs.org/coffee-script/-/coffee-script-1.2.0.tgz"},"maintainers":[{"name":"jashkenas","email":"jashkenas@gmail.com"}]},"1.3.0":{"name":"coffee-script","description":"Unfancy JavaScript","keywords":["javascript","language","coffeescript","compiler"],"author":{"name":"Jeremy Ashkenas"},"version":"1.3.0","licenses":[{"type":"MIT","url":"http://github.com/jashkenas/coffee-script/raw/master/LICENSE"}],"engines":{"node":">=0.4.0"},"directories":{"lib":"./lib/coffee-script"},"main":"./lib/coffee-script/coffee-script","bin":{"coffee":"./bin/coffee","cake":"./bin/cake"},"homepage":"http://coffeescript.org","repository":{"type":"git","url":"git://github.com/jashkenas/coffee-script.git"},"devDependencies":{"uglify-js":">=1.0.0","jison":">=0.2.0"},"_npmUser":{"name":"jashkenas","email":"jashkenas@gmail.com"},"_id":"coffee-script@1.3.0","dependencies":{},"optionalDependencies":{},"_engineSupported":true,"_npmVersion":"1.1.1","_nodeVersion":"v0.6.11","_defaultsLoaded":true,"dist":{"shasum":"08fc0bc4f6f1e24c076e7f332ffa5d445a3f8b64","tarball":"https://registry.npmjs.org/coffee-script/-/coffee-script-1.3.0.tgz"},"maintainers":[{"name":"jashkenas","email":"jashkenas@gmail.com"}]},"1.3.1":{"name":"coffee-script","description":"Unfancy JavaScript","keywords":["javascript","language","coffeescript","compiler"],"author":{"name":"Jeremy Ashkenas"},"version":"1.3.1","licenses":[{"type":"MIT","url":"http://github.com/jashkenas/coffee-script/raw/master/LICENSE"}],"engines":{"node":">=0.4.0"},"directories":{"lib":"./lib/coffee-script"},"main":"./lib/coffee-script/coffee-script","bin":{"coffee":"./bin/coffee","cake":"./bin/cake"},"homepage":"http://coffeescript.org","repository":{"type":"git","url":"git://github.com/jashkenas/coffee-script.git"},"devDependencies":{"uglify-js":">=1.0.0","jison":">=0.2.0"},"_npmUser":{"name":"jashkenas","email":"jashkenas@gmail.com"},"_id":"coffee-script@1.3.1","dependencies":{},"optionalDependencies":{},"_engineSupported":true,"_npmVersion":"1.1.1","_nodeVersion":"v0.6.11","_defaultsLoaded":true,"dist":{"shasum":"4da0f14eb44e809e8c1d598f5513d7302a91afd7","tarball":"https://registry.npmjs.org/coffee-script/-/coffee-script-1.3.1.tgz"},"maintainers":[{"name":"jashkenas","email":"jashkenas@gmail.com"}]},"1.3.2":{"name":"coffee-script","description":"Unfancy JavaScript","keywords":["javascript","language","coffeescript","compiler"],"author":{"name":"Jeremy Ashkenas"},"version":"1.3.2","licenses":[{"type":"MIT","url":"https://github.com/jashkenas/coffee-script/raw/master/LICENSE"}],"engines":{"node":">=0.4.0"},"directories":{"lib":"./lib/coffee-script"},"main":"./lib/coffee-script/coffee-script","bin":{"coffee":"./bin/coffee","cake":"./bin/cake"},"homepage":"http://coffeescript.org","bugs":{"name":"https://github.com/jashkenas/coffee-script/issues"},"repository":{"type":"git","url":"git://github.com/jashkenas/coffee-script.git"},"devDependencies":{"uglify-js":">=1.0.0","jison":">=0.2.0"},"_npmUser":{"name":"jashkenas","email":"jashkenas@gmail.com"},"_id":"coffee-script@1.3.2","dependencies":{},"optionalDependencies":{},"_engineSupported":true,"_npmVersion":"1.1.18","_nodeVersion":"v0.6.16","_defaultsLoaded":true,"dist":{"shasum":"2e0d2b823422077b0f5cb0ca5c9b924d4cad0758","tarball":"https://registry.npmjs.org/coffee-script/-/coffee-script-1.3.2.tgz"},"maintainers":[{"name":"jashkenas","email":"jashkenas@gmail.com"}]},"1.3.3":{"name":"coffee-script","description":"Unfancy JavaScript","keywords":["javascript","language","coffeescript","compiler"],"author":{"name":"Jeremy Ashkenas"},"version":"1.3.3","licenses":[{"type":"MIT","url":"https://raw.github.com/jashkenas/coffee-script/master/LICENSE"}],"engines":{"node":">=0.4.0"},"directories":{"lib":"./lib/coffee-script"},"main":"./lib/coffee-script/coffee-script","bin":{"coffee":"./bin/coffee","cake":"./bin/cake"},"homepage":"http://coffeescript.org","bugs":{"name":"https://github.com/jashkenas/coffee-script/issues"},"repository":{"type":"git","url":"git://github.com/jashkenas/coffee-script.git"},"devDependencies":{"uglify-js":">=1.0.0","jison":">=0.2.0"},"_npmUser":{"name":"jashkenas","email":"jashkenas@gmail.com"},"_id":"coffee-script@1.3.3","dependencies":{},"optionalDependencies":{},"_engineSupported":true,"_npmVersion":"1.1.18","_nodeVersion":"v0.6.16","_defaultsLoaded":true,"dist":{"shasum":"150d6b4cb522894369efed6a2101c20bc7f4a4f4","tarball":"https://registry.npmjs.org/coffee-script/-/coffee-script-1.3.3.tgz"},"maintainers":[{"name":"jashkenas","email":"jashkenas@gmail.com"}]},"1.4.0":{"name":"coffee-script","description":"Unfancy JavaScript","keywords":["javascript","language","coffeescript","compiler"],"author":{"name":"Jeremy Ashkenas"},"version":"1.4.0","licenses":[{"type":"MIT","url":"https://raw.github.com/jashkenas/coffee-script/master/LICENSE"}],"engines":{"node":">=0.4.0"},"directories":{"lib":"./lib/coffee-script"},"main":"./lib/coffee-script/coffee-script","bin":{"coffee":"./bin/coffee","cake":"./bin/cake"},"scripts":{"test":"node ./bin/cake test"},"homepage":"http://coffeescript.org","bugs":"https://github.com/jashkenas/coffee-script/issues","repository":{"type":"git","url":"git://github.com/jashkenas/coffee-script.git"},"devDependencies":{"uglify-js":">=1.0.0","jison":">=0.2.0"},"_id":"coffee-script@1.4.0","dist":{"shasum":"5e3bc8aac26c01a8e27bf107722c5655f5ad7d36","tarball":"https://registry.npmjs.org/coffee-script/-/coffee-script-1.4.0.tgz"},"_npmVersion":"1.1.63","_npmUser":{"name":"jashkenas","email":"jashkenas@gmail.com"},"maintainers":[{"name":"jashkenas","email":"jashkenas@gmail.com"}]},"1.5.0":{"name":"coffee-script","description":"Unfancy JavaScript","keywords":["javascript","language","coffeescript","compiler"],"author":{"name":"Jeremy Ashkenas"},"version":"1.5.0","licenses":[{"type":"MIT","url":"https://raw.github.com/jashkenas/coffee-script/master/LICENSE"}],"engines":{"node":">=0.4.0"},"directories":{"lib":"./lib/coffee-script"},"main":"./lib/coffee-script/coffee-script","bin":{"coffee":"./bin/coffee","cake":"./bin/cake"},"scripts":{"test":"node ./bin/cake test"},"homepage":"http://coffeescript.org","bugs":"https://github.com/jashkenas/coffee-script/issues","repository":{"type":"git","url":"git://github.com/jashkenas/coffee-script.git"},"devDependencies":{"uglify-js":"~2.2","jison":">=0.2.0"},"_id":"coffee-script@1.5.0","dist":{"shasum":"18a66a0b68679eb1be000e50dfd0398d793f9e15","tarball":"https://registry.npmjs.org/coffee-script/-/coffee-script-1.5.0.tgz"},"_npmVersion":"1.1.63","_npmUser":{"name":"jashkenas","email":"jashkenas@gmail.com"},"maintainers":[{"name":"jashkenas","email":"jashkenas@gmail.com"}]},"1.6.0":{"name":"coffee-script","description":"Unfancy JavaScript","keywords":["javascript","language","coffeescript","compiler"],"author":{"name":"Jeremy Ashkenas"},"version":"1.6.0","licenses":[{"type":"MIT","url":"https://raw.github.com/jashkenas/coffee-script/master/LICENSE"}],"engines":{"node":">=0.4.0"},"directories":{"lib":"./lib/coffee-script"},"main":"./lib/coffee-script/coffee-script","bin":{"coffee":"./bin/coffee","cake":"./bin/cake"},"scripts":{"test":"node ./bin/cake test"},"homepage":"http://coffeescript.org","bugs":"https://github.com/jashkenas/coffee-script/issues","repository":{"type":"git","url":"git://github.com/jashkenas/coffee-script.git"},"devDependencies":{"uglify-js":"~2.2","jison":">=0.2.0"},"_id":"coffee-script@1.6.0","dist":{"shasum":"808b396e110f53d021a19a4ef1f65be0e8e35fa3","tarball":"https://registry.npmjs.org/coffee-script/-/coffee-script-1.6.0.tgz"},"_npmVersion":"1.1.63","_npmUser":{"name":"jashkenas","email":"jashkenas@gmail.com"},"maintainers":[{"name":"jashkenas","email":"jashkenas@gmail.com"}]},"1.6.1":{"name":"coffee-script","description":"Unfancy JavaScript","keywords":["javascript","language","coffeescript","compiler"],"author":{"name":"Jeremy Ashkenas"},"version":"1.6.1","licenses":[{"type":"MIT","url":"https://raw.github.com/jashkenas/coffee-script/master/LICENSE"}],"engines":{"node":">=0.4.0"},"directories":{"lib":"./lib/coffee-script"},"main":"./lib/coffee-script/coffee-script","bin":{"coffee":"./bin/coffee","cake":"./bin/cake"},"scripts":{"test":"node ./bin/cake test"},"homepage":"http://coffeescript.org","bugs":"https://github.com/jashkenas/coffee-script/issues","repository":{"type":"git","url":"git://github.com/jashkenas/coffee-script.git"},"devDependencies":{"uglify-js":"~2.2","jison":">=0.2.0"},"_id":"coffee-script@1.6.1","dist":{"shasum":"34b55dedb09cef36d1b1e2908302e057f1e26068","tarball":"https://registry.npmjs.org/coffee-script/-/coffee-script-1.6.1.tgz"},"_npmVersion":"1.1.63","_npmUser":{"name":"jashkenas","email":"jashkenas@gmail.com"},"maintainers":[{"name":"jashkenas","email":"jashkenas@gmail.com"}]},"1.6.2":{"name":"coffee-script","description":"Unfancy JavaScript","keywords":["javascript","language","coffeescript","compiler"],"author":{"name":"Jeremy Ashkenas"},"version":"1.6.2","licenses":[{"type":"MIT","url":"https://raw.github.com/jashkenas/coffee-script/master/LICENSE"}],"engines":{"node":">=0.8.0"},"directories":{"lib":"./lib/coffee-script"},"main":"./lib/coffee-script/coffee-script","bin":{"coffee":"./bin/coffee","cake":"./bin/cake"},"scripts":{"test":"node ./bin/cake test"},"homepage":"http://coffeescript.org","bugs":"https://github.com/jashkenas/coffee-script/issues","repository":{"type":"git","url":"git://github.com/jashkenas/coffee-script.git"},"devDependencies":{"uglify-js":"~2.2","jison":">=0.2.0"},"_id":"coffee-script@1.6.2","dist":{"shasum":"fd9c88369c1e41e3307a0a160d713f22513c93b3","tarball":"https://registry.npmjs.org/coffee-script/-/coffee-script-1.6.2.tgz"},"_from":".","_npmVersion":"1.2.14","_npmUser":{"name":"jashkenas","email":"jashkenas@gmail.com"},"maintainers":[{"name":"jashkenas","email":"jashkenas@gmail.com"}]},"1.6.3":{"name":"coffee-script","description":"Unfancy JavaScript","keywords":["javascript","language","coffeescript","compiler"],"author":{"name":"Jeremy Ashkenas"},"version":"1.6.3","licenses":[{"type":"MIT","url":"https://raw.github.com/jashkenas/coffee-script/master/LICENSE"}],"engines":{"node":">=0.8.0"},"directories":{"lib":"./lib/coffee-script"},"main":"./lib/coffee-script/coffee-script","bin":{"coffee":"./bin/coffee","cake":"./bin/cake"},"scripts":{"test":"node ./bin/cake test"},"homepage":"http://coffeescript.org","bugs":{"url":"https://github.com/jashkenas/coffee-script/issues"},"repository":{"type":"git","url":"git://github.com/jashkenas/coffee-script.git"},"devDependencies":{"uglify-js":"~2.2","jison":">=0.2.0"},"_id":"coffee-script@1.6.3","dist":{"shasum":"6355d32cf1b04cdff6b484e5e711782b2f0c39be","tarball":"https://registry.npmjs.org/coffee-script/-/coffee-script-1.6.3.tgz"},"_from":".","_npmVersion":"1.2.24","_npmUser":{"name":"jashkenas","email":"jashkenas@gmail.com"},"maintainers":[{"name":"jashkenas","email":"jashkenas@gmail.com"},{"name":"michaelficarra","email":"npm@michael.ficarra.me"}]},"1.7.0":{"name":"coffee-script","description":"Unfancy JavaScript","keywords":["javascript","language","coffeescript","compiler"],"author":{"name":"Jeremy Ashkenas"},"version":"1.7.0","license":"MIT","engines":{"node":">=0.8.0"},"directories":{"lib":"./lib/coffee-script"},"main":"./lib/coffee-script/coffee-script","bin":{"coffee":"./bin/coffee","cake":"./bin/cake"},"scripts":{"test":"node ./bin/cake test"},"homepage":"http://coffeescript.org","bugs":{"url":"https://github.com/jashkenas/coffee-script/issues"},"repository":{"type":"git","url":"git://github.com/jashkenas/coffee-script.git"},"devDependencies":{"uglify-js":"~2.2","jison":">=0.2.0","highlight.js":"~8.0.0","underscore":"~1.5.2"},"dependencies":{"mkdirp":"~0.3.5"},"_id":"coffee-script@1.7.0","dist":{"shasum":"dcc5fc92e45e9f5546bdb3259f9fa85b38618b1d","tarball":"https://registry.npmjs.org/coffee-script/-/coffee-script-1.7.0.tgz"},"_from":".","_npmVersion":"1.3.21","_npmUser":{"name":"jashkenas","email":"jashkenas@gmail.com"},"maintainers":[{"name":"jashkenas","email":"jashkenas@gmail.com"}]},"1.7.1":{"name":"coffee-script","description":"Unfancy JavaScript","keywords":["javascript","language","coffeescript","compiler"],"author":{"name":"Jeremy Ashkenas"},"version":"1.7.1","license":"MIT","engines":{"node":">=0.8.0"},"directories":{"lib":"./lib/coffee-script"},"main":"./lib/coffee-script/coffee-script","bin":{"coffee":"./bin/coffee","cake":"./bin/cake"},"scripts":{"test":"node ./bin/cake test"},"homepage":"http://coffeescript.org","bugs":{"url":"https://github.com/jashkenas/coffee-script/issues"},"repository":{"type":"git","url":"git://github.com/jashkenas/coffee-script.git"},"devDependencies":{"uglify-js":"~2.2","jison":">=0.2.0","highlight.js":"~8.0.0","underscore":"~1.5.2"},"dependencies":{"mkdirp":"~0.3.5"},"_id":"coffee-script@1.7.1","dist":{"shasum":"62996a861780c75e6d5069d13822723b73404bfc","tarball":"https://registry.npmjs.org/coffee-script/-/coffee-script-1.7.1.tgz"},"_from":".","_npmVersion":"1.3.24","_npmUser":{"name":"michaelficarra","email":"npm@michael.ficarra.me"},"maintainers":[{"name":"michaelficarra","email":"npm@michael.ficarra.me"}]},"1.8.0":{"name":"coffee-script","description":"Unfancy JavaScript","keywords":["javascript","language","coffeescript","compiler"],"author":{"name":"Jeremy Ashkenas"},"version":"1.8.0","license":"MIT","engines":{"node":">=0.8.0"},"directories":{"lib":"./lib/coffee-script"},"main":"./lib/coffee-script/coffee-script","bin":{"coffee":"./bin/coffee","cake":"./bin/cake"},"preferGlobal":true,"scripts":{"test":"node ./bin/cake test"},"homepage":"http://coffeescript.org","bugs":{"url":"https://github.com/jashkenas/coffeescript/issues"},"repository":{"type":"git","url":"git://github.com/jashkenas/coffeescript.git"},"devDependencies":{"uglify-js":"~2.2","jison":">=0.2.0","highlight.js":"~8.0.0","underscore":"~1.5.2","docco":"~0.6.2"},"dependencies":{"mkdirp":"~0.3.5"},"_id":"coffee-script@1.8.0","dist":{"shasum":"9c9f1d2b4a52a000ded15b659791703648263c1d","tarball":"https://registry.npmjs.org/coffee-script/-/coffee-script-1.8.0.tgz"},"_from":".","_npmVersion":"1.3.21","_npmUser":{"name":"jashkenas","email":"jashkenas@gmail.com"},"maintainers":[{"name":"jashkenas","email":"jashkenas@gmail.com"},{"name":"michaelficarra","email":"npm@michael.ficarra.me"}]},"1.9.0":{"name":"coffee-script","description":"Unfancy JavaScript","keywords":["javascript","language","coffeescript","compiler"],"author":{"name":"Jeremy Ashkenas"},"version":"1.9.0","license":"MIT","engines":{"node":">=0.8.0"},"directories":{"lib":"./lib/coffee-script"},"main":"./lib/coffee-script/coffee-script","bin":{"coffee":"./bin/coffee","cake":"./bin/cake"},"preferGlobal":true,"scripts":{"test":"node ./bin/cake test","test-harmony":"node --harmony ./bin/cake test"},"homepage":"http://coffeescript.org","bugs":{"url":"https://github.com/jashkenas/coffeescript/issues"},"repository":{"type":"git","url":"git://github.com/jashkenas/coffeescript.git"},"devDependencies":{"uglify-js":"~2.2","jison":">=0.2.0","highlight.js":"~8.0.0","underscore":"~1.5.2","docco":"~0.6.2"},"gitHead":"f7692c92ce61c277a3f9a38c6bdbe712730d040a","_id":"coffee-script@1.9.0","_shasum":"7492cbbc3f0361cc5d8865aff7237552ff33e1f7","_from":".","_npmVersion":"1.4.28","_npmUser":{"name":"jashkenas","email":"jashkenas@gmail.com"},"maintainers":[{"name":"jashkenas","email":"jashkenas@gmail.com"},{"name":"michaelficarra","email":"npm@michael.ficarra.me"}],"dist":{"shasum":"7492cbbc3f0361cc5d8865aff7237552ff33e1f7","tarball":"https://registry.npmjs.org/coffee-script/-/coffee-script-1.9.0.tgz"}},"1.9.1":{"name":"coffee-script","description":"Unfancy JavaScript","keywords":["javascript","language","coffeescript","compiler"],"author":{"name":"Jeremy Ashkenas"},"version":"1.9.1","license":"MIT","engines":{"node":">=0.8.0"},"directories":{"lib":"./lib/coffee-script"},"main":"./lib/coffee-script/coffee-script","bin":{"coffee":"./bin/coffee","cake":"./bin/cake"},"preferGlobal":true,"scripts":{"test":"node ./bin/cake test","test-harmony":"node --harmony ./bin/cake test"},"homepage":"http://coffeescript.org","bugs":{"url":"https://github.com/jashkenas/coffeescript/issues"},"repository":{"type":"git","url":"git://github.com/jashkenas/coffeescript.git"},"devDependencies":{"uglify-js":"~2.2","jison":">=0.2.0","highlight.js":"~8.0.0","underscore":"~1.5.2","docco":"~0.7.0"},"gitHead":"533ad8afe920b2dbf64ffb00efda45648242cc24","_id":"coffee-script@1.9.1","_shasum":"c458d02200f460d064a79cb6ab1ee6e2c9ca1c31","_from":".","_npmVersion":"1.4.28","_npmUser":{"name":"jashkenas","email":"jashkenas@gmail.com"},"maintainers":[{"name":"jashkenas","email":"jashkenas@gmail.com"},{"name":"michaelficarra","email":"npm@michael.ficarra.me"}],"dist":{"shasum":"c458d02200f460d064a79cb6ab1ee6e2c9ca1c31","tarball":"https://registry.npmjs.org/coffee-script/-/coffee-script-1.9.1.tgz"}},"1.9.2":{"name":"coffee-script","description":"Unfancy JavaScript","keywords":["javascript","language","coffeescript","compiler"],"author":{"name":"Jeremy Ashkenas"},"version":"1.9.2","license":"MIT","engines":{"node":">=0.8.0"},"directories":{"lib":"./lib/coffee-script"},"main":"./lib/coffee-script/coffee-script","bin":{"coffee":"./bin/coffee","cake":"./bin/cake"},"preferGlobal":true,"scripts":{"test":"node ./bin/cake test","test-harmony":"node --harmony ./bin/cake test"},"homepage":"http://coffeescript.org","bugs":{"url":"https://github.com/jashkenas/coffeescript/issues"},"repository":{"type":"git","url":"git://github.com/jashkenas/coffeescript.git"},"devDependencies":{"uglify-js":"~2.2","jison":">=0.2.0","highlight.js":"~8.0.0","underscore":"~1.5.2","docco":"~0.7.0"},"gitHead":"46d16b5c4970c6e4d8a8d08caaed16d488a5577d","_id":"coffee-script@1.9.2","_shasum":"2da4b663c61c6d1d851788aa31f941fc7b63edf3","_from":".","_npmVersion":"1.4.28","_npmUser":{"name":"jashkenas","email":"jashkenas@gmail.com"},"maintainers":[{"name":"jashkenas","email":"jashkenas@gmail.com"},{"name":"michaelficarra","email":"npm@michael.ficarra.me"}],"dist":{"shasum":"2da4b663c61c6d1d851788aa31f941fc7b63edf3","tarball":"https://registry.npmjs.org/coffee-script/-/coffee-script-1.9.2.tgz"}},"1.9.3":{"name":"coffee-script","description":"Unfancy JavaScript","keywords":["javascript","language","coffeescript","compiler"],"author":{"name":"Jeremy Ashkenas"},"version":"1.9.3","license":"MIT","engines":{"node":">=0.8.0"},"directories":{"lib":"./lib/coffee-script"},"main":"./lib/coffee-script/coffee-script","bin":{"coffee":"./bin/coffee","cake":"./bin/cake"},"preferGlobal":true,"scripts":{"test":"node ./bin/cake test","test-harmony":"node --harmony ./bin/cake test"},"homepage":"http://coffeescript.org","bugs":{"url":"https://github.com/jashkenas/coffeescript/issues"},"repository":{"type":"git","url":"git://github.com/jashkenas/coffeescript.git"},"devDependencies":{"uglify-js":"~2.2","jison":">=0.2.0","highlight.js":"~8.0.0","underscore":"~1.5.2","docco":"~0.7.0"},"gitHead":"c37f284771e10b36239c714dcc40827510a6df5f","_id":"coffee-script@1.9.3","_shasum":"596e6e83fcfcb67c5964ab70d444beff0ac04ac7","_from":".","_npmVersion":"1.4.28","_npmUser":{"name":"jashkenas","email":"jashkenas@gmail.com"},"maintainers":[{"name":"jashkenas","email":"jashkenas@gmail.com"},{"name":"michaelficarra","email":"npm@michael.ficarra.me"}],"dist":{"shasum":"596e6e83fcfcb67c5964ab70d444beff0ac04ac7","tarball":"https://registry.npmjs.org/coffee-script/-/coffee-script-1.9.3.tgz"}},"1.10.0":{"name":"coffee-script","description":"Unfancy JavaScript","keywords":["javascript","language","coffeescript","compiler"],"author":{"name":"Jeremy Ashkenas"},"version":"1.10.0","license":"MIT","engines":{"node":">=0.8.0"},"directories":{"lib":"./lib/coffee-script"},"main":"./lib/coffee-script/coffee-script","bin":{"coffee":"./bin/coffee","cake":"./bin/cake"},"preferGlobal":true,"scripts":{"test":"node ./bin/cake test","test-harmony":"node --harmony ./bin/cake test"},"homepage":"http://coffeescript.org","bugs":{"url":"https://github.com/jashkenas/coffeescript/issues"},"repository":{"type":"git","url":"git://github.com/jashkenas/coffeescript.git"},"devDependencies":{"uglify-js":"~2.2","jison":">=0.2.0","highlight.js":"~8.0.0","underscore":"~1.5.2","docco":"~0.7.0"},"gitHead":"f26d33d418dcdcfcc6ad3ab774d9cabbf7af659c","_id":"coffee-script@1.10.0","_shasum":"12938bcf9be1948fa006f92e0c4c9e81705108c0","_from":".","_npmVersion":"1.4.28","_npmUser":{"name":"jashkenas","email":"jashkenas@gmail.com"},"maintainers":[{"name":"jashkenas","email":"jashkenas@gmail.com"},{"name":"michaelficarra","email":"npm@michael.ficarra.me"}],"dist":{"shasum":"12938bcf9be1948fa006f92e0c4c9e81705108c0","tarball":"https://registry.npmjs.org/coffee-script/-/coffee-script-1.10.0.tgz"}},"1.11.0":{"name":"coffee-script","description":"Unfancy JavaScript","keywords":["javascript","language","coffeescript","compiler"],"author":{"name":"Jeremy Ashkenas"},"version":"1.11.0","license":"MIT","engines":{"node":">=0.8.0"},"directories":{"lib":"./lib/coffee-script"},"main":"./lib/coffee-script/coffee-script","bin":{"coffee":"./bin/coffee","cake":"./bin/cake"},"files":["bin","lib","register.js","repl.js"],"preferGlobal":true,"scripts":{"test":"node ./bin/cake test","test-harmony":"node --harmony ./bin/cake test"},"homepage":"http://coffeescript.org","bugs":{"url":"https://github.com/jashkenas/coffeescript/issues"},"repository":{"type":"git","url":"git://github.com/jashkenas/coffeescript.git"},"devDependencies":{"uglify-js":"~2.2","jison":">=0.2.0","highlight.js":"~9.6.0","underscore":"~1.5.2","docco":"~0.7.0"},"gitHead":"c3f5b8db86d3b02499f28da0dbab9859817fdb2c","_id":"coffee-script@1.11.0","_shasum":"591e87f7447a53dfde33dc892db1d15b14ddd92d","_from":".","_npmVersion":"3.10.3","_nodeVersion":"6.5.0","_npmUser":{"name":"lydell","email":"simon.lydell@gmail.com"},"dist":{"shasum":"591e87f7447a53dfde33dc892db1d15b14ddd92d","tarball":"https://registry.npmjs.org/coffee-script/-/coffee-script-1.11.0.tgz"},"maintainers":[{"name":"jashkenas","email":"jashkenas@gmail.com"},{"name":"lydell","email":"simon.lydell@gmail.com"},{"name":"michaelficarra","email":"npm@michael.ficarra.me"}],"_npmOperationalInternal":{"host":"packages-16-east.internal.npmjs.com","tmp":"tmp/coffee-script-1.11.0.tgz_1474720607129_0.8480645380914211"}},"1.11.1":{"name":"coffee-script","description":"Unfancy JavaScript","keywords":["javascript","language","coffeescript","compiler"],"author":{"name":"Jeremy Ashkenas"},"version":"1.11.1","license":"MIT","engines":{"node":">=0.8.0"},"directories":{"lib":"./lib/coffee-script"},"main":"./lib/coffee-script/coffee-script","bin":{"coffee":"./bin/coffee","cake":"./bin/cake"},"files":["bin","lib","register.js","repl.js"],"preferGlobal":true,"scripts":{"test":"node ./bin/cake test","test-harmony":"node --harmony ./bin/cake test"},"homepage":"http://coffeescript.org","bugs":{"url":"https://github.com/jashkenas/coffeescript/issues"},"repository":{"type":"git","url":"git://github.com/jashkenas/coffeescript.git"},"devDependencies":{"uglify-js":"~2.2","jison":">=0.2.0","highlight.js":"~9.6.0","underscore":"~1.5.2","docco":"~0.7.0"},"gitHead":"7b9fbf2c7694c38b71f921ac370f33cdcf835242","_id":"coffee-script@1.11.1","_shasum":"bf1c47ad64443a0d95d12df2b147cc0a4daad6e9","_from":".","_npmVersion":"3.10.3","_nodeVersion":"6.5.0","_npmUser":{"name":"lydell","email":"simon.lydell@gmail.com"},"dist":{"shasum":"bf1c47ad64443a0d95d12df2b147cc0a4daad6e9","tarball":"https://registry.npmjs.org/coffee-script/-/coffee-script-1.11.1.tgz"},"maintainers":[{"name":"jashkenas","email":"jashkenas@gmail.com"},{"name":"lydell","email":"simon.lydell@gmail.com"},{"name":"michaelficarra","email":"npm@michael.ficarra.me"}],"_npmOperationalInternal":{"host":"packages-12-west.internal.npmjs.com","tmp":"tmp/coffee-script-1.11.1.tgz_1475425326252_0.14597668196074665"}},"1.12.0":{"name":"coffee-script","description":"Unfancy JavaScript","keywords":["javascript","language","coffeescript","compiler"],"author":{"name":"Jeremy Ashkenas"},"version":"1.12.0","license":"MIT","engines":{"node":">=0.8.0"},"directories":{"lib":"./lib/coffee-script"},"main":"./lib/coffee-script/coffee-script","bin":{"coffee":"./bin/coffee","cake":"./bin/cake"},"files":["bin","lib","register.js","repl.js"],"preferGlobal":true,"scripts":{"test":"node ./bin/cake test","test-harmony":"node --harmony ./bin/cake test"},"homepage":"http://coffeescript.org","bugs":{"url":"https://github.com/jashkenas/coffeescript/issues"},"repository":{"type":"git","url":"git://github.com/jashkenas/coffeescript.git"},"devDependencies":{"docco":"~0.7.0","google-closure-compiler-js":"^20161024.0.0","highlight.js":"~9.8.0","jison":">=0.4.17","underscore":"~1.8.3"},"gitHead":"fb0639fa38a7e8cead2609cce088baed8c5f94bf","_id":"coffee-script@1.12.0","_shasum":"8ae1181fb37ee9312c09cf2bf0b754dfa1525fba","_from":".","_npmVersion":"3.10.9","_nodeVersion":"7.2.0","_npmUser":{"name":"lydell","email":"simon.lydell@gmail.com"},"dist":{"shasum":"8ae1181fb37ee9312c09cf2bf0b754dfa1525fba","tarball":"https://registry.npmjs.org/coffee-script/-/coffee-script-1.12.0.tgz"},"maintainers":[{"name":"jashkenas","email":"jashkenas@gmail.com"},{"name":"lydell","email":"simon.lydell@gmail.com"},{"name":"michaelficarra","email":"npm@michael.ficarra.me"}],"_npmOperationalInternal":{"host":"packages-12-west.internal.npmjs.com","tmp":"tmp/coffee-script-1.12.0.tgz_1480880008107_0.8489262321963906"}},"1.12.1":{"name":"coffee-script","description":"Unfancy JavaScript","keywords":["javascript","language","coffeescript","compiler"],"author":{"name":"Jeremy Ashkenas"},"version":"1.12.1","license":"MIT","engines":{"node":">=0.8.0"},"directories":{"lib":"./lib/coffee-script"},"main":"./lib/coffee-script/coffee-script","bin":{"coffee":"./bin/coffee","cake":"./bin/cake"},"files":["bin","lib","register.js","repl.js"],"preferGlobal":true,"scripts":{"test":"node ./bin/cake test","test-harmony":"node --harmony ./bin/cake test"},"homepage":"http://coffeescript.org","bugs":{"url":"https://github.com/jashkenas/coffeescript/issues"},"repository":{"type":"git","url":"git://github.com/jashkenas/coffeescript.git"},"devDependencies":{"docco":"~0.7.0","google-closure-compiler-js":"^20161024.0.0","highlight.js":"~9.8.0","jison":">=0.4.17","underscore":"~1.8.3"},"gitHead":"26cfd198625790b6de6f600a5ccfc8755c37103e","_id":"coffee-script@1.12.1","_shasum":"67b8dfec64f0620f82f39583f04fbdd9f01e9cfd","_from":".","_npmVersion":"3.10.9","_nodeVersion":"7.2.0","_npmUser":{"name":"lydell","email":"simon.lydell@gmail.com"},"dist":{"shasum":"67b8dfec64f0620f82f39583f04fbdd9f01e9cfd","tarball":"https://registry.npmjs.org/coffee-script/-/coffee-script-1.12.1.tgz"},"maintainers":[{"name":"jashkenas","email":"jashkenas@gmail.com"},{"name":"lydell","email":"simon.lydell@gmail.com"},{"name":"michaelficarra","email":"npm@michael.ficarra.me"}],"_npmOperationalInternal":{"host":"packages-12-west.internal.npmjs.com","tmp":"tmp/coffee-script-1.12.1.tgz_1481221234003_0.5503903694916517"}},"1.12.2":{"name":"coffee-script","description":"Unfancy JavaScript","keywords":["javascript","language","coffeescript","compiler"],"author":{"name":"Jeremy Ashkenas"},"version":"1.12.2","license":"MIT","engines":{"node":">=0.8.0"},"directories":{"lib":"./lib/coffee-script"},"main":"./lib/coffee-script/coffee-script","bin":{"coffee":"./bin/coffee","cake":"./bin/cake"},"files":["bin","lib","register.js","repl.js"],"preferGlobal":true,"scripts":{"test":"node ./bin/cake test","test-harmony":"node --harmony ./bin/cake test"},"homepage":"http://coffeescript.org","bugs":{"url":"https://github.com/jashkenas/coffeescript/issues"},"repository":{"type":"git","url":"git://github.com/jashkenas/coffeescript.git"},"devDependencies":{"docco":"~0.7.0","google-closure-compiler-js":"^20161201.0.0","highlight.js":"~9.9.0","jison":">=0.4.17","marked":"^0.3.6","underscore":"~1.8.3"},"gitHead":"de180dc81ab138127bdf40ed775a10f8cf870e85","_id":"coffee-script@1.12.2","_shasum":"0d4cbdee183f650da95419570c4929d08ef91376","_from":".","_npmVersion":"3.10.9","_nodeVersion":"7.2.0","_npmUser":{"name":"lydell","email":"simon.lydell@gmail.com"},"dist":{"shasum":"0d4cbdee183f650da95419570c4929d08ef91376","tarball":"https://registry.npmjs.org/coffee-script/-/coffee-script-1.12.2.tgz"},"maintainers":[{"name":"jashkenas","email":"jashkenas@gmail.com"},{"name":"lydell","email":"simon.lydell@gmail.com"},{"name":"michaelficarra","email":"npm@michael.ficarra.me"}],"_npmOperationalInternal":{"host":"packages-12-west.internal.npmjs.com","tmp":"tmp/coffee-script-1.12.2.tgz_1481878079602_0.06988411536440253"}},"1.12.3":{"name":"coffee-script","description":"Unfancy JavaScript","keywords":["javascript","language","coffeescript","compiler"],"author":{"name":"Jeremy Ashkenas"},"version":"1.12.3","license":"MIT","engines":{"node":">=0.8.0"},"directories":{"lib":"./lib/coffee-script"},"main":"./lib/coffee-script/coffee-script","bin":{"coffee":"./bin/coffee","cake":"./bin/cake"},"files":["bin","lib","register.js","repl.js"],"preferGlobal":true,"scripts":{"test":"node ./bin/cake test","test-harmony":"node --harmony ./bin/cake test"},"homepage":"http://coffeescript.org","bugs":{"url":"https://github.com/jashkenas/coffeescript/issues"},"repository":{"type":"git","url":"git://github.com/jashkenas/coffeescript.git"},"devDependencies":{"docco":"~0.7.0","google-closure-compiler-js":"^20161201.0.1","highlight.js":"~9.9.0","jison":">=0.4.17","marked":"^0.3.6","underscore":"~1.8.3"},"gitHead":"635e207f3f512dd5e88b3f31862b1a0f1f050c95","_id":"coffee-script@1.12.3","_shasum":"de5f4b1b934a4e9f915c57acd7ad323f68f715db","_from":".","_npmVersion":"3.10.9","_nodeVersion":"7.2.0","_npmUser":{"name":"lydell","email":"simon.lydell@gmail.com"},"dist":{"shasum":"de5f4b1b934a4e9f915c57acd7ad323f68f715db","tarball":"https://registry.npmjs.org/coffee-script/-/coffee-script-1.12.3.tgz"},"maintainers":[{"name":"jashkenas","email":"jashkenas@gmail.com"},{"name":"lydell","email":"simon.lydell@gmail.com"},{"name":"michaelficarra","email":"npm@michael.ficarra.me"}],"_npmOperationalInternal":{"host":"packages-12-west.internal.npmjs.com","tmp":"tmp/coffee-script-1.12.3.tgz_1485280440951_0.6911955787800252"}},"1.12.4":{"name":"coffee-script","description":"Unfancy JavaScript","keywords":["javascript","language","coffeescript","compiler"],"author":{"name":"Jeremy Ashkenas"},"version":"1.12.4","license":"MIT","engines":{"node":">=0.8.0"},"directories":{"lib":"./lib/coffee-script"},"main":"./lib/coffee-script/coffee-script","bin":{"coffee":"./bin/coffee","cake":"./bin/cake"},"files":["bin","lib","register.js","repl.js"],"preferGlobal":true,"scripts":{"test":"node ./bin/cake test","test-harmony":"node --harmony ./bin/cake test"},"homepage":"http://coffeescript.org","bugs":{"url":"https://github.com/jashkenas/coffeescript/issues"},"repository":{"type":"git","url":"git://github.com/jashkenas/coffeescript.git"},"devDependencies":{"docco":"~0.7.0","google-closure-compiler-js":"^20170124.0.0","highlight.js":"~9.9.0","jison":">=0.4.17","marked":"^0.3.6","underscore":"~1.8.3"},"gitHead":"91e3f7255c3bc6e7100329a98271227719f0153c","_id":"coffee-script@1.12.4","_shasum":"fe1bced97fe1fb3927b998f2b45616e0658be1ff","_from":".","_npmVersion":"3.10.9","_nodeVersion":"7.2.0","_npmUser":{"name":"lydell","email":"simon.lydell@gmail.com"},"dist":{"shasum":"fe1bced97fe1fb3927b998f2b45616e0658be1ff","tarball":"https://registry.npmjs.org/coffee-script/-/coffee-script-1.12.4.tgz"},"maintainers":[{"name":"jashkenas","email":"jashkenas@gmail.com"},{"name":"lydell","email":"simon.lydell@gmail.com"},{"name":"michaelficarra","email":"npm@michael.ficarra.me"}],"_npmOperationalInternal":{"host":"packages-12-west.internal.npmjs.com","tmp":"tmp/coffee-script-1.12.4.tgz_1487407723911_0.4545380750205368"}}},"maintainers":[{"name":"jashkenas","email":"jashkenas@gmail.com"},{"name":"lydell","email":"simon.lydell@gmail.com"},{"name":"michaelficarra","email":"npm@michael.ficarra.me"}],"author":{"name":"Jeremy Ashkenas"},"time":{"modified":"2017-03-10T16:00:51.497Z","created":"2010-12-24T19:03:36.215Z","0.7.0":"2010-12-24T19:03:36.215Z","0.7.1":"2010-12-24T19:03:36.215Z","0.7.2":"2010-12-24T19:03:36.215Z","0.9.0":"2010-12-24T19:03:36.215Z","0.9.1":"2010-12-24T19:03:36.215Z","0.9.2":"2010-12-24T19:03:36.215Z","0.9.3":"2010-12-24T19:03:36.215Z","0.9.4":"2010-12-24T19:03:36.215Z","0.9.5":"2010-12-24T19:03:36.215Z","0.9.6":"2010-12-24T19:03:36.215Z","1.0.0":"2010-12-24T19:03:36.215Z","1.1.0-pre":"2011-02-01T03:40:06.654Z","1.0.1":"2011-02-01T03:42:04.611Z","1.1.0":"2011-05-01T16:09:17.054Z","1.1.1":"2011-05-10T13:28:00.633Z","1.1.2":"2011-08-05T03:18:50.703Z","1.1.3":"2011-11-08T23:05:16.149Z","1.2.0":"2011-12-18T20:29:34.507Z","1.3.0":"2012-04-10T18:59:43.592Z","1.3.1":"2012-04-10T21:26:52.615Z","1.3.2":"2012-05-14T18:46:02.541Z","1.3.3":"2012-05-15T16:36:07.179Z","1.4.0":"2012-10-23T20:46:30.811Z","1.5.0":"2013-02-25T08:14:10.760Z","1.6.0":"2013-03-04T20:25:15.726Z","1.6.1":"2013-03-04T22:08:53.302Z","1.6.2":"2013-03-18T05:11:22.175Z","1.6.3":"2013-06-02T05:39:20.652Z","1.7.0":"2014-01-28T19:08:17.607Z","1.7.1":"2014-01-30T05:20:53.053Z","1.8.0":"2014-08-26T16:24:25.075Z","1.9.0":"2015-01-29T17:29:06.940Z","1.9.1":"2015-02-18T20:47:50.237Z","1.9.2":"2015-04-15T15:49:36.001Z","1.9.3":"2015-05-27T15:58:07.551Z","1.10.0":"2015-09-03T19:47:34.946Z","1.11.0":"2016-09-24T12:36:48.326Z","1.11.1":"2016-10-02T16:22:08.193Z","1.12.0":"2016-12-04T19:33:30.360Z","1.12.1":"2016-12-08T18:20:36.388Z","1.12.2":"2016-12-16T08:48:01.582Z","1.12.3":"2017-01-24T17:54:02.984Z","1.12.4":"2017-02-18T08:48:45.870Z"},"repository":{"type":"git","url":"git://github.com/jashkenas/coffeescript.git"},"users":{"thejh":true,"linus":true,"dodo":true,"dmalam":true,"moonpyk":true,"yazgazan":true,"kislitsyn":true,"poulejapon":true,"vrtak-cz":true,"pwnall":true,"coiscir":true,"fgribreau":true,"xenomuta":true,"sergeych":true,"m42am":true,"strathausen":true,"bencevans":true,"Scryptonite":true,"freethenation":true,"meryn":true,"stid":true,"zonetti":true,"cparker15":true,"nicohman":true,"bigluck":true,"shanewholloway":true,"fibo":true,"ajumell":true,"denisix":true,"chrisoei":true,"aniketpant":true,"mhaidarh":true,"mpinteractiv":true,"t3chnoboy":true,"piroma":true,"karudo":true,"takethefire":true,"jacques":true,"green_goo":true,"mabotech":true,"tcarlsen":true,"thom_nic":true,"slang800":true,"gabeio":true,"loguncov":true,"saschamayr":true,"ericlondon":true,"s4g6":true,"kossnocorp":true,"lubelski":true,"funroll":true,"cocopas":true,"davidwbradford":true,"jasonw":true,"jkcpr":true,"chaowi":true,"oliboy50":true,"edalorzo":true,"josephdavisco":true,"davidrlee":true,"janez89":true,"onuma1004":true,"frk1705":true,"shatting":true,"sposmen":true,"maschs":true,"leighakin":true,"ryanthejuggler":true,"mswanson1524":true,"knight-of-design":true,"yourhoneysky":true,"bmpvieira":true,"jits":true,"nornalbion":true,"frdarryl":true,"henryfour":true,"louxiaojian":true,"adagio":true,"xueweijie":true,"andreaspizsa":true,"kgust":true,"smiledawgg":true,"faraday":true,"windhamdavid":true,"kewin":true,"torkristensen":true,"jhabdas":true,"nfd":true,"ivangaravito":true,"swak":true,"kuzhelov":true,"thorsson":true,"devonoel":true,"akarzim":true,"tophsic":true,"themiddleman":true,"aloesch":true,"octod":true,"pcac":true,"elliotchong":true,"nmrony":true,"mahoutsuk.ai":true,"dudley":true,"wzlikai":true,"liujiajia":true,"willhoag":true,"xavierharrell":true,"haeck":true,"pnevares":true,"lenage":true,"pughpugh":true,"eins78":true,"jerzerak":true,"anmol1771":true,"rebugger":true,"msmiley":true,"jirka8":true,"goodseller":true,"walkah":true,"jimkropa":true,"jimrobs":true,"jaa":true,"pedrofelipe":true,"safinalexey":true,"cannobbio":true,"marianboda":true,"adambyrne":true,"phoenix-xsy":true,"keeyanajones":true,"austinkeeley":true,"monsterkodi":true,"arahnoid":true,"leonardorb":true,"gsholtz":true,"itonyyo":true,"crowbar":true,"kilpiban":true,"avil13":true,"makediff":true,"giovannif23":true,"leyyinad":true,"joemdavis":true,"yeltsin":true,"dolymood":true,"pomutemu":true,"xieranmaya":true,"uniquerockrz":true,"deiga":true,"flayks":true,"nwinant":true,"buzuli":true,"aliemre":true,"thepanuto":true,"enhou518":true,"mauperruolo":true,"jyounce":true,"gableroux":true,"nournia":true,"jmelanson-balihoo":true,"donkanee":true,"markthethomas":true,"mattms":true,"tamer1an":true,"slang":true,"gabriel.engel":true,"theuves":true,"fvcproductions":true,"isyara":true,"eneepo":true,"brentlintner":true,"octetstream":true,"charlycoste":true,"zumanex":true,"grantgeorge":true,"phizzsta":true,"zzl81cn":true,"eselopiojs":true,"a1ip":true,"tim545":true,"metalim":true,"iliyat":true,"leandro.maioral":true,"labstersrak":true,"jessaustin":true,"gamr":true,"kontrax":true,"belbola":true,"codeprowong":true,"jovenbarola":true,"matthewbauer":true,"trquoccuong":true,"danielmacho72":true,"mamalat":true,"micael-gabenna":true,"edwin_estrada":true,"aurium":true,"stephenhowells":true,"vqoph":true,"starver":true,"dskecse":true,"quality520":true,"naokie":true,"xeoneux":true,"superjudge":true,"lekkas":true,"temoto-kun":true,"snowdream":true,"cdll":true,"usedf295":true,"rakeshalhan":true,"gustavomeloweb":true,"piyushmakhija":true,"nmccready":true,"jiku":true,"bapinney":true,"nickeltobias":true,"stigandr":true,"scaffrey":true,"diegoperini":true,"martl":true,"dimonfox":true,"egantz":true,"alincode":true,"bobdowns":true,"mrmalec":true,"richardcfelix":true,"shinelin":true,"moueza":true,"sparkrico":true,"stuart.shi":true,"abdihaikal":true,"skrdv":true,"tobiasnickel":true,"medo_alouane":true,"lgh06":true,"cfleschhut":true,"wfcookie":true,"joussy":true,"goodjobpj":true,"neomadara":true,"arteymix":true,"timdp":true,"txredking":true,"rokeyzki":true,"qddegtya":true,"demopark":true,"nexume":true,"hyteer":true,"code32":true,"willyelm":true,"coalesce":true,"feyzee":true,"lex_nel":true,"alvajc":true,"gracheff":true,"runjinz":true,"diegorbaquero":true,"reekdeb":true,"xufz":true,"segen":true,"dainov":true,"sopepos":true,"true0r":true,"joannerpena":true,"kissyid":true,"markh817":true,"javascriptismagic":true,"lizhiqiang":true,"olian04":true,"x0000ff":true,"davidcaballeroj":true,"muroc":true,"mcphailtom":true,"dcavalcante":true,"lmanukyan":true,"razr9":true,"miga":true,"ironmaniiith":true,"billysharp":true,"rocket0191":true,"biera":true,"danielbayley":true,"shakakira":true,"alessandraurso":true,"johnend":true,"nohomey":true,"manosteele":true,"jricardoprog":true,"igorsetsfire":true,"sushiifox":true,"monjer":true,"langri-sha":true,"phritolay":true,"sergey.pedan":true,"kiandrajayne":true,"mwebsolutions":true,"thedayman":true,"rogeriera":true,"kuzmicheff":true,"saoskia":true,"inza":true,"gesf":true,"gangmax":true,"igasho":true,"lcsisy":true,"joaquin.briceno":true,"pepedders":true,"axelrindle":true,"ramsaybell":true,"mseminatore":true,"chinawolf_wyp":true,"edditoria":true},"readme":"            {\n         }   }   {\n        {   {  }  }\n         }   }{  {\n        {  }{  }  }                    _____       __  __\n       { }{ }{  { }                   / ____|     / _|/ _|\n     .- { { }  { }} -.               | |     ___ | |_| |_ ___  ___\n    (  { } { } { } }  )              | |    / _ \\|  _|  _/ _ \\/ _ \\\n    |`-..________ ..-'|              | |___| (_) | | | ||  __/  __/\n    |                 |               \\_____\\___/|_| |_| \\___|\\___|\n    |                 ;--.\n    |                (__  \\            _____           _       _\n    |                 | )  )          / ____|         (_)     | |\n    |                 |/  /          | (___   ___ _ __ _ _ __ | |_\n    |                 (  /            \\___ \\ / __| '__| | '_ \\| __|\n    |                 |/              ____) | (__| |  | | |_) | |_\n    |                 |              |_____/ \\___|_|  |_| .__/ \\__|\n     `-.._________..-'                                  | |\n                                                        |_|\n\nCoffeeScript is a little language that compiles into JavaScript.\n\n## Installation\n\nIf you have the node package manager, npm, installed:\n\n```shell\nnpm install --global coffee-script\n```\n\nLeave off the `--global` if you don’t wish to install globally.\n\n## Getting Started\n\nExecute a script:\n\n```shell\ncoffee /path/to/script.coffee\n```\n\nCompile a script:\n\n```shell\ncoffee -c /path/to/script.coffee\n```\n\nFor documentation, usage, and examples, see: http://coffeescript.org/\n\nTo suggest a feature or report a bug: http://github.com/jashkenas/coffeescript/issues\n\nIf you’d like to chat, drop by #coffeescript on Freenode IRC.\n\nThe source repository: https://github.com/jashkenas/coffeescript.git\n\nChangelog: http://coffeescript.org/#changelog\n\nOur lovely and talented contributors are listed here: http://github.com/jashkenas/coffeescript/contributors\n","readmeFilename":"README.md","homepage":"http://coffeescript.org","keywords":["javascript","language","coffeescript","compiler"],"bugs":{"url":"https://github.com/jashkenas/coffeescript/issues"},"license":"MIT","_attachments":{},"_etag":"W/\"58c2cdb3-d217\"","_lastModified":"Fri, 10 Mar 2017 16:00:51 GMT","_cached":true}