{"_id":"marko-prettyprint","_rev":"23-6771191007791d5db3f1dce1b937185d","name":"marko-prettyprint","description":"Prettyprint Marko template files in the syntax of your choice","dist-tags":{"latest":"1.3.5"},"versions":{"1.0.0":{"name":"marko-prettyprint","version":"1.0.0","description":"Prettyprint Marko template files in the syntax of your choice","main":"src/index.js","scripts":{"test":"echo \"Error: no test specified\" && exit 1"},"repository":{"type":"git","url":"git+https://github.com/marko-js/marko-prettyprint.git"},"keywords":["prettyprint","marko","templates"],"author":{"name":"Patrick Steele-Idem","email":"pnidem@gmail.com"},"license":"ISC","bugs":{"url":"https://github.com/marko-js/marko-prettyprint/issues"},"homepage":"https://github.com/marko-js/marko-prettyprint/#readme","dependencies":{"marko":"^3.0.0-alpha.2"},"gitHead":"c2561f82ad3aca9d6507e7f82eab184bfe72af03","_id":"marko-prettyprint@1.0.0","_shasum":"8d7dc22ffa822efacaf6e148328608a052210553","_from":".","_npmVersion":"2.14.20","_nodeVersion":"0.10.35","_npmUser":{"name":"pnidem","email":"pnidem@gmail.com"},"maintainers":[{"name":"pnidem","email":"pnidem@gmail.com"}],"dist":{"shasum":"8d7dc22ffa822efacaf6e148328608a052210553","tarball":"https://registry.npmjs.org/marko-prettyprint/-/marko-prettyprint-1.0.0.tgz"},"_npmOperationalInternal":{"host":"packages-5-east.internal.npmjs.com","tmp":"tmp/marko-prettyprint-1.0.0.tgz_1456508339040_0.9886250735726207"},"directories":{}},"1.0.1":{"name":"marko-prettyprint","version":"1.0.1","description":"Prettyprint Marko template files in the syntax of your choice","main":"src/index.js","scripts":{"test":"echo \"Error: no test specified\" && exit 1"},"repository":{"type":"git","url":"git+https://github.com/marko-js/marko-prettyprint.git"},"keywords":["prettyprint","marko","templates"],"author":{"name":"Patrick Steele-Idem","email":"pnidem@gmail.com"},"license":"ISC","bugs":{"url":"https://github.com/marko-js/marko-prettyprint/issues"},"homepage":"https://github.com/marko-js/marko-prettyprint/#readme","dependencies":{"marko":"^3.0.0-alpha.2"},"gitHead":"b2102ade2f40c0583a00960cda39114fde24d9c9","_id":"marko-prettyprint@1.0.1","_shasum":"fb83acc98d21f44767b2d7a6f352952cd7a6439d","_from":".","_npmVersion":"2.14.20","_nodeVersion":"0.10.35","_npmUser":{"name":"pnidem","email":"pnidem@gmail.com"},"maintainers":[{"name":"pnidem","email":"pnidem@gmail.com"}],"dist":{"shasum":"fb83acc98d21f44767b2d7a6f352952cd7a6439d","tarball":"https://registry.npmjs.org/marko-prettyprint/-/marko-prettyprint-1.0.1.tgz"},"_npmOperationalInternal":{"host":"packages-9-west.internal.npmjs.com","tmp":"tmp/marko-prettyprint-1.0.1.tgz_1456508440962_0.1990958284586668"},"directories":{}},"1.0.2":{"name":"marko-prettyprint","version":"1.0.2","description":"Prettyprint Marko template files in the syntax of your choice","main":"src/index.js","scripts":{"test":"echo \"Error: no test specified\" && exit 1"},"repository":{"type":"git","url":"git+https://github.com/marko-js/marko-prettyprint.git"},"keywords":["prettyprint","marko","templates"],"author":{"name":"Patrick Steele-Idem","email":"pnidem@gmail.com"},"license":"ISC","bugs":{"url":"https://github.com/marko-js/marko-prettyprint/issues"},"homepage":"https://github.com/marko-js/marko-prettyprint/#readme","dependencies":{"marko":"^3.0.0-alpha.2"},"gitHead":"92a4fe94e04d215dd77e025087e8fbbe7df33895","_id":"marko-prettyprint@1.0.2","_shasum":"6ee968b439682aff46dc648f40591565ba02462a","_from":".","_npmVersion":"2.14.12","_nodeVersion":"4.3.1","_npmUser":{"name":"pnidem","email":"pnidem@gmail.com"},"maintainers":[{"name":"pnidem","email":"pnidem@gmail.com"}],"dist":{"shasum":"6ee968b439682aff46dc648f40591565ba02462a","tarball":"https://registry.npmjs.org/marko-prettyprint/-/marko-prettyprint-1.0.2.tgz"},"_npmOperationalInternal":{"host":"packages-9-west.internal.npmjs.com","tmp":"tmp/marko-prettyprint-1.0.2.tgz_1456525777281_0.3005165287759155"},"directories":{}},"1.0.3":{"name":"marko-prettyprint","version":"1.0.3","description":"Prettyprint Marko template files in the syntax of your choice","main":"src/index.js","scripts":{"init-tests":"./test/init-tests.sh","test":"npm run mocha && npm run jshint","mocha":"mocha --ui bdd --reporter spec ./test/","jshint":"jshint src/"},"repository":{"type":"git","url":"git+https://github.com/marko-js/marko-prettyprint.git"},"keywords":["prettyprint","marko","templates"],"author":{"name":"Patrick Steele-Idem","email":"pnidem@gmail.com"},"license":"ISC","bugs":{"url":"https://github.com/marko-js/marko-prettyprint/issues"},"homepage":"https://github.com/marko-js/marko-prettyprint/#readme","dependencies":{"marko":"^3.0.0-alpha.2"},"devDependencies":{"chai":"^3.5.0","jshint":"^2.9.1","mocha":"^2.4.5"},"gitHead":"0e9d5a86359b16b6c839ccb42e30be9c1eb3a983","_id":"marko-prettyprint@1.0.3","_shasum":"1493e44dbce1aae60e626a476b4a394cd6be5067","_from":".","_npmVersion":"2.14.20","_nodeVersion":"0.10.35","_npmUser":{"name":"pnidem","email":"pnidem@gmail.com"},"maintainers":[{"name":"pnidem","email":"pnidem@gmail.com"}],"dist":{"shasum":"1493e44dbce1aae60e626a476b4a394cd6be5067","tarball":"https://registry.npmjs.org/marko-prettyprint/-/marko-prettyprint-1.0.3.tgz"},"_npmOperationalInternal":{"host":"packages-13-west.internal.npmjs.com","tmp":"tmp/marko-prettyprint-1.0.3.tgz_1457114514937_0.799363529542461"},"directories":{}},"1.0.4":{"name":"marko-prettyprint","version":"1.0.4","description":"Prettyprint Marko template files in the syntax of your choice","main":"src/index.js","scripts":{"init-tests":"./test/init-tests.sh","test":"npm run mocha && npm run jshint","mocha":"mocha --ui bdd --reporter spec ./test/","jshint":"jshint src/"},"repository":{"type":"git","url":"git+https://github.com/marko-js/marko-prettyprint.git"},"keywords":["prettyprint","marko","templates"],"author":{"name":"Patrick Steele-Idem","email":"pnidem@gmail.com"},"license":"ISC","bugs":{"url":"https://github.com/marko-js/marko-prettyprint/issues"},"homepage":"https://github.com/marko-js/marko-prettyprint/#readme","dependencies":{"marko":"^3.0.0-alpha.2"},"devDependencies":{"chai":"^3.5.0","jshint":"^2.9.1","mocha":"^2.4.5"},"gitHead":"6e39c987d8c2be23a45a25d1487499c9d90004b3","_id":"marko-prettyprint@1.0.4","_shasum":"0045e3c2d2090c3e4d5bdf145712ff567654d76b","_from":".","_npmVersion":"2.14.12","_nodeVersion":"4.3.1","_npmUser":{"name":"pnidem","email":"pnidem@gmail.com"},"maintainers":[{"name":"pnidem","email":"pnidem@gmail.com"}],"dist":{"shasum":"0045e3c2d2090c3e4d5bdf145712ff567654d76b","tarball":"https://registry.npmjs.org/marko-prettyprint/-/marko-prettyprint-1.0.4.tgz"},"_npmOperationalInternal":{"host":"packages-13-west.internal.npmjs.com","tmp":"tmp/marko-prettyprint-1.0.4.tgz_1457639119444_0.2793801554944366"},"directories":{}},"1.0.5":{"name":"marko-prettyprint","version":"1.0.5","description":"Prettyprint Marko template files in the syntax of your choice","main":"src/index.js","bin":{"marko-prettyprint":"bin/marko-prettyprint"},"scripts":{"init-tests":"./test/init-tests.sh","test":"npm run mocha && npm run jshint","mocha":"mocha --ui bdd --reporter spec ./test/","jshint":"jshint src/"},"repository":{"type":"git","url":"git+https://github.com/marko-js/marko-prettyprint.git"},"keywords":["prettyprint","marko","templates"],"author":{"name":"Patrick Steele-Idem","email":"pnidem@gmail.com"},"license":"ISC","bugs":{"url":"https://github.com/marko-js/marko-prettyprint/issues"},"homepage":"https://github.com/marko-js/marko-prettyprint/#readme","dependencies":{"argly":"^1.0.0","marko":"^3.0.0","minimatch":"^3.0.0"},"devDependencies":{"chai":"^3.5.0","jshint":"^2.9.1","mocha":"^2.4.5"},"gitHead":"639993373677e19c93648fc7e5484620f0dce9d4","_id":"marko-prettyprint@1.0.5","_shasum":"ecd86b6e11b7624721d2f318b14f63c66118a1db","_from":".","_npmVersion":"2.14.12","_nodeVersion":"4.3.1","_npmUser":{"name":"pnidem","email":"pnidem@gmail.com"},"maintainers":[{"name":"pnidem","email":"pnidem@gmail.com"}],"dist":{"shasum":"ecd86b6e11b7624721d2f318b14f63c66118a1db","tarball":"https://registry.npmjs.org/marko-prettyprint/-/marko-prettyprint-1.0.5.tgz"},"_npmOperationalInternal":{"host":"packages-12-west.internal.npmjs.com","tmp":"tmp/marko-prettyprint-1.0.5.tgz_1458247856692_0.3836710103787482"},"directories":{}},"1.0.6":{"name":"marko-prettyprint","version":"1.0.6","description":"Prettyprint Marko template files in the syntax of your choice","main":"src/index.js","bin":{"marko-prettyprint":"bin/marko-prettyprint"},"scripts":{"init-tests":"./test/init-tests.sh","test":"npm run mocha && npm run jshint","mocha":"mocha --ui bdd --reporter spec ./test/","jshint":"jshint src/"},"repository":{"type":"git","url":"git+https://github.com/marko-js/marko-prettyprint.git"},"keywords":["prettyprint","marko","templates"],"author":{"name":"Patrick Steele-Idem","email":"pnidem@gmail.com"},"license":"ISC","bugs":{"url":"https://github.com/marko-js/marko-prettyprint/issues"},"homepage":"https://github.com/marko-js/marko-prettyprint/#readme","dependencies":{"argly":"^1.0.0","marko":"^3.0.0","minimatch":"^3.0.0"},"devDependencies":{"chai":"^3.5.0","jshint":"^2.9.1","mocha":"^2.4.5"},"gitHead":"c13e85a457c14dde981a58b0b1f297f7dc240a69","_id":"marko-prettyprint@1.0.6","_shasum":"be57b2930ad3748bfafb23df4a9ce895d94e3542","_from":".","_npmVersion":"2.14.20","_nodeVersion":"0.10.35","_npmUser":{"name":"pnidem","email":"pnidem@gmail.com"},"maintainers":[{"name":"pnidem","email":"pnidem@gmail.com"}],"dist":{"shasum":"be57b2930ad3748bfafb23df4a9ce895d94e3542","tarball":"https://registry.npmjs.org/marko-prettyprint/-/marko-prettyprint-1.0.6.tgz"},"_npmOperationalInternal":{"host":"packages-16-east.internal.npmjs.com","tmp":"tmp/marko-prettyprint-1.0.6.tgz_1460484488852_0.9654340478591621"},"directories":{}},"1.1.0":{"name":"marko-prettyprint","version":"1.1.0","description":"Prettyprint Marko template files in the syntax of your choice","main":"src/index.js","bin":{"marko-prettyprint":"bin/marko-prettyprint"},"scripts":{"init-tests":"./test/init-tests.sh","test":"npm run mocha && npm run jshint","mocha":"mocha --ui bdd --reporter spec ./test/","jshint":"jshint src/"},"repository":{"type":"git","url":"git+https://github.com/marko-js/marko-prettyprint.git"},"keywords":["prettyprint","marko","templates"],"author":{"name":"Patrick Steele-Idem","email":"pnidem@gmail.com"},"license":"ISC","bugs":{"url":"https://github.com/marko-js/marko-prettyprint/issues"},"homepage":"https://github.com/marko-js/marko-prettyprint/#readme","dependencies":{"argly":"^1.0.0","marko":"^3.0.0","minimatch":"^3.0.0"},"devDependencies":{"chai":"^3.5.0","jshint":"^2.9.1","mocha":"^2.4.5"},"gitHead":"09bc71dc5d566007b194a65de0d96d5a8cd9c276","_id":"marko-prettyprint@1.1.0","_shasum":"1f0dc9e7f05ad688aff3b5e2aa5855e1fa70d1b9","_from":".","_npmVersion":"2.14.12","_nodeVersion":"4.3.1","_npmUser":{"name":"pnidem","email":"pnidem@gmail.com"},"dist":{"shasum":"1f0dc9e7f05ad688aff3b5e2aa5855e1fa70d1b9","tarball":"https://registry.npmjs.org/marko-prettyprint/-/marko-prettyprint-1.1.0.tgz"},"maintainers":[{"name":"pnidem","email":"pnidem@gmail.com"}],"_npmOperationalInternal":{"host":"packages-12-west.internal.npmjs.com","tmp":"tmp/marko-prettyprint-1.1.0.tgz_1461689859277_0.3558337891008705"},"directories":{}},"1.1.2":{"name":"marko-prettyprint","version":"1.1.2","description":"Prettyprint Marko template files in the syntax of your choice","main":"src/index.js","bin":{"marko-prettyprint":"bin/marko-prettyprint"},"scripts":{"init-tests":"./test/init-tests.sh","test":"npm run mocha && npm run jshint","mocha":"mocha --ui bdd --reporter spec ./test/","jshint":"jshint src/"},"repository":{"type":"git","url":"git+https://github.com/marko-js/marko-prettyprint.git"},"keywords":["prettyprint","marko","templates"],"author":{"name":"Patrick Steele-Idem","email":"pnidem@gmail.com"},"license":"ISC","bugs":{"url":"https://github.com/marko-js/marko-prettyprint/issues"},"homepage":"https://github.com/marko-js/marko-prettyprint/#readme","dependencies":{"argly":"^1.0.0","marko":"^3.0.0","minimatch":"^3.0.0"},"devDependencies":{"chai":"^3.5.0","jshint":"^2.9.1","mocha":"^2.4.5"},"gitHead":"9e05ac383bee9ecfd5cc3e2fc1f96e815e9f78de","_id":"marko-prettyprint@1.1.2","_shasum":"b3ddf953e1ff909846176309d17a115ca99727d1","_from":".","_npmVersion":"2.14.12","_nodeVersion":"4.3.1","_npmUser":{"name":"pnidem","email":"pnidem@gmail.com"},"dist":{"shasum":"b3ddf953e1ff909846176309d17a115ca99727d1","tarball":"https://registry.npmjs.org/marko-prettyprint/-/marko-prettyprint-1.1.2.tgz"},"maintainers":[{"name":"pnidem","email":"pnidem@gmail.com"}],"_npmOperationalInternal":{"host":"packages-16-east.internal.npmjs.com","tmp":"tmp/marko-prettyprint-1.1.2.tgz_1461911517281_0.8356368206441402"},"directories":{}},"1.1.3":{"name":"marko-prettyprint","version":"1.1.3","description":"Prettyprint Marko template files in the syntax of your choice","main":"src/index.js","bin":{"marko-prettyprint":"bin/marko-prettyprint"},"scripts":{"init-tests":"./test/init-tests.sh","test":"npm run mocha && npm run jshint","mocha":"mocha --ui bdd --reporter spec ./test/","jshint":"jshint src/"},"repository":{"type":"git","url":"git+https://github.com/marko-js/marko-prettyprint.git"},"keywords":["prettyprint","marko","templates"],"author":{"name":"Patrick Steele-Idem","email":"pnidem@gmail.com"},"license":"ISC","bugs":{"url":"https://github.com/marko-js/marko-prettyprint/issues"},"homepage":"https://github.com/marko-js/marko-prettyprint/#readme","dependencies":{"argly":"^1.0.0","marko":"^3.0.0","minimatch":"^3.0.0"},"devDependencies":{"chai":"^3.5.0","jshint":"^2.9.1","mocha":"^2.4.5"},"gitHead":"c9226a5c495cafa776984281a34e99da81060a47","_id":"marko-prettyprint@1.1.3","_shasum":"afadd0beb7e1aa90523d1e2fa49b8b6c62628472","_from":".","_npmVersion":"2.15.1","_nodeVersion":"4.4.3","_npmUser":{"name":"pnidem","email":"pnidem@gmail.com"},"dist":{"shasum":"afadd0beb7e1aa90523d1e2fa49b8b6c62628472","tarball":"https://registry.npmjs.org/marko-prettyprint/-/marko-prettyprint-1.1.3.tgz"},"maintainers":[{"name":"pnidem","email":"pnidem@gmail.com"}],"_npmOperationalInternal":{"host":"packages-12-west.internal.npmjs.com","tmp":"tmp/marko-prettyprint-1.1.3.tgz_1462472722594_0.026101069757714868"},"directories":{}},"1.1.4":{"name":"marko-prettyprint","version":"1.1.4","description":"Prettyprint Marko template files in the syntax of your choice","main":"src/index.js","bin":{"marko-prettyprint":"bin/marko-prettyprint"},"scripts":{"init-tests":"./test/init-tests.sh","test":"npm run mocha && npm run jshint","mocha":"mocha --ui bdd --reporter spec ./test/","jshint":"jshint src/"},"repository":{"type":"git","url":"git+https://github.com/marko-js/marko-prettyprint.git"},"keywords":["prettyprint","marko","templates"],"author":{"name":"Patrick Steele-Idem","email":"pnidem@gmail.com"},"license":"ISC","bugs":{"url":"https://github.com/marko-js/marko-prettyprint/issues"},"homepage":"https://github.com/marko-js/marko-prettyprint/#readme","dependencies":{"argly":"^1.0.0","marko":"^3.0.0","minimatch":"^3.0.0"},"devDependencies":{"chai":"^3.5.0","jshint":"^2.9.1","mocha":"^2.4.5"},"gitHead":"07f342fc73e05467b257effe0d85c92b6fb30da5","_id":"marko-prettyprint@1.1.4","_shasum":"d899665576ed8ea0e2418372ab3266cb65ad0677","_from":".","_npmVersion":"2.15.1","_nodeVersion":"4.4.3","_npmUser":{"name":"pnidem","email":"pnidem@gmail.com"},"dist":{"shasum":"d899665576ed8ea0e2418372ab3266cb65ad0677","tarball":"https://registry.npmjs.org/marko-prettyprint/-/marko-prettyprint-1.1.4.tgz"},"maintainers":[{"name":"pnidem","email":"pnidem@gmail.com"}],"_npmOperationalInternal":{"host":"packages-16-east.internal.npmjs.com","tmp":"tmp/marko-prettyprint-1.1.4.tgz_1462502795023_0.6512196562252939"},"directories":{}},"1.1.5":{"name":"marko-prettyprint","version":"1.1.5","description":"Prettyprint Marko template files in the syntax of your choice","main":"src/index.js","bin":{"marko-prettyprint":"bin/marko-prettyprint"},"scripts":{"init-tests":"./test/init-tests.sh","test":"npm run mocha && npm run jshint","mocha":"mocha --ui bdd --reporter spec ./test/","jshint":"jshint src/"},"repository":{"type":"git","url":"git+https://github.com/marko-js/marko-prettyprint.git"},"keywords":["prettyprint","marko","templates"],"author":{"name":"Patrick Steele-Idem","email":"pnidem@gmail.com"},"license":"ISC","bugs":{"url":"https://github.com/marko-js/marko-prettyprint/issues"},"homepage":"https://github.com/marko-js/marko-prettyprint/#readme","dependencies":{"argly":"^1.0.0","marko":"^3.0.0","minimatch":"^3.0.0"},"devDependencies":{"chai":"^3.5.0","jshint":"^2.9.1","mocha":"^2.4.5"},"gitHead":"1c02adc4cb889c342ed592109146581866e3566f","_id":"marko-prettyprint@1.1.5","_shasum":"ce969c164cdf9d79fe38a0c57a942968d8837c13","_from":".","_npmVersion":"2.15.1","_nodeVersion":"4.4.3","_npmUser":{"name":"pnidem","email":"pnidem@gmail.com"},"dist":{"shasum":"ce969c164cdf9d79fe38a0c57a942968d8837c13","tarball":"https://registry.npmjs.org/marko-prettyprint/-/marko-prettyprint-1.1.5.tgz"},"maintainers":[{"name":"pnidem","email":"pnidem@gmail.com"}],"_npmOperationalInternal":{"host":"packages-12-west.internal.npmjs.com","tmp":"tmp/marko-prettyprint-1.1.5.tgz_1464899828075_0.1349104824475944"},"directories":{}},"1.1.6":{"name":"marko-prettyprint","version":"1.1.6","description":"Prettyprint Marko template files in the syntax of your choice","main":"src/index.js","bin":{"marko-prettyprint":"bin/marko-prettyprint"},"scripts":{"init-tests":"./test/init-tests.sh","test":"npm run mocha && npm run jshint","mocha":"mocha --ui bdd --reporter spec ./test/","jshint":"jshint src/"},"repository":{"type":"git","url":"git+https://github.com/marko-js/marko-prettyprint.git"},"keywords":["prettyprint","marko","templates"],"author":{"name":"Patrick Steele-Idem","email":"pnidem@gmail.com"},"license":"ISC","bugs":{"url":"https://github.com/marko-js/marko-prettyprint/issues"},"homepage":"https://github.com/marko-js/marko-prettyprint/#readme","dependencies":{"argly":"^1.0.0","marko":"^3.0.0","minimatch":"^3.0.0"},"devDependencies":{"chai":"^3.5.0","jshint":"^2.9.1","mocha":"^2.4.5"},"gitHead":"ef540a535eaab9abdef8973f40f9ceb3102a8768","_id":"marko-prettyprint@1.1.6","_shasum":"ee10ef845c951ff97aada4411112b10a31a3344f","_from":".","_npmVersion":"2.15.1","_nodeVersion":"4.4.3","_npmUser":{"name":"pnidem","email":"pnidem@gmail.com"},"dist":{"shasum":"ee10ef845c951ff97aada4411112b10a31a3344f","tarball":"https://registry.npmjs.org/marko-prettyprint/-/marko-prettyprint-1.1.6.tgz"},"maintainers":[{"name":"pnidem","email":"pnidem@gmail.com"}],"_npmOperationalInternal":{"host":"packages-12-west.internal.npmjs.com","tmp":"tmp/marko-prettyprint-1.1.6.tgz_1465325107274_0.5827063787728548"},"directories":{}},"1.1.7":{"name":"marko-prettyprint","version":"1.1.7","description":"Prettyprint Marko template files in the syntax of your choice","main":"src/index.js","bin":{"marko-prettyprint":"bin/marko-prettyprint"},"scripts":{"init-tests":"./test/init-tests.sh","test":"npm run mocha && npm run jshint","mocha":"mocha --ui bdd --reporter spec ./test/","jshint":"jshint src/"},"repository":{"type":"git","url":"git+https://github.com/marko-js/marko-prettyprint.git"},"keywords":["prettyprint","marko","templates"],"author":{"name":"Patrick Steele-Idem","email":"pnidem@gmail.com"},"license":"ISC","bugs":{"url":"https://github.com/marko-js/marko-prettyprint/issues"},"homepage":"https://github.com/marko-js/marko-prettyprint/#readme","dependencies":{"argly":"^1.0.0","marko":"^3.0.0","minimatch":"^3.0.0"},"devDependencies":{"chai":"^3.5.0","jshint":"^2.9.1","mocha":"^2.4.5"},"gitHead":"cd876b62f32a8f1ab75aebce13ee73a228113dea","_id":"marko-prettyprint@1.1.7","_shasum":"b86f2201f961bb2ee710f664c5f2dbce91a67559","_from":".","_npmVersion":"2.15.1","_nodeVersion":"4.4.3","_npmUser":{"name":"pnidem","email":"pnidem@gmail.com"},"dist":{"shasum":"b86f2201f961bb2ee710f664c5f2dbce91a67559","tarball":"https://registry.npmjs.org/marko-prettyprint/-/marko-prettyprint-1.1.7.tgz"},"maintainers":[{"name":"pnidem","email":"pnidem@gmail.com"}],"_npmOperationalInternal":{"host":"packages-12-west.internal.npmjs.com","tmp":"tmp/marko-prettyprint-1.1.7.tgz_1465442303835_0.07789366296492517"},"directories":{}},"1.1.8":{"name":"marko-prettyprint","version":"1.1.8","description":"Prettyprint Marko template files in the syntax of your choice","main":"src/index.js","bin":{"marko-prettyprint":"bin/marko-prettyprint"},"scripts":{"init-tests":"./test/init-tests.sh","test":"npm run mocha && npm run jshint","mocha":"mocha --ui bdd --reporter spec ./test/","jshint":"jshint src/"},"repository":{"type":"git","url":"git+https://github.com/marko-js/marko-prettyprint.git"},"keywords":["prettyprint","marko","templates"],"author":{"name":"Patrick Steele-Idem","email":"pnidem@gmail.com"},"license":"ISC","bugs":{"url":"https://github.com/marko-js/marko-prettyprint/issues"},"homepage":"https://github.com/marko-js/marko-prettyprint/#readme","dependencies":{"argly":"^1.0.0","marko":"^3.0.0","minimatch":"^3.0.0"},"devDependencies":{"chai":"^3.5.0","jshint":"^2.9.1","mocha":"^2.4.5"},"gitHead":"cd248406373bbf50c5298b81b96803f815e5e699","_id":"marko-prettyprint@1.1.8","_shasum":"9cf5f8cb0ad8a9d5508d1e9a394dfa81d2988bc4","_from":".","_npmVersion":"2.15.1","_nodeVersion":"4.4.3","_npmUser":{"name":"pnidem","email":"pnidem@gmail.com"},"dist":{"shasum":"9cf5f8cb0ad8a9d5508d1e9a394dfa81d2988bc4","tarball":"https://registry.npmjs.org/marko-prettyprint/-/marko-prettyprint-1.1.8.tgz"},"maintainers":[{"name":"pnidem","email":"pnidem@gmail.com"}],"_npmOperationalInternal":{"host":"packages-12-west.internal.npmjs.com","tmp":"tmp/marko-prettyprint-1.1.8.tgz_1467822667442_0.35125999874435365"},"directories":{}},"1.2.0":{"name":"marko-prettyprint","version":"1.2.0","description":"Prettyprint Marko template files in the syntax of your choice","main":"src/index.js","bin":{"marko-prettyprint":"bin/marko-prettyprint"},"scripts":{"init-tests":"./test/init-tests.sh","test":"npm run mocha && npm run jshint","mocha":"mocha --ui bdd --reporter spec ./test/","jshint":"jshint src/"},"repository":{"type":"git","url":"git+https://github.com/marko-js/marko-prettyprint.git"},"keywords":["prettyprint","marko","templates"],"author":{"name":"Patrick Steele-Idem","email":"pnidem@gmail.com"},"license":"ISC","bugs":{"url":"https://github.com/marko-js/marko-prettyprint/issues"},"homepage":"https://github.com/marko-js/marko-prettyprint/#readme","dependencies":{"argly":"^1.0.0","marko":"^3.0.0","minimatch":"^3.0.0"},"devDependencies":{"chai":"^3.5.0","jshint":"^2.9.1","mocha":"^2.4.5"},"gitHead":"44ac4a9f4ad8de4e7fdad57f35288b1c300d706e","_id":"marko-prettyprint@1.2.0","_shasum":"6ba76a7937f53163d4359e311705e7631f5513c1","_from":".","_npmVersion":"2.15.1","_nodeVersion":"4.4.3","_npmUser":{"name":"pnidem","email":"pnidem@gmail.com"},"dist":{"shasum":"6ba76a7937f53163d4359e311705e7631f5513c1","tarball":"https://registry.npmjs.org/marko-prettyprint/-/marko-prettyprint-1.2.0.tgz"},"maintainers":[{"name":"pnidem","email":"pnidem@gmail.com"}],"_npmOperationalInternal":{"host":"packages-16-east.internal.npmjs.com","tmp":"tmp/marko-prettyprint-1.2.0.tgz_1472174585186_0.36073318240232766"},"directories":{}},"1.2.1":{"name":"marko-prettyprint","version":"1.2.1","description":"Prettyprint Marko template files in the syntax of your choice","main":"src/index.js","bin":{"marko-prettyprint":"bin/marko-prettyprint"},"scripts":{"init-tests":"./test/init-tests.sh","test":"npm run mocha && npm run jshint","mocha":"mocha --ui bdd --reporter spec ./test/","jshint":"jshint src/"},"repository":{"type":"git","url":"git+https://github.com/marko-js/marko-prettyprint.git"},"keywords":["prettyprint","marko","templates"],"author":{"name":"Patrick Steele-Idem","email":"pnidem@gmail.com"},"license":"ISC","bugs":{"url":"https://github.com/marko-js/marko-prettyprint/issues"},"homepage":"https://github.com/marko-js/marko-prettyprint/#readme","dependencies":{"argly":"^1.0.0","marko":"^3.0.0","minimatch":"^3.0.0"},"devDependencies":{"chai":"^3.5.0","jshint":"^2.9.1","mocha":"^2.4.5"},"gitHead":"1b8a7ce3d51bba1ffc24c0b29156c377e24f95a2","_id":"marko-prettyprint@1.2.1","_shasum":"df646a99e0af5c5162314b2e45a9a3923971f2ef","_from":".","_npmVersion":"2.15.1","_nodeVersion":"4.4.3","_npmUser":{"name":"pnidem","email":"pnidem@gmail.com"},"dist":{"shasum":"df646a99e0af5c5162314b2e45a9a3923971f2ef","tarball":"https://registry.npmjs.org/marko-prettyprint/-/marko-prettyprint-1.2.1.tgz"},"maintainers":[{"name":"pnidem","email":"pnidem@gmail.com"}],"_npmOperationalInternal":{"host":"packages-12-west.internal.npmjs.com","tmp":"tmp/marko-prettyprint-1.2.1.tgz_1472588343724_0.18104202928952873"},"directories":{}},"1.3.0":{"name":"marko-prettyprint","version":"1.3.0","description":"Prettyprint Marko template files in the syntax of your choice","main":"src/index.js","bin":{"marko-prettyprint":"bin/marko-prettyprint"},"scripts":{"init-tests":"./test/init-tests.sh","test":"npm run mocha && npm run jshint","mocha":"mocha --ui bdd --reporter spec ./test/","jshint":"jshint src/"},"repository":{"type":"git","url":"git+https://github.com/marko-js/marko-prettyprint.git"},"keywords":["prettyprint","marko","templates"],"author":{"name":"Patrick Steele-Idem","email":"pnidem@gmail.com"},"license":"ISC","bugs":{"url":"https://github.com/marko-js/marko-prettyprint/issues"},"homepage":"https://github.com/marko-js/marko-prettyprint/#readme","dependencies":{"argly":"^1.0.0","editorconfig":"^0.13.2","lasso-package-root":"^1.0.0","marko":"^4.0.0-rc.3","minimatch":"^3.0.0","resolve-from":"^2.0.0"},"devDependencies":{"chai":"^3.5.0","jshint":"^2.9.1","mocha":"^3.2.0"},"gitHead":"4d07d928e3629ffa25346f6944afbec890b739fa","_id":"marko-prettyprint@1.3.0","_shasum":"f2803e04cc70547ea5e04461c59c15b774b4752e","_from":".","_npmVersion":"4.0.5","_nodeVersion":"7.4.0","_npmUser":{"name":"pnidem","email":"pnidem@gmail.com"},"dist":{"shasum":"f2803e04cc70547ea5e04461c59c15b774b4752e","tarball":"https://registry.npmjs.org/marko-prettyprint/-/marko-prettyprint-1.3.0.tgz"},"maintainers":[{"name":"pnidem","email":"pnidem@gmail.com"}],"_npmOperationalInternal":{"host":"packages-18-east.internal.npmjs.com","tmp":"tmp/marko-prettyprint-1.3.0.tgz_1484802573423_0.3474243553355336"},"directories":{}},"1.3.1":{"name":"marko-prettyprint","version":"1.3.1","description":"Prettyprint Marko template files in the syntax of your choice","main":"src/index.js","bin":{"marko-prettyprint":"bin/marko-prettyprint"},"scripts":{"init-tests":"./test/init-tests.sh","test":"npm run mocha && npm run jshint","mocha":"mocha --ui bdd --reporter spec ./test/","jshint":"jshint src/"},"repository":{"type":"git","url":"git+https://github.com/marko-js/marko-prettyprint.git"},"keywords":["prettyprint","marko","templates"],"author":{"name":"Patrick Steele-Idem","email":"pnidem@gmail.com"},"license":"ISC","bugs":{"url":"https://github.com/marko-js/marko-prettyprint/issues"},"homepage":"https://github.com/marko-js/marko-prettyprint/#readme","dependencies":{"argly":"^1.0.0","editorconfig":"^0.13.2","lasso-package-root":"^1.0.0","marko":"^4.0.0-rc.3","minimatch":"^3.0.0","resolve-from":"^2.0.0"},"devDependencies":{"chai":"^3.5.0","jshint":"^2.9.1","mocha":"^3.2.0"},"gitHead":"f66058ed9b255bd5b01269b79c68297651c37ccb","_id":"marko-prettyprint@1.3.1","_shasum":"d76eab8983dc1e31f1cfa258ecedcf67290afb41","_from":".","_npmVersion":"4.0.5","_nodeVersion":"7.4.0","_npmUser":{"name":"pnidem","email":"pnidem@gmail.com"},"dist":{"shasum":"d76eab8983dc1e31f1cfa258ecedcf67290afb41","tarball":"https://registry.npmjs.org/marko-prettyprint/-/marko-prettyprint-1.3.1.tgz"},"maintainers":[{"name":"pnidem","email":"pnidem@gmail.com"}],"_npmOperationalInternal":{"host":"packages-18-east.internal.npmjs.com","tmp":"tmp/marko-prettyprint-1.3.1.tgz_1484811431588_0.6536986499559134"},"directories":{}},"1.3.2":{"name":"marko-prettyprint","version":"1.3.2","description":"Prettyprint Marko template files in the syntax of your choice","main":"src/index.js","bin":{"marko-prettyprint":"bin/marko-prettyprint"},"scripts":{"init-tests":"./test/init-tests.sh","test":"npm run mocha && npm run jshint","mocha":"mocha --ui bdd --reporter spec ./test/","jshint":"jshint src/"},"repository":{"type":"git","url":"git+https://github.com/marko-js/marko-prettyprint.git"},"keywords":["prettyprint","marko","templates"],"author":{"name":"Patrick Steele-Idem","email":"pnidem@gmail.com"},"license":"ISC","bugs":{"url":"https://github.com/marko-js/marko-prettyprint/issues"},"homepage":"https://github.com/marko-js/marko-prettyprint/#readme","dependencies":{"argly":"^1.0.0","editorconfig":"^0.13.2","lasso-package-root":"^1.0.0","marko":"^4.0.0-rc.19","minimatch":"^3.0.0","resolve-from":"^2.0.0"},"devDependencies":{"chai":"^3.5.0","jshint":"^2.9.1","mocha":"^3.2.0"},"gitHead":"8855f5f6e2ef394d2b1a4abe7a04045d3b4a532b","_id":"marko-prettyprint@1.3.2","_shasum":"83e95e42630e7a5c947135322307c4458ae5190d","_from":".","_npmVersion":"4.1.2","_nodeVersion":"7.5.0","_npmUser":{"name":"pnidem","email":"pnidem@gmail.com"},"dist":{"shasum":"83e95e42630e7a5c947135322307c4458ae5190d","tarball":"https://registry.npmjs.org/marko-prettyprint/-/marko-prettyprint-1.3.2.tgz"},"maintainers":[{"name":"pnidem","email":"pnidem@gmail.com"}],"_npmOperationalInternal":{"host":"packages-12-west.internal.npmjs.com","tmp":"tmp/marko-prettyprint-1.3.2.tgz_1487801780178_0.6392736935522407"},"directories":{}},"1.3.3":{"name":"marko-prettyprint","version":"1.3.3","description":"Prettyprint Marko template files in the syntax of your choice","main":"src/index.js","bin":{"marko-prettyprint":"bin/marko-prettyprint"},"scripts":{"init-tests":"./test/init-tests.sh","test":"npm run mocha && npm run jshint","mocha":"mocha --ui bdd --reporter spec ./test/","jshint":"jshint src/"},"repository":{"type":"git","url":"git+https://github.com/marko-js/marko-prettyprint.git"},"keywords":["prettyprint","marko","templates"],"author":{"name":"Patrick Steele-Idem","email":"pnidem@gmail.com"},"license":"ISC","bugs":{"url":"https://github.com/marko-js/marko-prettyprint/issues"},"homepage":"https://github.com/marko-js/marko-prettyprint/#readme","dependencies":{"argly":"^1.0.0","editorconfig":"^0.13.2","lasso-package-root":"^1.0.0","marko":"^4.0.0-rc.19","minimatch":"^3.0.0","resolve-from":"^2.0.0"},"devDependencies":{"chai":"^3.5.0","jshint":"^2.9.1","mocha":"^3.2.0"},"gitHead":"eb308c3702836732edc6c023913f6bebfc2500db","_id":"marko-prettyprint@1.3.3","_shasum":"240b1a981116443cf2c303765a950f150cbef5d0","_from":".","_npmVersion":"4.1.2","_nodeVersion":"7.5.0","_npmUser":{"name":"pnidem","email":"pnidem@gmail.com"},"dist":{"shasum":"240b1a981116443cf2c303765a950f150cbef5d0","tarball":"https://registry.npmjs.org/marko-prettyprint/-/marko-prettyprint-1.3.3.tgz"},"maintainers":[{"name":"pnidem","email":"pnidem@gmail.com"}],"_npmOperationalInternal":{"host":"packages-12-west.internal.npmjs.com","tmp":"tmp/marko-prettyprint-1.3.3.tgz_1488432449640_0.7459124317392707"},"directories":{}},"1.3.4":{"name":"marko-prettyprint","version":"1.3.4","description":"Prettyprint Marko template files in the syntax of your choice","main":"src/index.js","bin":{"marko-prettyprint":"bin/marko-prettyprint"},"scripts":{"init-tests":"./test/init-tests.sh","test":"npm run mocha && npm run jshint","mocha":"mocha --ui bdd --reporter spec ./test/","jshint":"jshint src/"},"repository":{"type":"git","url":"git+https://github.com/marko-js/marko-prettyprint.git"},"keywords":["prettyprint","marko","templates"],"author":{"name":"Patrick Steele-Idem","email":"pnidem@gmail.com"},"license":"ISC","bugs":{"url":"https://github.com/marko-js/marko-prettyprint/issues"},"homepage":"https://github.com/marko-js/marko-prettyprint/#readme","dependencies":{"argly":"^1.0.0","editorconfig":"^0.13.2","lasso-package-root":"^1.0.0","marko":"^4.0.0-rc.19","minimatch":"^3.0.0","resolve-from":"^2.0.0"},"devDependencies":{"chai":"^3.5.0","jshint":"^2.9.1","mocha":"^3.2.0"},"gitHead":"55d29b742188c55ec8714c3f492f1502f12b5ba1","_id":"marko-prettyprint@1.3.4","_shasum":"fec9d64c8cec241ecb47ceb90c6cfe3f42eca1fb","_from":".","_npmVersion":"4.1.2","_nodeVersion":"7.5.0","_npmUser":{"name":"pnidem","email":"pnidem@gmail.com"},"dist":{"shasum":"fec9d64c8cec241ecb47ceb90c6cfe3f42eca1fb","tarball":"https://registry.npmjs.org/marko-prettyprint/-/marko-prettyprint-1.3.4.tgz"},"maintainers":[{"name":"pnidem","email":"pnidem@gmail.com"}],"_npmOperationalInternal":{"host":"packages-12-west.internal.npmjs.com","tmp":"tmp/marko-prettyprint-1.3.4.tgz_1488433208476_0.1710979868657887"},"directories":{}},"1.3.5":{"name":"marko-prettyprint","version":"1.3.5","description":"Prettyprint Marko template files in the syntax of your choice","main":"src/index.js","bin":{"marko-prettyprint":"bin/marko-prettyprint"},"scripts":{"init-tests":"./test/init-tests.sh","test":"npm run mocha && npm run jshint","mocha":"mocha --ui bdd --reporter spec ./test/","jshint":"jshint src/"},"repository":{"type":"git","url":"git+https://github.com/marko-js/marko-prettyprint.git"},"keywords":["prettyprint","marko","templates"],"author":{"name":"Patrick Steele-Idem","email":"pnidem@gmail.com"},"license":"ISC","bugs":{"url":"https://github.com/marko-js/marko-prettyprint/issues"},"homepage":"https://github.com/marko-js/marko-prettyprint/#readme","dependencies":{"argly":"^1.0.0","editorconfig":"^0.13.2","lasso-package-root":"^1.0.0","marko":"^4.0.0","minimatch":"^3.0.0","resolve-from":"^2.0.0"},"devDependencies":{"chai":"^3.5.0","jshint":"^2.9.1","mocha":"^3.2.0"},"gitHead":"548c757c49d6236355f5667a4aa08aa422b07e21","_id":"marko-prettyprint@1.3.5","_shasum":"fe710c15931e692f96be6206fa856d206ccd3d8c","_from":".","_npmVersion":"4.1.2","_nodeVersion":"7.5.0","_npmUser":{"name":"pnidem","email":"pnidem@gmail.com"},"dist":{"shasum":"fe710c15931e692f96be6206fa856d206ccd3d8c","tarball":"https://registry.npmjs.org/marko-prettyprint/-/marko-prettyprint-1.3.5.tgz"},"maintainers":[{"name":"pnidem","email":"pnidem@gmail.com"}],"_npmOperationalInternal":{"host":"packages-12-west.internal.npmjs.com","tmp":"tmp/marko-prettyprint-1.3.5.tgz_1488493874941_0.8560891328379512"},"directories":{}}},"readme":"marko-prettyprint\n=================\n\nPrettyprint Marko template files in the syntax and with the options of your choice.\n\n# Installation\n\nGlobal install of the command line utility:\n\n```bash\nnpm install marko-prettyprint --global\n```\n\nLocal project install:\n\n```bash\nnpm install marko-prettyprint --save\n```\n\n# Usage\n\n## Pretty print a single file from the command line\n\n\n```bash\nmarko-prettyprint template.marko --syntax html\n```\n\n## Pretty print a directory tree from the command line\n\n\n```bash\nmarko-prettyprint . --syntax html\n```\n\n## Pretty print a file in a Node.js app\n\n```javascript\nvar prettyPrintFile = require('marko-prettyprint').prettyPrintFile;\n\nvar templatePath = require('path').join(__dirname, 'template.marko');\nvar options = {\n    syntax: 'html'\n};\n\nvar prettySrc = prettyPrintFile(templatePath, options);\n```\n\n# Options\n\n- `eol` - The EOL sequence (defaults to `require('os').EOL`)\n- `filename` - The path to the template being pretty printed (required unless `prettyPrintFile(filename, options)` is used)\n- `indent` - The indent string (defaults to a `String` with four spaces)\n- `maxLen` - The max line length (defaults to `80`, set to `-1` to disable)\n- `configFiles` - Should search for `.marko-prettyprint`/`.editorconfig` files? (defaults to `true`)\n- `syntax` - The syntax to use. Can either be `\"html\"` or `\"concise\"` (defaults to `\"html\"`)\n\n# Configuration files\n\n## `.marko-prettyprint` config file\n\nWhen pretty printing a Marko template, `marko-prettyprint` will search up the directory tree looking for a `.marko-prettyprint` file. This file should be in the JSON format. For example:\n\n_my-project/.marko-prettyprint:_\n\n```json\n{\n    \"indent\": \"\\t\",\n    \"syntax\": \"concise\",    \n}\n```\n\n## `.editorconfig` file\n\n`marko-prettyprint` also supports [EditorConfig](https://github.com/editorconfig/editorconfig/wiki/EditorConfig-Properties) files for configuring `maxLen`, `indent` and `eol`. For example:\n\n_my-project/.editorconfig:_\n\n```\nroot = true\n\n[*.marko]\nindent_style = space\nindent_size = 8\nend_of_line = lf\n```\n\n# API\n\n## JavaScript API\n\n### `require('marko-prettyprint')`\n\n#### `prettyPrintSource(src, options)`\n\n#### `prettyPrintFile(filename, options)`\n\n#### `prettyPrintAST(ast, options)`\n\n\n## Command Line\n\nTo recursively prettyprint all Marko v3 templates in a directory to use the HTML syntax:\n\n```\nmarko-prettyprint . --syntax html\n```\n\nTo recursively prettyprint all Marko v3 templates in a directory to use the HTML syntax:\n\n```\nmarko-prettyprint . --syntax concise\n```\n\nIndividual files and directories can also be prettyprinted:\n\n```\nmarko-prettyprint src/ foo/\nmarko-prettyprint template1.marko template2.marko\n```\n\nThe maximum line length (defaults to `80`) can be also be set:\n\n```\nmarko-prettyprint . --syntax html --max-len 120\n```\n","maintainers":[{"name":"pnidem","email":"pnidem@gmail.com"}],"time":{"modified":"2017-03-02T22:31:17.029Z","created":"2016-02-26T17:39:01.689Z","1.0.0":"2016-02-26T17:39:01.689Z","1.0.1":"2016-02-26T17:40:41.970Z","1.0.2":"2016-02-26T22:29:38.346Z","1.0.3":"2016-03-04T18:01:56.350Z","1.0.4":"2016-03-10T19:45:19.910Z","1.0.5":"2016-03-17T20:50:59.378Z","1.0.6":"2016-04-12T18:08:11.921Z","1.1.0":"2016-04-26T16:57:41.700Z","1.1.2":"2016-04-29T06:31:58.234Z","1.1.3":"2016-05-05T18:25:25.303Z","1.1.4":"2016-05-06T02:46:36.546Z","1.1.5":"2016-06-02T20:37:08.504Z","1.1.6":"2016-06-07T18:45:07.771Z","1.1.7":"2016-06-09T03:18:26.487Z","1.1.8":"2016-07-06T16:31:09.955Z","1.2.0":"2016-08-26T01:23:05.852Z","1.2.1":"2016-08-30T20:19:05.584Z","1.3.0":"2017-01-19T05:09:34.045Z","1.3.1":"2017-01-19T07:37:12.207Z","1.3.2":"2017-02-22T22:16:20.429Z","1.3.3":"2017-03-02T05:27:31.491Z","1.3.4":"2017-03-02T05:40:10.476Z","1.3.5":"2017-03-02T22:31:17.029Z"},"homepage":"https://github.com/marko-js/marko-prettyprint/#readme","keywords":["prettyprint","marko","templates"],"repository":{"type":"git","url":"git+https://github.com/marko-js/marko-prettyprint.git"},"author":{"name":"Patrick Steele-Idem","email":"pnidem@gmail.com"},"bugs":{"url":"https://github.com/marko-js/marko-prettyprint/issues"},"license":"ISC","readmeFilename":"README.md","_attachments":{},"_etag":"W/\"58b89d35-9621\"","_lastModified":"Thu, 02 Mar 2017 22:31:17 GMT"}