{"digest":"085561625d9a050de33fbfb4d49cfa582a98e453","css":"","imports":[{"path":"static\\variables\\ui-variables.less","digest":"e3029f763111ec391f6dcea8178d35be7c798b4f"},{"path":"static\\variables\\syntax-variables.less","digest":"812c1b7883a023f768773d14294653adcdb932d7"},{"path":"node_modules\\one-light-ui\\styles\\ui-variables.less","digest":"c0011aaa1d3ab7b6826cfb5a153dcb09599cb997"},{"path":"node_modules\\one-light-ui\\styles\\ui-variables-custom.less","digest":"aaea2571bc3a5a9517e75eaeddff9ee46c2c0359"},{"path":"node_modules\\one-light-syntax\\styles\\syntax-variables.less","digest":"70198a1ac749d0767ca6ec9ac47a78482bdefa10"},{"path":"node_modules\\one-light-syntax\\styles\\colors.less","digest":"6e53c2e7473d04130f2592930c3470ed86daffdf"}],"version":1}