{"_id":"yaml-front-matter","_rev":"41-3f6eae3686f801c6ab16a7d8c803ba26","name":"yaml-front-matter","description":"yaml front matter for JS. Parse yaml or JSON from the beginning of files.","dist-tags":{"latest":"3.4.0"},"versions":{"1.0.1":{"author":{"name":"Derek Worthen"},"name":"yaml-front-matter","description":"yaml front matter for JS using the js-yaml module","version":"1.0.1","repository":{"type":"git","url":"https://github.com/dworthen/js-yaml-front-matter"},"dependencies":{"commander":"1.0.0","js-yaml":"~1.0.1"},"devDependencies":{"should":"0.6.3","mocha":"~1.3.0"},"engines":{"node":">=0.8.x","npm":"1.1.x"},"bin":{"yaml-front-matter":"bin/js-yaml-front.js","js-yaml":"node_modules/js-yaml/bin/js-yaml.js"},"_id":"yaml-front-matter@1.0.1","dist":{"shasum":"ef8e80707ef42cac12f9a7ff7afd827a95eeb69f","tarball":"https://registry.npmjs.org/yaml-front-matter/-/yaml-front-matter-1.0.1.tgz"},"_npmVersion":"1.1.59","_npmUser":{"name":"dworthen","email":"worthend.derek@gmail.com"},"maintainers":[{"name":"dworthen","email":"worthend.derek@gmail.com"}],"directories":{}},"1.0.2":{"author":{"name":"Derek Worthen"},"name":"yaml-front-matter","description":"yaml front matter for JS using the js-yaml module","version":"1.0.2","repository":{"type":"git","url":"https://github.com/dworthen/js-yaml-front-matter"},"dependencies":{"commander":"1.0.0","js-yaml":"~1.0.2"},"devDependencies":{"should":"0.6.3","mocha":"~1.3.0"},"engines":{"node":">=0.8.x","npm":"1.1.x"},"bin":{"yaml-front-matter":"bin/js-yaml-front.js","js-yaml":"node_modules/js-yaml/bin/js-yaml.js"},"_id":"yaml-front-matter@1.0.2","dist":{"shasum":"cda345ff3f7f4cf35d7408bb22ffa47e9503bb28","tarball":"https://registry.npmjs.org/yaml-front-matter/-/yaml-front-matter-1.0.2.tgz"},"_npmVersion":"1.1.59","_npmUser":{"name":"dworthen","email":"worthend.derek@gmail.com"},"maintainers":[{"name":"dworthen","email":"worthend.derek@gmail.com"}],"directories":{}},"1.0.3":{"author":{"name":"Derek Worthen"},"name":"yaml-front-matter","description":"yaml front matter for JS using the js-yaml module","version":"1.0.3","repository":{"type":"git","url":"https://github.com/dworthen/js-yaml-front-matter"},"dependencies":{"commander":"1.0.0","js-yaml":"~1.0.2"},"devDependencies":{"should":"0.6.3","mocha":"~1.3.0"},"engines":{"node":">=0.8.x","npm":"1.1.x"},"bin":{"yaml-front-matter":"bin/js-yaml-front.js","js-yaml":"node_modules/js-yaml/bin/js-yaml.js"},"_id":"yaml-front-matter@1.0.3","dist":{"shasum":"a08d2811e62a1bd345fa3763d1603ce3b95a20d3","tarball":"https://registry.npmjs.org/yaml-front-matter/-/yaml-front-matter-1.0.3.tgz"},"_npmVersion":"1.1.59","_npmUser":{"name":"dworthen","email":"worthend.derek@gmail.com"},"maintainers":[{"name":"dworthen","email":"worthend.derek@gmail.com"}],"directories":{}},"2.1.0":{"author":{"name":"Derek Worthen"},"name":"yaml-front-matter","description":"yaml front matter for JS using the js-yaml module","version":"2.1.0","repository":{"type":"git","url":"https://github.com/dworthen/js-yaml-front-matter"},"dependencies":{"commander":"1.0.0","js-yaml":"~2.1.0"},"devDependencies":{"should":"0.6.3","mocha":"~1.3.0"},"engines":{"node":">=0.8.x","npm":"1.1.x"},"bin":{"yaml-front-matter":"bin/js-yaml-front.js","js-yaml":"node_modules/js-yaml/bin/js-yaml.js"},"bugs":{"url":"https://github.com/dworthen/js-yaml-front-matter/issues"},"_id":"yaml-front-matter@2.1.0","dist":{"shasum":"f11a46efef1a3b09218643b9f1058920e09e3ccf","tarball":"https://registry.npmjs.org/yaml-front-matter/-/yaml-front-matter-2.1.0.tgz"},"_from":".","_npmVersion":"1.3.8","_npmUser":{"name":"dworthen","email":"worthend.derek@gmail.com"},"maintainers":[{"name":"dworthen","email":"worthend.derek@gmail.com"}],"directories":{}},"2.1.1":{"author":{"name":"Derek Worthen"},"name":"yaml-front-matter","description":"yaml front matter for JS using the js-yaml module","version":"2.1.1","repository":{"type":"git","url":"https://github.com/dworthen/js-yaml-front-matter"},"dependencies":{"commander":"1.0.0","js-yaml":"~2.1.0"},"devDependencies":{"should":"0.6.3","mocha":"~1.3.0"},"engines":{"node":">=0.8.x","npm":"1.1.x"},"bin":{"yaml-front-matter":"bin/js-yaml-front.js","js-yaml":"node_modules/js-yaml/bin/js-yaml.js"},"bugs":{"url":"https://github.com/dworthen/js-yaml-front-matter/issues"},"_id":"yaml-front-matter@2.1.1","dist":{"shasum":"644b6c248ad7c01578824f66ab8f9be02113667a","tarball":"https://registry.npmjs.org/yaml-front-matter/-/yaml-front-matter-2.1.1.tgz"},"_from":".","_npmVersion":"1.3.8","_npmUser":{"name":"dworthen","email":"worthend.derek@gmail.com"},"maintainers":[{"name":"dworthen","email":"worthend.derek@gmail.com"}],"directories":{}},"2.1.11":{"author":{"name":"Derek Worthen"},"name":"yaml-front-matter","description":"yaml front matter for JS using the js-yaml module","version":"2.1.11","repository":{"type":"git","url":"https://github.com/dworthen/js-yaml-front-matter"},"dependencies":{"commander":"1.0.0","js-yaml":"~2.1.0"},"devDependencies":{"should":"0.6.3","mocha":"~1.3.0"},"engines":{"node":">=0.8.x","npm":"1.1.x"},"bin":{"yaml-front-matter":"bin/js-yaml-front.js","js-yaml":"node_modules/js-yaml/bin/js-yaml.js"},"bugs":{"url":"https://github.com/dworthen/js-yaml-front-matter/issues"},"_id":"yaml-front-matter@2.1.11","dist":{"shasum":"3382a53870637cff0df7d7ec11a788d7fe6bcd59","tarball":"https://registry.npmjs.org/yaml-front-matter/-/yaml-front-matter-2.1.11.tgz"},"_from":".","_npmVersion":"1.3.8","_npmUser":{"name":"dworthen","email":"worthend.derek@gmail.com"},"maintainers":[{"name":"dworthen","email":"worthend.derek@gmail.com"}],"directories":{}},"2.2.0":{"author":{"name":"Derek Worthen"},"name":"yaml-front-matter","description":"yaml front matter for JS using the js-yaml module","version":"2.2.0","repository":{"type":"git","url":"https://github.com/dworthen/js-yaml-front-matter"},"dependencies":{"commander":"1.0.0","js-yaml":"~3.0.1"},"devDependencies":{"should":"0.6.3","mocha":"~1.3.0"},"engines":{"node":">=0.8"},"bin":{"yaml-front-matter":"bin/js-yaml-front.js","js-yaml":"node_modules/js-yaml/bin/js-yaml.js"},"scripts":{"test":"./node_modules/mocha/bin/mocha -u bdd --reporter spec"},"bugs":{"url":"https://github.com/dworthen/js-yaml-front-matter/issues"},"_id":"yaml-front-matter@2.2.0","dist":{"shasum":"855102695f8dfb1eb12bab236daacaa039c77b18","tarball":"https://registry.npmjs.org/yaml-front-matter/-/yaml-front-matter-2.2.0.tgz"},"_from":".","_npmVersion":"1.3.8","_npmUser":{"name":"dworthen","email":"worthend.derek@gmail.com"},"maintainers":[{"name":"dworthen","email":"worthend.derek@gmail.com"}],"directories":{}},"3.0.1":{"author":{"name":"Derek Worthen"},"name":"yaml-front-matter","description":"yaml front matter for JS using the js-yaml module","version":"3.0.1","repository":{"type":"git","url":"https://github.com/dworthen/js-yaml-front-matter"},"dependencies":{"commander":"1.0.0","js-yaml":"~3.0.1","is-browser":"~2.0.0"},"devDependencies":{"should":"0.6.3","mocha":"~1.3.0","serve":"~1.3.0"},"engines":{"node":">=0.8"},"bin":{"yaml-front-matter":"bin/js-yaml-front.js","js-yaml":"node_modules/js-yaml/bin/js-yaml.js"},"scripts":{"test":"./node_modules/mocha/bin/mocha -u bdd --reporter spec","start":"./node_modules/serve/bin/serve ./"},"bugs":{"url":"https://github.com/dworthen/js-yaml-front-matter/issues"},"_id":"yaml-front-matter@3.0.1","dist":{"shasum":"16815cf10150d29c3093b84fb3a0b6c99749ea91","tarball":"https://registry.npmjs.org/yaml-front-matter/-/yaml-front-matter-3.0.1.tgz"},"_from":".","_npmVersion":"1.3.8","_npmUser":{"name":"dworthen","email":"worthend.derek@gmail.com"},"maintainers":[{"name":"dworthen","email":"worthend.derek@gmail.com"}],"directories":{}},"3.2.3":{"author":{"name":"Derek Worthen"},"name":"yaml-front-matter","description":"yaml front matter for JS using the js-yaml module","version":"3.2.3","repository":{"type":"git","url":"https://github.com/dworthen/js-yaml-front-matter"},"dependencies":{"commander":"1.0.0","js-yaml":"~3.2.3","is-browser":"~2.0.0"},"devDependencies":{"should":"0.6.3","mocha":"~1.3.0","serve":"~1.3.0"},"engines":{"node":">=0.8"},"bin":{"yaml-front-matter":"bin/js-yaml-front.js","js-yaml":"node_modules/js-yaml/bin/js-yaml.js"},"scripts":{"test":"./node_modules/mocha/bin/mocha -u bdd --reporter spec","start":"./node_modules/serve/bin/serve ./"},"bugs":{"url":"https://github.com/dworthen/js-yaml-front-matter/issues"},"homepage":"https://github.com/dworthen/js-yaml-front-matter","_id":"yaml-front-matter@3.2.3","_shasum":"0a821d50b4c498808b5b462a20759a81c4378e55","_from":".","_npmVersion":"1.4.9","_npmUser":{"name":"dworthen","email":"worthend.derek@gmail.com"},"maintainers":[{"name":"dworthen","email":"worthend.derek@gmail.com"}],"dist":{"shasum":"0a821d50b4c498808b5b462a20759a81c4378e55","tarball":"https://registry.npmjs.org/yaml-front-matter/-/yaml-front-matter-3.2.3.tgz"},"directories":{}},"3.3.0":{"author":{"name":"Derek Worthen"},"license":"MIT","name":"yaml-front-matter","description":"yaml front matter for JS. Parse yaml or JSON from the beginning of files.","version":"3.3.0","keywords":["yaml"],"repository":{"type":"git","url":"git+https://github.com/dworthen/js-yaml-front-matter.git"},"dependencies":{"commander":"1.0.0","js-yaml":"^3.5.2"},"devDependencies":{"browser-sync":"^2.11.1","gulp":"^3.9.0","gulp-concat":"^2.6.0","gulp-rename":"^1.2.2","gulp-sourcemaps":"^1.6.0","gulp-uglify":"^1.5.1","mocha":"~1.3.0","should":"0.6.3"},"bin":{"yaml-front-matter":"bin/js-yaml-front.js","js-yaml":"node_modules/js-yaml/bin/js-yaml.js"},"scripts":{"test":"mocha -u bdd --reporter spec","start":"gulp serve"},"gitHead":"ef6adcda3b6707bbdb315c43993c8645746dde77","bugs":{"url":"https://github.com/dworthen/js-yaml-front-matter/issues"},"homepage":"https://github.com/dworthen/js-yaml-front-matter#readme","_id":"yaml-front-matter@3.3.0","_shasum":"0ac2c5fc760595c8c151d59cea6e50318a26b6ec","_from":".","_npmVersion":"2.14.12","_nodeVersion":"4.2.4","_npmUser":{"name":"dworthen","email":"worthend.derek@gmail.com"},"dist":{"shasum":"0ac2c5fc760595c8c151d59cea6e50318a26b6ec","tarball":"https://registry.npmjs.org/yaml-front-matter/-/yaml-front-matter-3.3.0.tgz"},"maintainers":[{"name":"dworthen","email":"worthend.derek@gmail.com"}],"directories":{}},"3.4.0":{"author":{"name":"Derek Worthen"},"license":"MIT","name":"yaml-front-matter","description":"yaml front matter for JS. Parse yaml or JSON from the beginning of files.","version":"3.4.0","keywords":["yaml"],"repository":{"type":"git","url":"git+https://github.com/dworthen/js-yaml-front-matter.git"},"dependencies":{"commander":"1.0.0","js-yaml":"^3.5.2"},"devDependencies":{"browser-sync":"^2.11.1","gulp":"^3.9.0","gulp-concat":"^2.6.0","gulp-rename":"^1.2.2","gulp-sourcemaps":"^1.6.0","gulp-uglify":"^1.5.1","mocha":"~1.3.0","should":"0.6.3"},"bin":{"yaml-front-matter":"bin/js-yaml-front.js"},"scripts":{"test":"mocha -u bdd --reporter spec","start":"gulp serve"},"gitHead":"9b7f0c72e99d1db9adb53f9da19fa1aefa89ef09","bugs":{"url":"https://github.com/dworthen/js-yaml-front-matter/issues"},"homepage":"https://github.com/dworthen/js-yaml-front-matter#readme","_id":"yaml-front-matter@3.4.0","_shasum":"c4bb5c41e8797fef584b1872cc052cdc26210dca","_from":".","_npmVersion":"2.14.12","_nodeVersion":"4.2.4","_npmUser":{"name":"dworthen","email":"worthend.derek@gmail.com"},"dist":{"shasum":"c4bb5c41e8797fef584b1872cc052cdc26210dca","tarball":"https://registry.npmjs.org/yaml-front-matter/-/yaml-front-matter-3.4.0.tgz"},"maintainers":[{"name":"dworthen","email":"worthend.derek@gmail.com"}],"_npmOperationalInternal":{"host":"packages-9-west.internal.npmjs.com","tmp":"tmp/yaml-front-matter-3.4.0.tgz_1455748938749_0.28325859643518925"},"directories":{}}},"readme":"# Yaml Front Matter\r\n\r\nParses yaml or json at the front of a file. Places the parsed content plus the rest of the file's content into an object literal.\r\n\r\n- Works in the browser as of 3.0.0. [Online Demo](http://js-yaml-example.derekworthen.com).\r\n\r\n## Example\r\n\r\nThis\r\n\r\n    ---\r\n    name: Derek Worthen\r\n    age: young\r\n    contact:\r\n     email: email@domain.com\r\n     address: some location\r\n    pets:\r\n     - cat\r\n     - dog\r\n     - bat\r\n    match: !!js/regexp /pattern/gim\r\n    run: !!js/function function() { }\r\n    ---\r\n    Some Other content\r\n\r\nbecomes\r\n\r\n    { name: 'Derek Worthen',\r\n      age: 'young',\r\n      contact: { email: 'email@domain.com', address: 'some location' },\r\n      pets: [ 'cat', 'dog', 'bat' ],\r\n      match: /pattern/gim,\r\n      run: [Function],\r\n      __content: 'Some Other Content' }\r\n\r\nMay also use JSON\r\n\r\n    ---\r\n    {\r\n    \"name\": \"Derek Worthen\",\r\n    \"age\": \"young\",\r\n    \"anArray\": [\"one\",\"two\"],\r\n    \"subObj\":{\"field1\": \"one\"}\r\n    }\r\n    ---\r\n\r\n## Running Browser Example\r\n\r\n```shell\r\n$ npm install gulp -g && npm install --dev && npm start\r\n```\r\n\r\nThen visit `localhost:3000`.\r\n\r\n## Install with npm\r\n\r\n```shell\r\n$ npm install yaml-front-matter\r\n```\r\n\r\nUse the `-g` flag if you plan on using the command line tool.\r\n\r\n```shell\r\n$ npm install yaml-front-matter -g\r\n```\r\n    \r\n## Browser\r\n\r\nInclude one of the client files from `dist/`. \r\n\r\n```html\r\n<script src=\"js-yaml-front-client.min.js\"></script>\r\n<script>\r\n  // parse front matter with jsyaml.loadFront(String);\r\n</script>\r\n```\r\n\r\n## Building Client Script\r\n\r\nOutputs client files in `dist/`.\r\n\r\n```shell\r\n$ npm install gulp -g && npm install --dev && gulp build\r\n```\r\n\r\n## Command Line\r\n\r\n    Usage: js-yaml-front.js [options] <file>\r\n\r\n    Options:\r\n\r\n    -h, --help            output usage information\r\n    -V, --version         output the version number\r\n    -c, --content [name]  set the property name for the files contents [__content]\r\n\r\n## JS-YAML\r\n\r\nYaml front matter is a wrapper to [js-yaml](https://github.com/nodeca/js-yaml). Therefore yaml front \r\nmatter supports the same api as js-yaml plus a more so pay [js-yaml](https://github.com/nodeca/js-yaml) a visit. \r\nYou can directly access js-yaml in the command line by running `$ js-yaml` (note this will run the actual js-yaml \r\nparser and will not be able to parse input intended for yaml-front-matter).\r\n\r\n## API\r\n\r\n### loadFront(string|buffer|file, [contentKey])\r\n\r\n```JavaScript\r\nvar yamlFront = require('yaml-front-matter')\r\n  , input = '---\\npost: title one\\n';\r\n    input += 'anArray:\\n - one\\n - two\\n';\r\n    input += 'subObject:\\n prop1: cool\\n prop2: two';\r\n    input += '\\nreg: !!js/regexp /pattern/gim';\r\n    input += '\\nfun: !!js/function function() {  }\\n---\\n';\r\n    input += 'content\\nmore';\r\n\r\nvar results = yamlFront.loadFront(input);\r\nconsole.log(results);\r\n```\r\n\r\nthe above will produce the following in the console.\r\n\r\n```shell\r\n{ post: 'title one',\r\n  anArray: [ 'one', 'two' ],\r\n  subObject: { obj1: 'cool', obj2: 'two' },\r\n  reg: /pattern/gim,\r\n  fun: [Function],\r\n  __content: '\\ncontent\\nmore' }\r\n```\r\n\r\nThe front matter is optional:\r\n\r\n    // somefile.ext\r\n    Hello World!\r\n\r\n    // another location\r\n    var frontMatter = require('yaml-front-matter')\r\n      , results = frontMatter.loadFront('somefile.ext', 'myContent');\r\n\r\nWill produce\r\n\r\n    { myContent: \"Hello World!\" }\r\n\r\nContent all together is optional\r\n\r\n    frontMatter.loadFront('');\r\n    // will produce { __content: '' }\r\n\r\n__NOTE:__ This behavior differs from previos versions as previous versions returned `undefined` when the input did not contain yaml front matter.\r\n\r\n__NOTE:__ The --- are required to denote the start and end of front matter. There must be a newline after the opening --- and a newline preceding the closing ---.\r\n\r\n## Changelog\r\n\r\n- Now supports parsing JSON front matter.\r\n- A newline must come after the opening --- and precede the closing ---.\r\n- Front matter is optional.\r\n- Browser API \r\n\r\n## TODO\r\n\r\n-\r\n\r\n## Tests\r\n\r\nThen run\r\n\r\n```shell\r\n$ npm install --dev && npm install mocha -g && npm test\r\n```\r\n","maintainers":[{"name":"dworthen","email":"worthend.derek@gmail.com"}],"time":{"modified":"2016-11-09T06:52:35.692Z","created":"2012-07-11T03:48:11.011Z","1.0.1":"2012-10-15T05:17:31.488Z","1.0.2":"2012-10-15T05:18:37.951Z","1.0.3":"2013-02-05T03:36:26.706Z","2.1.0":"2013-08-31T17:38:07.884Z","2.1.1":"2013-10-26T15:43:11.774Z","2.1.11":"2013-10-26T15:44:24.614Z","2.2.0":"2014-02-17T06:31:13.270Z","3.0.0":"2014-02-18T02:06:10.063Z","3.0.1":"2014-02-28T20:18:11.853Z","3.2.3":"2014-12-14T00:36:27.855Z","3.3.0":"2016-01-30T01:41:30.514Z","3.4.0":"2016-02-17T22:42:23.161Z"},"author":{"name":"Derek Worthen"},"repository":{"type":"git","url":"git+https://github.com/dworthen/js-yaml-front-matter.git"},"readmeFilename":"README.md","bugs":{"url":"https://github.com/dworthen/js-yaml-front-matter/issues"},"users":{"tunnckocore":true,"clintonhalpin":true,"geekwen":true,"gbas":true},"homepage":"https://github.com/dworthen/js-yaml-front-matter#readme","keywords":["yaml"],"license":"MIT","_attachments":{},"_etag":"W/\"5822c7b3-4301\"","_lastModified":"Wed, 09 Nov 2016 06:52:35 GMT"}