{"_id":"coffee-formatter","_rev":"5-be88a0890d3a6fe9b7727296a6de29c0","name":"coffee-formatter","description":"A CoffeeScript formatter","dist-tags":{"latest":"0.1.2"},"versions":{"0.1.0":{"name":"coffee-formatter","version":"0.1.0","description":"A CoffeeScript formatter","main":"lib/formatter.js","directories":{"doc":"docs","test":"test"},"dependencies":{"lazy":"~1.0.11","optimist":"~0.5.0"},"devDependencies":{"coffee-script":"^1.7.1","coffeelint":"^1.5.2","docco":"^0.6.3","grunt":"^0.4.5","grunt-cli":"^0.1.13","grunt-coffeelint":"0.0.13","grunt-contrib-clean":"^0.6.0","grunt-contrib-coffee":"^0.10.1","grunt-docco":"^0.3.3","grunt-simple-mocha":"^0.4.0","mocha":"^1.21.3"},"scripts":{"test":"mocha"},"repository":{"type":"git","url":"git://github.com/derekchiang/Coffee-Formatter.git"},"keywords":["CoffeeScript","formatter","auto-format"],"author":{"name":"Derek Chiang"},"license":"MIT","gitHead":"384cb350eb002a1cc1a7d68d0d304a7adc0678de","bugs":{"url":"https://github.com/derekchiang/Coffee-Formatter/issues"},"homepage":"https://github.com/derekchiang/Coffee-Formatter","_id":"coffee-formatter@0.1.0","_shasum":"726d0ce290732d535cd607399c5424ee80d06a59","_from":".","_npmVersion":"1.4.28","_npmUser":{"name":"glavin001","email":"glavin.wiechert@gmail.com"},"maintainers":[{"name":"glavin001","email":"glavin.wiechert@gmail.com"}],"dist":{"shasum":"726d0ce290732d535cd607399c5424ee80d06a59","tarball":"https://registry.npmjs.org/coffee-formatter/-/coffee-formatter-0.1.0.tgz"}},"0.1.1":{"name":"coffee-formatter","version":"0.1.1","description":"A CoffeeScript formatter","main":"lib/formatter.js","directories":{"doc":"docs","test":"test"},"dependencies":{"lazy":"~1.0.11","optimist":"~0.5.0"},"devDependencies":{"coffee-script":"^1.7.1","coffeelint":"^1.5.2","docco":"^0.6.3","grunt":"^0.4.5","grunt-cli":"^0.1.13","grunt-coffeelint":"0.0.13","grunt-contrib-clean":"^0.6.0","grunt-contrib-coffee":"^0.10.1","grunt-docco":"^0.3.3","grunt-simple-mocha":"^0.4.0","mocha":"^1.21.3"},"scripts":{"prepublish":"grunt prepublish","test":"mocha"},"repository":{"type":"git","url":"git://github.com/Glavin001/Coffee-Formatter.git"},"keywords":["CoffeeScript","formatter","auto-format"],"author":{"name":"Derek Chiang"},"license":"MIT","gitHead":"198a51dcebcc8eadc96052bb394a4b01f9deb935","bugs":{"url":"https://github.com/Glavin001/Coffee-Formatter/issues"},"homepage":"https://github.com/Glavin001/Coffee-Formatter","_id":"coffee-formatter@0.1.1","_shasum":"32b78f5e559b92f6e119c3ba96a25043e69f1383","_from":".","_npmVersion":"1.4.28","_npmUser":{"name":"glavin001","email":"glavin.wiechert@gmail.com"},"maintainers":[{"name":"glavin001","email":"glavin.wiechert@gmail.com"}],"dist":{"shasum":"32b78f5e559b92f6e119c3ba96a25043e69f1383","tarball":"https://registry.npmjs.org/coffee-formatter/-/coffee-formatter-0.1.1.tgz"}},"0.1.2":{"name":"coffee-formatter","version":"0.1.2","description":"A CoffeeScript formatter","main":"lib/formatter.js","directories":{"doc":"docs","test":"test"},"dependencies":{"lazy":"~1.0.11","optimist":"~0.5.0"},"devDependencies":{"coffee-script":"^1.7.1","coffeelint":"^1.5.2","docco":"^0.6.3","grunt":"^0.4.5","grunt-cli":"^0.1.13","grunt-coffeelint":"0.0.13","grunt-contrib-clean":"^0.6.0","grunt-contrib-coffee":"^0.10.1","grunt-docco":"^0.3.3","grunt-simple-mocha":"^0.4.0","mocha":"^1.21.3"},"scripts":{"prepublish":"grunt prepublish","test":"mocha"},"repository":{"type":"git","url":"git://github.com/Glavin001/Coffee-Formatter.git"},"keywords":["CoffeeScript","formatter","auto-format"],"author":{"name":"Derek Chiang"},"license":"MIT","gitHead":"cdc5769c99a0e2260f45ecd01a90cfd9281e519a","bugs":{"url":"https://github.com/Glavin001/Coffee-Formatter/issues"},"homepage":"https://github.com/Glavin001/Coffee-Formatter","_id":"coffee-formatter@0.1.2","_shasum":"1b00fcf5dd13909ab38005fc9646862f3f078262","_from":".","_npmVersion":"1.4.28","_npmUser":{"name":"glavin001","email":"glavin.wiechert@gmail.com"},"maintainers":[{"name":"glavin001","email":"glavin.wiechert@gmail.com"}],"dist":{"shasum":"1b00fcf5dd13909ab38005fc9646862f3f078262","tarball":"https://registry.npmjs.org/coffee-formatter/-/coffee-formatter-0.1.2.tgz"}}},"readme":"# Coffee-Formatter\n\n> A formatter for CoffeeScript\n\n## Usage\n\n```bash\nnode formatter.js [Your Files]\n```\n\nOr if you want to use `coffee`\n\n```bash\ncoffee formatter.litcoffee [Your Files]\n```\n\nExample:\n\n```bash\ncoffee formatter.litcoffee sample/vdvc.coffee\n```\n\n## Things to note\n\nThis project is written in Literate CoffeeScript (extension '.litcoffee'), which isn't syntax-highlighted by Github at this moment.\n\nTo read the code, it's suggested to go to `docs/` folder.  For example, `docs/formatter.html` contains properly highlighted code for `formatter.litcoffee`.\n\nTo run the test suite, install [Mocha](https://github.com/visionmedia/mocha) and run `mocha` in the base directory.\n\n## TODO\n\n1. Get rid of external dependencies.\n\n## Original Author\n\nSpecial thanks to [derekchiang](https://github.com/derekchiang) who originally developed this project.\n\n## License\n\n[WTFPL](http://www.wtfpl.net/about/).\n","maintainers":[{"name":"glavin001","email":"glavin.wiechert@gmail.com"}],"time":{"modified":"2015-05-03T02:04:45.171Z","created":"2014-12-14T19:41:12.763Z","0.1.0":"2014-12-14T19:41:12.763Z","0.1.1":"2015-01-01T18:44:52.161Z","0.1.2":"2015-05-03T02:04:45.171Z"},"homepage":"https://github.com/Glavin001/Coffee-Formatter","keywords":["CoffeeScript","formatter","auto-format"],"repository":{"type":"git","url":"git://github.com/Glavin001/Coffee-Formatter.git"},"author":{"name":"Derek Chiang"},"bugs":{"url":"https://github.com/Glavin001/Coffee-Formatter/issues"},"license":"MIT","readmeFilename":"README.md","_attachments":{},"_etag":"W/\"5545823d-167a\"","_lastModified":"Sun, 03 May 2015 02:04:45 GMT"}