{"_id":"whatwg-fetch","_rev":"117-70205ff04d43e2835a56c37cd2e462b2","name":"whatwg-fetch","description":"A window.fetch polyfill.","dist-tags":{"latest":"2.0.3"},"versions":{"0.5.0":{"name":"whatwg-fetch","version":"0.5.0","main":"fetch.js","devDependencies":{"bower":"1.3.8","chai":"1.10.0","jshint":"2.5.2","mocha-phantomjs":"3.5.2","mocha":"2.1.0","phantomjs":"1.9.13"},"gitHead":"7b9ab7e777f21f0425c95667f10a42d11b684778","description":"The global `fetch` function is an easier way to make web requests and handle responses than using an XMLHttpRequest. This polyfill is written as closely as possible to the standard Fetch specification at https://fetch.spec.whatwg.org.","_id":"whatwg-fetch@0.5.0","scripts":{},"_shasum":"6dfc88ffca5d64e0763ea33394643e05258dfc56","_from":".","_npmVersion":"2.1.14","_nodeVersion":"0.10.33","_npmUser":{"name":"mattandrews","email":"matt@mattandre.ws"},"maintainers":[{"name":"mattandrews","email":"matt@mattandre.ws"}],"dist":{"shasum":"6dfc88ffca5d64e0763ea33394643e05258dfc56","tarball":"https://registry.npmjs.org/whatwg-fetch/-/whatwg-fetch-0.5.0.tgz"},"directories":{}},"0.6.0":{"name":"whatwg-fetch","version":"0.6.0","main":"fetch.js","devDependencies":{"bower":"1.3.8","chai":"1.10.0","jshint":"2.5.2","mocha-phantomjs":"3.5.2","mocha":"2.1.0","phantomjs":"1.9.13"},"gitHead":"4d793121a940aa5d09af5edcf0ad2ce0e75336b2","description":"The global `fetch` function is an easier way to make web requests and handle responses than using an XMLHttpRequest. This polyfill is written as closely as possible to the standard Fetch specification at https://fetch.spec.whatwg.org.","_id":"whatwg-fetch@0.6.0","scripts":{},"_shasum":"f25cdac834aec89449f62e7bd416886f1fb18220","_from":".","_npmVersion":"1.4.28","_npmUser":{"name":"mattandrews","email":"matt@mattandre.ws"},"maintainers":[{"name":"mattandrews","email":"matt@mattandre.ws"},{"name":"ftlabs","email":"ftlabs-opensource@ft.com"}],"dist":{"shasum":"f25cdac834aec89449f62e7bd416886f1fb18220","tarball":"https://registry.npmjs.org/whatwg-fetch/-/whatwg-fetch-0.6.0.tgz"},"directories":{}},"0.6.1":{"name":"whatwg-fetch","version":"0.6.1","main":"fetch.js","devDependencies":{"bower":"1.3.8","chai":"1.10.0","jshint":"2.5.2","mocha-phantomjs":"3.5.2","mocha":"2.1.0","phantomjs":"1.9.13"},"gitHead":"5df663e716ff6bc19590296d7dfdbf37c897e175","description":"The global `fetch` function is an easier way to make web requests and handle responses than using an XMLHttpRequest. This polyfill is written as closely as possible to the standard Fetch specification at https://fetch.spec.whatwg.org.","_id":"whatwg-fetch@0.6.1","scripts":{},"_shasum":"1af85d52c99e3e587104c666fd79d863e79df0d0","_from":".","_npmVersion":"1.4.28","_npmUser":{"name":"mattandrews","email":"matt@mattandre.ws"},"maintainers":[{"name":"mattandrews","email":"matt@mattandre.ws"},{"name":"ftlabs","email":"ftlabs-opensource@ft.com"}],"dist":{"shasum":"1af85d52c99e3e587104c666fd79d863e79df0d0","tarball":"https://registry.npmjs.org/whatwg-fetch/-/whatwg-fetch-0.6.1.tgz"},"directories":{}},"0.7.0":{"name":"whatwg-fetch","version":"0.7.0","main":"fetch.js","repository":{"type":"git","url":"https://github.com/github/fetch"},"licenses":[{"type":"MIT","url":"https://github.com/github/fetch/blob/master/LICENSE"}],"devDependencies":{"bower":"1.3.8","chai":"1.10.0","jshint":"2.5.2","mocha-phantomjs":"3.5.2","mocha":"2.1.0","phantomjs":"1.9.13"},"gitHead":"115cd972a7d5dbc63bd2335a05976070e0ebc48c","description":"The global `fetch` function is an easier way to make web requests and handle responses than using an XMLHttpRequest. This polyfill is written as closely as possible to the standard Fetch specification at https://fetch.spec.whatwg.org.","bugs":{"url":"https://github.com/github/fetch/issues"},"homepage":"https://github.com/github/fetch","_id":"whatwg-fetch@0.7.0","scripts":{},"_shasum":"538fee9896768dcec6634bbdda583c8f78fed806","_from":".","_npmVersion":"1.4.28","_npmUser":{"name":"mattandrews","email":"matt@mattandre.ws"},"maintainers":[{"name":"mattandrews","email":"matt@mattandre.ws"},{"name":"ftlabs","email":"ftlabs-opensource@ft.com"}],"dist":{"shasum":"538fee9896768dcec6634bbdda583c8f78fed806","tarball":"https://registry.npmjs.org/whatwg-fetch/-/whatwg-fetch-0.7.0.tgz"},"directories":{}},"0.8.0":{"name":"whatwg-fetch","version":"0.8.0","main":"fetch.js","repository":{"type":"git","url":"https://github.com/github/fetch"},"licenses":[{"type":"MIT","url":"https://github.com/github/fetch/blob/master/LICENSE"}],"devDependencies":{"bower":"1.3.8","chai":"1.10.0","jshint":"2.5.2","mocha-phantomjs":"3.5.2","mocha":"2.1.0","phantomjs":"1.9.13"},"files":["LICENSE","fetch.js"],"gitHead":"14462ef52357047dfc60a96c1d445c84271154d2","description":"The global `fetch` function is an easier way to make web requests and handle responses than using an XMLHttpRequest. This polyfill is written as closely as possible to the standard Fetch specification at https://fetch.spec.whatwg.org.","bugs":{"url":"https://github.com/github/fetch/issues"},"homepage":"https://github.com/github/fetch","_id":"whatwg-fetch@0.8.0","scripts":{},"_shasum":"14a779209be855d99b615f35a087204662ad9c20","_from":".","_npmVersion":"1.4.28","_npmUser":{"name":"mattandrews","email":"matt@mattandre.ws"},"maintainers":[{"name":"mattandrews","email":"matt@mattandre.ws"},{"name":"ftlabs","email":"ftlabs-opensource@ft.com"}],"dist":{"shasum":"14a779209be855d99b615f35a087204662ad9c20","tarball":"https://registry.npmjs.org/whatwg-fetch/-/whatwg-fetch-0.8.0.tgz"},"directories":{}},"0.8.1":{"name":"whatwg-fetch","version":"0.8.1","main":"fetch.js","repository":{"type":"git","url":"https://github.com/github/fetch"},"licenses":[{"type":"MIT","url":"https://github.com/github/fetch/blob/master/LICENSE"}],"devDependencies":{"bower":"1.3.8","chai":"1.10.0","jshint":"2.5.2","mocha-phantomjs":"3.5.2","mocha":"2.1.0","phantomjs":"1.9.13"},"files":["LICENSE","fetch.js"],"gitHead":"09c316d2450c08fde129336438b3a44de4e8177c","description":"The global `fetch` function is an easier way to make web requests and handle responses than using an XMLHttpRequest. This polyfill is written as closely as possible to the standard Fetch specification at https://fetch.spec.whatwg.org.","bugs":{"url":"https://github.com/github/fetch/issues"},"homepage":"https://github.com/github/fetch","_id":"whatwg-fetch@0.8.1","scripts":{},"_shasum":"b0141110a98c4cd0add9d3c0687687a81d003e2d","_from":".","_npmVersion":"1.4.28","_npmUser":{"name":"mattandrews","email":"matt@mattandre.ws"},"maintainers":[{"name":"mattandrews","email":"matt@mattandre.ws"},{"name":"ftlabs","email":"ftlabs-opensource@ft.com"}],"dist":{"shasum":"b0141110a98c4cd0add9d3c0687687a81d003e2d","tarball":"https://registry.npmjs.org/whatwg-fetch/-/whatwg-fetch-0.8.1.tgz"},"directories":{}},"0.8.2":{"name":"whatwg-fetch","version":"0.8.2","main":"fetch.js","repository":{"type":"git","url":"https://github.com/github/fetch"},"licenses":[{"type":"MIT","url":"https://github.com/github/fetch/blob/master/LICENSE"}],"devDependencies":{"bower":"1.3.8","chai":"1.10.0","jshint":"2.5.2","mocha-phantomjs":"3.5.2","mocha":"2.1.0","phantomjs":"1.9.13"},"files":["LICENSE","fetch.js"],"gitHead":"0b3e1d7c41c75359a3e0b771741ebc2a8823da38","description":"The global `fetch` function is an easier way to make web requests and handle responses than using an XMLHttpRequest. This polyfill is written as closely as possible to the standard Fetch specification at https://fetch.spec.whatwg.org.","bugs":{"url":"https://github.com/github/fetch/issues"},"homepage":"https://github.com/github/fetch","_id":"whatwg-fetch@0.8.2","scripts":{},"_shasum":"344402184ef54cc5c01f58809f2cf6737b9c7222","_from":".","_npmVersion":"1.4.28","_npmUser":{"name":"mattandrews","email":"matt@mattandre.ws"},"maintainers":[{"name":"mattandrews","email":"matt@mattandre.ws"},{"name":"ftlabs","email":"ftlabs-opensource@ft.com"}],"dist":{"shasum":"344402184ef54cc5c01f58809f2cf6737b9c7222","tarball":"https://registry.npmjs.org/whatwg-fetch/-/whatwg-fetch-0.8.2.tgz"},"directories":{}},"0.9.0":{"name":"whatwg-fetch","version":"0.9.0","main":"fetch.js","repository":{"type":"git","url":"https://github.com/github/fetch"},"licenses":[{"type":"MIT","url":"https://github.com/github/fetch/blob/master/LICENSE"}],"devDependencies":{"bower":"1.3.8","chai":"1.10.0","jshint":"2.5.2","mocha-phantomjs":"3.5.2","mocha":"2.1.0","phantomjs":"1.9.13"},"files":["LICENSE","fetch.js"],"gitHead":"030e72106cd7b2f1e616a4af6503ee3a6df0bdf5","description":"The global `fetch` function is an easier way to make web requests and handle responses than using an XMLHttpRequest. This polyfill is written as closely as possible to the standard Fetch specification at https://fetch.spec.whatwg.org.","bugs":{"url":"https://github.com/github/fetch/issues"},"homepage":"https://github.com/github/fetch","_id":"whatwg-fetch@0.9.0","scripts":{},"_shasum":"0e3684c6cb9995b43efc9df03e4c365d95fd9cc0","_from":".","_npmVersion":"1.4.28","_npmUser":{"name":"mattandrews","email":"matt@mattandre.ws"},"maintainers":[{"name":"mattandrews","email":"matt@mattandre.ws"},{"name":"ftlabs","email":"ftlabs-opensource@ft.com"}],"dist":{"shasum":"0e3684c6cb9995b43efc9df03e4c365d95fd9cc0","tarball":"https://registry.npmjs.org/whatwg-fetch/-/whatwg-fetch-0.9.0.tgz"},"directories":{}},"0.10.0":{"name":"whatwg-fetch","version":"0.10.0","main":"fetch.js","repository":{"type":"git","url":"git+https://github.com/github/fetch.git"},"licenses":[{"type":"MIT","url":"https://github.com/github/fetch/blob/master/LICENSE"}],"devDependencies":{"bower":"1.3.8","chai":"1.10.0","jshint":"2.5.2","mocha-phantomjs":"3.5.2","mocha":"2.1.0","phantomjs":"1.9.13"},"files":["LICENSE","fetch.js"],"gitHead":"92de9f1b87f0defc3673470044a4477080533324","description":"This project adheres to the [Open Code of Conduct][code-of-conduct]. By participating, you are expected to uphold this code. [code-of-conduct]: http://todogroup.org/opencodeofconduct/#fetch/opensource@github.com","bugs":{"url":"https://github.com/github/fetch/issues"},"homepage":"https://github.com/github/fetch#readme","_id":"whatwg-fetch@0.10.0","scripts":{},"_shasum":"bd82f3c6e69f12ef9cb4b51f20ea5f5c1d3b05ea","_from":".","_npmVersion":"2.10.1","_nodeVersion":"0.12.4","_npmUser":{"name":"mislav","email":"mislav.marohnic@gmail.com"},"dist":{"shasum":"bd82f3c6e69f12ef9cb4b51f20ea5f5c1d3b05ea","tarball":"https://registry.npmjs.org/whatwg-fetch/-/whatwg-fetch-0.10.0.tgz"},"maintainers":[{"name":"ftlabs","email":"ftlabs-opensource@ft.com"},{"name":"mattandrews","email":"matt@mattandre.ws"},{"name":"mislav","email":"mislav.marohnic@gmail.com"}],"directories":{}},"0.10.1":{"name":"whatwg-fetch","version":"0.10.1","main":"fetch.js","repository":{"type":"git","url":"git+https://github.com/github/fetch.git"},"licenses":[{"type":"MIT","url":"https://github.com/github/fetch/blob/master/LICENSE"}],"devDependencies":{"bower":"1.3.8","chai":"1.10.0","jshint":"2.5.2","mocha-phantomjs":"3.5.2","mocha":"2.1.0","phantomjs":"1.9.13"},"files":["LICENSE","fetch.js"],"gitHead":"f4f8ca8d0ba6c7d11e5317a84189913cefe55809","description":"This project adheres to the [Open Code of Conduct][code-of-conduct]. By participating, you are expected to uphold this code. [code-of-conduct]: http://todogroup.org/opencodeofconduct/#fetch/opensource@github.com","bugs":{"url":"https://github.com/github/fetch/issues"},"homepage":"https://github.com/github/fetch#readme","_id":"whatwg-fetch@0.10.1","scripts":{},"_shasum":"365125d40b36823feac8ab41b71c4d56e84a531f","_from":".","_npmVersion":"3.3.9","_nodeVersion":"5.0.0","_npmUser":{"name":"mislav","email":"mislav.marohnic@gmail.com"},"dist":{"shasum":"365125d40b36823feac8ab41b71c4d56e84a531f","tarball":"https://registry.npmjs.org/whatwg-fetch/-/whatwg-fetch-0.10.1.tgz"},"maintainers":[{"name":"mattandrews","email":"matt@mattandre.ws"},{"name":"mislav","email":"mislav.marohnic@gmail.com"}],"directories":{}},"0.11.0":{"name":"whatwg-fetch","description":"A window.fetch polyfill.","version":"0.11.0","main":"fetch.js","repository":{"type":"git","url":"git+https://github.com/github/fetch.git"},"licenses":[{"type":"MIT","url":"https://github.com/github/fetch/blob/master/LICENSE"}],"devDependencies":{"bower":"1.3.8","chai":"1.10.0","jshint":"2.8.0","mocha-phantomjs":"3.5.2","mocha":"2.1.0","phantomjs":"1.9.19"},"files":["LICENSE","fetch.js"],"gitHead":"989a1e8132e9adb4c4e973875ad043ff7219fc5a","bugs":{"url":"https://github.com/github/fetch/issues"},"homepage":"https://github.com/github/fetch#readme","_id":"whatwg-fetch@0.11.0","scripts":{},"_shasum":"46b1d18d0aa99955971ef1a2f5aac506add28815","_from":".","_npmVersion":"3.3.12","_nodeVersion":"5.4.0","_npmUser":{"name":"mislav","email":"mislav.marohnic@gmail.com"},"dist":{"shasum":"46b1d18d0aa99955971ef1a2f5aac506add28815","tarball":"https://registry.npmjs.org/whatwg-fetch/-/whatwg-fetch-0.11.0.tgz"},"maintainers":[{"name":"mattandrews","email":"matt@mattandre.ws"},{"name":"mislav","email":"mislav.marohnic@gmail.com"}],"directories":{}},"1.0.0":{"name":"whatwg-fetch","description":"A window.fetch polyfill.","version":"1.0.0","main":"fetch.js","repository":{"type":"git","url":"git+https://github.com/github/fetch.git"},"license":"MIT","devDependencies":{"bower":"1.3.8","chai":"1.10.0","jshint":"2.8.0","mocha":"2.1.0","mocha-phantomjs-core":"2.0.1","url-search-params":"0.5.0"},"files":["LICENSE","fetch.js"],"gitHead":"ad96feb721393590a1b79dd2646854f5cbb16186","bugs":{"url":"https://github.com/github/fetch/issues"},"homepage":"https://github.com/github/fetch#readme","_id":"whatwg-fetch@1.0.0","scripts":{},"_shasum":"01c2ac4df40e236aaa18480e3be74bd5c8eb798e","_from":".","_npmVersion":"2.15.0","_nodeVersion":"0.10.44","_npmUser":{"name":"mislav","email":"mislav.marohnic@gmail.com"},"dist":{"shasum":"01c2ac4df40e236aaa18480e3be74bd5c8eb798e","tarball":"https://registry.npmjs.org/whatwg-fetch/-/whatwg-fetch-1.0.0.tgz"},"maintainers":[{"name":"mattandrews","email":"matt@mattandre.ws"},{"name":"mislav","email":"mislav.marohnic@gmail.com"}],"_npmOperationalInternal":{"host":"packages-16-east.internal.npmjs.com","tmp":"tmp/whatwg-fetch-1.0.0.tgz_1461876470856_0.9817740931175649"},"directories":{}},"0.11.1":{"name":"whatwg-fetch","description":"A window.fetch polyfill.","version":"0.11.1","main":"fetch.js","repository":{"type":"git","url":"git+https://github.com/github/fetch.git"},"licenses":[{"type":"MIT","url":"https://github.com/github/fetch/blob/master/LICENSE"}],"devDependencies":{"bower":"1.3.8","chai":"1.10.0","jshint":"2.8.0","mocha-phantomjs":"3.5.2","mocha":"2.1.0","phantomjs":"1.9.19"},"files":["LICENSE","fetch.js"],"gitHead":"7d9a11deec5c0ea2d453390be647ba52695166f8","bugs":{"url":"https://github.com/github/fetch/issues"},"homepage":"https://github.com/github/fetch#readme","_id":"whatwg-fetch@0.11.1","scripts":{},"_shasum":"6d3ded245fdd97cd728e0e2587b54b733949e663","_from":".","_npmVersion":"3.8.3","_nodeVersion":"5.10.1","_npmUser":{"name":"mislav","email":"mislav.marohnic@gmail.com"},"dist":{"shasum":"6d3ded245fdd97cd728e0e2587b54b733949e663","tarball":"https://registry.npmjs.org/whatwg-fetch/-/whatwg-fetch-0.11.1.tgz"},"maintainers":[{"name":"mattandrews","email":"matt@mattandre.ws"},{"name":"mislav","email":"mislav.marohnic@gmail.com"}],"_npmOperationalInternal":{"host":"packages-12-west.internal.npmjs.com","tmp":"tmp/whatwg-fetch-0.11.1.tgz_1462449705636_0.04168060328811407"},"directories":{}},"1.1.0":{"name":"whatwg-fetch","description":"A window.fetch polyfill.","version":"1.1.0","main":"fetch.js","repository":{"type":"git","url":"git+https://github.com/github/fetch.git"},"license":"MIT","devDependencies":{"chai":"1.10.0","jshint":"2.8.0","mocha":"2.1.0","mocha-phantomjs-core":"2.0.1","promise-polyfill":"6.0.2","url-search-params":"0.6.1"},"files":["LICENSE","fetch.js"],"scripts":{"test":"make"},"gitHead":"76f6a09cbfc1c955479dd9da2a333f7404c79de2","bugs":{"url":"https://github.com/github/fetch/issues"},"homepage":"https://github.com/github/fetch#readme","_id":"whatwg-fetch@1.1.0","_shasum":"f143957839af3b6fbfbb00f70eb752292fe1cbb6","_from":".","_npmVersion":"2.15.1","_nodeVersion":"0.10.48","_npmUser":{"name":"mislav","email":"mislav.marohnic@gmail.com"},"dist":{"shasum":"f143957839af3b6fbfbb00f70eb752292fe1cbb6","tarball":"https://registry.npmjs.org/whatwg-fetch/-/whatwg-fetch-1.1.0.tgz"},"maintainers":[{"name":"mattandrews","email":"matt@mattandre.ws"},{"name":"mislav","email":"mislav.marohnic@gmail.com"}],"_npmOperationalInternal":{"host":"packages-18-east.internal.npmjs.com","tmp":"tmp/whatwg-fetch-1.1.0.tgz_1479152495244_0.06688376050442457"},"directories":{}},"2.0.0":{"name":"whatwg-fetch","description":"A window.fetch polyfill.","version":"2.0.0","main":"fetch.js","repository":{"type":"git","url":"git+https://github.com/github/fetch.git"},"license":"MIT","devDependencies":{"chai":"1.10.0","jshint":"2.8.0","mocha":"2.1.0","mocha-phantomjs-core":"2.0.1","promise-polyfill":"6.0.2","url-search-params":"0.6.1"},"files":["LICENSE","fetch.js"],"scripts":{"test":"make"},"gitHead":"c576d61fee39bb34699bbe870460b6120011150a","bugs":{"url":"https://github.com/github/fetch/issues"},"homepage":"https://github.com/github/fetch#readme","_id":"whatwg-fetch@2.0.0","_shasum":"cde428ac2b1dab717c96bc6785feb557619b249e","_from":".","_npmVersion":"2.15.1","_nodeVersion":"0.10.48","_npmUser":{"name":"mislav","email":"mislav.marohnic@gmail.com"},"dist":{"shasum":"cde428ac2b1dab717c96bc6785feb557619b249e","tarball":"https://registry.npmjs.org/whatwg-fetch/-/whatwg-fetch-2.0.0.tgz"},"maintainers":[{"name":"mattandrews","email":"matt@mattandre.ws"},{"name":"mislav","email":"mislav.marohnic@gmail.com"}],"_npmOperationalInternal":{"host":"packages-18-east.internal.npmjs.com","tmp":"tmp/whatwg-fetch-2.0.0.tgz_1479152623482_0.38356511015444994"},"directories":{}},"1.1.1":{"name":"whatwg-fetch","description":"A window.fetch polyfill.","version":"1.1.1","main":"fetch.js","repository":{"type":"git","url":"git+https://github.com/github/fetch.git"},"license":"MIT","devDependencies":{"chai":"1.10.0","jshint":"2.8.0","mocha":"2.1.0","mocha-phantomjs-core":"2.0.1","promise-polyfill":"6.0.2","url-search-params":"0.6.1"},"files":["LICENSE","fetch.js"],"scripts":{"test":"make"},"gitHead":"f7a514829820fc77c0f884c74cf2d36356a781c0","bugs":{"url":"https://github.com/github/fetch/issues"},"homepage":"https://github.com/github/fetch#readme","_id":"whatwg-fetch@1.1.1","_shasum":"ac3c9d39f320c6dce5339969d054ef43dd333319","_from":".","_npmVersion":"2.15.1","_nodeVersion":"0.10.48","_npmUser":{"name":"mislav","email":"mislav.marohnic@gmail.com"},"dist":{"shasum":"ac3c9d39f320c6dce5339969d054ef43dd333319","tarball":"https://registry.npmjs.org/whatwg-fetch/-/whatwg-fetch-1.1.1.tgz"},"maintainers":[{"name":"mattandrews","email":"matt@mattandre.ws"},{"name":"mislav","email":"mislav.marohnic@gmail.com"}],"_npmOperationalInternal":{"host":"packages-12-west.internal.npmjs.com","tmp":"tmp/whatwg-fetch-1.1.1.tgz_1479399501787_0.8345572426915169"},"directories":{}},"2.0.1":{"name":"whatwg-fetch","description":"A window.fetch polyfill.","version":"2.0.1","main":"fetch.js","repository":{"type":"git","url":"git+https://github.com/github/fetch.git"},"license":"MIT","devDependencies":{"chai":"1.10.0","jshint":"2.8.0","mocha":"2.1.0","mocha-phantomjs-core":"2.0.1","promise-polyfill":"6.0.2","url-search-params":"0.6.1"},"files":["LICENSE","fetch.js"],"scripts":{"test":"make"},"gitHead":"b54dbacecabeaf0eb4ee6a7cd6fb5daf54e00d8c","bugs":{"url":"https://github.com/github/fetch/issues"},"homepage":"https://github.com/github/fetch#readme","_id":"whatwg-fetch@2.0.1","_shasum":"078b9461bbe91cea73cbce8bb122a05f9e92b772","_from":".","_npmVersion":"2.15.1","_nodeVersion":"0.10.48","_npmUser":{"name":"mislav","email":"mislav.marohnic@gmail.com"},"dist":{"shasum":"078b9461bbe91cea73cbce8bb122a05f9e92b772","tarball":"https://registry.npmjs.org/whatwg-fetch/-/whatwg-fetch-2.0.1.tgz"},"maintainers":[{"name":"mattandrews","email":"matt@mattandre.ws"},{"name":"mislav","email":"mislav.marohnic@gmail.com"}],"_npmOperationalInternal":{"host":"packages-18-east.internal.npmjs.com","tmp":"tmp/whatwg-fetch-2.0.1.tgz_1479399503414_0.6371742249466479"},"directories":{}},"2.0.2":{"name":"whatwg-fetch","description":"A window.fetch polyfill.","version":"2.0.2","main":"fetch.js","repository":{"type":"git","url":"git+https://github.com/github/fetch.git"},"license":"MIT","devDependencies":{"chai":"1.10.0","jshint":"2.8.0","mocha":"2.1.0","mocha-phantomjs-core":"2.0.1","promise-polyfill":"6.0.2","url-search-params":"0.6.1"},"files":["LICENSE","fetch.js"],"scripts":{"test":"make"},"gitHead":"b337f9578fa8e21fa5c9fe8d6eb74baaa43a1c02","bugs":{"url":"https://github.com/github/fetch/issues"},"homepage":"https://github.com/github/fetch#readme","_id":"whatwg-fetch@2.0.2","_shasum":"fe294d1d89e36c5be8b3195057f2e4bc74fc980e","_from":".","_npmVersion":"2.15.1","_nodeVersion":"0.10.48","_npmUser":{"name":"mislav","email":"mislav.marohnic@gmail.com"},"dist":{"shasum":"fe294d1d89e36c5be8b3195057f2e4bc74fc980e","tarball":"https://registry.npmjs.org/whatwg-fetch/-/whatwg-fetch-2.0.2.tgz"},"maintainers":[{"name":"mattandrews","email":"matt@mattandre.ws"},{"name":"mislav","email":"mislav.marohnic@gmail.com"}],"_npmOperationalInternal":{"host":"packages-12-west.internal.npmjs.com","tmp":"tmp/whatwg-fetch-2.0.2.tgz_1484847349627_0.22377261309884489"},"directories":{}},"2.0.3":{"name":"whatwg-fetch","description":"A window.fetch polyfill.","version":"2.0.3","main":"fetch.js","repository":{"type":"git","url":"git+https://github.com/github/fetch.git"},"license":"MIT","devDependencies":{"chai":"1.10.0","jshint":"2.8.0","mocha":"2.1.0","mocha-phantomjs-core":"2.0.1","promise-polyfill":"6.0.2","url-search-params":"0.6.1"},"files":["LICENSE","fetch.js"],"scripts":{"test":"make"},"gitHead":"d4ed806fdcbdeaef707d27f6c88943f0336a647d","bugs":{"url":"https://github.com/github/fetch/issues"},"homepage":"https://github.com/github/fetch#readme","_id":"whatwg-fetch@2.0.3","_shasum":"9c84ec2dcf68187ff00bc64e1274b442176e1c84","_from":".","_npmVersion":"2.15.1","_nodeVersion":"0.10.48","_npmUser":{"name":"mislav","email":"mislav.marohnic@gmail.com"},"dist":{"shasum":"9c84ec2dcf68187ff00bc64e1274b442176e1c84","tarball":"https://registry.npmjs.org/whatwg-fetch/-/whatwg-fetch-2.0.3.tgz"},"maintainers":[{"name":"mattandrews","email":"matt@mattandre.ws"},{"name":"mislav","email":"mislav.marohnic@gmail.com"}],"_npmOperationalInternal":{"host":"packages-12-west.internal.npmjs.com","tmp":"tmp/whatwg-fetch-2.0.3.tgz_1488476993688_0.31996091664768755"},"directories":{}}},"readme":"# window.fetch polyfill\n\nThe `fetch()` function is a Promise-based mechanism for programmatically making\nweb requests in the browser. This project is a polyfill that implements a subset\nof the standard [Fetch specification][], enough to make `fetch` a viable\nreplacement for most uses of XMLHttpRequest in traditional web applications.\n\nThis project adheres to the [Open Code of Conduct][]. By participating, you are\nexpected to uphold this code.\n\n## Table of Contents\n\n* [Read this first](#read-this-first)\n* [Installation](#installation)\n* [Usage](#usage)\n  * [HTML](#html)\n  * [JSON](#json)\n  * [Response metadata](#response-metadata)\n  * [Post form](#post-form)\n  * [Post JSON](#post-json)\n  * [File upload](#file-upload)\n  * [Caveats](#caveats)\n    * [Handling HTTP error statuses](#handling-http-error-statuses)\n    * [Sending cookies](#sending-cookies)\n    * [Receiving cookies](#receiving-cookies)\n    * [Obtaining the Response URL](#obtaining-the-response-url)\n* [Browser Support](#browser-support)\n\n## Read this first\n\n* If you believe you found a bug with how `fetch` behaves in Chrome or Firefox,\n  please **avoid opening an issue in this repository**. This project is a\n  _polyfill_, and since Chrome and Firefox both implement the `window.fetch`\n  function natively, no code from this project actually takes any effect in\n  these browsers. See [Browser support](#browser-support) for detailed\n  information.\n\n* If you have trouble **making a request to another domain** (a different\n  subdomain or port number also constitutes as another domain), please\n  familiarize yourself with all the intricacies and limitations of [CORS][]\n  requests. Because CORS requires participation of the server by implementing\n  specific HTTP response headers, it is often nontrivial to set up or debug.\n  CORS is exclusively handled by the browser's internal mechanisms which this\n  polyfill cannot influence.\n\n* If you have trouble **maintaining the user's session** or [CSRF][] protection\n  through `fetch` requests, please ensure that you've read and understood the\n  [Sending cookies](#sending-cookies) section.\n\n* If this polyfill **doesn't work under Node.js environments**, that is expected,\n  because this project is meant for web browsers only. You should ensure that your\n  application doesn't try to package and run this on the server.\n\n* If you have an idea for a new feature of `fetch`, please understand that we\n  are only ever going to add features and APIs that are a part of the\n  [Fetch specification][]. You should **submit your feature requests** to the\n  [repository of the specification](https://github.com/whatwg/fetch/issues)\n  itself, rather than this repository.\n\n## Installation\n\n* `npm install whatwg-fetch --save`; or\n\n* `bower install fetch`.\n\nYou will also need a Promise polyfill for [older browsers](http://caniuse.com/#feat=promises).\nWe recommend [taylorhakes/promise-polyfill](https://github.com/taylorhakes/promise-polyfill)\nfor its small size and Promises/A+ compatibility.\n\nFor use with webpack, add this package in the `entry` configuration option\nbefore your application entry point:\n\n```javascript\nentry: ['whatwg-fetch', ...]\n```\n\nFor Babel and ES2015+, make sure to import the file:\n\n```javascript\nimport 'whatwg-fetch'\n```\n\n## Usage\n\nFor a more comprehensive API reference that this polyfill supports, refer to\nhttps://github.github.io/fetch/.\n\n### HTML\n\n```javascript\nfetch('/users.html')\n  .then(function(response) {\n    return response.text()\n  }).then(function(body) {\n    document.body.innerHTML = body\n  })\n```\n\n### JSON\n\n```javascript\nfetch('/users.json')\n  .then(function(response) {\n    return response.json()\n  }).then(function(json) {\n    console.log('parsed json', json)\n  }).catch(function(ex) {\n    console.log('parsing failed', ex)\n  })\n```\n\n### Response metadata\n\n```javascript\nfetch('/users.json').then(function(response) {\n  console.log(response.headers.get('Content-Type'))\n  console.log(response.headers.get('Date'))\n  console.log(response.status)\n  console.log(response.statusText)\n})\n```\n\n### Post form\n\n```javascript\nvar form = document.querySelector('form')\n\nfetch('/users', {\n  method: 'POST',\n  body: new FormData(form)\n})\n```\n\n### Post JSON\n\n```javascript\nfetch('/users', {\n  method: 'POST',\n  headers: {\n    'Content-Type': 'application/json'\n  },\n  body: JSON.stringify({\n    name: 'Hubot',\n    login: 'hubot',\n  })\n})\n```\n\n### File upload\n\n```javascript\nvar input = document.querySelector('input[type=\"file\"]')\n\nvar data = new FormData()\ndata.append('file', input.files[0])\ndata.append('user', 'hubot')\n\nfetch('/avatars', {\n  method: 'POST',\n  body: data\n})\n```\n\n### Caveats\n\nThe `fetch` specification differs from `jQuery.ajax()` in mainly two ways that\nbear keeping in mind:\n\n* The Promise returned from `fetch()` **won't reject on HTTP error status**\n  even if the response is an HTTP 404 or 500. Instead, it will resolve normally,\n  and it will only reject on network failure or if anything prevented the\n  request from completing.\n\n* By default, `fetch` **won't send or receive any cookies** from the server,\n  resulting in unauthenticated requests if the site relies on maintaining a user\n  session. See [Sending cookies](#sending-cookies) for how to opt into cookie\n  handling.\n\n#### Handling HTTP error statuses\n\nTo have `fetch` Promise reject on HTTP error statuses, i.e. on any non-2xx\nstatus, define a custom response handler:\n\n```javascript\nfunction checkStatus(response) {\n  if (response.status >= 200 && response.status < 300) {\n    return response\n  } else {\n    var error = new Error(response.statusText)\n    error.response = response\n    throw error\n  }\n}\n\nfunction parseJSON(response) {\n  return response.json()\n}\n\nfetch('/users')\n  .then(checkStatus)\n  .then(parseJSON)\n  .then(function(data) {\n    console.log('request succeeded with JSON response', data)\n  }).catch(function(error) {\n    console.log('request failed', error)\n  })\n```\n\n#### Sending cookies\n\nTo automatically send cookies for the current domain, the `credentials` option\nmust be provided:\n\n```javascript\nfetch('/users', {\n  credentials: 'same-origin'\n})\n```\n\nThe \"same-origin\" value makes `fetch` behave similarly to XMLHttpRequest with\nregards to cookies. Otherwise, cookies won't get sent, resulting in these\nrequests not preserving the authentication session.\n\nFor [CORS][] requests, use the \"include\" value to allow sending credentials to\nother domains:\n\n```javascript\nfetch('https://example.com:1234/users', {\n  credentials: 'include'\n})\n```\n\n#### Receiving cookies\n\nAs with XMLHttpRequest, the `Set-Cookie` response header returned from the\nserver is a [forbidden header name][] and therefore can't be programmatically\nread with `response.headers.get()`. Instead, it's the browser's responsibility\nto handle new cookies being set (if applicable to the current URL). Unless they\nare HTTP-only, new cookies will be available through `document.cookie`.\n\nBear in mind that the default behavior of `fetch` is to ignore the `Set-Cookie`\nheader completely. To opt into accepting cookies from the server, you must use\nthe `credentials` option.\n\n#### Obtaining the Response URL\n\nDue to limitations of XMLHttpRequest, the `response.url` value might not be\nreliable after HTTP redirects on older browsers.\n\nThe solution is to configure the server to set the response HTTP header\n`X-Request-URL` to the current URL after any redirect that might have happened.\nIt should be safe to set it unconditionally.\n\n``` ruby\n# Ruby on Rails controller example\nresponse.headers['X-Request-URL'] = request.url\n```\n\nThis server workaround is necessary if you need reliable `response.url` in\nFirefox < 32, Chrome < 37, Safari, or IE.\n\n## Browser Support\n\n- Chrome\n- Firefox\n- Safari 6.1+\n- Internet Explorer 10+\n\nNote: modern browsers such as Chrome, Firefox, and Microsoft Edge contain native\nimplementations of `window.fetch`, therefore the code from this polyfill doesn't\nhave any effect on those browsers. If you believe you've encountered an error\nwith how `window.fetch` is implemented in any of these browsers, you should file\nan issue with that browser vendor instead of this project.\n\n\n  [fetch specification]: https://fetch.spec.whatwg.org\n  [open code of conduct]: http://todogroup.org/opencodeofconduct/#fetch/opensource@github.com\n  [cors]: https://developer.mozilla.org/en-US/docs/Web/HTTP/Access_control_CORS\n    \"Cross-origin resource sharing\"\n  [csrf]: https://www.owasp.org/index.php/Cross-Site_Request_Forgery_(CSRF)_Prevention_Cheat_Sheet\n    \"Cross-site request forgery\"\n  [forbidden header name]: https://developer.mozilla.org/en-US/docs/Glossary/Forbidden_header_name\n","maintainers":[{"name":"mattandrews","email":"matt@mattandre.ws"},{"name":"mislav","email":"mislav.marohnic@gmail.com"}],"time":{"modified":"2017-03-14T07:25:09.832Z","created":"2015-01-12T23:46:17.785Z","0.5.0":"2015-01-12T23:46:17.785Z","0.6.0":"2015-01-13T00:10:39.303Z","0.6.1":"2015-01-16T00:01:06.778Z","0.7.0":"2015-01-24T19:31:20.018Z","0.8.0":"2015-05-04T20:05:46.212Z","0.8.1":"2015-05-04T20:23:25.873Z","0.8.2":"2015-05-19T22:58:23.775Z","0.9.0":"2015-05-29T21:01:17.713Z","0.10.0":"2015-10-12T13:09:54.454Z","0.10.1":"2015-11-03T11:44:09.025Z","0.11.0":"2016-01-19T05:39:06.560Z","1.0.0":"2016-04-28T20:47:51.704Z","0.11.1":"2016-05-05T12:01:48.316Z","1.1.0":"2016-11-14T19:41:35.946Z","2.0.0":"2016-11-14T19:43:44.160Z","1.1.1":"2016-11-17T16:18:23.692Z","2.0.1":"2016-11-17T16:18:24.111Z","2.0.2":"2017-01-19T17:35:51.553Z","2.0.3":"2017-03-02T17:49:55.818Z"},"readmeFilename":"README.md","users":{"ferrari":true,"jaywalking101":true,"jamescostian":true,"davidchase":true,"dannyfritz":true,"augbog":true,"mysticatea":true,"asaaki":true,"arkanciscan":true,"renderkid":true,"moimikey":true,"nchase":true,"r3nya":true,"mrmartineau":true,"draganhr":true,"lenville":true,"mlm":true,"anthonyringoet":true,"leonardorb":true,"s4g6":true,"timdp":true,"detj":true,"nikhilkumar80":true,"hckhanh":true,"stevenvachon":true,"timothy.pharo":true,"peterbakonyi05":true,"raffaele":true,"amirrustam":true,"nex":true,"foto":true,"jmsherry":true,"j.su":true,"qqcome110":true,"nickeljew":true,"mdrobny":true,"digital-owl":true,"panlw":true,"dheerajvs":true,"tomekf":true,"jo12bar":true,"fabrianibrahim":true,"marliotto":true,"bourne":true,"kaashin":true,"refack":true,"namniak":true,"gejiawen":true,"backnight":true,"knksmith57":true,"weerd":true,"shanewholloway":true,"fchienvuhoang":true,"adrianpark":true,"shakakira":true,"ninozhang":true,"asaupup":true,"codebyren":true,"pixel67":true,"wuyangwang":true,"gusgarcia":true,"junya":true,"fenrir":true,"antanst":true,"harryandrew":true,"nfrigus":true,"dean-xu":true,"princetoad":true,"monjer":true,"taturou":true,"sartrey":true,"wangfeia":true,"xueboren":true,"javafun":true,"bolerovt":true,"hendry":true,"tiendq":true,"austinstarin":true,"liximomo":true,"shuoshubao":true,"shadowlong":true},"homepage":"https://github.com/github/fetch#readme","repository":{"type":"git","url":"git+https://github.com/github/fetch.git"},"bugs":{"url":"https://github.com/github/fetch/issues"},"license":"MIT","_attachments":{},"_etag":"W/\"58c79ad5-84c2\"","_lastModified":"Tue, 14 Mar 2017 07:25:09 GMT"}