{"_id":"setimmediate","_rev":"17-957d2363c9083f057ab19dd3d6a9d322","name":"setimmediate","description":"A shim for the setImmediate efficient script yielding API","dist-tags":{"latest":"1.0.5"},"versions":{"1.0.0":{"name":"setimmediate","description":"A shim for the setImmediate efficient script yielding API","version":"1.0.0","author":{"name":"NobleJS"},"contributors":[{"name":"Domenic Denicola","email":"domenic@domenicdenicola.com","url":"http://domenicdenicola.com"},{"name":"Donavon West"},{"name":"Yaffle"}],"license":"MIT","repository":{"type":"git","url":"git://github.com/NobleJS/setImmediate.git"},"bugs":{"url":"http://github.com/NobleJS/setImmediate/issues"},"main":"setImmediate.js","scripts":{"lint":"jshint setImmediate.js","test":"mocha test/tests.js","test-browser":"opener http://localhost:9000 && zuul --server 9000 test/tests.js --wwwroot test/","test-browser-only":"opener http://localhost:9007/test/browserOnly/index.html && http-server . -p 9007"},"devDependencies":{"jshint":">= 0.9.1","mocha":">= 1.7.4","zuul":">= 0.0.1","http-server":">= 0.5.3","opener":">= 1.1.0"},"testling":{"browsers":{"ie":[6,7,8,9],"chrome":[4,23,"canary"],"firefox":[3,3.5,3.6,4,17,"nightly"],"opera":[10,10.5,11,11.5,11.6,12,"next"],"safari":["5.0.5",5.1]},"harness":"mocha","files":"test/tests.js"},"_id":"setimmediate@1.0.0","dist":{"shasum":"5937c194e03cdf951d570bb83e10be5642db11c8","tarball":"https://registry.npmjs.org/setimmediate/-/setimmediate-1.0.0.tgz"},"_npmVersion":"1.1.62","_npmUser":{"name":"domenic","email":"domenic@domenicdenicola.com"},"maintainers":[{"name":"domenic","email":"domenic@domenicdenicola.com"}],"directories":{}},"1.0.1":{"name":"setimmediate","description":"A shim for the setImmediate efficient script yielding API","version":"1.0.1","author":{"name":"NobleJS"},"contributors":[{"name":"Domenic Denicola","email":"domenic@domenicdenicola.com","url":"http://domenicdenicola.com"},{"name":"Donavon West"},{"name":"Yaffle"}],"license":"MIT","repository":{"type":"git","url":"git://github.com/NobleJS/setImmediate.git"},"bugs":{"url":"http://github.com/NobleJS/setImmediate/issues"},"main":"setImmediate.js","scripts":{"lint":"jshint setImmediate.js","test":"mocha test/tests.js","test-browser":"opener http://localhost:9000 && zuul --server 9000 test/tests.js --wwwroot test/","test-browser-only":"opener http://localhost:9007/test/browserOnly/index.html && http-server . -p 9007"},"devDependencies":{"jshint":">= 0.9.1","mocha":">= 1.7.4","zuul":">= 0.0.1","http-server":">= 0.5.3","opener":">= 1.1.0"},"testling":{"browsers":{"ie":[6,7,8,9],"chrome":[4,23,"canary"],"firefox":[3,3.5,3.6,4,17,"nightly"],"opera":[10,10.5,11,11.5,11.6,12,"next"],"safari":["5.0.5",5.1]},"harness":"mocha","files":"test/tests.js"},"_id":"setimmediate@1.0.1","dist":{"shasum":"a9ca56ccbd6a4c3334855f060abcdece5c42ebb7","tarball":"https://registry.npmjs.org/setimmediate/-/setimmediate-1.0.1.tgz"},"_npmVersion":"1.1.62","_npmUser":{"name":"domenic","email":"domenic@domenicdenicola.com"},"maintainers":[{"name":"domenic","email":"domenic@domenicdenicola.com"}],"directories":{}},"1.0.2":{"name":"setimmediate","description":"A shim for the setImmediate efficient script yielding API","version":"1.0.2","author":{"name":"YuzuJS"},"contributors":[{"name":"Domenic Denicola","email":"domenic@domenicdenicola.com","url":"http://domenic.me"},{"name":"Donavon West","email":"github@donavon.com","url":"http://donavon.com"},{"name":"Yaffle"}],"license":"MIT","repository":{"type":"git","url":"git://github.com/YuzuJS/setImmediate.git"},"bugs":{"url":"https://github.com/YuzuJS/setImmediate/issues"},"main":"setImmediate.js","scripts":{"lint":"jshint setImmediate.js","test":"mocha test/tests.js","test-browser":"opener http://localhost:9008/__zuul && zuul test/tests.js --ui mocha-bdd --local 9008","test-browser-only":"opener http://localhost:9007/test/browserOnly/index.html && http-server . -p 9007"},"devDependencies":{"jshint":"^2.5.0","mocha":"~1.18.2","http-server":"~0.6.1","opener":"^1.3","zuul":"^1.6.4"},"homepage":"https://github.com/YuzuJS/setImmediate","_id":"setimmediate@1.0.2","dist":{"shasum":"d8221c4fdfeb2561556c5184fa05fb7ce0af73bd","tarball":"https://registry.npmjs.org/setimmediate/-/setimmediate-1.0.2.tgz"},"_from":".","_npmVersion":"1.4.3","_npmUser":{"name":"domenic","email":"domenic@domenicdenicola.com"},"maintainers":[{"name":"domenic","email":"domenic@domenicdenicola.com"}],"directories":{}},"1.0.3":{"name":"setimmediate","description":"A shim for the setImmediate efficient script yielding API","version":"1.0.3","author":{"name":"YuzuJS"},"contributors":[{"name":"Domenic Denicola","email":"d@domenic.me","url":"https://domenic.me"},{"name":"Donavon West","email":"github@donavon.com","url":"http://donavon.com"},{"name":"Yaffle"}],"license":"MIT","repository":{"type":"git","url":"git+https://github.com/yuzujs/setImmediate.git"},"main":"setImmediate.js","scripts":{"lint":"jshint setImmediate.js","test":"mocha test/tests.js","test-browser":"opener http://localhost:9008/__zuul && zuul test/tests.js --ui mocha-bdd --local 9008","test-browser-only":"opener http://localhost:9007/test/browserOnly/index.html && http-server . -p 9007"},"devDependencies":{"jshint":"^2.5.0","mocha":"~1.18.2","http-server":"~0.6.1","opener":"^1.3","zuul":"^1.6.4"},"gitHead":"1824fc4e7b08486e8ae2c187aaf2fd891da69e12","bugs":{"url":"https://github.com/yuzujs/setImmediate/issues"},"homepage":"https://github.com/yuzujs/setImmediate#readme","_id":"setimmediate@1.0.3","_shasum":"acced61159d5c1dadef0a8876afe4440c3530e7f","_from":".","_npmVersion":"2.14.4","_nodeVersion":"4.1.1","_npmUser":{"name":"domenic","email":"domenic@domenicdenicola.com"},"maintainers":[{"name":"domenic","email":"domenic@domenicdenicola.com"}],"dist":{"shasum":"acced61159d5c1dadef0a8876afe4440c3530e7f","tarball":"https://registry.npmjs.org/setimmediate/-/setimmediate-1.0.3.tgz"},"directories":{}},"1.0.4":{"name":"setimmediate","description":"A shim for the setImmediate efficient script yielding API","version":"1.0.4","author":{"name":"YuzuJS"},"contributors":[{"name":"Domenic Denicola","email":"d@domenic.me","url":"https://domenic.me"},{"name":"Donavon West","email":"github@donavon.com","url":"http://donavon.com"},{"name":"Yaffle"}],"license":"MIT","repository":{"type":"git","url":"git+https://github.com/yuzujs/setImmediate.git"},"main":"setImmediate.js","scripts":{"lint":"jshint setImmediate.js","test":"mocha test/tests.js","test-browser":"opener http://localhost:9008/__zuul && zuul test/tests.js --ui mocha-bdd --local 9008","test-browser-only":"opener http://localhost:9007/test/browserOnly/index.html && http-server . -p 9007"},"devDependencies":{"jshint":"^2.5.0","mocha":"~1.18.2","http-server":"~0.6.1","opener":"^1.3","zuul":"^1.6.4"},"gitHead":"f15fe2649c6e1722c57be0fd11b0e251f8bbff4b","bugs":{"url":"https://github.com/yuzujs/setImmediate/issues"},"homepage":"https://github.com/yuzujs/setImmediate#readme","_id":"setimmediate@1.0.4","_shasum":"20e81de622d4a02588ce0c8da8973cbcf1d3138f","_from":".","_npmVersion":"2.14.3","_nodeVersion":"4.1.0","_npmUser":{"name":"domenic","email":"d@domenic.me"},"maintainers":[{"name":"domenic","email":"domenic@domenicdenicola.com"}],"dist":{"shasum":"20e81de622d4a02588ce0c8da8973cbcf1d3138f","tarball":"https://registry.npmjs.org/setimmediate/-/setimmediate-1.0.4.tgz"},"directories":{}},"1.0.5":{"name":"setimmediate","description":"A shim for the setImmediate efficient script yielding API","version":"1.0.5","author":{"name":"YuzuJS"},"contributors":[{"name":"Domenic Denicola","email":"d@domenic.me","url":"https://domenic.me"},{"name":"Donavon West","email":"github@donavon.com","url":"http://donavon.com"},{"name":"Yaffle"}],"license":"MIT","repository":{"type":"git","url":"git+https://github.com/yuzujs/setImmediate.git"},"main":"setImmediate.js","files":["setImmediate.js"],"scripts":{"lint":"jshint setImmediate.js","test":"mocha test/tests.js","test-browser":"opener http://localhost:9008/__zuul && zuul test/tests.js --ui mocha-bdd --local 9008","test-browser-only":"opener http://localhost:9007/test/browserOnly/index.html && http-server . -p 9007"},"devDependencies":{"jshint":"^2.5.0","mocha":"~1.18.2","http-server":"~0.6.1","opener":"^1.3","zuul":"^1.6.4"},"gitHead":"f1ccbfdf09cb93aadf77c4aa749ea554503b9234","bugs":{"url":"https://github.com/yuzujs/setImmediate/issues"},"homepage":"https://github.com/yuzujs/setImmediate#readme","_id":"setimmediate@1.0.5","_shasum":"290cbb232e306942d7d7ea9b83732ab7856f8285","_from":".","_npmVersion":"3.9.5","_nodeVersion":"6.2.2","_npmUser":{"name":"domenic","email":"d@domenic.me"},"dist":{"shasum":"290cbb232e306942d7d7ea9b83732ab7856f8285","tarball":"https://registry.npmjs.org/setimmediate/-/setimmediate-1.0.5.tgz"},"maintainers":[{"name":"domenic","email":"domenic@domenicdenicola.com"}],"_npmOperationalInternal":{"host":"packages-12-west.internal.npmjs.com","tmp":"tmp/setimmediate-1.0.5.tgz_1473641994770_0.26671745581552386"},"directories":{}}},"readme":"# setImmediate.js\n**A YuzuJS production**\n\n## Introduction\n\n**setImmediate.js** is a highly cross-browser implementation of the `setImmediate` and `clearImmediate` APIs, [proposed][spec] by Microsoft to the Web Performance Working Group. `setImmediate` allows scripts to yield to the browser, executing a given operation asynchronously, in a manner that is typically more efficient and consumes less power than the usual `setTimeout(..., 0)` pattern.\n\nsetImmediate.js runs at “full speed” in the following browsers and environments, using various clever tricks:\n\n * Internet Explorer 6+\n * Firefox 3+\n * WebKit\n * Opera 9.5+\n * Node.js\n * Web workers in browsers that support `MessageChannel`, which I can't find solid info on.\n\nIn all other browsers we fall back to using `setTimeout`, so it's always safe to use.\n\n## Macrotasks and Microtasks\n\nThe `setImmediate` API, as specified, gives you access to the environment's [task queue][], sometimes known as its \"macrotask\" queue. This is crucially different from the [microtask queue][] used by web features such as `MutationObserver`, language features such as promises and `Object.observe`, and Node.js features such as `process.nextTick`. Each go-around of the macrotask queue yields back to the event loop once all queued tasks have been processed, even if the macrotask itself queued more macrotasks. Whereas, the microtask queue will continue executing any queued microtasks until it is exhausted.\n\nIn practice, what this means is that if you call `setImmediate` inside of another task queued with `setImmediate`, you will yield back to the event loop and any I/O or rendering tasks that need to take place between those calls, instead of executing the queued task as soon as possible.\n\nIf you are looking specifically to yield as part of a render loop, consider using [`requestAnimationFrame`][raf]; if you are looking solely for the control-flow ordering effects, use a microtask solution such as [asap][].\n\n## The Tricks\n\n### `process.nextTick`\n\nIn Node.js versions below 0.9, `setImmediate` is not available, but [`process.nextTick`][nextTick] is—and in those versions, `process.nextTick` uses macrotask semantics. So, we use it to shim support for a global `setImmediate`.\n\nIn Node.js 0.9 and above, `process.nextTick` moved to microtask semantics, but `setImmediate` was introduced with macrotask semantics, so there's no need to polyfill anything.\n\nNote that we check for *actual* Node.js environments, not emulated ones like those produced by browserify or similar. Such emulated environments often already include a `process.nextTick` shim that's not as browser-compatible as setImmediate.js.\n\n### `postMessage`\n\nIn Firefox 3+, Internet Explorer 9+, all modern WebKit browsers, and Opera 9.5+, [`postMessage`][postMessage] is available and provides a good way to queue tasks on the event loop. It's quite the abuse, using a cross-document messaging protocol within the same document simply to get access to the event loop task queue, but until there are native implementations, this is the best option.\n\nNote that Internet Explorer 8 includes a synchronous version of `postMessage`. We detect this, or any other such synchronous implementation, and fall back to another trick.\n\n### `MessageChannel`\n\nUnfortunately, `postMessage` has completely different semantics inside web workers, and so cannot be used there. So we turn to [`MessageChannel`][MessageChannel], which has worse browser support, but does work inside a web worker.\n\n### `<script> onreadystatechange`\n\nFor our last trick, we pull something out to make things fast in Internet Explorer versions 6 through 8: namely, creating a `<script>` element and firing our calls in its `onreadystatechange` event. This does execute in a future turn of the event loop, and is also faster than `setTimeout(…, 0)`, so hey, why not?\n\n## Usage\n\nIn the browser, include it with a `<script>` tag; pretty simple.\n\nIn Node.js, do\n\n```\nnpm install --save setimmediate\n```\n\nthen\n\n```js\nrequire(\"setimmediate\");  // (somewhere early in your app; it attaches to the global scope.)\n```\n\n\n## Demo\n\n* [Quick sort demo][cross-browser-demo]\n\n## Reference and Reading\n\n * [Efficient Script Yielding W3C Editor's Draft][spec]\n * [W3C mailing list post introducing the specification][list-post]\n * [IE Test Drive demo][ie-demo]\n * [Introductory blog post by Nicholas C. Zakas][ncz]\n\n\n[spec]: https://dvcs.w3.org/hg/webperf/raw-file/tip/specs/setImmediate/Overview.html\n[task queue]: http://www.whatwg.org/specs/web-apps/current-work/multipage/webappapis.html#task-queue\n[microtask queue]: http://www.whatwg.org/specs/web-apps/current-work/multipage/webappapis.html#perform-a-microtask-checkpoint\n[raf]: https://html.spec.whatwg.org/multipage/webappapis.html#dom-window-requestanimationframe\n[asap]: https://github.com/kriskowal/asap\n[list-post]: http://lists.w3.org/Archives/Public/public-web-perf/2011Jun/0100.html\n[ie-demo]: http://ie.microsoft.com/testdrive/Performance/setImmediateSorting/Default.html\n[ncz]: http://www.nczonline.net/blog/2011/09/19/script-yielding-with-setimmediate/\n[nextTick]: http://nodejs.org/docs/v0.8.16/api/process.html#process_process_nexttick_callback\n[postMessage]: http://www.whatwg.org/specs/web-apps/current-work/multipage/web-messaging.html#posting-messages\n[MessageChannel]: http://www.whatwg.org/specs/web-apps/current-work/multipage/web-messaging.html#channel-messaging\n[cross-browser-demo]: http://jphpsf.github.com/setImmediate-shim-demo\n","maintainers":[{"name":"domenic","email":"domenic@domenicdenicola.com"}],"time":{"modified":"2016-09-12T00:59:56.656Z","created":"2012-12-31T01:50:42.047Z","1.0.0":"2012-12-31T01:50:42.963Z","1.0.1":"2013-01-07T04:45:15.928Z","1.0.2":"2014-04-28T03:29:07.409Z","1.0.3":"2015-10-16T20:52:20.984Z","1.0.4":"2015-10-17T20:49:04.166Z","1.0.5":"2016-09-12T00:59:56.656Z"},"author":{"name":"YuzuJS"},"repository":{"type":"git","url":"git+https://github.com/yuzujs/setImmediate.git"},"users":{"zeusdeux":true,"nguru":true,"antixrist":true,"fassetar":true,"nichoth":true},"contributors":[{"name":"Domenic Denicola","email":"d@domenic.me","url":"https://domenic.me"},{"name":"Donavon West","email":"github@donavon.com","url":"http://donavon.com"},{"name":"Yaffle"}],"bugs":{"url":"https://github.com/yuzujs/setImmediate/issues"},"license":"MIT","readmeFilename":"README.md","homepage":"https://github.com/yuzujs/setImmediate#readme","_attachments":{},"_etag":"W/\"57d5fe0c-3c99\"","_lastModified":"Mon, 12 Sep 2016 00:59:56 GMT"}