{"_id":"handlebars","_rev":"239-119b7aa72e4c53716c556c472553ad40","name":"handlebars","description":"Handlebars provides the power necessary to let you build semantic templates effectively with no frustration","dist-tags":{"latest":"4.0.6"},"versions":{"1.0.6":{"name":"handlebars","description":"Extension of the Mustache logicless template language","version":"1.0.6","homepage":"http://www.handlebarsjs.com/","keywords":["handlebars mustache template html"],"repository":{"type":"git","url":"git://github.com/kpdecker/handlebars.js.git"},"engines":{"node":">=0.4.7"},"dependencies":{"optimist":"~0.3","uglify-js":"~1.2"},"devDependencies":{"mocha":"*"},"main":"lib/handlebars.js","bin":{"handlebars":"bin/handlebars"},"scripts":{"test":"node_modules/.bin/mocha -u qunit spec/qunit_spec.js"},"optionalDependencies":{},"_npmUser":{"name":"kpdecker","email":"kpdecker@gmail.com"},"_id":"handlebars@1.0.6","_engineSupported":true,"_npmVersion":"1.1.21","_nodeVersion":"v0.6.17","_defaultsLoaded":true,"dist":{"shasum":"2f53834fd2d1969d0306032ad39c49f7f5c9022b","tarball":"https://registry.npmjs.org/handlebars/-/handlebars-1.0.6.tgz"},"maintainers":[{"name":"kpdecker","email":"kpdecker@gmail.com"}],"directories":{}},"1.0.6-2":{"name":"handlebars","description":"Extension of the Mustache logicless template language","version":"1.0.6-2","homepage":"http://www.handlebarsjs.com/","keywords":["handlebars mustache template html"],"repository":{"type":"git","url":"git://github.com/kpdecker/handlebars.js.git"},"engines":{"node":">=0.4.7"},"dependencies":{"optimist":"~0.3","uglify-js":"~1.2"},"devDependencies":{"mocha":"*"},"main":"lib/handlebars.js","bin":{"handlebars":"bin/handlebars"},"scripts":{"test":"node_modules/.bin/mocha -u qunit spec/qunit_spec.js"},"optionalDependencies":{},"_npmUser":{"name":"kpdecker","email":"kpdecker@gmail.com"},"_id":"handlebars@1.0.6-2","_engineSupported":true,"_npmVersion":"1.1.21","_nodeVersion":"v0.6.17","_defaultsLoaded":true,"dist":{"shasum":"18131e5d2263e6b6afe9a6e83abbe6e1d859d1bf","tarball":"https://registry.npmjs.org/handlebars/-/handlebars-1.0.6-2.tgz"},"maintainers":[{"name":"kpdecker","email":"kpdecker@gmail.com"}],"directories":{}},"1.0.7":{"name":"handlebars","description":"Extension of the Mustache logicless template language","version":"1.0.7","homepage":"http://www.handlebarsjs.com/","keywords":["handlebars mustache template html"],"repository":{"type":"git","url":"git://github.com/wycats/handlebars.js.git"},"engines":{"node":">=0.4.7"},"dependencies":{"optimist":"~0.3","uglify-js":"~1.2"},"devDependencies":{"mocha":"*"},"main":"lib/handlebars.js","bin":{"handlebars":"bin/handlebars"},"scripts":{"test":"node_modules/.bin/mocha -u qunit spec/qunit_spec.js"},"optionalDependencies":{},"_id":"handlebars@1.0.7","dist":{"shasum":"c0fc63d1d596339cd0bba5fe0b5cbb1b2e3a7f3f","tarball":"https://registry.npmjs.org/handlebars/-/handlebars-1.0.7.tgz"},"_npmVersion":"1.1.59","_npmUser":{"name":"kpdecker","email":"kpdecker@gmail.com"},"maintainers":[{"name":"kpdecker","email":"kpdecker@gmail.com"}],"directories":{}},"1.0.8":{"name":"handlebars","description":"Extension of the Mustache logicless template language","version":"1.0.8","homepage":"http://www.handlebarsjs.com/","keywords":["handlebars mustache template html"],"repository":{"type":"git","url":"git://github.com/wycats/handlebars.js.git"},"engines":{"node":">=0.4.7"},"dependencies":{"optimist":"~0.3","uglify-js":"~1.2"},"devDependencies":{"benchmark":"~1.0","dust":"~0.3","jison":"~0.3","mocha":"*","mustache":"~0.7.2"},"main":"lib/handlebars.js","bin":{"handlebars":"bin/handlebars"},"scripts":{"test":"node_modules/.bin/mocha -u qunit spec/qunit_spec.js"},"optionalDependencies":{},"_id":"handlebars@1.0.8","dist":{"shasum":"163ac59a7fb08a3303e1dbb737be1aa4388bd896","tarball":"https://registry.npmjs.org/handlebars/-/handlebars-1.0.8.tgz"},"_npmVersion":"1.1.69","_npmUser":{"name":"kpdecker","email":"kpdecker@gmail.com"},"maintainers":[{"name":"kpdecker","email":"kpdecker@gmail.com"}],"directories":{}},"1.0.9":{"name":"handlebars","description":"Extension of the Mustache logicless template language","version":"1.0.9","homepage":"http://www.handlebarsjs.com/","keywords":["handlebars mustache template html"],"repository":{"type":"git","url":"git://github.com/wycats/handlebars.js.git"},"engines":{"node":">=0.4.7"},"dependencies":{"optimist":"~0.3","uglify-js":"~1.2"},"devDependencies":{"benchmark":"~1.0","dust":"~0.3","jison":"~0.3","mocha":"*","mustache":"~0.7.2"},"main":"lib/handlebars.js","bin":{"handlebars":"bin/handlebars"},"scripts":{"test":"node_modules/.bin/mocha -u qunit spec/qunit_spec.js"},"optionalDependencies":{},"_id":"handlebars@1.0.9","dist":{"shasum":"37fe6ad900f104247bcb3c3eea409df8acc108b4","tarball":"https://registry.npmjs.org/handlebars/-/handlebars-1.0.9.tgz"},"_from":".","_npmVersion":"1.2.2","_npmUser":{"name":"kpdecker","email":"kpdecker@gmail.com"},"maintainers":[{"name":"kpdecker","email":"kpdecker@gmail.com"}],"directories":{}},"1.0.10":{"name":"handlebars","description":"Extension of the Mustache logicless template language","version":"1.0.10","homepage":"http://www.handlebarsjs.com/","keywords":["handlebars mustache template html"],"repository":{"type":"git","url":"git://github.com/wycats/handlebars.js.git"},"engines":{"node":">=0.4.7"},"dependencies":{"optimist":"~0.3","uglify-js":"~1.2"},"devDependencies":{"benchmark":"~1.0","dust":"~0.3","jison":"~0.3","mocha":"*","mustache":"~0.7.2"},"main":"lib/handlebars.js","bin":{"handlebars":"bin/handlebars"},"scripts":{"test":"node_modules/.bin/mocha -u qunit spec/qunit_spec.js"},"optionalDependencies":{},"_id":"handlebars@1.0.10","dist":{"shasum":"d1c2f90921ca0755c9eb5f4b468d33db19f32c3b","tarball":"https://registry.npmjs.org/handlebars/-/handlebars-1.0.10.tgz"},"_from":".","_npmVersion":"1.2.2","_npmUser":{"name":"kpdecker","email":"kpdecker@gmail.com"},"maintainers":[{"name":"kpdecker","email":"kpdecker@gmail.com"}],"directories":{}},"1.0.11":{"name":"handlebars","description":"Extension of the Mustache logicless template language","version":"1.0.11","homepage":"http://www.handlebarsjs.com/","keywords":["handlebars mustache template html"],"repository":{"type":"git","url":"git://github.com/wycats/handlebars.js.git"},"engines":{"node":">=0.4.7"},"dependencies":{"optimist":"~0.3","uglify-js":"~1.2"},"devDependencies":{"benchmark":"~1.0","dust":"~0.3","jison":"~0.3","mocha":"*","mustache":"~0.7.2"},"main":"lib/handlebars.js","bin":{"handlebars":"bin/handlebars"},"scripts":{"test":"node_modules/.bin/mocha -u qunit spec/qunit_spec.js"},"optionalDependencies":{},"_id":"handlebars@1.0.11","dist":{"shasum":"28b8af8b1f3658ef377e621e0d6b07078fc450a9","tarball":"https://registry.npmjs.org/handlebars/-/handlebars-1.0.11.tgz"},"_from":".","_npmVersion":"1.2.2","_npmUser":{"name":"kpdecker","email":"kpdecker@gmail.com"},"maintainers":[{"name":"kpdecker","email":"kpdecker@gmail.com"}],"directories":{}},"1.0.12":{"name":"handlebars","description":"Extension of the Mustache logicless template language","version":"1.0.12","homepage":"http://www.handlebarsjs.com/","keywords":["handlebars mustache template html"],"repository":{"type":"git","url":"git://github.com/wycats/handlebars.js.git"},"engines":{"node":">=0.4.7"},"dependencies":{"optimist":"~0.3","uglify-js":"~2.3"},"devDependencies":{"benchmark":"~1.0","dust":"~0.3","jison":"~0.3","mocha":"*","mustache":"~0.7.2"},"main":"lib/handlebars.js","bin":{"handlebars":"bin/handlebars"},"scripts":{"test":"node_modules/.bin/mocha -u qunit spec/qunit_spec.js"},"optionalDependencies":{},"_id":"handlebars@1.0.12","dist":{"shasum":"18c6d3440c35e91b19b3ff582b9151ab4985d4fc","tarball":"https://registry.npmjs.org/handlebars/-/handlebars-1.0.12.tgz"},"_from":".","_npmVersion":"1.2.2","_npmUser":{"name":"kpdecker","email":"kpdecker@gmail.com"},"maintainers":[{"name":"kpdecker","email":"kpdecker@gmail.com"}],"directories":{}},"1.1.0":{"name":"handlebars","barename":"handlebars","version":"1.1.0","description":"Handlebars provides the power necessary to let you build semantic templates effectively with no frustration","homepage":"http://www.handlebarsjs.com/","keywords":["handlebars","mustache","template","html"],"repository":{"type":"git","url":"https://github.com/wycats/handlebars.js.git"},"author":{"name":"Yehuda Katz"},"license":"BSD","engines":{"node":">=0.4.7"},"dependencies":{"optimist":"~0.3","uglify-js":"~2.3"},"optionalDependencies":{"uglify-js":"~2.3"},"devDependencies":{"async":"~0.2.9","aws-sdk":"~1.5.0","benchmark":"~1.0","dustjs-linkedin":"~2.0.2","eco":"~1.1.0-rc-3","grunt":"~0.4.1","grunt-contrib-clean":"~0.4.1","grunt-contrib-copy":"~0.4.1","grunt-contrib-jshint":"~0.6.3","grunt-contrib-requirejs":"~0.4.1","grunt-contrib-uglify":"~0.2.2","grunt-es6-module-transpiler":"joefiorini/grunt-es6-module-transpiler","es6-module-packager":"*","jison":"~0.3.0","keen.io":"0.0.3","mocha":"*","mustache":"~0.7.2","semver":"~2.1.0","should":"~1.2.2","underscore":"~1.5.1"},"main":"lib/index.js","bin":{"handlebars":"bin/handlebars"},"scripts":{"test":"grunt"},"bugs":{"url":"https://github.com/wycats/handlebars.js/issues"},"_id":"handlebars@1.1.0","dist":{"shasum":"955b9762cd5b79241036e3e667b595646e7b03c3","tarball":"https://registry.npmjs.org/handlebars/-/handlebars-1.1.0.tgz"},"_from":".","_npmVersion":"1.3.11","_npmUser":{"name":"kpdecker","email":"kpdecker@gmail.com"},"maintainers":[{"name":"kpdecker","email":"kpdecker@gmail.com"}],"directories":{}},"1.1.1":{"name":"handlebars","barename":"handlebars","version":"1.1.1","description":"Handlebars provides the power necessary to let you build semantic templates effectively with no frustration","homepage":"http://www.handlebarsjs.com/","keywords":["handlebars","mustache","template","html"],"repository":{"type":"git","url":"https://github.com/wycats/handlebars.js.git"},"author":{"name":"Yehuda Katz"},"license":"BSD","engines":{"node":">=0.4.7"},"dependencies":{"optimist":"~0.3","uglify-js":"~2.3"},"optionalDependencies":{"uglify-js":"~2.3"},"devDependencies":{"async":"~0.2.9","aws-sdk":"~1.5.0","benchmark":"~1.0","dustjs-linkedin":"~2.0.2","eco":"~1.1.0-rc-3","grunt":"~0.4.1","grunt-contrib-clean":"~0.4.1","grunt-contrib-copy":"~0.4.1","grunt-contrib-jshint":"~0.6.3","grunt-contrib-requirejs":"~0.4.1","grunt-contrib-uglify":"~0.2.2","grunt-es6-module-transpiler":"joefiorini/grunt-es6-module-transpiler","es6-module-packager":"*","jison":"~0.3.0","keen.io":"0.0.3","mocha":"*","mustache":"~0.7.2","semver":"~2.1.0","should":"~1.2.2","underscore":"~1.5.1"},"main":"lib/index.js","bin":{"handlebars":"bin/handlebars"},"scripts":{"test":"grunt"},"bugs":{"url":"https://github.com/wycats/handlebars.js/issues"},"_id":"handlebars@1.1.1","dist":{"shasum":"674ca5f5cb93df63197481fd4839c0f1ae0d31b7","tarball":"https://registry.npmjs.org/handlebars/-/handlebars-1.1.1.tgz"},"_from":".","_npmVersion":"1.3.11","_npmUser":{"name":"kpdecker","email":"kpdecker@gmail.com"},"maintainers":[{"name":"kpdecker","email":"kpdecker@gmail.com"}],"directories":{}},"1.1.2":{"name":"handlebars","barename":"handlebars","version":"1.1.2","description":"Handlebars provides the power necessary to let you build semantic templates effectively with no frustration","homepage":"http://www.handlebarsjs.com/","keywords":["handlebars","mustache","template","html"],"repository":{"type":"git","url":"https://github.com/wycats/handlebars.js.git"},"author":{"name":"Yehuda Katz"},"license":"BSD","engines":{"node":">=0.4.7"},"dependencies":{"optimist":"~0.3","uglify-js":"~2.3"},"optionalDependencies":{"uglify-js":"~2.3"},"devDependencies":{"async":"~0.2.9","aws-sdk":"~1.5.0","benchmark":"~1.0","dustjs-linkedin":"~2.0.2","eco":"~1.1.0-rc-3","grunt":"~0.4.1","grunt-contrib-clean":"~0.4.1","grunt-contrib-copy":"~0.4.1","grunt-contrib-jshint":"~0.6.3","grunt-contrib-requirejs":"~0.4.1","grunt-contrib-uglify":"~0.2.2","grunt-es6-module-transpiler":"joefiorini/grunt-es6-module-transpiler","es6-module-packager":"*","jison":"~0.3.0","keen.io":"0.0.3","mocha":"*","mustache":"~0.7.2","semver":"~2.1.0","should":"~1.2.2","underscore":"~1.5.1","grunt-cli":"~0.1.10"},"main":"lib/index.js","bin":{"handlebars":"bin/handlebars"},"scripts":{"test":"grunt"},"bugs":{"url":"https://github.com/wycats/handlebars.js/issues"},"_id":"handlebars@1.1.2","dist":{"shasum":"5360ecb5a487fce01145eb225ccaf3b29db3f43e","tarball":"https://registry.npmjs.org/handlebars/-/handlebars-1.1.2.tgz"},"_from":".","_npmVersion":"1.3.11","_npmUser":{"name":"kpdecker","email":"kpdecker@gmail.com"},"maintainers":[{"name":"kpdecker","email":"kpdecker@gmail.com"}],"directories":{}},"1.2.0":{"name":"handlebars","barename":"handlebars","version":"1.2.0","description":"Handlebars provides the power necessary to let you build semantic templates effectively with no frustration","homepage":"http://www.handlebarsjs.com/","keywords":["handlebars","mustache","template","html"],"repository":{"type":"git","url":"https://github.com/wycats/handlebars.js.git"},"author":{"name":"Yehuda Katz"},"license":"MIT","engines":{"node":">=0.4.7"},"dependencies":{"optimist":"~0.3","uglify-js":"~2.3"},"optionalDependencies":{"uglify-js":"~2.3"},"devDependencies":{"async":"~0.2.9","aws-sdk":"~1.5.0","benchmark":"~1.0","dustjs-linkedin":"~2.0.2","eco":"~1.1.0-rc-3","grunt":"~0.4.1","grunt-cli":"~0.1.10","grunt-contrib-clean":"~0.4.1","grunt-contrib-concat":"~0.3.0","grunt-contrib-connect":"~0.5.0","grunt-contrib-copy":"~0.4.1","grunt-contrib-jshint":"~0.7.2","grunt-contrib-requirejs":"~0.4.1","grunt-contrib-uglify":"~0.2.2","grunt-contrib-watch":"~0.5.3","grunt-saucelabs":"~4.1.2","es6-module-packager":"0.x","jison":"~0.3.0","keen.io":"0.0.3","mocha":"*","mustache":"~0.7.2","semver":"~2.1.0","underscore":"~1.5.1"},"main":"lib/index.js","bin":{"handlebars":"bin/handlebars"},"scripts":{"test":"grunt"},"bugs":{"url":"https://github.com/wycats/handlebars.js/issues"},"_id":"handlebars@1.2.0","dist":{"shasum":"9e4d92b374069213994d4fe933844ca840e1aeaa","tarball":"https://registry.npmjs.org/handlebars/-/handlebars-1.2.0.tgz"},"_from":".","_npmVersion":"1.3.11","_npmUser":{"name":"kpdecker","email":"kpdecker@gmail.com"},"maintainers":[{"name":"kpdecker","email":"kpdecker@gmail.com"}],"directories":{}},"1.2.1":{"name":"handlebars","barename":"handlebars","version":"1.2.1","description":"Handlebars provides the power necessary to let you build semantic templates effectively with no frustration","homepage":"http://www.handlebarsjs.com/","keywords":["handlebars","mustache","template","html"],"repository":{"type":"git","url":"https://github.com/wycats/handlebars.js.git"},"author":{"name":"Yehuda Katz"},"license":"MIT","engines":{"node":">=0.4.7"},"dependencies":{"optimist":"~0.3","uglify-js":"~2.3"},"optionalDependencies":{"uglify-js":"~2.3"},"devDependencies":{"async":"~0.2.9","aws-sdk":"~1.5.0","benchmark":"~1.0","dustjs-linkedin":"~2.0.2","eco":"~1.1.0-rc-3","grunt":"~0.4.1","grunt-cli":"~0.1.10","grunt-contrib-clean":"~0.4.1","grunt-contrib-concat":"~0.3.0","grunt-contrib-connect":"~0.5.0","grunt-contrib-copy":"~0.4.1","grunt-contrib-jshint":"0.x","grunt-contrib-requirejs":"~0.4.1","grunt-contrib-uglify":"~0.2.2","grunt-contrib-watch":"~0.5.3","grunt-saucelabs":"~4.1.2","es6-module-packager":"0.x","jison":"~0.3.0","keen.io":"0.0.3","mocha":"*","mustache":"~0.7.2","semver":"~2.1.0","underscore":"~1.5.1"},"main":"lib/index.js","bin":{"handlebars":"bin/handlebars"},"scripts":{"test":"grunt"},"bugs":{"url":"https://github.com/wycats/handlebars.js/issues"},"_id":"handlebars@1.2.1","dist":{"shasum":"0a9016379064f8957779bdc2812869120aba9d98","tarball":"https://registry.npmjs.org/handlebars/-/handlebars-1.2.1.tgz"},"_from":".","_npmVersion":"1.3.11","_npmUser":{"name":"kpdecker","email":"kpdecker@gmail.com"},"maintainers":[{"name":"kpdecker","email":"kpdecker@gmail.com"}],"directories":{}},"1.3.0":{"name":"handlebars","barename":"handlebars","version":"1.3.0","description":"Handlebars provides the power necessary to let you build semantic templates effectively with no frustration","homepage":"http://www.handlebarsjs.com/","keywords":["handlebars","mustache","template","html"],"repository":{"type":"git","url":"https://github.com/wycats/handlebars.js.git"},"author":{"name":"Yehuda Katz"},"license":"MIT","engines":{"node":">=0.4.7"},"dependencies":{"optimist":"~0.3","uglify-js":"~2.3"},"optionalDependencies":{"uglify-js":"~2.3"},"devDependencies":{"async":"~0.2.9","aws-sdk":"~1.5.0","benchmark":"~1.0","dustjs-linkedin":"~2.0.2","eco":"~1.1.0-rc-3","grunt":"~0.4.1","grunt-cli":"~0.1.10","grunt-contrib-clean":"~0.4.1","grunt-contrib-concat":"~0.3.0","grunt-contrib-connect":"~0.5.0","grunt-contrib-copy":"~0.4.1","grunt-contrib-jshint":"0.x","grunt-contrib-requirejs":"~0.4.1","grunt-contrib-uglify":"~0.2.2","grunt-contrib-watch":"~0.5.3","grunt-saucelabs":"~4.1.2","es6-module-packager":"0.x","jison":"~0.3.0","keen.io":"0.0.3","mocha":"*","mustache":"~0.7.2","semver":"~2.1.0","underscore":"~1.5.1"},"main":"lib/index.js","bin":{"handlebars":"bin/handlebars"},"scripts":{"test":"grunt"},"bugs":{"url":"https://github.com/wycats/handlebars.js/issues"},"_id":"handlebars@1.3.0","dist":{"shasum":"9e9b130a93e389491322d975cf3ec1818c37ce34","tarball":"https://registry.npmjs.org/handlebars/-/handlebars-1.3.0.tgz"},"_from":".","_npmVersion":"1.3.11","_npmUser":{"name":"kpdecker","email":"kpdecker@gmail.com"},"maintainers":[{"name":"kpdecker","email":"kpdecker@gmail.com"}],"directories":{}},"2.0.0-alpha.1":{"name":"handlebars","barename":"handlebars","version":"2.0.0-alpha.1","description":"Handlebars provides the power necessary to let you build semantic templates effectively with no frustration","homepage":"http://www.handlebarsjs.com/","keywords":["handlebars","mustache","template","html"],"repository":{"type":"git","url":"https://github.com/wycats/handlebars.js.git"},"author":{"name":"Yehuda Katz"},"license":"MIT","engines":{"node":">=0.4.7"},"dependencies":{"optimist":"~0.3","uglify-js":"~2.3"},"optionalDependencies":{"uglify-js":"~2.3"},"devDependencies":{"async":"~0.2.9","aws-sdk":"~1.5.0","benchmark":"~1.0","dustjs-linkedin":"~2.0.2","eco":"~1.1.0-rc-3","grunt":"~0.4.1","grunt-cli":"~0.1.10","grunt-contrib-clean":"~0.4.1","grunt-contrib-concat":"~0.3.0","grunt-contrib-connect":"~0.5.0","grunt-contrib-copy":"~0.4.1","grunt-contrib-jshint":"0.x","grunt-contrib-requirejs":"~0.4.1","grunt-contrib-uglify":"~0.2.2","grunt-contrib-watch":"~0.5.3","grunt-saucelabs":"~4.1.2","es6-module-packager":"1.x","jison":"~0.3.0","keen.io":"0.0.3","mocha":"*","mustache":"~0.7.2","semver":"~2.1.0","underscore":"~1.5.1"},"main":"lib/index.js","bin":{"handlebars":"bin/handlebars"},"scripts":{"test":"grunt"},"bugs":{"url":"https://github.com/wycats/handlebars.js/issues"},"_id":"handlebars@2.0.0-alpha.1","dist":{"shasum":"c4d149068c713de0afa7f45bbb88a2ca73715afd","tarball":"https://registry.npmjs.org/handlebars/-/handlebars-2.0.0-alpha.1.tgz"},"_from":".","_npmVersion":"1.3.11","_npmUser":{"name":"kpdecker","email":"kpdecker@gmail.com"},"maintainers":[{"name":"kpdecker","email":"kpdecker@gmail.com"}],"directories":{}},"2.0.0-alpha.2":{"name":"handlebars","barename":"handlebars","version":"2.0.0-alpha.2","description":"Handlebars provides the power necessary to let you build semantic templates effectively with no frustration","homepage":"http://www.handlebarsjs.com/","keywords":["handlebars","mustache","template","html"],"repository":{"type":"git","url":"https://github.com/wycats/handlebars.js.git"},"author":{"name":"Yehuda Katz"},"license":"MIT","engines":{"node":">=0.4.7"},"dependencies":{"optimist":"~0.3","uglify-js":"~2.3"},"optionalDependencies":{"uglify-js":"~2.3"},"devDependencies":{"async":"~0.2.9","aws-sdk":"~1.5.0","benchmark":"~1.0","dustjs-linkedin":"~2.0.2","eco":"~1.1.0-rc-3","grunt":"~0.4.1","grunt-cli":"~0.1.10","grunt-contrib-clean":"~0.4.1","grunt-contrib-concat":"~0.3.0","grunt-contrib-connect":"~0.5.0","grunt-contrib-copy":"~0.4.1","grunt-contrib-jshint":"0.x","grunt-contrib-requirejs":"~0.4.1","grunt-contrib-uglify":"~0.2.2","grunt-contrib-watch":"~0.5.3","grunt-saucelabs":"~5.0.1","es6-module-packager":"1.x","jison":"~0.3.0","keen.io":"0.0.3","mocha":"*","mustache":"~0.7.2","semver":"~2.1.0","underscore":"~1.5.1"},"main":"lib/index.js","bin":{"handlebars":"bin/handlebars"},"scripts":{"test":"grunt"},"bugs":{"url":"https://github.com/wycats/handlebars.js/issues"},"_id":"handlebars@2.0.0-alpha.2","dist":{"shasum":"ceb96d6023181345588173ca2b7b8c92e3f4c5b2","tarball":"https://registry.npmjs.org/handlebars/-/handlebars-2.0.0-alpha.2.tgz"},"_from":".","_npmVersion":"1.3.11","_npmUser":{"name":"kpdecker","email":"kpdecker@gmail.com"},"maintainers":[{"name":"kpdecker","email":"kpdecker@gmail.com"}],"directories":{}},"2.0.0-alpha.3":{"name":"handlebars","barename":"handlebars","version":"2.0.0-alpha.3","description":"Handlebars provides the power necessary to let you build semantic templates effectively with no frustration","homepage":"http://www.handlebarsjs.com/","keywords":["handlebars","mustache","template","html"],"repository":{"type":"git","url":"https://github.com/wycats/handlebars.js.git"},"author":{"name":"Yehuda Katz"},"license":"MIT","engines":{"node":">=0.4.7"},"dependencies":{"optimist":"~0.3","uglify-js":"~2.3"},"optionalDependencies":{"uglify-js":"~2.3"},"devDependencies":{"async":"~0.2.9","aws-sdk":"~1.5.0","benchmark":"~1.0","dustjs-linkedin":"~2.0.2","eco":"~1.1.0-rc-3","grunt":"~0.4.1","grunt-cli":"~0.1.10","grunt-contrib-clean":"~0.4.1","grunt-contrib-concat":"~0.3.0","grunt-contrib-connect":"~0.5.0","grunt-contrib-copy":"~0.4.1","grunt-contrib-jshint":"0.x","grunt-contrib-requirejs":"~0.4.1","grunt-contrib-uglify":"~0.2.2","grunt-contrib-watch":"~0.5.3","grunt-saucelabs":"~5.0.1","es6-module-packager":"1.x","jison":"~0.3.0","keen.io":"0.0.3","mocha":"*","mustache":"~0.7.2","semver":"~2.1.0","underscore":"~1.5.1"},"main":"lib/index.js","bin":{"handlebars":"bin/handlebars"},"scripts":{"test":"grunt"},"bugs":{"url":"https://github.com/wycats/handlebars.js/issues"},"_id":"handlebars@2.0.0-alpha.3","dist":{"shasum":"cc38b3993ebc5a6a94c164ab89b67dd4456c0a4b","tarball":"https://registry.npmjs.org/handlebars/-/handlebars-2.0.0-alpha.3.tgz"},"_from":".","_npmVersion":"1.4.3","_npmUser":{"name":"kpdecker","email":"kpdecker@gmail.com"},"maintainers":[{"name":"kpdecker","email":"kpdecker@gmail.com"}],"directories":{}},"2.0.0-alpha.4":{"name":"handlebars","barename":"handlebars","version":"2.0.0-alpha.4","description":"Handlebars provides the power necessary to let you build semantic templates effectively with no frustration","homepage":"http://www.handlebarsjs.com/","keywords":["handlebars","mustache","template","html"],"repository":{"type":"git","url":"https://github.com/wycats/handlebars.js.git"},"author":{"name":"Yehuda Katz"},"license":"MIT","engines":{"node":">=0.4.7"},"dependencies":{"optimist":"~0.3","uglify-js":"~2.3"},"optionalDependencies":{"uglify-js":"~2.3"},"devDependencies":{"async":"~0.2.9","aws-sdk":"~1.5.0","benchmark":"~1.0","dustjs-linkedin":"~2.0.2","eco":"~1.1.0-rc-3","grunt":"~0.4.1","grunt-cli":"~0.1.10","grunt-contrib-clean":"~0.4.1","grunt-contrib-concat":"~0.3.0","grunt-contrib-connect":"~0.5.0","grunt-contrib-copy":"~0.4.1","grunt-contrib-jshint":"0.x","grunt-contrib-requirejs":"~0.4.1","grunt-contrib-uglify":"~0.2.2","grunt-contrib-watch":"~0.5.3","grunt-saucelabs":"~5.0.1","es6-module-packager":"1.x","jison":"~0.3.0","keen.io":"0.0.3","mocha":"*","mustache":"~0.7.2","semver":"~2.1.0","underscore":"~1.5.1"},"main":"lib/index.js","bin":{"handlebars":"bin/handlebars"},"scripts":{"test":"grunt"},"bugs":{"url":"https://github.com/wycats/handlebars.js/issues"},"_id":"handlebars@2.0.0-alpha.4","dist":{"shasum":"4c65dd13bdca070953365973ee984b965a42c3e8","tarball":"https://registry.npmjs.org/handlebars/-/handlebars-2.0.0-alpha.4.tgz"},"_from":".","_npmVersion":"1.4.3","_npmUser":{"name":"kpdecker","email":"kpdecker@gmail.com"},"maintainers":[{"name":"kpdecker","email":"kpdecker@gmail.com"}],"directories":{}},"2.0.0-beta.1":{"name":"handlebars","barename":"handlebars","version":"2.0.0-beta.1","description":"Handlebars provides the power necessary to let you build semantic templates effectively with no frustration","homepage":"http://www.handlebarsjs.com/","keywords":["handlebars","mustache","template","html"],"repository":{"type":"git","url":"https://github.com/wycats/handlebars.js.git"},"author":{"name":"Yehuda Katz"},"license":"MIT","engines":{"node":">=0.4.7"},"dependencies":{"optimist":"~0.3","uglify-js":"~2.3"},"optionalDependencies":{"uglify-js":"~2.3"},"devDependencies":{"async":"~0.2.9","aws-sdk":"~1.5.0","benchmark":"~1.0","dustjs-linkedin":"~2.0.2","eco":"~1.1.0-rc-3","es6-module-packager":"1.x","grunt":"~0.4.1","grunt-cli":"~0.1.10","grunt-contrib-clean":"~0.4.1","grunt-contrib-concat":"~0.3.0","grunt-contrib-connect":"~0.5.0","grunt-contrib-copy":"~0.4.1","grunt-contrib-jshint":"0.x","grunt-contrib-requirejs":"~0.4.1","grunt-contrib-uglify":"~0.2.2","grunt-contrib-watch":"~0.5.3","grunt-saucelabs":"8.x","istanbul":"^0.3.0","jison":"~0.3.0","keen.io":"0.0.3","mocha":"~1.20.0","mustache":"~0.7.2","semver":"~2.1.0","underscore":"~1.5.1"},"main":"lib/index.js","bin":{"handlebars":"bin/handlebars"},"scripts":{"test":"grunt"},"gitHead":"cee52ea68f85baf6812cbc6d303595a88b4ea4f8","bugs":{"url":"https://github.com/wycats/handlebars.js/issues"},"_id":"handlebars@2.0.0-beta.1","_shasum":"41ea18d562b905c4727e000169b34e14c1ab7a1d","_from":".","_npmVersion":"1.4.21","_npmUser":{"name":"kpdecker","email":"kpdecker@gmail.com"},"maintainers":[{"name":"kpdecker","email":"kpdecker@gmail.com"}],"dist":{"shasum":"41ea18d562b905c4727e000169b34e14c1ab7a1d","tarball":"https://registry.npmjs.org/handlebars/-/handlebars-2.0.0-beta.1.tgz"},"directories":{}},"2.0.0":{"name":"handlebars","barename":"handlebars","version":"2.0.0","description":"Handlebars provides the power necessary to let you build semantic templates effectively with no frustration","homepage":"http://www.handlebarsjs.com/","keywords":["handlebars","mustache","template","html"],"repository":{"type":"git","url":"https://github.com/wycats/handlebars.js.git"},"author":{"name":"Yehuda Katz"},"license":"MIT","engines":{"node":">=0.4.7"},"dependencies":{"optimist":"~0.3","uglify-js":"~2.3"},"optionalDependencies":{"uglify-js":"~2.3"},"devDependencies":{"async":"~0.2.9","aws-sdk":"~1.5.0","benchmark":"~1.0","dustjs-linkedin":"~2.0.2","eco":"~1.1.0-rc-3","es6-module-packager":"1.x","grunt":"~0.4.1","grunt-cli":"~0.1.10","grunt-contrib-clean":"~0.4.1","grunt-contrib-concat":"~0.3.0","grunt-contrib-connect":"~0.5.0","grunt-contrib-copy":"~0.4.1","grunt-contrib-jshint":"0.x","grunt-contrib-requirejs":"~0.4.1","grunt-contrib-uglify":"~0.2.2","grunt-contrib-watch":"~0.5.3","grunt-saucelabs":"8.x","istanbul":"^0.3.0","jison":"~0.3.0","keen.io":"0.0.3","mocha":"~1.20.0","mustache":"~0.7.2","semver":"~2.1.0","underscore":"~1.5.1"},"main":"lib/index.js","bin":{"handlebars":"bin/handlebars"},"scripts":{"test":"grunt"},"gitHead":"1eb2b04aa1468059172af16968e28ba3a9c07e6d","bugs":{"url":"https://github.com/wycats/handlebars.js/issues"},"_id":"handlebars@2.0.0","_shasum":"6e9d7f8514a3467fa5e9f82cc158ecfc1d5ac76f","_from":".","_npmVersion":"1.4.21","_npmUser":{"name":"kpdecker","email":"kpdecker@gmail.com"},"maintainers":[{"name":"kpdecker","email":"kpdecker@gmail.com"}],"dist":{"shasum":"6e9d7f8514a3467fa5e9f82cc158ecfc1d5ac76f","tarball":"https://registry.npmjs.org/handlebars/-/handlebars-2.0.0.tgz"},"directories":{}},"3.0.0":{"name":"handlebars","barename":"handlebars","version":"3.0.0","description":"Handlebars provides the power necessary to let you build semantic templates effectively with no frustration","homepage":"http://www.handlebarsjs.com/","keywords":["handlebars","mustache","template","html"],"repository":{"type":"git","url":"https://github.com/wycats/handlebars.js.git"},"author":{"name":"Yehuda Katz"},"license":"MIT","engines":{"node":">=0.4.7"},"dependencies":{"optimist":"^0.6.1","source-map":"^0.1.40","uglify-js":"~2.3"},"optionalDependencies":{"uglify-js":"~2.3"},"devDependencies":{"async":"^0.9.0","aws-sdk":"~1.5.0","benchmark":"~1.0","dustjs-linkedin":"^2.0.2","eco":"~1.1.0-rc-3","es6-module-packager":"^2.0.0","grunt":"~0.4.1","grunt-cli":"~0.1.10","grunt-contrib-clean":"0.x","grunt-contrib-concat":"0.x","grunt-contrib-connect":"0.x","grunt-contrib-copy":"0.x","grunt-contrib-jshint":"0.x","grunt-contrib-requirejs":"0.x","grunt-contrib-uglify":"0.x","grunt-contrib-watch":"0.x","grunt-saucelabs":"8.x","istanbul":"^0.3.0","jison":"~0.3.0","keen.io":"0.0.3","mocha":"~1.20.0","mustache":"0.x","semver":"^4.0.0","underscore":"^1.5.1"},"main":"lib/index.js","bin":{"handlebars":"bin/handlebars"},"scripts":{"test":"grunt"},"jspm":{"main":"handlebars","directories":{"lib":"dist/amd"},"buildConfig":{"minify":true}},"gitHead":"0099e16a01bae4789c3560e2a658fdd7fecc9e12","bugs":{"url":"https://github.com/wycats/handlebars.js/issues"},"_id":"handlebars@3.0.0","_shasum":"7f4e537f4dd6992869d66c01b7505eba3561a5d5","_from":".","_npmVersion":"1.4.28","_npmUser":{"name":"kpdecker","email":"kpdecker@gmail.com"},"maintainers":[{"name":"kpdecker","email":"kpdecker@gmail.com"}],"dist":{"shasum":"7f4e537f4dd6992869d66c01b7505eba3561a5d5","tarball":"https://registry.npmjs.org/handlebars/-/handlebars-3.0.0.tgz"},"directories":{}},"3.0.1":{"name":"handlebars","barename":"handlebars","version":"3.0.1","description":"Handlebars provides the power necessary to let you build semantic templates effectively with no frustration","homepage":"http://www.handlebarsjs.com/","keywords":["handlebars","mustache","template","html"],"repository":{"type":"git","url":"https://github.com/wycats/handlebars.js.git"},"author":{"name":"Yehuda Katz"},"license":"MIT","engines":{"node":">=0.4.7"},"dependencies":{"optimist":"^0.6.1","source-map":"^0.1.40","uglify-js":"~2.3"},"optionalDependencies":{"uglify-js":"~2.3"},"devDependencies":{"async":"^0.9.0","aws-sdk":"~1.5.0","benchmark":"~1.0","dustjs-linkedin":"^2.0.2","eco":"~1.1.0-rc-3","es6-module-packager":"^2.0.0","grunt":"~0.4.1","grunt-cli":"~0.1.10","grunt-contrib-clean":"0.x","grunt-contrib-concat":"0.x","grunt-contrib-connect":"0.x","grunt-contrib-copy":"0.x","grunt-contrib-jshint":"0.x","grunt-contrib-requirejs":"0.x","grunt-contrib-uglify":"0.x","grunt-contrib-watch":"0.x","grunt-saucelabs":"8.x","istanbul":"^0.3.0","jison":"~0.3.0","keen.io":"0.0.3","mocha":"~1.20.0","mustache":"0.x","semver":"^4.0.0","underscore":"^1.5.1"},"main":"lib/index.js","bin":{"handlebars":"bin/handlebars"},"scripts":{"test":"grunt"},"jspm":{"main":"handlebars","directories":{"lib":"dist/amd"},"buildConfig":{"minify":true}},"gitHead":"afe730e0594440dd17fdc43271fc4a7db19327f3","bugs":{"url":"https://github.com/wycats/handlebars.js/issues"},"_id":"handlebars@3.0.1","_shasum":"fe0f64898305e9f1267e82c336662847eda0d6f5","_from":".","_npmVersion":"1.4.28","_npmUser":{"name":"kpdecker","email":"kpdecker@gmail.com"},"maintainers":[{"name":"kpdecker","email":"kpdecker@gmail.com"}],"dist":{"shasum":"fe0f64898305e9f1267e82c336662847eda0d6f5","tarball":"https://registry.npmjs.org/handlebars/-/handlebars-3.0.1.tgz"},"directories":{}},"3.0.2":{"name":"handlebars","barename":"handlebars","version":"3.0.2","description":"Handlebars provides the power necessary to let you build semantic templates effectively with no frustration","homepage":"http://www.handlebarsjs.com/","keywords":["handlebars","mustache","template","html"],"repository":{"type":"git","url":"https://github.com/wycats/handlebars.js.git"},"author":{"name":"Yehuda Katz"},"license":"MIT","engines":{"node":">=0.4.7"},"dependencies":{"optimist":"^0.6.1","source-map":"^0.1.40","uglify-js":"~2.3"},"optionalDependencies":{"uglify-js":"~2.3"},"devDependencies":{"async":"^0.9.0","aws-sdk":"~1.5.0","babel-loader":"^5.0.0","babel-runtime":"^5.1.10","benchmark":"~1.0","dustjs-linkedin":"^2.0.2","eco":"~1.1.0-rc-3","grunt":"~0.4.1","grunt-babel":"^5.0.0","grunt-cli":"~0.1.10","grunt-contrib-clean":"0.x","grunt-contrib-concat":"0.x","grunt-contrib-connect":"0.x","grunt-contrib-copy":"0.x","grunt-contrib-jshint":"0.x","grunt-contrib-requirejs":"0.x","grunt-contrib-uglify":"0.x","grunt-contrib-watch":"0.x","grunt-eslint":"^11.0.0","grunt-saucelabs":"8.x","grunt-webpack":"^1.0.8","istanbul":"^0.3.0","jison":"~0.3.0","keen.io":"0.0.3","mocha":"~1.20.0","mustache":"0.x","semver":"^4.0.0","underscore":"^1.5.1"},"main":"lib/index.js","bin":{"handlebars":"bin/handlebars"},"scripts":{"test":"grunt"},"jspm":{"main":"handlebars","directories":{"lib":"dist/amd"},"buildConfig":{"minify":true}},"gitHead":"2f0b86665f6080c065d67182ccfdca2ce6f243fa","bugs":{"url":"https://github.com/wycats/handlebars.js/issues"},"_id":"handlebars@3.0.2","_shasum":"d97ecc6c68c7f653e0e168bf93981f3f3926b1dd","_from":".","_npmVersion":"1.4.28","_npmUser":{"name":"kpdecker","email":"kpdecker@gmail.com"},"maintainers":[{"name":"kpdecker","email":"kpdecker@gmail.com"}],"dist":{"shasum":"d97ecc6c68c7f653e0e168bf93981f3f3926b1dd","tarball":"https://registry.npmjs.org/handlebars/-/handlebars-3.0.2.tgz"},"directories":{}},"3.0.3":{"name":"handlebars","barename":"handlebars","version":"3.0.3","description":"Handlebars provides the power necessary to let you build semantic templates effectively with no frustration","homepage":"http://www.handlebarsjs.com/","keywords":["handlebars","mustache","template","html"],"repository":{"type":"git","url":"https://github.com/wycats/handlebars.js.git"},"author":{"name":"Yehuda Katz"},"license":"MIT","engines":{"node":">=0.4.7"},"dependencies":{"optimist":"^0.6.1","source-map":"^0.1.40","uglify-js":"~2.3"},"optionalDependencies":{"uglify-js":"~2.3"},"devDependencies":{"async":"^0.9.0","aws-sdk":"~1.5.0","babel-loader":"^5.0.0","babel-runtime":"^5.1.10","benchmark":"~1.0","dustjs-linkedin":"^2.0.2","eco":"~1.1.0-rc-3","grunt":"~0.4.1","grunt-babel":"^5.0.0","grunt-cli":"~0.1.10","grunt-contrib-clean":"0.x","grunt-contrib-concat":"0.x","grunt-contrib-connect":"0.x","grunt-contrib-copy":"0.x","grunt-contrib-requirejs":"0.x","grunt-contrib-uglify":"0.x","grunt-contrib-watch":"0.x","grunt-eslint":"^11.0.0","grunt-saucelabs":"8.x","grunt-webpack":"^1.0.8","istanbul":"^0.3.0","jison":"~0.3.0","keen.io":"0.0.3","mocha":"~1.20.0","mustache":"0.x","semver":"^4.0.0","underscore":"^1.5.1"},"main":"lib/index.js","bin":{"handlebars":"bin/handlebars"},"scripts":{"test":"grunt"},"jspm":{"main":"handlebars","directories":{"lib":"dist/amd"},"buildConfig":{"minify":true}},"gitHead":"891f48b7e9c321dd9cbe7a898533eb6b2434b8a0","bugs":{"url":"https://github.com/wycats/handlebars.js/issues"},"_id":"handlebars@3.0.3","_shasum":"0e09651a2f0fb3c949160583710d551f92e6d2ad","_from":".","_npmVersion":"1.4.28","_npmUser":{"name":"kpdecker","email":"kpdecker@gmail.com"},"maintainers":[{"name":"kpdecker","email":"kpdecker@gmail.com"}],"dist":{"shasum":"0e09651a2f0fb3c949160583710d551f92e6d2ad","tarball":"https://registry.npmjs.org/handlebars/-/handlebars-3.0.3.tgz"},"directories":{}},"4.0.0":{"name":"handlebars","barename":"handlebars","version":"4.0.0","description":"Handlebars provides the power necessary to let you build semantic templates effectively with no frustration","homepage":"http://www.handlebarsjs.com/","keywords":["handlebars","mustache","template","html"],"repository":{"type":"git","url":"git+https://github.com/wycats/handlebars.js.git"},"author":{"name":"Yehuda Katz"},"license":"MIT","engines":{"node":">=0.4.7"},"dependencies":{"async":"^1.4.0","optimist":"^0.6.1","source-map":"^0.1.40","uglify-js":"~2.4"},"optionalDependencies":{"uglify-js":"~2.4"},"devDependencies":{"async":"^0.9.0","aws-sdk":"~1.5.0","babel-loader":"^5.0.0","babel-runtime":"^5.1.10","benchmark":"~1.0","dustjs-linkedin":"^2.0.2","eco":"~1.1.0-rc-3","grunt":"~0.4.1","grunt-babel":"^5.0.0","grunt-cli":"~0.1.10","grunt-contrib-clean":"0.x","grunt-contrib-concat":"0.x","grunt-contrib-connect":"0.x","grunt-contrib-copy":"0.x","grunt-contrib-requirejs":"0.x","grunt-contrib-uglify":"0.x","grunt-contrib-watch":"0.x","grunt-eslint":"^11.0.0","grunt-saucelabs":"8.x","grunt-webpack":"^1.0.8","istanbul":"^0.3.0","jison":"~0.3.0","keen.io":"0.0.3","mocha":"~1.20.0","mock-stdin":"^0.3.0","mustache":"0.x","semver":"^4.0.0","underscore":"^1.5.1"},"main":"lib/index.js","bin":{"handlebars":"bin/handlebars"},"scripts":{"test":"grunt"},"jspm":{"main":"handlebars","directories":{"lib":"dist/amd"},"buildConfig":{"minify":true}},"gitHead":"bff5fab8f9d42e21950be00dcf1cedf4dc1a565b","bugs":{"url":"https://github.com/wycats/handlebars.js/issues"},"_id":"handlebars@4.0.0","_shasum":"9e6ab5d6c150a55cf32854facb209865f38a2d39","_from":".","_npmVersion":"2.11.3","_nodeVersion":"0.12.7","_npmUser":{"name":"kpdecker","email":"kpdecker@gmail.com"},"maintainers":[{"name":"kpdecker","email":"kpdecker@gmail.com"}],"dist":{"shasum":"9e6ab5d6c150a55cf32854facb209865f38a2d39","tarball":"https://registry.npmjs.org/handlebars/-/handlebars-4.0.0.tgz"},"directories":{}},"4.0.1":{"name":"handlebars","barename":"handlebars","version":"4.0.1","description":"Handlebars provides the power necessary to let you build semantic templates effectively with no frustration","homepage":"http://www.handlebarsjs.com/","keywords":["handlebars","mustache","template","html"],"repository":{"type":"git","url":"git+https://github.com/wycats/handlebars.js.git"},"author":{"name":"Yehuda Katz"},"license":"MIT","engines":{"node":">=0.4.7"},"dependencies":{"async":"^1.4.0","optimist":"^0.6.1","source-map":"^0.4.4","uglify-js":"~2.4"},"optionalDependencies":{"uglify-js":"~2.4"},"devDependencies":{"aws-sdk":"^2.1.49","babel-loader":"^5.0.0","babel-runtime":"^5.1.10","benchmark":"~1.0","dustjs-linkedin":"^2.0.2","eco":"~1.1.0-rc-3","grunt":"~0.4.1","grunt-babel":"^5.0.0","grunt-cli":"~0.1.10","grunt-contrib-clean":"0.x","grunt-contrib-concat":"0.x","grunt-contrib-connect":"0.x","grunt-contrib-copy":"0.x","grunt-contrib-requirejs":"0.x","grunt-contrib-uglify":"0.x","grunt-contrib-watch":"0.x","grunt-eslint":"^17.1.0","grunt-saucelabs":"8.x","grunt-webpack":"^1.0.8","istanbul":"^0.3.0","jison":"~0.3.0","mocha":"~1.20.0","mock-stdin":"^0.3.0","mustache":"^2.1.3","semver":"^5.0.1","underscore":"^1.5.1"},"main":"lib/index.js","bin":{"handlebars":"bin/handlebars"},"scripts":{"test":"grunt"},"jspm":{"main":"handlebars","directories":{"lib":"dist/amd"},"buildConfig":{"minify":true}},"gitHead":"c7b28a65dab1f1bb370f258fd65796d74c7b53cb","bugs":{"url":"https://github.com/wycats/handlebars.js/issues"},"_id":"handlebars@4.0.1","_shasum":"6bdb61476c1abe9348909f0fde0856f848bed933","_from":".","_npmVersion":"2.11.3","_nodeVersion":"0.12.7","_npmUser":{"name":"kpdecker","email":"kpdecker@gmail.com"},"maintainers":[{"name":"kpdecker","email":"kpdecker@gmail.com"}],"dist":{"shasum":"6bdb61476c1abe9348909f0fde0856f848bed933","tarball":"https://registry.npmjs.org/handlebars/-/handlebars-4.0.1.tgz"},"directories":{}},"4.0.2":{"name":"handlebars","barename":"handlebars","version":"4.0.2","description":"Handlebars provides the power necessary to let you build semantic templates effectively with no frustration","homepage":"http://www.handlebarsjs.com/","keywords":["handlebars","mustache","template","html"],"repository":{"type":"git","url":"git+https://github.com/wycats/handlebars.js.git"},"author":{"name":"Yehuda Katz"},"license":"MIT","engines":{"node":">=0.4.7"},"dependencies":{"async":"^1.4.0","optimist":"^0.6.1","source-map":"^0.4.4","uglify-js":"~2.4"},"optionalDependencies":{"uglify-js":"~2.4"},"devDependencies":{"aws-sdk":"^2.1.49","babel-loader":"^5.0.0","babel-runtime":"^5.1.10","benchmark":"~1.0","dustjs-linkedin":"^2.0.2","eco":"~1.1.0-rc-3","grunt":"~0.4.1","grunt-babel":"^5.0.0","grunt-cli":"~0.1.10","grunt-contrib-clean":"0.x","grunt-contrib-concat":"0.x","grunt-contrib-connect":"0.x","grunt-contrib-copy":"0.x","grunt-contrib-requirejs":"0.x","grunt-contrib-uglify":"0.x","grunt-contrib-watch":"0.x","grunt-eslint":"^17.1.0","grunt-saucelabs":"8.x","grunt-webpack":"^1.0.8","istanbul":"^0.3.0","jison":"~0.3.0","mocha":"~1.20.0","mock-stdin":"^0.3.0","mustache":"^2.1.3","semver":"^5.0.1","underscore":"^1.5.1"},"main":"lib/index.js","bin":{"handlebars":"bin/handlebars"},"scripts":{"test":"grunt"},"jspm":{"main":"handlebars","directories":{"lib":"dist/amd"},"buildConfig":{"minify":true}},"gitHead":"a5a3ab01d3659b996234e3fa5a4a32350a145096","bugs":{"url":"https://github.com/wycats/handlebars.js/issues"},"_id":"handlebars@4.0.2","_shasum":"83c1200a969ba66285af6f938b0c5bb8845370e9","_from":".","_npmVersion":"2.11.3","_nodeVersion":"0.12.7","_npmUser":{"name":"kpdecker","email":"kpdecker@gmail.com"},"maintainers":[{"name":"kpdecker","email":"kpdecker@gmail.com"}],"dist":{"shasum":"83c1200a969ba66285af6f938b0c5bb8845370e9","tarball":"https://registry.npmjs.org/handlebars/-/handlebars-4.0.2.tgz"},"directories":{}},"4.0.3":{"name":"handlebars","barename":"handlebars","version":"4.0.3","description":"Handlebars provides the power necessary to let you build semantic templates effectively with no frustration","homepage":"http://www.handlebarsjs.com/","keywords":["handlebars","mustache","template","html"],"repository":{"type":"git","url":"git+https://github.com/wycats/handlebars.js.git"},"author":{"name":"Yehuda Katz"},"license":"MIT","engines":{"node":">=0.4.7"},"dependencies":{"async":"^1.4.0","optimist":"^0.6.1","source-map":"^0.4.4","uglify-js":"~2.4"},"optionalDependencies":{"uglify-js":"~2.4"},"devDependencies":{"aws-sdk":"^2.1.49","babel-loader":"^5.0.0","babel-runtime":"^5.1.10","benchmark":"~1.0","dustjs-linkedin":"^2.0.2","eco":"~1.1.0-rc-3","grunt":"~0.4.1","grunt-babel":"^5.0.0","grunt-cli":"~0.1.10","grunt-contrib-clean":"0.x","grunt-contrib-concat":"0.x","grunt-contrib-connect":"0.x","grunt-contrib-copy":"0.x","grunt-contrib-requirejs":"0.x","grunt-contrib-uglify":"0.x","grunt-contrib-watch":"0.x","grunt-eslint":"^17.1.0","grunt-saucelabs":"8.x","grunt-webpack":"^1.0.8","istanbul":"^0.3.0","jison":"~0.3.0","mocha":"~1.20.0","mock-stdin":"^0.3.0","mustache":"^2.1.3","semver":"^5.0.1","underscore":"^1.5.1"},"main":"lib/index.js","bin":{"handlebars":"bin/handlebars"},"scripts":{"test":"grunt"},"jspm":{"main":"handlebars","directories":{"lib":"dist/amd"},"buildConfig":{"minify":true}},"gitHead":"9365b8290070f34bf797c836aed4335ce6a4094f","bugs":{"url":"https://github.com/wycats/handlebars.js/issues"},"_id":"handlebars@4.0.3","_shasum":"3776991c55b1703b2dae9bf540fcba7595d14dfa","_from":".","_npmVersion":"2.11.3","_nodeVersion":"0.12.7","_npmUser":{"name":"kpdecker","email":"kpdecker@gmail.com"},"maintainers":[{"name":"kpdecker","email":"kpdecker@gmail.com"}],"dist":{"shasum":"3776991c55b1703b2dae9bf540fcba7595d14dfa","tarball":"https://registry.npmjs.org/handlebars/-/handlebars-4.0.3.tgz"},"directories":{}},"4.0.4":{"name":"handlebars","barename":"handlebars","version":"4.0.4","description":"Handlebars provides the power necessary to let you build semantic templates effectively with no frustration","homepage":"http://www.handlebarsjs.com/","keywords":["handlebars","mustache","template","html"],"repository":{"type":"git","url":"git+https://github.com/wycats/handlebars.js.git"},"author":{"name":"Yehuda Katz"},"license":"MIT","engines":{"node":">=0.4.7"},"dependencies":{"async":"^1.4.0","optimist":"^0.6.1","source-map":"^0.4.4","uglify-js":"~2.4"},"optionalDependencies":{"uglify-js":"~2.4"},"devDependencies":{"aws-sdk":"^2.1.49","babel-loader":"^5.0.0","babel-runtime":"^5.1.10","benchmark":"~1.0","dustjs-linkedin":"^2.0.2","eco":"~1.1.0-rc-3","grunt":"~0.4.1","grunt-babel":"^5.0.0","grunt-cli":"~0.1.10","grunt-contrib-clean":"0.x","grunt-contrib-concat":"0.x","grunt-contrib-connect":"0.x","grunt-contrib-copy":"0.x","grunt-contrib-requirejs":"0.x","grunt-contrib-uglify":"0.x","grunt-contrib-watch":"0.x","grunt-eslint":"^17.1.0","grunt-saucelabs":"8.x","grunt-webpack":"^1.0.8","istanbul":"^0.3.0","jison":"~0.3.0","mocha":"~1.20.0","mock-stdin":"^0.3.0","mustache":"^2.1.3","semver":"^5.0.1","underscore":"^1.5.1"},"main":"lib/index.js","bin":{"handlebars":"bin/handlebars"},"scripts":{"test":"grunt"},"jspm":{"main":"handlebars","directories":{"lib":"dist/amd"},"buildConfig":{"minify":true}},"gitHead":"b7c95e9feb9b641af2fe83b23c3341ec624aae80","bugs":{"url":"https://github.com/wycats/handlebars.js/issues"},"_id":"handlebars@4.0.4","_shasum":"12b94e9c4cafa612424b1c13addf612c0d2a5f29","_from":".","_npmVersion":"3.3.8","_nodeVersion":"4.2.1","_npmUser":{"name":"kpdecker","email":"kpdecker@gmail.com"},"dist":{"shasum":"12b94e9c4cafa612424b1c13addf612c0d2a5f29","tarball":"https://registry.npmjs.org/handlebars/-/handlebars-4.0.4.tgz"},"maintainers":[{"name":"kpdecker","email":"kpdecker@gmail.com"}],"directories":{}},"4.0.5":{"name":"handlebars","barename":"handlebars","version":"4.0.5","description":"Handlebars provides the power necessary to let you build semantic templates effectively with no frustration","homepage":"http://www.handlebarsjs.com/","keywords":["handlebars","mustache","template","html"],"repository":{"type":"git","url":"git+https://github.com/wycats/handlebars.js.git"},"author":{"name":"Yehuda Katz"},"license":"MIT","engines":{"node":">=0.4.7"},"dependencies":{"async":"^1.4.0","optimist":"^0.6.1","source-map":"^0.4.4","uglify-js":"^2.6"},"optionalDependencies":{"uglify-js":"^2.6"},"devDependencies":{"aws-sdk":"^2.1.49","babel-loader":"^5.0.0","babel-runtime":"^5.1.10","benchmark":"~1.0","dustjs-linkedin":"^2.0.2","eco":"~1.1.0-rc-3","grunt":"~0.4.1","grunt-babel":"^5.0.0","grunt-cli":"~0.1.10","grunt-contrib-clean":"0.x","grunt-contrib-concat":"0.x","grunt-contrib-connect":"0.x","grunt-contrib-copy":"0.x","grunt-contrib-requirejs":"0.x","grunt-contrib-uglify":"0.x","grunt-contrib-watch":"0.x","grunt-eslint":"^17.1.0","grunt-saucelabs":"8.x","grunt-webpack":"^1.0.8","istanbul":"^0.3.0","jison":"~0.3.0","mocha":"~1.20.0","mock-stdin":"^0.3.0","mustache":"^2.1.3","semver":"^5.0.1","underscore":"^1.5.1","webpack":"^1.12.6","webpack-dev-server":"^1.12.1"},"main":"lib/index.js","bin":{"handlebars":"bin/handlebars"},"scripts":{"test":"grunt"},"jspm":{"main":"handlebars","directories":{"lib":"dist/amd"},"buildConfig":{"minify":true}},"gitHead":"205c61cfb1acdb599bbdfcf2d356641254e09e5c","bugs":{"url":"https://github.com/wycats/handlebars.js/issues"},"_id":"handlebars@4.0.5","_shasum":"92c6ed6bb164110c50d4d8d0fbddc70806c6f8e7","_from":".","_npmVersion":"3.3.8","_nodeVersion":"4.2.1","_npmUser":{"name":"kpdecker","email":"kpdecker@gmail.com"},"dist":{"shasum":"92c6ed6bb164110c50d4d8d0fbddc70806c6f8e7","tarball":"https://registry.npmjs.org/handlebars/-/handlebars-4.0.5.tgz"},"maintainers":[{"name":"kpdecker","email":"kpdecker@gmail.com"}],"directories":{}},"4.0.6":{"name":"handlebars","barename":"handlebars","version":"4.0.6","description":"Handlebars provides the power necessary to let you build semantic templates effectively with no frustration","homepage":"http://www.handlebarsjs.com/","keywords":["handlebars","mustache","template","html"],"repository":{"type":"git","url":"git+https://github.com/wycats/handlebars.js.git"},"author":{"name":"Yehuda Katz"},"license":"MIT","engines":{"node":">=0.4.7"},"dependencies":{"async":"^1.4.0","optimist":"^0.6.1","source-map":"^0.4.4","uglify-js":"^2.6"},"optionalDependencies":{"uglify-js":"^2.6"},"devDependencies":{"aws-sdk":"^2.1.49","babel-loader":"^5.0.0","babel-runtime":"^5.1.10","benchmark":"~1.0","dustjs-linkedin":"^2.0.2","eco":"~1.1.0-rc-3","grunt":"~0.4.1","grunt-babel":"^5.0.0","grunt-cli":"~0.1.10","grunt-contrib-clean":"0.x","grunt-contrib-concat":"0.x","grunt-contrib-connect":"0.x","grunt-contrib-copy":"0.x","grunt-contrib-requirejs":"0.x","grunt-contrib-uglify":"0.x","grunt-contrib-watch":"0.x","grunt-eslint":"^17.1.0","grunt-saucelabs":"8.x","grunt-webpack":"^1.0.8","istanbul":"^0.3.0","jison":"~0.3.0","mocha":"~1.20.0","mock-stdin":"^0.3.0","mustache":"^2.1.3","semver":"^5.0.1","underscore":"^1.5.1","webpack":"^1.12.6","webpack-dev-server":"^1.12.1"},"main":"lib/index.js","bin":{"handlebars":"bin/handlebars"},"scripts":{"test":"grunt"},"jspm":{"main":"handlebars","directories":{"lib":"dist/amd"},"buildConfig":{"minify":true}},"gitHead":"ad3037cf54132fc5f589134d3bef961a5f751973","bugs":{"url":"https://github.com/wycats/handlebars.js/issues"},"_id":"handlebars@4.0.6","_shasum":"2ce4484850537f9c97a8026d5399b935c4ed4ed7","_from":".","_npmVersion":"2.15.9","_nodeVersion":"4.6.1","_npmUser":{"name":"lawnsea","email":"lawnsea@gmail.com"},"dist":{"shasum":"2ce4484850537f9c97a8026d5399b935c4ed4ed7","tarball":"https://registry.npmjs.org/handlebars/-/handlebars-4.0.6.tgz"},"maintainers":[{"name":"erisds","email":"erisds@gmail.com"},{"name":"kpdecker","email":"kpdecker@gmail.com"},{"name":"lawnsea","email":"lawnsea@gmail.com"},{"name":"wycats","email":"wycats@gmail.com"}],"_npmOperationalInternal":{"host":"packages-18-east.internal.npmjs.com","tmp":"tmp/handlebars-4.0.6.tgz_1479000463304_0.9163416035007685"},"directories":{}},"1.0.2-beta":{"name":"handlebars","description":"Extension of the Mustache logicless template language","version":"1.0.2-beta","homepage":"http://www.handlebarsjs.com/","keywords":["handlebars mustache template html"],"repository":{"type":"git","url":"git://github.com/kpdecker/handlebars.js.git"},"engines":{"node":">=0.4.7"},"dependencies":{"optimist":"~0.2","uglify-js":"~1.0"},"devDependencies":{},"main":"lib/handlebars.js","bin":{"handlebars":"bin/handlebars"},"_npmJsonOpts":{"file":"/Users/kdecker/.npm/handlebars/1.0.2beta/package/package.json","wscript":false,"contributors":false,"serverjs":false},"_id":"handlebars@1.0.2-beta","_engineSupported":true,"_npmVersion":"1.0.15","_nodeVersion":"v0.4.10","_defaultsLoaded":true,"dist":{"shasum":"533aa8755d1cd4ac616e48b9f77b9c98d0088a91","tarball":"https://registry.npmjs.org/handlebars/-/handlebars-1.0.2beta.tgz"},"scripts":{},"maintainers":[{"name":"kpdecker","email":"kpdecker@gmail.com"}],"directories":{}},"1.0.4-beta":{"name":"handlebars","description":"Extension of the Mustache logicless template language","version":"1.0.4-beta","homepage":"http://www.handlebarsjs.com/","keywords":["handlebars mustache template html"],"repository":{"type":"git","url":"git://github.com/kpdecker/handlebars.js.git"},"engines":{"node":">=0.4.7"},"dependencies":{"optimist":"~0.3","uglify-js":"~1.2"},"devDependencies":{},"main":"lib/handlebars.js","bin":{"handlebars":"bin/handlebars"},"_npmUser":{"name":"kpdecker","email":"kpdecker@gmail.com"},"_id":"handlebars@1.0.4-beta","_engineSupported":true,"_npmVersion":"1.0.106","_nodeVersion":"v0.6.4","_defaultsLoaded":true,"dist":{"shasum":"7d49a3631e6f1d7bb5e9b98e761300a18ea36e07","tarball":"https://registry.npmjs.org/handlebars/-/handlebars-1.0.4beta.tgz"},"maintainers":[{"name":"kpdecker","email":"kpdecker@gmail.com"}],"directories":{}},"1.0.5-beta":{"name":"handlebars","description":"Extension of the Mustache logicless template language","version":"1.0.5-beta","homepage":"http://www.handlebarsjs.com/","keywords":["handlebars mustache template html"],"repository":{"type":"git","url":"git://github.com/kpdecker/handlebars.js.git"},"engines":{"node":">=0.4.7"},"dependencies":{"optimist":"~0.3","uglify-js":"~1.2"},"devDependencies":{},"main":"lib/handlebars.js","bin":{"handlebars":"bin/handlebars"},"_npmUser":{"name":"kpdecker","email":"kpdecker@gmail.com"},"_id":"handlebars@1.0.5-beta","_engineSupported":true,"_npmVersion":"1.0.106","_nodeVersion":"v0.6.4","_defaultsLoaded":true,"dist":{"shasum":"a75b5312239748aeb352a9a2fa682242fefeaf9f","tarball":"https://registry.npmjs.org/handlebars/-/handlebars-1.0.5beta.tgz"},"maintainers":[{"name":"kpdecker","email":"kpdecker@gmail.com"}],"directories":{}}},"maintainers":[{"name":"erisds","email":"erisds@gmail.com"},{"name":"kpdecker","email":"kpdecker@gmail.com"},{"name":"lawnsea","email":"lawnsea@gmail.com"},{"name":"wycats","email":"wycats@gmail.com"}],"time":{"modified":"2017-03-18T13:52:04.881Z","created":"2011-08-22T07:43:35.895Z","1.0.6beta":"2012-07-23T18:53:47.547Z","1.0.6":"2012-07-23T20:40:16.218Z","1.0.6-2":"2012-07-31T16:51:15.818Z","1.0.7":"2012-09-18T00:27:56.641Z","1.0.8":"2013-01-19T08:16:17.068Z","1.0.9":"2013-02-16T01:42:18.658Z","1.0.10":"2013-02-27T13:52:46.041Z","1.0.11":"2013-05-14T04:09:31.792Z","1.0.12":"2013-05-31T18:17:14.762Z","1.1.0":"2013-11-04T03:26:41.402Z","1.1.1":"2013-11-04T16:51:05.873Z","1.1.2":"2013-11-06T00:10:27.251Z","1.2.0":"2013-12-24T03:40:07.196Z","1.2.1":"2013-12-26T22:29:08.995Z","1.3.0":"2014-01-02T04:10:52.596Z","2.0.0-alpha.1":"2014-02-10T08:13:47.817Z","2.0.0-alpha.2":"2014-03-06T07:29:15.301Z","2.0.0-alpha.3":"2014-05-20T03:29:06.402Z","2.0.0-alpha.4":"2014-05-20T04:15:51.253Z","2.0.0-beta.1":"2014-08-26T23:56:46.944Z","2.0.0":"2014-09-02T02:28:10.108Z","3.0.0":"2015-02-10T06:19:08.929Z","3.0.1":"2015-03-24T19:22:58.022Z","3.0.2":"2015-04-20T08:11:49.009Z","3.0.3":"2015-04-28T19:52:27.516Z","4.0.0":"2015-09-01T13:19:39.900Z","4.0.1":"2015-09-03T02:21:56.385Z","4.0.2":"2015-09-04T14:13:29.001Z","4.0.3":"2015-09-24T03:41:34.740Z","4.0.4":"2015-10-29T06:57:07.467Z","4.0.5":"2015-11-20T05:07:09.574Z","4.0.6":"2016-11-13T01:27:44.012Z","1.0.2-beta":"2011-08-22T07:43:36.484Z","1.0.4-beta":"2012-01-17T20:31:34.054Z","1.0.5-beta":"2012-02-09T17:06:54.946Z"},"repository":{"type":"git","url":"git+https://github.com/wycats/handlebars.js.git"},"users":{"fgribreau":true,"lupomontero":true,"joeybaker":true,"maxmaximov":true,"shanewholloway":true,"netroy":true,"apfelbox":true,"pid":true,"spekkionu":true,"beshoylouka":true,"fmm":true,"jstew":true,"antoniobrandao":true,"krajsnick":true,"funroll":true,"shenbin":true,"stefanb":true,"runningtalus":true,"anson0370":true,"alnafie":true,"inderdeep":true,"zhangyaochun":true,"phuongnl":true,"oakley349":true,"cubesun":true,"jostw":true,"kingcron":true,"pingjiang":true,"mchlbrnd":true,"ivangaravito":true,"m1stergrady":true,"tsm91":true,"h4des":true,"craigsapp":true,"sametsisartenep":true,"xavierharrell":true,"macmac":true,"sessionbean":true,"vchouhan":true,"drewigg":true,"jahnestacado":true,"kachar":true,"plord":true,"shannonmoeller":true,"hacfi":true,"keeyanajones":true,"subchen":true,"tfentonz":true,"gabrielsanterre":true,"nwinant":true,"godion":true,"doombuddha":true,"nukisman":true,"muzical":true,"jeffb_incontact":true,"iliyat":true,"jakemiller":true,"markthethomas":true,"vishwasc":true,"pacotole":true,"fmoliveira":true,"daniilbabanin":true,"nketchum":true,"deepaknverma":true,"jalcine":true,"quendo":true,"gnimuc":true,"wkaifang":true,"stevenvachon":true,"paroczi":true,"erin314":true,"joshuakimble":true,"justinshea":true,"jordansrowles":true,"nalindak":true,"pandao":true,"jclo":true,"nmccready":true,"js3692":true,"joshua.marquez":true,"nickeljew":true,"danielbankhead":true,"vmarkevich":true,"amenadiel":true,"travm":true,"geese98":true,"keberox":true,"algonzo":true,"hacksalot":true,"nomemires":true,"rbartoli":true,"leodutra":true,"milfromoz":true,"tobiasnickel":true,"thejohnsmith":true,"hyteer":true,"yrocq":true,"ux_web":true,"docksteaderluke":true,"rubiadias":true,"decoded":true,"nickeltobias":true,"bryanwood":true,"coalesce":true,"dhampik":true,"junya":true,"dongguangming":true,"lcdss":true,"filipve":true,"amdsouza92":true,"itsakt":true,"fengmiaosen":true,"theaklair":true,"erickmarlo":true,"djamseed":true,"sunhua":true,"npmmorio":true,"abuelwafa":true,"caeyna":true,"tmurngon":true,"mrmaxmeranda":true,"ahvonenj":true,"dmandola11":true,"isenricho":true,"honingwon":true,"monjer":true,"ungurys":true,"pixelcraft":true,"kodekracker":true,"whccd":true,"omar84":true,"tomchao":true,"alshamiri1":true},"author":{"name":"Yehuda Katz"},"readme":"[![Travis Build Status](https://img.shields.io/travis/wycats/handlebars.js/master.svg)](https://travis-ci.org/wycats/handlebars.js)\n[![Selenium Test Status](https://saucelabs.com/buildstatus/handlebars)](https://saucelabs.com/u/handlebars)\n\nHandlebars.js\n=============\n\nHandlebars.js is an extension to the [Mustache templating\nlanguage](http://mustache.github.com/) created by Chris Wanstrath.\nHandlebars.js and Mustache are both logicless templating languages that\nkeep the view and the code separated like we all know they should be.\n\nCheckout the official Handlebars docs site at\n[http://www.handlebarsjs.com](http://www.handlebarsjs.com) and the live demo at [http://tryhandlebarsjs.com/](http://tryhandlebarsjs.com/).\n\nInstalling\n----------\n\nSee our [installation documentation](http://handlebarsjs.com/installation.html).\n\nUsage\n-----\nIn general, the syntax of Handlebars.js templates is a superset\nof Mustache templates. For basic syntax, check out the [Mustache\nmanpage](http://mustache.github.com/mustache.5.html).\n\nOnce you have a template, use the `Handlebars.compile` method to compile\nthe template into a function. The generated function takes a context\nargument, which will be used to render the template.\n\n```js\nvar source = \"<p>Hello, my name is {{name}}. I am from {{hometown}}. I have \" +\n             \"{{kids.length}} kids:</p>\" +\n             \"<ul>{{#kids}}<li>{{name}} is {{age}}</li>{{/kids}}</ul>\";\nvar template = Handlebars.compile(source);\n\nvar data = { \"name\": \"Alan\", \"hometown\": \"Somewhere, TX\",\n             \"kids\": [{\"name\": \"Jimmy\", \"age\": \"12\"}, {\"name\": \"Sally\", \"age\": \"4\"}]};\nvar result = template(data);\n\n// Would render:\n// <p>Hello, my name is Alan. I am from Somewhere, TX. I have 2 kids:</p>\n// <ul>\n//   <li>Jimmy is 12</li>\n//   <li>Sally is 4</li>\n// </ul>\n```\n\nFull documentation and more examples are at [handlebarsjs.com](http://handlebarsjs.com/).\n\nPrecompiling Templates\n----------------------\n\nHandlebars allows templates to be precompiled and included as javascript code rather than the handlebars template allowing for faster startup time. Full details are located [here](http://handlebarsjs.com/precompilation.html).\n\nDifferences Between Handlebars.js and Mustache\n----------------------------------------------\nHandlebars.js adds a couple of additional features to make writing\ntemplates easier and also changes a tiny detail of how partials work.\n\n- [Nested Paths](http://handlebarsjs.com/#paths)\n- [Helpers](http://handlebarsjs.com/#helpers)\n- [Block Expressions](http://handlebarsjs.com/#block-expressions)\n- [Literal Values](http://handlebarsjs.com/#literals)\n- [Delimited Comments](http://handlebarsjs.com/#comments)\n\nBlock expressions have the same syntax as mustache sections but should not be confused with one another. Sections are akin to an implicit `each` or `with` statement depending on the input data and helpers are explicit pieces of code that are free to implement whatever behavior they like. The [mustache spec](http://mustache.github.io/mustache.5.html) defines the exact behavior of sections. In the case of name conflicts, helpers are given priority.\n\n### Compatibility\n\nThere are a few Mustache behaviors that Handlebars does not implement.\n- Handlebars deviates from Mustache slightly in that it does not perform recursive lookup by default. The compile time `compat` flag must be set to enable this functionality. Users should note that there is a performance cost for enabling this flag. The exact cost varies by template, but it's recommended that performance sensitive operations should avoid this mode and instead opt for explicit path references.\n- The optional Mustache-style lambdas are not supported. Instead Handlebars provides its own lambda resolution that follows the behaviors of helpers.\n- Alternative delimiters are not supported.\n\n\nSupported Environments\n----------------------\n\nHandlebars has been designed to work in any ECMAScript 3 environment. This includes\n\n- Node.js\n- Chrome\n- Firefox\n- Safari 5+\n- Opera 11+\n- IE 6+\n\nOlder versions and other runtimes are likely to work but have not been formally\ntested. The compiler requires `JSON.stringify` to be implemented natively or via a polyfill. If using the precompiler this is not necessary.\n\n[![Selenium Test Status](https://saucelabs.com/browser-matrix/handlebars.svg)](https://saucelabs.com/u/handlebars)\n\nPerformance\n-----------\n\nIn a rough performance test, precompiled Handlebars.js templates (in\nthe original version of Handlebars.js) rendered in about half the\ntime of Mustache templates. It would be a shame if it were any other\nway, since they were precompiled, but the difference in architecture\ndoes have some big performance advantages. Justin Marney, a.k.a.\n[gotascii](http://github.com/gotascii), confirmed that with an\n[independent test](http://sorescode.com/2010/09/12/benchmarks.html). The\nrewritten Handlebars (current version) is faster than the old version,\nwith many [performance tests](https://travis-ci.org/wycats/handlebars.js/builds/33392182#L538) being 5 to 7 times faster than the Mustache equivalent.\n\n\nUpgrading\n---------\n\nSee [release-notes.md](https://github.com/wycats/handlebars.js/blob/master/release-notes.md) for upgrade notes.\n\nKnown Issues\n------------\n\nSee [FAQ.md](https://github.com/wycats/handlebars.js/blob/master/FAQ.md) for known issues and common pitfalls.\n\n\nHandlebars in the Wild\n----------------------\n\n* [Assemble](http://assemble.io), by [@jonschlinkert](https://github.com/jonschlinkert)\n  and [@doowb](https://github.com/doowb), is a static site generator that uses Handlebars.js\n  as its template engine.\n* [Cory](https://github.com/leo/cory), by [@leo](https://github.com/leo), is another tiny static site generator\n* [CoSchedule](http://coschedule.com) An editorial calendar for WordPress that uses Handlebars.js\n* [dashbars](https://github.com/pismute/dashbars) A modern helper library for Handlebars.js.\n* [Ember.js](http://www.emberjs.com) makes Handlebars.js the primary way to\n  structure your views, also with automatic data binding support.\n* [Ghost](https://ghost.org/) Just a blogging platform.\n* [handlebars_assets](http://github.com/leshill/handlebars_assets): A Rails Asset Pipeline gem\n  from Les Hill (@leshill).\n* [handlebars-helpers](https://github.com/assemble/handlebars-helpers) is an extensive library\n  with 100+ handlebars helpers.\n* [handlebars-layouts](https://github.com/shannonmoeller/handlebars-layouts) is a set of helpers which implement extendible and embeddable layout blocks as seen in other popular templating languages.\n* [hbs](http://github.com/donpark/hbs): An Express.js view engine adapter for Handlebars.js,\n  from Don Park.\n* [koa-hbs](https://github.com/jwilm/koa-hbs): [koa](https://github.com/koajs/koa) generator based\n  renderer for Handlebars.js.\n* [jblotus](http://github.com/jblotus) created [http://tryhandlebarsjs.com](http://tryhandlebarsjs.com)\n  for anyone who would like to try out Handlebars.js in their browser.\n* [jQuery plugin](http://71104.github.io/jquery-handlebars/): allows you to use\n  Handlebars.js with [jQuery](http://jquery.com/).\n* [Lumbar](http://walmartlabs.github.io/lumbar) provides easy module-based template management for\n  handlebars projects.\n* [Marionette.Handlebars](https://github.com/hashchange/marionette.handlebars) adds support for Handlebars and Mustache templates to Marionette.\n* [sammy.js](http://github.com/quirkey/sammy) by Aaron Quint, a.k.a. quirkey,\n  supports Handlebars.js as one of its template plugins.\n* [SproutCore](http://www.sproutcore.com) uses Handlebars.js as its main\n  templating engine, extending it with automatic data binding support.\n* [YUI](http://yuilibrary.com/yui/docs/handlebars/) implements a port of handlebars\n* [Swag](https://github.com/elving/swag) by [@elving](https://github.com/elving) is a growing collection of helpers for handlebars.js. Give your handlebars.js templates some swag son!\n* [DOMBars](https://github.com/blakeembrey/dombars) is a DOM-based templating engine built on the Handlebars parser and runtime **DEPRECATED**\n* [promised-handlebars](https://github.com/nknapp/promised-handlebars) is a wrapper for Handlebars that allows helpers to return Promises.\n* [just-handlebars-helpers](https://github.com/leapfrogtechnology/just-handlebars-helpers) A fully tested lightweight package with common Handlebars helpers.\n\nExternal Resources\n------------------\n\n* [Gist about Synchronous and asynchronous loading of external handlebars templates](https://gist.github.com/2287070)\n\nHave a project using Handlebars? Send us a [pull request][pull-request]!\n\nLicense\n-------\nHandlebars.js is released under the MIT license.\n\n[pull-request]: https://github.com/wycats/handlebars.js/pull/new/master\n","readmeFilename":"README.markdown","homepage":"http://www.handlebarsjs.com/","keywords":["handlebars","mustache","template","html"],"bugs":{"url":"https://github.com/wycats/handlebars.js/issues"},"license":"MIT","_attachments":{},"_etag":"W/\"58cd3b84-fd0a\"","_lastModified":"Sat, 18 Mar 2017 13:52:04 GMT"}