{"_id":"requirefresh","_rev":"15-c75dbe32c51a7d7a045edd4176147dfd","name":"requirefresh","description":"Require a file without adding it into the require cache","dist-tags":{"latest":"2.1.0"},"versions":{"1.0.0":{"name":"requirefresh","version":"1.0.0","description":"Require a file without adding it into the require cache","homepage":"https://github.com/bevry/requirefresh","keywords":["require","requirefresh","require-fresh","cache"],"author":{"name":"Bevry Pty Ltd","email":"us@bevry.me","url":"http://bevry.me"},"maintainers":[{"name":"balupton","email":"b@lupton.cc"}],"contributors":[{"name":"Benjamin Lupton","email":"b@lupton.cc","url":"https://github.com/balupton"}],"bugs":{"url":"https://github.com/bevry/requirefresh/issues"},"repository":{"type":"git","url":"http://github.com/bevry/requirefresh.git"},"engines":{"node":">=0.4"},"dependencies":{},"devDependencies":{"coffee-script":"~1.6.3","joe":"~1.3.0","joe-reporter-console":"~1.2.1","chai":"~1.7.2"},"directories":{"lib":"./out/lib"},"scripts":{"test":"node ./out/test/requirefresh-test.js"},"main":"./out/lib/requirefresh.js","_id":"requirefresh@1.0.0","dist":{"shasum":"551a31cf7e6c1c82301b6f5cc6e1936c8cbfbad7","tarball":"https://registry.npmjs.org/requirefresh/-/requirefresh-1.0.0.tgz"},"_from":".","_npmVersion":"1.3.9","_npmUser":{"name":"balupton","email":"b@lupton.cc"}},"1.0.1":{"name":"requirefresh","version":"1.0.1","description":"Require a file without adding it into the require cache","homepage":"https://github.com/bevry/requirefresh","keywords":["require","requirefresh","require-fresh","cache"],"author":{"name":"Bevry Pty Ltd","email":"us@bevry.me","url":"http://bevry.me"},"maintainers":[{"name":"balupton","email":"b@lupton.cc"}],"contributors":[{"name":"Benjamin Lupton","email":"b@lupton.cc","url":"https://github.com/balupton"}],"bugs":{"url":"https://github.com/bevry/requirefresh/issues"},"repository":{"type":"git","url":"http://github.com/bevry/requirefresh.git"},"engines":{"node":">=0.8"},"dependencies":{},"devDependencies":{"coffee-script":"~1.6.3","joe":"~1.3.0","joe-reporter-console":"~1.2.1","chai":"~1.7.2"},"directories":{"lib":"./out/lib"},"scripts":{"test":"node ./out/test/requirefresh-test.js"},"main":"./out/lib/requirefresh.js","_id":"requirefresh@1.0.1","dist":{"shasum":"9a0c89b5152a8891d7c35c9fb80ad4c874e5df4e","tarball":"https://registry.npmjs.org/requirefresh/-/requirefresh-1.0.1.tgz"},"_from":".","_npmVersion":"1.3.9","_npmUser":{"name":"balupton","email":"b@lupton.cc"}},"1.1.1":{"name":"requirefresh","version":"1.1.1","description":"Require a file without adding it into the require cache","homepage":"https://github.com/bevry/requirefresh","keywords":["require","requirefresh","require-fresh","cache"],"author":{"name":"Bevry Pty Ltd","email":"us@bevry.me","url":"http://bevry.me"},"maintainers":[{"name":"balupton","email":"b@lupton.cc"}],"contributors":[{"name":"Benjamin Lupton","email":"b@lupton.cc","url":"https://github.com/balupton"}],"bugs":{"url":"https://github.com/bevry/requirefresh/issues"},"repository":{"type":"git","url":"http://github.com/bevry/requirefresh.git"},"engines":{"node":">=0.8"},"dependencies":{},"devDependencies":{"coffee-script":"~1.6.3","joe":"~1.3.0","joe-reporter-console":"~1.2.1","chai":"~1.7.2"},"directories":{"lib":"./out/lib"},"scripts":{"test":"node ./out/test/requirefresh-test.js"},"main":"./out/lib/requirefresh.js","_id":"requirefresh@1.1.1","dist":{"shasum":"9aa8c8c0f2a4f25982aaf85ab42c768fb401fbe5","tarball":"https://registry.npmjs.org/requirefresh/-/requirefresh-1.1.1.tgz"},"_from":".","_npmVersion":"1.3.9","_npmUser":{"name":"balupton","email":"b@lupton.cc"}},"1.1.2":{"name":"requirefresh","version":"1.1.2","description":"Require a file without adding it into the require cache","homepage":"https://github.com/bevry/requirefresh","keywords":["require","requirefresh","require-fresh","cache"],"author":{"name":"Bevry Pty Ltd","email":"us@bevry.me","url":"http://bevry.me"},"maintainers":[{"name":"balupton","email":"b@lupton.cc"}],"contributors":[{"name":"Benjamin Lupton","email":"b@lupton.cc","url":"https://github.com/balupton"}],"bugs":{"url":"https://github.com/bevry/requirefresh/issues"},"repository":{"type":"git","url":"http://github.com/bevry/requirefresh.git"},"engines":{"node":">=0.8"},"dependencies":{},"devDependencies":{"coffee-script":"~1.6.3","joe":"~1.3.0","joe-reporter-console":"~1.2.1","chai":"~1.7.2"},"directories":{"lib":"./out/lib"},"scripts":{"test":"node ./out/test/requirefresh-test.js"},"main":"./out/lib/requirefresh.js","_id":"requirefresh@1.1.2","dist":{"shasum":"d8eb744927c6d912de3418f93dcbab27b959f2f3","tarball":"https://registry.npmjs.org/requirefresh/-/requirefresh-1.1.2.tgz"},"_from":".","_npmVersion":"1.3.9","_npmUser":{"name":"balupton","email":"b@lupton.cc"}},"2.0.0":{"title":"Require Fresh","name":"requirefresh","version":"2.0.0","description":"Require a file without adding it into the require cache","homepage":"https://github.com/bevry/requirefresh","license":{"type":"MIT"},"keywords":["require","requirefresh","require-fresh","cache"],"badges":{"travis":true,"npm":true,"npmdownloads":true,"david":true,"daviddev":true,"gratipay":"bevry","flattr":"344188/balupton-on-Flattr","paypal":"QB8GQPZAH84N6","bitcoin":"https://coinbase.com/checkouts/9ef59f5479eec1d97d63382c9ebcb93a","wishlist":"http://amzn.com/w/2F8TXKSNAFG4V"},"author":{"name":"2013+ Bevry Pty Ltd","email":"us@bevry.me","url":"http://bevry.me"},"maintainers":[{"name":"balupton","email":"b@lupton.cc"}],"contributors":[{"name":"Benjamin Lupton","email":"b@lupton.cc","url":"https://github.com/balupton"},{"name":"sfrdmn","url":"https://github.com/sfrdmn"}],"bugs":{"url":"https://github.com/bevry/requirefresh/issues"},"repository":{"type":"git","url":"http://github.com/bevry/requirefresh.git"},"engines":{"node":">=0.8"},"dependencies":{},"devDependencies":{"chai":"^2.1.1","coffee-script":"^1.9.1","joe":"^1.6.0","joe-reporter-console":"^1.2.1","projectz":"^0.5.0"},"directories":{"lib":"./out/lib"},"scripts":{"test":"node ./out/test/requirefresh-test.js"},"main":"./out/lib/requirefresh.js","cakeConfiguration":{"COFFEE_SRC_PATH":"src"},"gitHead":"452d38b2315c7886775d3430b2d3165f8c6e75e2","_id":"requirefresh@2.0.0","_shasum":"3767caa322e0e2a86a3d97ee33907ac6ca18b5fb","_from":".","_npmVersion":"2.5.1","_nodeVersion":"0.12.0","_npmUser":{"name":"balupton","email":"b@lupton.cc"},"dist":{"shasum":"3767caa322e0e2a86a3d97ee33907ac6ca18b5fb","tarball":"https://registry.npmjs.org/requirefresh/-/requirefresh-2.0.0.tgz"}},"2.1.0":{"title":"Require Fresh","name":"requirefresh","version":"2.1.0","description":"Require a file without adding it into the require cache","homepage":"https://github.com/bevry/requirefresh","license":"MIT","keywords":["require","requirefresh","require-fresh","cache"],"badges":{"list":["travisci","npmversion","npmdownloads","daviddm","daviddmdev","---","slackin","patreon","gratipay","flattr","paypal","bitcoin","wishlist"],"config":{"patreonUsername":"bevry","gratipayUsername":"bevry","flattrUsername":"balupton","paypalURL":"https://bevry.me/paypal","bitcoinURL":"https://bevry.me/bitcoin","wishlistURL":"https://bevry.me/wishlist","slackinURL":"https://slack.bevry.me"}},"author":{"name":"2013+ Bevry Pty Ltd","email":"us@bevry.me","url":"http://bevry.me"},"maintainers":[{"name":"balupton","email":"b@lupton.cc"}],"contributors":[{"name":"Benjamin Lupton","email":"b@lupton.cc","url":"https://balupton.com"},{"name":"Sean Fridman","email":"mail@seanfridman.com","url":"http://seanfridman.com"}],"bugs":{"url":"https://github.com/bevry/requirefresh/issues"},"repository":{"type":"git","url":"git+ssh://git@github.com/bevry/requirefresh.git"},"engines":{"node":">=0.12"},"editions":[{"description":"Source + ESNext + Require","entry":"source/index.js","directory":"source","syntaxes":["javascript","esnext","require","const","let"]},{"description":"Babel Compiled + ES2015 + Require","entry":"es2015/index.js","directory":"es2015","syntaxes":["javascript","es2015","require"]}],"main":"index.js","browser":"es2015/index.js","scripts":{"setup":"npm install","clean":"rm -Rf ./docs ./es2015","compile":"npm run compile:es2015","compile:es2015":"babel ./source --out-dir ./es2015 --presets es2015","meta":"npm run meta:projectz","meta:projectz":"projectz compile","prepare":"npm run compile && npm run test && npm run meta","release":"npm run prepare && npm run release:publish && npm run release:tag && npm run release:push","release:publish":"npm publish","release:tag":"git tag v$npm_package_version -a","release:push":"git push origin master && git push origin --tags","pretest":"npm run test:eslint","test:eslint":"eslint ./source","test":"node --harmony -e \"require('editions').requirePackage(process.cwd(), require, 'test.js')\""},"dependencies":{"editions":"^1.1.1"},"devDependencies":{"babel-cli":"^6.7.7","babel-preset-es2015":"^6.6.0","eslint":"^2.9.0","eslint-plugin-babel":"^3.2.0","joe":"^1.6.0","joe-reporter-console":"^1.2.1","projectz":"^1.1.4"},"gitHead":"f0c589db055ba21ebb30da442742cd19e64e3efa","_id":"requirefresh@2.1.0","_shasum":"742dccc20f3a96918d66c6f1597dc8ffebc4f6f5","_from":".","_npmVersion":"3.8.7","_nodeVersion":"6.0.0","_npmUser":{"name":"balupton","email":"b@lupton.cc"},"dist":{"shasum":"742dccc20f3a96918d66c6f1597dc8ffebc4f6f5","tarball":"https://registry.npmjs.org/requirefresh/-/requirefresh-2.1.0.tgz"},"_npmOperationalInternal":{"host":"packages-12-west.internal.npmjs.com","tmp":"tmp/requirefresh-2.1.0.tgz_1462172044134_0.4288088041357696"},"directories":{}}},"readme":"<!-- TITLE/ -->\n\n<h1>Require Fresh</h1>\n\n<!-- /TITLE -->\n\n\n<!-- BADGES/ -->\n\n<span class=\"badge-travisci\"><a href=\"http://travis-ci.org/bevry/requirefresh\" title=\"Check this project's build status on TravisCI\"><img src=\"https://img.shields.io/travis/bevry/requirefresh/master.svg\" alt=\"Travis CI Build Status\" /></a></span>\n<span class=\"badge-npmversion\"><a href=\"https://npmjs.org/package/requirefresh\" title=\"View this project on NPM\"><img src=\"https://img.shields.io/npm/v/requirefresh.svg\" alt=\"NPM version\" /></a></span>\n<span class=\"badge-npmdownloads\"><a href=\"https://npmjs.org/package/requirefresh\" title=\"View this project on NPM\"><img src=\"https://img.shields.io/npm/dm/requirefresh.svg\" alt=\"NPM downloads\" /></a></span>\n<span class=\"badge-daviddm\"><a href=\"https://david-dm.org/bevry/requirefresh\" title=\"View the status of this project's dependencies on DavidDM\"><img src=\"https://img.shields.io/david/bevry/requirefresh.svg\" alt=\"Dependency Status\" /></a></span>\n<span class=\"badge-daviddmdev\"><a href=\"https://david-dm.org/bevry/requirefresh#info=devDependencies\" title=\"View the status of this project's development dependencies on DavidDM\"><img src=\"https://img.shields.io/david/dev/bevry/requirefresh.svg\" alt=\"Dev Dependency Status\" /></a></span>\n<br class=\"badge-separator\" />\n<span class=\"badge-slackin\"><a href=\"https://slack.bevry.me\" title=\"Join this project's slack community\"><img src=\"https://slack.bevry.me/badge.svg\" alt=\"Slack community badge\" /></a></span>\n<span class=\"badge-patreon\"><a href=\"http://patreon.com/bevry\" title=\"Donate to this project using Patreon\"><img src=\"https://img.shields.io/badge/patreon-donate-yellow.svg\" alt=\"Patreon donate button\" /></a></span>\n<span class=\"badge-gratipay\"><a href=\"https://www.gratipay.com/bevry\" title=\"Donate weekly to this project using Gratipay\"><img src=\"https://img.shields.io/badge/gratipay-donate-yellow.svg\" alt=\"Gratipay donate button\" /></a></span>\n<span class=\"badge-flattr\"><a href=\"https://flattr.com/profile/balupton\" title=\"Donate to this project using Flattr\"><img src=\"https://img.shields.io/badge/flattr-donate-yellow.svg\" alt=\"Flattr donate button\" /></a></span>\n<span class=\"badge-paypal\"><a href=\"https://bevry.me/paypal\" title=\"Donate to this project using Paypal\"><img src=\"https://img.shields.io/badge/paypal-donate-yellow.svg\" alt=\"PayPal donate button\" /></a></span>\n<span class=\"badge-bitcoin\"><a href=\"https://bevry.me/bitcoin\" title=\"Donate once-off to this project using Bitcoin\"><img src=\"https://img.shields.io/badge/bitcoin-donate-yellow.svg\" alt=\"Bitcoin donate button\" /></a></span>\n<span class=\"badge-wishlist\"><a href=\"https://bevry.me/wishlist\" title=\"Buy an item on our wishlist for us\"><img src=\"https://img.shields.io/badge/wishlist-donate-yellow.svg\" alt=\"Wishlist browse button\" /></a></span>\n\n<!-- /BADGES -->\n\n\n<!-- DESCRIPTION/ -->\n\nRequire a file without adding it into the require cache\n\n<!-- /DESCRIPTION -->\n\n\n<!-- INSTALL/ -->\n\n<h2>Install</h2>\n\n<a href=\"https://npmjs.com\" title=\"npm is a package manager for javascript\"><h3>NPM</h3></a><ul>\n<li>Install: <code>npm install --save requirefresh</code></li>\n<li>Module: <code>require('requirefresh')</code></li></ul>\n\n<a href=\"http://browserify.org\" title=\"Browserify lets you require('modules') in the browser by bundling up all of your dependencies\"><h3>Browserify</h3></a><ul>\n<li>Install: <code>npm install --save requirefresh</code></li>\n<li>Module: <code>require('requirefresh')</code></li>\n<li>CDN URL: <code>//wzrd.in/bundle/requirefresh@2.1.0</code></li></ul>\n\n<a href=\"http://enderjs.com\" title=\"Ender is a full featured package manager for your browser\"><h3>Ender</h3></a><ul>\n<li>Install: <code>ender add requirefresh</code></li>\n<li>Module: <code>require('requirefresh')</code></li></ul>\n\n<h3><a href=\"https://github.com/bevry/editions\" title=\"Editions are the best way to produce and consume packages you care about.\">Editions</a></h3>\n\n<p>This package is published with the following editions:</p>\n\n<ul><li><code>requirefresh</code> aliases <code>requirefresh/index.js</code> which uses <a href=\"https://github.com/bevry/editions\" title=\"Editions are the best way to produce and consume packages you care about.\">Editions</a> to automatically select the correct edition for the consumers environment</li>\n<li><code>requirefresh/source/index.js</code> is Source + <a href=\"https://babeljs.io/docs/learn-es2015/\" title=\"ECMAScript Next\">ESNext</a> + <a href=\"https://nodejs.org/dist/latest-v5.x/docs/api/modules.html\" title=\"Node/CJS Modules\">Require</a></li>\n<li><code>requirefresh/es2015/index.js</code> is <a href=\"https://babeljs.io\" title=\"The compiler for writing next generation JavaScript\">Babel</a> Compiled + <a href=\"http://babeljs.io/docs/plugins/preset-es2015/\" title=\"ECMAScript 2015\">ES2015</a> + <a href=\"https://nodejs.org/dist/latest-v5.x/docs/api/modules.html\" title=\"Node/CJS Modules\">Require</a></li></ul>\n\n<p>Older environments may need <a href=\"https://babeljs.io/docs/usage/polyfill/\" title=\"A polyfill that emulates missing ECMAScript environment features\">Babel's Polyfill</a> or something similar.</p>\n\n<!-- /INSTALL -->\n\n\n## Usage\n\n``` javascript\n// Import\nvar requireFresh = require('requirefresh')\n\n// Require the module freshly synchronously (will throw errors)\ntry {\n\tvar result = requireFresh('my-module-path')\n} catch (error) {}\n\n// Require the fresh module synchronously (will callback with error and result)\nrequireFresh.safe('my-module-path', function(error, result){\n\tif (error) {\n\t\t// error\n\t} else {\n\t\t// success\n\t}\n})\n```\n\n<!-- HISTORY/ -->\n\n<h2>History</h2>\n\n<a href=\"https://github.com/bevry/requirefresh/blob/master/HISTORY.md#files\">Discover the release history by heading on over to the <code>HISTORY.md</code> file.</a>\n\n<!-- /HISTORY -->\n\n\n<!-- CONTRIBUTE/ -->\n\n<h2>Contribute</h2>\n\n<a href=\"https://github.com/bevry/requirefresh/blob/master/CONTRIBUTING.md#files\">Discover how you can contribute by heading on over to the <code>CONTRIBUTING.md</code> file.</a>\n\n<!-- /CONTRIBUTE -->\n\n\n<!-- BACKERS/ -->\n\n<h2>Backers</h2>\n\n<h3>Maintainers</h3>\n\nThese amazing people are maintaining this project:\n\n<ul><li><a href=\"https://balupton.com\">Benjamin Lupton</a> — <a href=\"https://github.com/bevry/requirefresh/commits?author=balupton\" title=\"View the GitHub contributions of Benjamin Lupton on repository bevry/requirefresh\">view contributions</a></li></ul>\n\n<h3>Sponsors</h3>\n\nNo sponsors yet! Will you be the first?\n\n<span class=\"badge-patreon\"><a href=\"http://patreon.com/bevry\" title=\"Donate to this project using Patreon\"><img src=\"https://img.shields.io/badge/patreon-donate-yellow.svg\" alt=\"Patreon donate button\" /></a></span>\n<span class=\"badge-gratipay\"><a href=\"https://www.gratipay.com/bevry\" title=\"Donate weekly to this project using Gratipay\"><img src=\"https://img.shields.io/badge/gratipay-donate-yellow.svg\" alt=\"Gratipay donate button\" /></a></span>\n<span class=\"badge-flattr\"><a href=\"https://flattr.com/profile/balupton\" title=\"Donate to this project using Flattr\"><img src=\"https://img.shields.io/badge/flattr-donate-yellow.svg\" alt=\"Flattr donate button\" /></a></span>\n<span class=\"badge-paypal\"><a href=\"https://bevry.me/paypal\" title=\"Donate to this project using Paypal\"><img src=\"https://img.shields.io/badge/paypal-donate-yellow.svg\" alt=\"PayPal donate button\" /></a></span>\n<span class=\"badge-bitcoin\"><a href=\"https://bevry.me/bitcoin\" title=\"Donate once-off to this project using Bitcoin\"><img src=\"https://img.shields.io/badge/bitcoin-donate-yellow.svg\" alt=\"Bitcoin donate button\" /></a></span>\n<span class=\"badge-wishlist\"><a href=\"https://bevry.me/wishlist\" title=\"Buy an item on our wishlist for us\"><img src=\"https://img.shields.io/badge/wishlist-donate-yellow.svg\" alt=\"Wishlist browse button\" /></a></span>\n\n<h3>Contributors</h3>\n\nThese amazing people have contributed code to this project:\n\n<ul><li><a href=\"https://balupton.com\">Benjamin Lupton</a> — <a href=\"https://github.com/bevry/requirefresh/commits?author=balupton\" title=\"View the GitHub contributions of Benjamin Lupton on repository bevry/requirefresh\">view contributions</a></li>\n<li><a href=\"http://seanfridman.com\">Sean Fridman</a> — <a href=\"https://github.com/bevry/requirefresh/commits?author=sfrdmn\" title=\"View the GitHub contributions of Sean Fridman on repository bevry/requirefresh\">view contributions</a></li></ul>\n\n<a href=\"https://github.com/bevry/requirefresh/blob/master/CONTRIBUTING.md#files\">Discover how you can contribute by heading on over to the <code>CONTRIBUTING.md</code> file.</a>\n\n<!-- /BACKERS -->\n\n\n<!-- LICENSE/ -->\n\n<h2>License</h2>\n\nUnless stated otherwise all works are:\n\n<ul><li>Copyright &copy; 2013+ <a href=\"http://bevry.me\">Bevry Pty Ltd</a></li>\n<li>Copyright &copy; 2011+ <a href=\"https://balupton.com\">Benjamin Lupton</a></li></ul>\n\nand licensed under:\n\n<ul><li><a href=\"http://spdx.org/licenses/MIT.html\">MIT License</a></li></ul>\n\n<!-- /LICENSE -->\n","maintainers":[{"name":"balupton","email":"b@lupton.cc"}],"time":{"modified":"2016-05-02T06:54:04.530Z","created":"2013-08-30T01:57:00.006Z","1.0.0":"2013-08-30T01:57:05.649Z","1.0.1":"2013-08-30T01:58:04.369Z","1.1.1":"2013-08-30T02:30:42.660Z","1.1.2":"2013-08-30T02:50:13.246Z","2.0.0":"2015-03-16T05:05:53.063Z","2.1.0":"2016-05-02T06:54:04.530Z"},"author":{"name":"2013+ Bevry Pty Ltd","email":"us@bevry.me","url":"http://bevry.me"},"repository":{"type":"git","url":"git+ssh://git@github.com/bevry/requirefresh.git"},"homepage":"https://github.com/bevry/requirefresh","keywords":["require","requirefresh","require-fresh","cache"],"contributors":[{"name":"Benjamin Lupton","email":"b@lupton.cc","url":"https://balupton.com"},{"name":"Sean Fridman","email":"mail@seanfridman.com","url":"http://seanfridman.com"}],"bugs":{"url":"https://github.com/bevry/requirefresh/issues"},"license":"MIT","readmeFilename":"README.md","users":{"watsoncj":true,"mikeumus":true,"majgis":true},"_attachments":{},"_etag":"W/\"5726f98c-4db2\"","_lastModified":"Mon, 02 May 2016 06:54:04 GMT"}