{"_id":"safefs","_rev":"42-49e58054752c60fcb55703d3ec5091fd","name":"safefs","description":"Stop getting EMFILE errors! Open only as many files as the operating system supports.","dist-tags":{"latest":"4.1.0"},"versions":{"2.0.0":{"name":"safefs","version":"2.0.0","description":"Say goodbye to EMFILE errors! Open only as many files as the operating system supports","homepage":"https://github.com/bevry/safefs","keywords":["fs","path","openFile","closeFile","emfile"],"author":{"name":"Bevry Pty Ltd","email":"us@bevry.me","url":"http://bevry.me"},"maintainers":[{"name":"balupton","email":"b@lupton.cc"}],"contributors":[{"name":"Benjamin Lupton","email":"b@lupton.cc","url":"https://github.com/balupton"}],"bugs":{"url":"https://github.com/bevry/safefs/issues"},"repository":{"type":"git","url":"http://github.com/bevry/safefs.git"},"engines":{"node":">=0.4"},"devDependencies":{"taskgroup":"~2.0.0","coffee-script":"~1.6.2","joe":"~1.1.2","chai":"~1.5.0"},"directories":{"lib":"./out/lib"},"scripts":{"test":"node ./out/test/safefs-test.js"},"main":"./out/lib/safefs.js","_id":"safefs@2.0.0","dist":{"shasum":"dd048ba1063582fb042f90821f8f8c14a6abd5d5","tarball":"https://registry.npmjs.org/safefs/-/safefs-2.0.0.tgz"},"_from":".","_npmVersion":"1.2.15","_npmUser":{"name":"balupton","email":"b@lupton.cc"}},"2.0.1":{"name":"safefs","version":"2.0.1","description":"Say goodbye to EMFILE errors! Open only as many files as the operating system supports","homepage":"https://github.com/bevry/safefs","keywords":["fs","path","openFile","closeFile","emfile"],"author":{"name":"Bevry Pty Ltd","email":"us@bevry.me","url":"http://bevry.me"},"maintainers":[{"name":"balupton","email":"b@lupton.cc"}],"contributors":[{"name":"Benjamin Lupton","email":"b@lupton.cc","url":"https://github.com/balupton"}],"bugs":{"url":"https://github.com/bevry/safefs/issues"},"repository":{"type":"git","url":"http://github.com/bevry/safefs.git"},"engines":{"node":">=0.4"},"devDependencies":{"taskgroup":"~2.0.0","coffee-script":"~1.6.2","joe":"~1.1.2","chai":"~1.5.0"},"directories":{"lib":"./out/lib"},"scripts":{"test":"node ./out/test/safefs-test.js"},"main":"./out/lib/safefs.js","_id":"safefs@2.0.1","dist":{"shasum":"1dd2194ec0c85aa5926dea2004052c0de5bb4dca","tarball":"https://registry.npmjs.org/safefs/-/safefs-2.0.1.tgz"},"_from":".","_npmVersion":"1.2.15","_npmUser":{"name":"balupton","email":"b@lupton.cc"}},"2.0.2":{"name":"safefs","version":"2.0.2","description":"Say goodbye to EMFILE errors! Open only as many files as the operating system supports","homepage":"https://github.com/bevry/safefs","keywords":["fs","path","openFile","closeFile","emfile"],"author":{"name":"Bevry Pty Ltd","email":"us@bevry.me","url":"http://bevry.me"},"maintainers":[{"name":"balupton","email":"b@lupton.cc"}],"contributors":[{"name":"Benjamin Lupton","email":"b@lupton.cc","url":"https://github.com/balupton"}],"bugs":{"url":"https://github.com/bevry/safefs/issues"},"repository":{"type":"git","url":"http://github.com/bevry/safefs.git"},"engines":{"node":">=0.4"},"devDependencies":{"taskgroup":"~2.0.0","coffee-script":"~1.6.2","joe":"~1.1.2","chai":"~1.5.0"},"directories":{"lib":"./out/lib"},"scripts":{"test":"node ./out/test/safefs-test.js"},"main":"./out/lib/safefs.js","_id":"safefs@2.0.2","dist":{"shasum":"b1ad559e3418301728397ea1c8502e7cbe3eabff","tarball":"https://registry.npmjs.org/safefs/-/safefs-2.0.2.tgz"},"_from":".","_npmVersion":"1.2.15","_npmUser":{"name":"balupton","email":"b@lupton.cc"}},"2.0.3":{"name":"safefs","version":"2.0.3","description":"Say goodbye to EMFILE errors! Open only as many files as the operating system supports","homepage":"https://github.com/bevry/safefs","keywords":["fs","path","openFile","closeFile","emfile"],"author":{"name":"Bevry Pty Ltd","email":"us@bevry.me","url":"http://bevry.me"},"maintainers":[{"name":"balupton","email":"b@lupton.cc"}],"contributors":[{"name":"Benjamin Lupton","email":"b@lupton.cc","url":"https://github.com/balupton"}],"bugs":{"url":"https://github.com/bevry/safefs/issues"},"repository":{"type":"git","url":"http://github.com/bevry/safefs.git"},"engines":{"node":">=0.4"},"devDependencies":{"taskgroup":"~2.0.0","coffee-script":"~1.6.2","joe":"~1.1.2","chai":"~1.5.0"},"directories":{"lib":"./out/lib"},"scripts":{"test":"node ./out/test/safefs-test.js"},"main":"./out/lib/safefs.js","_id":"safefs@2.0.3","dist":{"shasum":"2db2b2de4c4161d6dba6609fee05ecab062c4de5","tarball":"https://registry.npmjs.org/safefs/-/safefs-2.0.3.tgz"},"_from":".","_npmVersion":"1.2.15","_npmUser":{"name":"balupton","email":"b@lupton.cc"}},"3.0.0":{"name":"safefs","version":"3.0.0","description":"Stop getting EMFILE errors! Open only as many files as the operating system supports.","homepage":"https://github.com/bevry/safefs","keywords":["fs","path","openFile","closeFile","emfile"],"author":{"name":"Bevry Pty Ltd","email":"us@bevry.me","url":"http://bevry.me"},"maintainers":[{"name":"balupton","email":"b@lupton.cc"}],"contributors":[{"name":"Benjamin Lupton","email":"b@lupton.cc","url":"https://github.com/balupton"}],"bugs":{"url":"https://github.com/bevry/safefs/issues"},"repository":{"type":"git","url":"http://github.com/bevry/safefs.git"},"engines":{"node":">=0.4"},"dependencies":{"taskgroup":"~3.0.0"},"devDependencies":{"coffee-script":"~1.6.2","joe":"~1.1.2","chai":"~1.5.0"},"directories":{"lib":"./out/lib"},"scripts":{"test":"node ./out/test/safefs-test.js"},"main":"./out/lib/safefs.js","_id":"safefs@3.0.0","dist":{"shasum":"72039297b88dd18da72e90ee8b08885493293cc9","tarball":"https://registry.npmjs.org/safefs/-/safefs-3.0.0.tgz"},"_from":".","_npmVersion":"1.2.15","_npmUser":{"name":"balupton","email":"b@lupton.cc"}},"3.0.1":{"name":"safefs","version":"3.0.1","description":"Stop getting EMFILE errors! Open only as many files as the operating system supports.","homepage":"https://github.com/bevry/safefs","keywords":["fs","path","openFile","closeFile","emfile"],"author":{"name":"Bevry Pty Ltd","email":"us@bevry.me","url":"http://bevry.me"},"maintainers":[{"name":"balupton","email":"b@lupton.cc"}],"contributors":[{"name":"Benjamin Lupton","email":"b@lupton.cc","url":"https://github.com/balupton"}],"bugs":{"url":"https://github.com/bevry/safefs/issues"},"repository":{"type":"git","url":"http://github.com/bevry/safefs.git"},"engines":{"node":">=0.4"},"dependencies":{"taskgroup":">=3 <3.2"},"devDependencies":{"coffee-script":"~1.6.2","joe":"~1.2.0","joe-reporter-console":"~1.2.1","chai":"~1.5.0"},"directories":{"lib":"./out/lib"},"scripts":{"test":"node ./out/test/safefs-test.js"},"main":"./out/lib/safefs.js","_id":"safefs@3.0.1","dist":{"shasum":"a4fd36bcd4805782f0d702e97b47323eafc94cb8","tarball":"https://registry.npmjs.org/safefs/-/safefs-3.0.1.tgz"},"_from":".","_npmVersion":"1.2.15","_npmUser":{"name":"balupton","email":"b@lupton.cc"}},"3.0.2":{"name":"safefs","version":"3.0.2","description":"Stop getting EMFILE errors! Open only as many files as the operating system supports.","homepage":"https://github.com/bevry/safefs","keywords":["fs","path","openFile","closeFile","emfile"],"author":{"name":"Bevry Pty Ltd","email":"us@bevry.me","url":"http://bevry.me"},"maintainers":[{"name":"balupton","email":"b@lupton.cc"}],"contributors":[{"name":"Benjamin Lupton","email":"b@lupton.cc","url":"https://github.com/balupton"}],"bugs":{"url":"https://github.com/bevry/safefs/issues"},"repository":{"type":"git","url":"http://github.com/bevry/safefs.git"},"engines":{"node":">=0.4"},"dependencies":{"taskgroup":"~3.2.0"},"devDependencies":{"coffee-script":"~1.6.2","joe":"~1.3.0","joe-reporter-console":"~1.2.1","chai":"~1.7.2"},"directories":{"lib":"./out/lib"},"scripts":{"test":"node ./out/test/safefs-test.js"},"main":"./out/lib/safefs.js","_id":"safefs@3.0.2","dist":{"shasum":"0d41c873d188a3a8afae6d5c2c8f75d2da061565","tarball":"https://registry.npmjs.org/safefs/-/safefs-3.0.2.tgz"},"_from":".","_npmVersion":"1.3.9","_npmUser":{"name":"balupton","email":"b@lupton.cc"}},"3.0.3":{"name":"safefs","version":"3.0.3","description":"Stop getting EMFILE errors! Open only as many files as the operating system supports.","homepage":"https://github.com/bevry/safefs","keywords":["fs","path","openFile","closeFile","emfile"],"author":{"name":"Bevry Pty Ltd","email":"us@bevry.me","url":"http://bevry.me"},"maintainers":[{"name":"balupton","email":"b@lupton.cc"}],"contributors":[{"name":"Benjamin Lupton","email":"b@lupton.cc","url":"https://github.com/balupton"}],"bugs":{"url":"https://github.com/bevry/safefs/issues"},"repository":{"type":"git","url":"http://github.com/bevry/safefs.git"},"engines":{"node":">=0.4"},"dependencies":{"taskgroup":"~3.2.0"},"devDependencies":{"coffee-script":"~1.6.2","joe":"~1.3.0","joe-reporter-console":"~1.2.1","chai":"~1.7.2"},"directories":{"lib":"./out/lib"},"scripts":{"test":"node ./out/test/safefs-test.js"},"main":"./out/lib/safefs.js","_id":"safefs@3.0.3","dist":{"shasum":"1d511e2945f0e7eccdd6bb12ec2e309abf13514e","tarball":"https://registry.npmjs.org/safefs/-/safefs-3.0.3.tgz"},"_from":".","_npmVersion":"1.3.9","_npmUser":{"name":"balupton","email":"b@lupton.cc"}},"3.0.4":{"title":"Safe FS","name":"safefs","version":"3.0.4","description":"Stop getting EMFILE errors! Open only as many files as the operating system supports.","homepage":"https://github.com/bevry/safefs","license":{"type":"MIT"},"badges":{"travis":true,"npm":true,"gittip":"bevry","flattr":"344188/balupton-on-Flattr","paypal":"QB8GQPZAH84N6"},"keywords":["fs","path","openFile","closeFile","emfile"],"author":{"name":"2013+ Bevry Pty Ltd","email":"us@bevry.me","url":"http://bevry.me"},"maintainers":[{"name":"balupton","email":"b@lupton.cc"}],"contributors":[{"name":"Benjamin Lupton","email":"b@lupton.cc","url":"https://github.com/balupton"},{"name":"jagill","url":"https://github.com/jagill"},{"name":"sfrdmn","url":"https://github.com/sfrdmn"}],"bugs":{"url":"https://github.com/bevry/safefs/issues"},"repository":{"type":"git","url":"http://github.com/bevry/safefs.git"},"engines":{"node":">=0.4"},"dependencies":{"taskgroup":"~3.3.1"},"devDependencies":{"coffee-script":"~1.6.2","joe":"~1.3.0","joe-reporter-console":"~1.2.1","chai":"~1.8.1","projectz":"~0.2.5"},"directories":{"lib":"./out/lib"},"scripts":{"preinstall":"node ./cyclic.js","test":"node ./out/test/safefs-test.js"},"main":"./out/lib/safefs.js","_id":"safefs@3.0.4","dist":{"shasum":"7420101137e620d96a84dc9c6ce92bc2658e7d71","tarball":"https://registry.npmjs.org/safefs/-/safefs-3.0.4.tgz"},"_from":".","_npmVersion":"1.3.13","_npmUser":{"name":"balupton","email":"b@lupton.cc"}},"3.0.5":{"title":"Safe FS","name":"safefs","version":"3.0.5","description":"Stop getting EMFILE errors! Open only as many files as the operating system supports.","homepage":"https://github.com/bevry/safefs","license":{"type":"MIT"},"badges":{"travis":true,"npm":true,"gittip":"bevry","flattr":"344188/balupton-on-Flattr","paypal":"QB8GQPZAH84N6"},"keywords":["fs","path","openFile","closeFile","emfile"],"author":{"name":"2013+ Bevry Pty Ltd","email":"us@bevry.me","url":"http://bevry.me"},"maintainers":[{"name":"balupton","email":"b@lupton.cc"}],"contributors":[{"name":"Benjamin Lupton","email":"b@lupton.cc","url":"https://github.com/balupton"},{"name":"jagill","url":"https://github.com/jagill"},{"name":"sfrdmn","url":"https://github.com/sfrdmn"}],"bugs":{"url":"https://github.com/bevry/safefs/issues"},"repository":{"type":"git","url":"http://github.com/bevry/safefs.git"},"engines":{"node":">=0.4"},"dependencies":{"taskgroup":"~3.3.1","graceful-fs":"~2.0.1"},"devDependencies":{"coffee-script":"~1.6.2","joe":"~1.3.2","joe-reporter-console":"~1.2.1","chai":"~1.8.1","projectz":"~0.2.6"},"directories":{"lib":"./out/lib"},"scripts":{"preinstall":"node ./cyclic.js","test":"node ./out/test/safefs-test.js"},"main":"./out/lib/safefs.js","_id":"safefs@3.0.5","dist":{"shasum":"ab3cb33c101b3db8969235559dccf91c9dfe385d","tarball":"https://registry.npmjs.org/safefs/-/safefs-3.0.5.tgz"},"_from":".","_npmVersion":"1.3.14","_npmUser":{"name":"balupton","email":"b@lupton.cc"}},"3.0.6":{"title":"Safe FS","name":"safefs","version":"3.0.6","description":"Stop getting EMFILE errors! Open only as many files as the operating system supports.","homepage":"https://github.com/bevry/safefs","license":{"type":"MIT"},"badges":{"travis":true,"npm":true,"gittip":"bevry","flattr":"344188/balupton-on-Flattr","paypal":"QB8GQPZAH84N6"},"keywords":["fs","path","openFile","closeFile","emfile"],"author":{"name":"2013+ Bevry Pty Ltd","email":"us@bevry.me","url":"http://bevry.me"},"maintainers":[{"name":"balupton","email":"b@lupton.cc"}],"contributors":[{"name":"Benjamin Lupton","email":"b@lupton.cc","url":"https://github.com/balupton"},{"name":"jagill","url":"https://github.com/jagill"},{"name":"sfrdmn","url":"https://github.com/sfrdmn"}],"bugs":{"url":"https://github.com/bevry/safefs/issues"},"repository":{"type":"git","url":"http://github.com/bevry/safefs.git"},"engines":{"node":">=0.4"},"dependencies":{"taskgroup":"~3.3.1","graceful-fs":"~2.0.1"},"devDependencies":{"coffee-script":"~1.6.2","joe":"~1.3.2","joe-reporter-console":"~1.2.1","chai":"~1.8.1","projectz":"~0.2.6"},"directories":{"lib":"./out/lib"},"scripts":{"preinstall":"node ./cyclic.js","test":"node ./out/test/safefs-test.js"},"main":"./out/lib/safefs.js","_id":"safefs@3.0.6","dist":{"shasum":"781f0b1895276b636e762aa142c8046e6e034f6f","tarball":"https://registry.npmjs.org/safefs/-/safefs-3.0.6.tgz"},"_from":".","_npmVersion":"1.3.14","_npmUser":{"name":"balupton","email":"b@lupton.cc"}},"3.1.1":{"title":"Safe FS","name":"safefs","version":"3.1.1","description":"Stop getting EMFILE errors! Open only as many files as the operating system supports.","homepage":"https://github.com/bevry/safefs","license":{"type":"MIT"},"badges":{"travis":true,"npm":true,"david":true,"daviddev":true,"gittip":"bevry","flattr":"344188/balupton-on-Flattr","paypal":"QB8GQPZAH84N6","bitcoin":"https://coinbase.com/checkouts/9ef59f5479eec1d97d63382c9ebcb93a"},"keywords":["fs","path","openFile","closeFile","emfile"],"author":{"name":"2013+ Bevry Pty Ltd","email":"us@bevry.me","url":"http://bevry.me"},"maintainers":[{"name":"balupton","email":"b@lupton.cc"}],"contributors":[{"name":"Benjamin Lupton","email":"b@lupton.cc","url":"https://github.com/balupton"},{"name":"jagill","url":"https://github.com/jagill"},{"name":"sfrdmn","url":"https://github.com/sfrdmn"},{"name":"shama","url":"https://github.com/shama"}],"bugs":{"url":"https://github.com/bevry/safefs/issues"},"repository":{"type":"git","url":"http://github.com/bevry/safefs.git"},"engines":{"node":">=0.4"},"dependencies":{"graceful-fs":"~2.0.1"},"devDependencies":{"coffee-script":"~1.7.1","projectz":"~0.3.9"},"directories":{"lib":"./out/lib"},"scripts":{"preinstall":"node ./cyclic.js","test":"echo 'no tests yet'"},"main":"./out/lib/safefs.js","_id":"safefs@3.1.1","dist":{"shasum":"c700df59bf643b10fed08cc483123ff41a9b1cfa","tarball":"https://registry.npmjs.org/safefs/-/safefs-3.1.1.tgz"},"_from":".","_npmVersion":"1.3.26","_npmUser":{"name":"balupton","email":"b@lupton.cc"}},"3.1.2":{"title":"Safe FS","name":"safefs","version":"3.1.2","description":"Stop getting EMFILE errors! Open only as many files as the operating system supports.","homepage":"https://github.com/bevry/safefs","license":{"type":"MIT"},"badges":{"travis":true,"npm":true,"npmdownloads":true,"david":true,"daviddev":true,"gittip":"bevry","flattr":"344188/balupton-on-Flattr","paypal":"QB8GQPZAH84N6","bitcoin":"https://coinbase.com/checkouts/9ef59f5479eec1d97d63382c9ebcb93a","wishlist":"http://amzn.com/w/2F8TXKSNAFG4V"},"keywords":["fs","path","openFile","closeFile","emfile"],"author":{"name":"2013+ Bevry Pty Ltd","email":"us@bevry.me","url":"http://bevry.me"},"maintainers":[{"name":"balupton","email":"b@lupton.cc"}],"contributors":[{"name":"Benjamin Lupton","email":"b@lupton.cc","url":"https://github.com/balupton"},{"name":"jagill","url":"https://github.com/jagill"},{"name":"sfrdmn","url":"https://github.com/sfrdmn"},{"name":"shama","url":"https://github.com/shama"}],"bugs":{"url":"https://github.com/bevry/safefs/issues"},"repository":{"type":"git","url":"http://github.com/bevry/safefs.git"},"engines":{"node":">=0.4"},"dependencies":{"graceful-fs":"~3.0.5"},"devDependencies":{"coffee-script":"~1.8.0","projectz":"~0.3.17"},"directories":{"lib":"./out/lib"},"scripts":{"preinstall":"node ./cyclic.js","test":"echo 'no tests yet'"},"main":"./out/lib/safefs.js","cakeConfiguration":{"COFFEE_SRC_PATH":"src"},"gitHead":"4c6c946767b0192da9caa31d9bec1b33c7c0e228","_id":"safefs@3.1.2","_shasum":"b8a97eadd94786c25d93f6bd8fd89d89b77c7eac","_from":".","_npmVersion":"2.1.11","_nodeVersion":"0.10.33","_npmUser":{"name":"balupton","email":"b@lupton.cc"},"dist":{"shasum":"b8a97eadd94786c25d93f6bd8fd89d89b77c7eac","tarball":"https://registry.npmjs.org/safefs/-/safefs-3.1.2.tgz"}},"3.1.3":{"title":"Safe FS","name":"safefs","version":"3.1.3","description":"Stop getting EMFILE errors! Open only as many files as the operating system supports.","homepage":"https://github.com/bevry/safefs","license":{"type":"MIT"},"badges":{"travis":true,"npm":true,"npmdownloads":true,"david":true,"daviddev":true,"gratipay":"bevry","flattr":"344188/balupton-on-Flattr","paypal":"QB8GQPZAH84N6","bitcoin":"https://coinbase.com/checkouts/9ef59f5479eec1d97d63382c9ebcb93a","wishlist":"http://amzn.com/w/2F8TXKSNAFG4V"},"keywords":["fs","path","openFile","closeFile","emfile"],"author":{"name":"2013+ Bevry Pty Ltd","email":"us@bevry.me","url":"http://bevry.me"},"maintainers":[{"name":"balupton","email":"b@lupton.cc"}],"contributors":[{"name":"Benjamin Lupton","email":"b@lupton.cc","url":"https://github.com/balupton"},{"name":"jagill","url":"https://github.com/jagill"},{"name":"sfrdmn","url":"https://github.com/sfrdmn"},{"name":"shama","url":"https://github.com/shama"}],"bugs":{"url":"https://github.com/bevry/safefs/issues"},"repository":{"type":"git","url":"http://github.com/bevry/safefs.git"},"engines":{"node":">=0.4"},"dependencies":{"graceful-fs":"^3.0.6"},"devDependencies":{"coffee-script":"^1.9.1","projectz":"^0.5.0"},"directories":{"lib":"./out/lib"},"scripts":{"preinstall":"node ./cyclic.js","test":"echo 'no tests yet'"},"main":"./out/lib/safefs.js","cakeConfiguration":{"COFFEE_SRC_PATH":"src"},"gitHead":"eccb047593ea8aa62e8933c01196d0b2321ee9a4","_id":"safefs@3.1.3","_shasum":"316940e5c83d195b4d129728eb8a39b56a58ce4b","_from":".","_npmVersion":"2.7.0","_nodeVersion":"1.5.1","_npmUser":{"name":"balupton","email":"b@lupton.cc"},"dist":{"shasum":"316940e5c83d195b4d129728eb8a39b56a58ce4b","tarball":"https://registry.npmjs.org/safefs/-/safefs-3.1.3.tgz"}},"3.2.0":{"title":"Safe FS","name":"safefs","version":"3.2.0","description":"Stop getting EMFILE errors! Open only as many files as the operating system supports.","homepage":"https://github.com/bevry/safefs","license":{"type":"MIT"},"badges":{"travis":true,"npm":true,"npmdownloads":true,"david":true,"daviddev":true,"gratipay":"bevry","flattr":"344188/balupton-on-Flattr","paypal":"QB8GQPZAH84N6","bitcoin":"https://bevry.me/bitcoin","wishlist":"https://bevry.me/wishlist"},"keywords":["fs","path","openFile","closeFile","emfile"],"author":{"name":"2013+ Bevry Pty Ltd","email":"us@bevry.me","url":"http://bevry.me"},"maintainers":[{"name":"balupton","email":"b@lupton.cc"}],"contributors":[{"name":"Benjamin Lupton","email":"b@lupton.cc","url":"https://github.com/balupton"},{"name":"jagill","url":"https://github.com/jagill"},{"name":"sfrdmn","url":"https://github.com/sfrdmn"},{"name":"shama","url":"https://github.com/shama"}],"bugs":{"url":"https://github.com/bevry/safefs/issues"},"repository":{"type":"git","url":"git+ssh://git@github.com/bevry/safefs.git"},"engines":{"node":">=0.4"},"dependencies":{"graceful-fs":"^4.1.2"},"devDependencies":{"assert-helpers":"^1.0.2","babel":"^5.8.23","babel-eslint":"^4.1.1","eslint":"^1.3.1","joe":"^1.6.0","joe-reporter-console":"^1.2.1","projectz":"^0.5.0","rimraf":"^2.4.3"},"main":"./es6guardian.js","scripts":{"clean":"node --harmony nakefile.js clean","setup":"node --harmony nakefile.js setup","compile":"node --harmony nakefile.js compile","watch":"node --harmony nakefile.js watch","verify":"node --harmony nakefile.js verify","meta":"node --harmony nakefile.js meta","prepare":"node --harmony nakefile.js prepare","release":"node --harmony nakefile.js release","test":"node --harmony ./es5/test/safefs-test.js"},"nakeConfiguration":{"BABEL_SRC_PATH":"es6","ESLINT_SRC_PATH":"es6","YUIDOC_SRC_PATH":"es6"},"gitHead":"9bc0782ca72e2a6f4542f4b8ecf79f047970a407","_id":"safefs@3.2.0","_shasum":"72b42616c152ec1ba16e9bf8b4cef98ad948a901","_from":".","_npmVersion":"2.13.3","_nodeVersion":"3.3.0","_npmUser":{"name":"balupton","email":"b@lupton.cc"},"dist":{"shasum":"72b42616c152ec1ba16e9bf8b4cef98ad948a901","tarball":"https://registry.npmjs.org/safefs/-/safefs-3.2.0.tgz"},"directories":{}},"3.2.1":{"title":"Safe FS","name":"safefs","version":"3.2.1","description":"Stop getting EMFILE errors! Open only as many files as the operating system supports.","homepage":"https://github.com/bevry/safefs","license":{"type":"MIT"},"badges":{"travis":true,"npm":true,"npmdownloads":true,"david":true,"daviddev":true,"gratipay":"bevry","flattr":"344188/balupton-on-Flattr","paypal":"QB8GQPZAH84N6","bitcoin":"https://bevry.me/bitcoin","wishlist":"https://bevry.me/wishlist"},"keywords":["fs","path","openFile","closeFile","emfile"],"author":{"name":"2013+ Bevry Pty Ltd","email":"us@bevry.me","url":"http://bevry.me"},"maintainers":[{"name":"balupton","email":"b@lupton.cc"}],"contributors":[{"name":"Benjamin Lupton","email":"b@lupton.cc","url":"https://github.com/balupton"},{"name":"jagill","url":"https://github.com/jagill"},{"name":"sfrdmn","url":"https://github.com/sfrdmn"},{"name":"shama","url":"https://github.com/shama"}],"bugs":{"url":"https://github.com/bevry/safefs/issues"},"repository":{"type":"git","url":"git+ssh://git@github.com/bevry/safefs.git"},"engines":{"node":">=0.10"},"dependencies":{"graceful-fs":"^4.1.2"},"devDependencies":{"assert-helpers":"^1.0.2","babel":"^5.8.23","babel-eslint":"^4.1.1","eslint":"^1.3.1","joe":"^1.6.0","joe-reporter-console":"^1.2.1","projectz":"^0.5.0","rimraf":"^2.4.3"},"main":"./es6guardian.js","scripts":{"clean":"node --harmony nakefile.js clean","setup":"node --harmony nakefile.js setup","compile":"node --harmony nakefile.js compile","watch":"node --harmony nakefile.js watch","verify":"node --harmony nakefile.js verify","meta":"node --harmony nakefile.js meta","prepare":"node --harmony nakefile.js prepare","release":"node --harmony nakefile.js release","test":"node --harmony ./es5/test/safefs-test.js"},"nakeConfiguration":{"BABEL_SRC_PATH":"es6","ESLINT_SRC_PATH":"es6","YUIDOC_SRC_PATH":"es6"},"gitHead":"7df9a7651a540dae5ec4ca5b1f38f7404c0c9486","_id":"safefs@3.2.1","_shasum":"ca44cc561dab95c88507701f42410b9cbb9b0c87","_from":".","_npmVersion":"2.13.3","_nodeVersion":"3.3.0","_npmUser":{"name":"balupton","email":"b@lupton.cc"},"dist":{"shasum":"ca44cc561dab95c88507701f42410b9cbb9b0c87","tarball":"https://registry.npmjs.org/safefs/-/safefs-3.2.1.tgz"},"directories":{}},"3.2.2":{"title":"Safe FS","name":"safefs","version":"3.2.2","description":"Stop getting EMFILE errors! Open only as many files as the operating system supports.","homepage":"https://github.com/bevry/safefs","license":{"type":"MIT"},"badges":{"travis":true,"npm":true,"npmdownloads":true,"david":true,"daviddev":true,"gratipay":"bevry","flattr":"344188/balupton-on-Flattr","paypal":"QB8GQPZAH84N6","bitcoin":"https://bevry.me/bitcoin","wishlist":"https://bevry.me/wishlist"},"keywords":["fs","path","openFile","closeFile","emfile"],"author":{"name":"2013+ Bevry Pty Ltd","email":"us@bevry.me","url":"http://bevry.me"},"maintainers":[{"name":"balupton","email":"b@lupton.cc"}],"contributors":[{"name":"Benjamin Lupton","email":"b@lupton.cc","url":"https://github.com/balupton"},{"name":"jagill","url":"https://github.com/jagill"},{"name":"sfrdmn","url":"https://github.com/sfrdmn"},{"name":"shama","url":"https://github.com/shama"}],"bugs":{"url":"https://github.com/bevry/safefs/issues"},"repository":{"type":"git","url":"git+ssh://git@github.com/bevry/safefs.git"},"engines":{"node":">=0.4"},"dependencies":{"graceful-fs":"*"},"devDependencies":{"assert-helpers":"^1.0.2","babel":"^5.8.23","babel-eslint":"^4.1.1","eslint":"^1.3.1","joe":"^1.6.0","joe-reporter-console":"^1.2.1","projectz":"^0.5.0","rimraf":"^2.4.3"},"main":"./es6guardian.js","scripts":{"clean":"node --harmony nakefile.js clean","setup":"node --harmony nakefile.js setup","compile":"node --harmony nakefile.js compile","watch":"node --harmony nakefile.js watch","verify":"node --harmony nakefile.js verify","meta":"node --harmony nakefile.js meta","prepare":"node --harmony nakefile.js prepare","release":"node --harmony nakefile.js release","test":"node --harmony ./es5/test/safefs-test.js"},"nakeConfiguration":{"BABEL_SRC_PATH":"es6","ESLINT_SRC_PATH":"es6","YUIDOC_SRC_PATH":"es6"},"gitHead":"11c7818dc3b3968e080003e0e960ae13e487dd1a","_id":"safefs@3.2.2","_shasum":"8170c1444d7038e08caea05a374fae2fa349e15c","_from":".","_npmVersion":"2.13.3","_nodeVersion":"3.3.0","_npmUser":{"name":"balupton","email":"b@lupton.cc"},"dist":{"shasum":"8170c1444d7038e08caea05a374fae2fa349e15c","tarball":"https://registry.npmjs.org/safefs/-/safefs-3.2.2.tgz"},"directories":{}},"4.0.0":{"title":"Safe FS","name":"safefs","version":"4.0.0","description":"Stop getting EMFILE errors! Open only as many files as the operating system supports.","homepage":"https://github.com/bevry/safefs","license":{"type":"MIT"},"badges":{"travis":true,"npm":true,"npmdownloads":true,"david":true,"daviddev":true,"gratipay":"bevry","flattr":"344188/balupton-on-Flattr","paypal":"QB8GQPZAH84N6","bitcoin":"https://bevry.me/bitcoin","wishlist":"https://bevry.me/wishlist"},"keywords":["fs","path","openFile","closeFile","emfile"],"author":{"name":"2013+ Bevry Pty Ltd","email":"us@bevry.me","url":"http://bevry.me"},"maintainers":[{"name":"balupton","email":"b@lupton.cc"}],"contributors":[{"name":"Benjamin Lupton","email":"b@lupton.cc","url":"https://github.com/balupton"},{"name":"jagill","url":"https://github.com/jagill"},{"name":"sfrdmn","url":"https://github.com/sfrdmn"},{"name":"shama","url":"https://github.com/shama"}],"bugs":{"url":"https://github.com/bevry/safefs/issues"},"repository":{"type":"git","url":"git+ssh://git@github.com/bevry/safefs.git"},"engines":{"node":">=0.12"},"dependencies":{"graceful-fs":"^4.1.2"},"devDependencies":{"assert-helpers":"^1.0.2","babel":"^5.8.23","babel-eslint":"^4.1.1","eslint":"^1.3.1","joe":"^1.6.0","joe-reporter-console":"^1.2.1","projectz":"^0.5.0","rimraf":"^2.4.3"},"main":"./es6guardian.js","scripts":{"clean":"node --harmony nakefile.js clean","setup":"node --harmony nakefile.js setup","compile":"node --harmony nakefile.js compile","watch":"node --harmony nakefile.js watch","verify":"node --harmony nakefile.js verify","meta":"node --harmony nakefile.js meta","prepare":"node --harmony nakefile.js prepare","release":"node --harmony nakefile.js release","test":"node --harmony ./es5/test/safefs-test.js"},"nakeConfiguration":{"BABEL_SRC_PATH":"es6","ESLINT_SRC_PATH":"es6","YUIDOC_SRC_PATH":"es6"},"gitHead":"bd2787279f105f2b37daaebc3efc7c66338aebc6","_id":"safefs@4.0.0","_shasum":"70cc460a89b3f39e0c453caedb410ba85079a4e9","_from":".","_npmVersion":"2.13.3","_nodeVersion":"3.3.0","_npmUser":{"name":"balupton","email":"b@lupton.cc"},"dist":{"shasum":"70cc460a89b3f39e0c453caedb410ba85079a4e9","tarball":"https://registry.npmjs.org/safefs/-/safefs-4.0.0.tgz"},"directories":{}},"4.0.1":{"title":"Safe FS","name":"safefs","version":"4.0.1","description":"Stop getting EMFILE errors! Open only as many files as the operating system supports.","homepage":"https://github.com/bevry/safefs","license":"MIT","badges":{"list":["travisci","npmversion","npmdownloads","daviddm","daviddmdev","---","slackin","patreon","gratipay","flattr","paypal","bitcoin","wishlist"],"config":{"patreonUsername":"bevry","gratipayUsername":"bevry","flattrCode":"344188/balupton-on-Flattr","paypalButtonID":"QB8GQPZAH84N6","bitcoinURL":"https://bevry.me/bitcoin","wishlistURL":"https://bevry.me/wishlist","slackinURL":"https://slack.bevry.me"}},"keywords":["fs","path","openFile","closeFile","emfile"],"author":{"name":"2013+ Bevry Pty Ltd","email":"us@bevry.me","url":"http://bevry.me"},"maintainers":[{"name":"balupton","email":"b@lupton.cc"}],"contributors":[{"name":"Benjamin Lupton","email":"b@lupton.cc","url":"http://balupton.com"},{"name":"James Gill","url":"https://www.linkedin.com/in/jagill/"},{"name":"Sean Fridman","email":"mail@seanfridman.com","url":"http://seanfridman.com"},{"name":"Kyle Robinson Young","url":"http://dontkry.com"}],"bugs":{"url":"https://github.com/bevry/safefs/issues"},"repository":{"type":"git","url":"git+ssh://git@github.com/bevry/safefs.git"},"engines":{"node":">=0.12"},"browsers":false,"dependencies":{"esnextguardian":"^1.2.0","graceful-fs":"^4.1.2"},"devDependencies":{"assert-helpers":"^4.1.0","babel-cli":"^6.3.15","babel-preset-es2015":"^6.3.13","eslint":"^1.3.1","joe":"^1.6.0","joe-reporter-console":"^1.2.1","projectz":"^1.0.9","rimraf":"^2.4.3"},"main":"./esnextguardian.js","scripts":{"clean":"node --harmony nakefile.js clean","setup":"node --harmony nakefile.js setup","compile":"node --harmony nakefile.js compile","watch":"node --harmony nakefile.js watch","verify":"node --harmony nakefile.js verify","meta":"node --harmony nakefile.js meta","prepare":"node --harmony nakefile.js prepare","release":"node --harmony nakefile.js release","test":"node --harmony ./es5/test/safefs-test.js"},"nakeConfiguration":{"BABEL_SRC_PATH":"esnext","ESLINT_SRC_PATH":"esnext","YUIDOC_SRC_PATH":"esnext"},"gitHead":"288a0ce1802d2e9a44cb18101868a8bb6cb2752d","_id":"safefs@4.0.1","_shasum":"9c30c86769516e4f63394f81d842f1e537a78933","_from":".","_npmVersion":"3.5.1","_nodeVersion":"5.2.0","_npmUser":{"name":"balupton","email":"b@lupton.cc"},"dist":{"shasum":"9c30c86769516e4f63394f81d842f1e537a78933","tarball":"https://registry.npmjs.org/safefs/-/safefs-4.0.1.tgz"},"directories":{}},"4.1.0":{"title":"Safe FS","name":"safefs","version":"4.1.0","description":"Stop getting EMFILE errors! Open only as many files as the operating system supports.","homepage":"https://github.com/bevry/safefs","license":"MIT","keywords":["fs","path","openFile","closeFile","emfile"],"badges":{"list":["travisci","npmversion","npmdownloads","daviddm","daviddmdev","---","slackin","patreon","gratipay","flattr","paypal","bitcoin","wishlist"],"config":{"patreonUsername":"bevry","gratipayUsername":"bevry","flattrUsername":"balupton","paypalURL":"https://bevry.me/paypal","bitcoinURL":"https://bevry.me/bitcoin","wishlistURL":"https://bevry.me/wishlist","slackinURL":"https://slack.bevry.me"}},"author":{"name":"2013+ Bevry Pty Ltd","email":"us@bevry.me","url":"http://bevry.me"},"maintainers":[{"name":"balupton","email":"b@lupton.cc"}],"contributors":[{"name":"Benjamin Lupton","email":"b@lupton.cc","url":"http://balupton.com"},{"name":"James Gill","url":"https://www.linkedin.com/in/jagill/"},{"name":"Sean Fridman","email":"mail@seanfridman.com","url":"http://seanfridman.com"},{"name":"Kyle Robinson Young","url":"http://dontkry.com"},{"name":"Benjamin Lupton","url":"https://balupton.com"}],"bugs":{"url":"https://github.com/bevry/safefs/issues"},"repository":{"type":"git","url":"git+ssh://git@github.com/bevry/safefs.git"},"engines":{"node":">=0.12"},"editions":[{"description":"Source + ESNext + Require","entry":"source/index.js","directory":"source","syntaxes":["javascript","esnext","require","let","const","destructuring","defaults","template strings"]},{"description":"Babel Compiled + ES2015 + Require","entry":"es2015/index.js","directory":"es2015","syntaxes":["javascript","es2015","require"]}],"main":"index.js","dependencies":{"editions":"^1.1.1","graceful-fs":"^4.1.4"},"devDependencies":{"assert-helpers":"^4.2.0","babel-cli":"^6.9.0","babel-preset-es2015":"^6.9.0","eslint":"^2.10.2","eslint-plugin-babel":"^3.2.0","joe":"^1.6.0","joe-reporter-console":"^1.2.1","projectz":"^1.1.5","rimraf":"^2.5.2"},"scripts":{"setup":"npm install","clean":"rm -Rf ./docs ./es2015","compile":"npm run compile:es2015","compile:es2015":"babel ./source --out-dir ./es2015 --presets es2015","meta":"npm run meta:projectz","meta:projectz":"projectz compile","prepare":"npm run compile && npm run test && npm run meta","release":"npm run prepare && npm run release:publish && npm run release:tag && npm run release:push","release:publish":"npm publish","release:tag":"git tag v$npm_package_version -a","release:push":"git push origin master && git push origin --tags","pretest":"npm run test:eslint","test:eslint":"eslint ./source","test":"node --harmony -e \"require('editions').requirePackage(process.cwd(), require, 'test.js')\""},"gitHead":"51d15eaa03e53aaedd3002dc67814355073e8a55","_id":"safefs@4.1.0","_shasum":"f82aeb4bdd7ae51f653eb20f6728b3058c8d6445","_from":".","_npmVersion":"3.8.7","_nodeVersion":"6.0.0","_npmUser":{"name":"balupton","email":"b@lupton.cc"},"dist":{"shasum":"f82aeb4bdd7ae51f653eb20f6728b3058c8d6445","tarball":"https://registry.npmjs.org/safefs/-/safefs-4.1.0.tgz"},"_npmOperationalInternal":{"host":"packages-16-east.internal.npmjs.com","tmp":"tmp/safefs-4.1.0.tgz_1464366175849_0.9525796305388212"},"directories":{}}},"readme":"<!-- TITLE/ -->\n\n<h1>Safe FS</h1>\n\n<!-- /TITLE -->\n\n\n<!-- BADGES/ -->\n\n<span class=\"badge-travisci\"><a href=\"http://travis-ci.org/bevry/safefs\" title=\"Check this project's build status on TravisCI\"><img src=\"https://img.shields.io/travis/bevry/safefs/master.svg\" alt=\"Travis CI Build Status\" /></a></span>\n<span class=\"badge-npmversion\"><a href=\"https://npmjs.org/package/safefs\" title=\"View this project on NPM\"><img src=\"https://img.shields.io/npm/v/safefs.svg\" alt=\"NPM version\" /></a></span>\n<span class=\"badge-npmdownloads\"><a href=\"https://npmjs.org/package/safefs\" title=\"View this project on NPM\"><img src=\"https://img.shields.io/npm/dm/safefs.svg\" alt=\"NPM downloads\" /></a></span>\n<span class=\"badge-daviddm\"><a href=\"https://david-dm.org/bevry/safefs\" title=\"View the status of this project's dependencies on DavidDM\"><img src=\"https://img.shields.io/david/bevry/safefs.svg\" alt=\"Dependency Status\" /></a></span>\n<span class=\"badge-daviddmdev\"><a href=\"https://david-dm.org/bevry/safefs#info=devDependencies\" title=\"View the status of this project's development dependencies on DavidDM\"><img src=\"https://img.shields.io/david/dev/bevry/safefs.svg\" alt=\"Dev Dependency Status\" /></a></span>\n<br class=\"badge-separator\" />\n<span class=\"badge-slackin\"><a href=\"https://slack.bevry.me\" title=\"Join this project's slack community\"><img src=\"https://slack.bevry.me/badge.svg\" alt=\"Slack community badge\" /></a></span>\n<span class=\"badge-patreon\"><a href=\"http://patreon.com/bevry\" title=\"Donate to this project using Patreon\"><img src=\"https://img.shields.io/badge/patreon-donate-yellow.svg\" alt=\"Patreon donate button\" /></a></span>\n<span class=\"badge-gratipay\"><a href=\"https://www.gratipay.com/bevry\" title=\"Donate weekly to this project using Gratipay\"><img src=\"https://img.shields.io/badge/gratipay-donate-yellow.svg\" alt=\"Gratipay donate button\" /></a></span>\n<span class=\"badge-flattr\"><a href=\"https://flattr.com/profile/balupton\" title=\"Donate to this project using Flattr\"><img src=\"https://img.shields.io/badge/flattr-donate-yellow.svg\" alt=\"Flattr donate button\" /></a></span>\n<span class=\"badge-paypal\"><a href=\"https://bevry.me/paypal\" title=\"Donate to this project using Paypal\"><img src=\"https://img.shields.io/badge/paypal-donate-yellow.svg\" alt=\"PayPal donate button\" /></a></span>\n<span class=\"badge-bitcoin\"><a href=\"https://bevry.me/bitcoin\" title=\"Donate once-off to this project using Bitcoin\"><img src=\"https://img.shields.io/badge/bitcoin-donate-yellow.svg\" alt=\"Bitcoin donate button\" /></a></span>\n<span class=\"badge-wishlist\"><a href=\"https://bevry.me/wishlist\" title=\"Buy an item on our wishlist for us\"><img src=\"https://img.shields.io/badge/wishlist-donate-yellow.svg\" alt=\"Wishlist browse button\" /></a></span>\n\n<!-- /BADGES -->\n\n\n<!-- DESCRIPTION/ -->\n\nStop getting EMFILE errors! Open only as many files as the operating system supports.\n\n<!-- /DESCRIPTION -->\n\n\n<!-- INSTALL/ -->\n\n<h2>Install</h2>\n\n<a href=\"https://npmjs.com\" title=\"npm is a package manager for javascript\"><h3>NPM</h3></a><ul>\n<li>Install: <code>npm install --save safefs</code></li>\n<li>Module: <code>require('safefs')</code></li></ul>\n\n<h3><a href=\"https://github.com/bevry/editions\" title=\"Editions are the best way to produce and consume packages you care about.\">Editions</a></h3>\n\n<p>This package is published with the following editions:</p>\n\n<ul><li><code>safefs</code> aliases <code>safefs/index.js</code> which uses <a href=\"https://github.com/bevry/editions\" title=\"Editions are the best way to produce and consume packages you care about.\">Editions</a> to automatically select the correct edition for the consumers environment</li>\n<li><code>safefs/source/index.js</code> is Source + <a href=\"https://babeljs.io/docs/learn-es2015/\" title=\"ECMAScript Next\">ESNext</a> + <a href=\"https://nodejs.org/dist/latest-v5.x/docs/api/modules.html\" title=\"Node/CJS Modules\">Require</a></li>\n<li><code>safefs/es2015/index.js</code> is <a href=\"https://babeljs.io\" title=\"The compiler for writing next generation JavaScript\">Babel</a> Compiled + <a href=\"http://babeljs.io/docs/plugins/preset-es2015/\" title=\"ECMAScript 2015\">ES2015</a> + <a href=\"https://nodejs.org/dist/latest-v5.x/docs/api/modules.html\" title=\"Node/CJS Modules\">Require</a></li></ul>\n\n<p>Older environments may need <a href=\"https://babeljs.io/docs/usage/polyfill/\" title=\"A polyfill that emulates missing ECMAScript environment features\">Babel's Polyfill</a> or something similar.</p>\n\n<!-- /INSTALL -->\n\n\n## Usage\n\n``` javascript\nvar safefs = require('safefs')\n```\n\nSafeFS uses [graceful-fs](https://npmjs.org/package/graceful-fs) to wrap all of the standard [file system](http://nodejs.org/docs/latest/api/all.html#all_file_system) methods to avoid EMFILE errors among other problems.\n\nOn-top of graceful-fs, SafeFS also adds additional wrapping on the following methods:\n\n- `writeFile(path, data, options?, next)` - ensure the full path exists before writing to it\n- `appendFile(path, data, options?, next)` -  ensure the full path exists before writing to it\n- `mkdir(path, mode?, next)` - mode defaults to `0o777 & (~process.umask())`\n- `unlink(path, next)` - checks if the file exists before removing it\n\nSafeFS also define these additional methods:\n\n- `ensurePath(path, options, next)` - ensure the full path exists, equivalent to unix's `mdir -p path`\n- `getParentPathSync(path)` - returns the parent directory of the path\n\n\n<!-- HISTORY/ -->\n\n<h2>History</h2>\n\n<a href=\"https://github.com/bevry/safefs/blob/master/HISTORY.md#files\">Discover the release history by heading on over to the <code>HISTORY.md</code> file.</a>\n\n<!-- /HISTORY -->\n\n\n<!-- CONTRIBUTE/ -->\n\n<h2>Contribute</h2>\n\n<a href=\"https://github.com/bevry/safefs/blob/master/CONTRIBUTING.md#files\">Discover how you can contribute by heading on over to the <code>CONTRIBUTING.md</code> file.</a>\n\n<!-- /CONTRIBUTE -->\n\n\n<!-- BACKERS/ -->\n\n<h2>Backers</h2>\n\n<h3>Maintainers</h3>\n\nThese amazing people are maintaining this project:\n\n<ul><li><a href=\"http://balupton.com\">Benjamin Lupton</a></li></ul>\n\n<h3>Sponsors</h3>\n\nNo sponsors yet! Will you be the first?\n\n<span class=\"badge-patreon\"><a href=\"http://patreon.com/bevry\" title=\"Donate to this project using Patreon\"><img src=\"https://img.shields.io/badge/patreon-donate-yellow.svg\" alt=\"Patreon donate button\" /></a></span>\n<span class=\"badge-gratipay\"><a href=\"https://www.gratipay.com/bevry\" title=\"Donate weekly to this project using Gratipay\"><img src=\"https://img.shields.io/badge/gratipay-donate-yellow.svg\" alt=\"Gratipay donate button\" /></a></span>\n<span class=\"badge-flattr\"><a href=\"https://flattr.com/profile/balupton\" title=\"Donate to this project using Flattr\"><img src=\"https://img.shields.io/badge/flattr-donate-yellow.svg\" alt=\"Flattr donate button\" /></a></span>\n<span class=\"badge-paypal\"><a href=\"https://bevry.me/paypal\" title=\"Donate to this project using Paypal\"><img src=\"https://img.shields.io/badge/paypal-donate-yellow.svg\" alt=\"PayPal donate button\" /></a></span>\n<span class=\"badge-bitcoin\"><a href=\"https://bevry.me/bitcoin\" title=\"Donate once-off to this project using Bitcoin\"><img src=\"https://img.shields.io/badge/bitcoin-donate-yellow.svg\" alt=\"Bitcoin donate button\" /></a></span>\n<span class=\"badge-wishlist\"><a href=\"https://bevry.me/wishlist\" title=\"Buy an item on our wishlist for us\"><img src=\"https://img.shields.io/badge/wishlist-donate-yellow.svg\" alt=\"Wishlist browse button\" /></a></span>\n\n<h3>Contributors</h3>\n\nThese amazing people have contributed code to this project:\n\n<ul><li><a href=\"http://balupton.com\">Benjamin Lupton</a></li>\n<li><a href=\"https://www.linkedin.com/in/jagill/\">James Gill</a> — <a href=\"https://github.com/bevry/safefs/commits?author=jagill\" title=\"View the GitHub contributions of James Gill on repository bevry/safefs\">view contributions</a></li>\n<li><a href=\"http://seanfridman.com\">Sean Fridman</a> — <a href=\"https://github.com/bevry/safefs/commits?author=sfrdmn\" title=\"View the GitHub contributions of Sean Fridman on repository bevry/safefs\">view contributions</a></li>\n<li><a href=\"http://dontkry.com\">Kyle Robinson Young</a> — <a href=\"https://github.com/bevry/safefs/commits?author=shama\" title=\"View the GitHub contributions of Kyle Robinson Young on repository bevry/safefs\">view contributions</a></li>\n<li><a href=\"https://balupton.com\">Benjamin Lupton</a> — <a href=\"https://github.com/bevry/safefs/commits?author=balupton\" title=\"View the GitHub contributions of Benjamin Lupton on repository bevry/safefs\">view contributions</a></li></ul>\n\n<a href=\"https://github.com/bevry/safefs/blob/master/CONTRIBUTING.md#files\">Discover how you can contribute by heading on over to the <code>CONTRIBUTING.md</code> file.</a>\n\n<!-- /BACKERS -->\n\n\n<!-- LICENSE/ -->\n\n<h2>License</h2>\n\nUnless stated otherwise all works are:\n\n<ul><li>Copyright &copy; 2013+ <a href=\"http://bevry.me\">Bevry Pty Ltd</a></li>\n<li>Copyright &copy; 2011-2012 <a href=\"http://balupton.com\">Benjamin Lupton</a></li></ul>\n\nand licensed under:\n\n<ul><li><a href=\"http://spdx.org/licenses/MIT.html\">MIT License</a></li></ul>\n\n<!-- /LICENSE -->\n","maintainers":[{"name":"balupton","email":"b@lupton.cc"}],"time":{"modified":"2016-05-27T16:22:58.777Z","created":"2013-03-29T05:21:13.429Z","2.0.0":"2013-03-29T05:21:23.855Z","2.0.1":"2013-03-29T05:31:16.406Z","2.0.2":"2013-04-01T07:13:55.349Z","2.0.3":"2013-04-01T07:25:28.178Z","3.0.0":"2013-04-04T18:44:24.518Z","3.0.1":"2013-04-05T00:12:34.528Z","3.0.2":"2013-08-29T06:03:16.306Z","3.0.3":"2013-08-29T06:07:29.794Z","3.0.4":"2013-11-06T12:23:49.172Z","3.0.5":"2013-11-17T15:35:12.015Z","3.0.6":"2013-11-25T13:52:25.841Z","3.1.0":"2013-12-18T07:22:37.203Z","3.1.1":"2014-02-04T21:49:18.419Z","3.1.2":"2014-12-12T01:46:31.563Z","3.1.3":"2015-03-17T16:50:54.813Z","3.2.0":"2015-09-05T14:59:22.035Z","3.2.1":"2015-09-05T15:23:27.811Z","3.2.2":"2015-09-05T15:26:18.556Z","4.0.0":"2015-09-05T15:37:55.606Z","4.0.1":"2015-12-10T01:28:25.327Z","4.1.0":"2016-05-27T16:22:58.777Z"},"author":{"name":"2013+ Bevry Pty Ltd","email":"us@bevry.me","url":"http://bevry.me"},"repository":{"type":"git","url":"git+ssh://git@github.com/bevry/safefs.git"},"readmeFilename":"README.md","homepage":"https://github.com/bevry/safefs","keywords":["fs","path","openFile","closeFile","emfile"],"contributors":[{"name":"Benjamin Lupton","email":"b@lupton.cc","url":"http://balupton.com"},{"name":"James Gill","url":"https://www.linkedin.com/in/jagill/"},{"name":"Sean Fridman","email":"mail@seanfridman.com","url":"http://seanfridman.com"},{"name":"Kyle Robinson Young","url":"http://dontkry.com"},{"name":"Benjamin Lupton","url":"https://balupton.com"}],"bugs":{"url":"https://github.com/bevry/safefs/issues"},"license":"MIT","_attachments":{},"_etag":"W/\"57487462-add7\"","_lastModified":"Fri, 27 May 2016 16:22:58 GMT"}