{"_id":"ua-parser-js","_rev":"102-4cc3cb69920586e3218b74eda40aa7e6","name":"ua-parser-js","description":"Lightweight JavaScript-based user-agent string parser","dist-tags":{"latest":"0.7.12"},"versions":{"0.3.0":{"title":"UA-Parser.js","name":"ua-parser-js","version":"0.3.0","author":{"name":"Faisal Salman","email":"fyzlman@gmail.com","url":"http://faisalman.com"},"description":"Lightweight JavaScript-based user-agent parser","keywords":["user-agent","parser","browser","engine","os","device"],"homepage":"http://faisalman.github.com/ua-parser-js","contributors":[{"name":"Faisal Salman","email":"fyzlman@gmail.com"}],"main":"ua-parser","repositories":[{"type":"git","url":"https://github.com/faisalman/ua-parser-js.git"}],"licenses":[{"type":"GPLv2","url":"http://www.gnu.org/licenses/gpl-2.0.html"},{"type":"MIT","url":"http://www.opensource.org/licenses/mit-license.php"}],"engines":{"node":"*"},"directories":{"lib":"."},"files":[""],"repository":"git://github.com/faisalman/ua-parser-js.git","_id":"ua-parser-js@0.3.0","_engineSupported":true,"_npmVersion":"0.2.19","_nodeVersion":"v0.4.9","_defaultsLoaded":true,"dist":{"shasum":"5625ecb6ab14a0bdad563b004000acf4d73d2012","tarball":"https://registry.npmjs.org/ua-parser-js/-/ua-parser-js-0.3.0.tgz"},"maintainers":[{"name":"faisalman","email":"fyzlman@gmail.com"}]},"0.3.1":{"title":"UA-Parser.js","name":"ua-parser-js","version":"0.3.1","author":{"name":"Faisal Salman","email":"fyzlman@gmail.com","url":"http://faisalman.com"},"description":"Lightweight JavaScript-based user-agent string parser","keywords":["user agent","parser","browser","engine","os","device"],"homepage":"http://github.com/faisalman/ua-parser-js","contributors":[{"name":"Faisal Salman","email":"fyzlman@gmail.com"}],"main":"ua-parser","repositories":[{"type":"git","url":"https://github.com/faisalman/ua-parser-js.git"}],"repository":{"type":"git","url":"git://github.com/faisalman/ua-parser-js.git"},"licenses":[{"type":"GPLv2","url":"http://www.gnu.org/licenses/gpl-2.0.html"},{"type":"MIT","url":"http://www.opensource.org/licenses/mit-license.php"}],"engines":{"node":"*"},"directories":{"lib":"."},"files":[""],"_npmUser":{"name":"faisalman","email":"fyzlman@gmail.com"},"_id":"ua-parser-js@0.3.1","dependencies":{},"devDependencies":{},"optionalDependencies":{},"_engineSupported":true,"_npmVersion":"1.1.4","_nodeVersion":"v0.6.12","_defaultsLoaded":true,"dist":{"shasum":"6989d9d92dae89fc842d58b1380a7c00b631aefc","tarball":"https://registry.npmjs.org/ua-parser-js/-/ua-parser-js-0.3.1.tgz"},"maintainers":[{"name":"faisalman","email":"fyzlman@gmail.com"}]},"0.4.0":{"title":"UA-Parser.JS","name":"ua-parser-js","version":"0.4.0","author":{"name":"Faisal Salman","email":"fyzlman@gmail.com","url":"http://faisalman.com"},"description":"Lightweight JavaScript-based user-agent string parser","keywords":["user agent","parser","browser","engine","os","device"],"homepage":"http://github.com/faisalman/ua-parser-js","contributors":[{"name":"Faisal Salman","email":"fyzlman@gmail.com"}],"main":"ua-parser","repositories":[{"type":"git","url":"https://github.com/faisalman/ua-parser-js.git"}],"repository":{"type":"git","url":"git://github.com/faisalman/ua-parser-js.git"},"licenses":[{"type":"GPLv2","url":"http://www.gnu.org/licenses/gpl-2.0.html"},{"type":"MIT","url":"http://www.opensource.org/licenses/mit-license.php"}],"engines":{"node":"*"},"directories":{"lib":"."},"files":[""],"_npmUser":{"name":"faisalman","email":"fyzlman@gmail.com"},"_id":"ua-parser-js@0.4.0","dependencies":{},"devDependencies":{},"optionalDependencies":{},"_engineSupported":true,"_npmVersion":"1.1.4","_nodeVersion":"v0.6.12","_defaultsLoaded":true,"dist":{"shasum":"6a0d6f54780241d00aa61dd9fa7fee5d6fa44b10","tarball":"https://registry.npmjs.org/ua-parser-js/-/ua-parser-js-0.4.0.tgz"},"maintainers":[{"name":"faisalman","email":"fyzlman@gmail.com"}]},"0.4.1":{"title":"UA-Parser.JS","name":"ua-parser-js","version":"0.4.1","author":{"name":"Faisal Salman","email":"fyzlman@gmail.com","url":"http://faisalman.com"},"description":"Lightweight JavaScript-based user-agent string parser","keywords":["user agent","parser","browser","engine","os","device"],"homepage":"http://github.com/faisalman/ua-parser-js","contributors":[{"name":"Faisal Salman","email":"fyzlman@gmail.com"}],"main":"ua-parser","repositories":[{"type":"git","url":"https://github.com/faisalman/ua-parser-js.git"}],"repository":{"type":"git","url":"git://github.com/faisalman/ua-parser-js.git"},"licenses":[{"type":"GPLv2","url":"http://www.gnu.org/licenses/gpl-2.0.html"},{"type":"MIT","url":"http://www.opensource.org/licenses/mit-license.php"}],"engines":{"node":"*"},"directories":{"lib":"."},"files":[""],"_npmUser":{"name":"faisalman","email":"fyzlman@gmail.com"},"_id":"ua-parser-js@0.4.1","dependencies":{},"devDependencies":{},"optionalDependencies":{},"_engineSupported":true,"_npmVersion":"1.1.4","_nodeVersion":"v0.6.12","_defaultsLoaded":true,"dist":{"shasum":"73109774bc5f412732b6b42b3a62854f4bcd42a2","tarball":"https://registry.npmjs.org/ua-parser-js/-/ua-parser-js-0.4.1.tgz"},"maintainers":[{"name":"faisalman","email":"fyzlman@gmail.com"}]},"0.4.3":{"title":"UA-Parser.JS","name":"ua-parser-js","version":"0.4.3","author":{"name":"Faisal Salman","email":"fyzlman@gmail.com","url":"http://faisalman.com"},"description":"Lightweight JavaScript-based user-agent string parser","keywords":["user agent","parser","browser","engine","os","device"],"homepage":"http://github.com/faisalman/ua-parser-js","contributors":[{"name":"Faisal Salman","email":"fyzlman@gmail.com"}],"main":"ua-parser","repositories":[{"type":"git","url":"https://github.com/faisalman/ua-parser-js.git"}],"repository":{"type":"git","url":"git://github.com/faisalman/ua-parser-js.git"},"licenses":[{"type":"GPLv2","url":"http://www.gnu.org/licenses/gpl-2.0.html"},{"type":"MIT","url":"http://www.opensource.org/licenses/mit-license.php"}],"engines":{"node":"*"},"directories":{"lib":"."},"files":[""],"_npmUser":{"name":"faisalman","email":"fyzlman@gmail.com"},"_id":"ua-parser-js@0.4.3","dependencies":{},"devDependencies":{},"optionalDependencies":{},"_engineSupported":true,"_npmVersion":"1.1.4","_nodeVersion":"v0.6.12","_defaultsLoaded":true,"dist":{"shasum":"64706ae506a0339a27e735988f958534ff77f7bc","tarball":"https://registry.npmjs.org/ua-parser-js/-/ua-parser-js-0.4.3.tgz"},"maintainers":[{"name":"faisalman","email":"fyzlman@gmail.com"}]},"0.4.4":{"title":"UA-Parser.JS","name":"ua-parser-js","version":"0.4.4","author":{"name":"Faisal Salman","email":"fyzlman@gmail.com","url":"http://faisalman.com"},"description":"Lightweight JavaScript-based user-agent string parser","keywords":["user agent","parser","browser","engine","os","device"],"homepage":"http://github.com/faisalman/ua-parser-js","contributors":[{"name":"Faisal Salman","email":"fyzlman@gmail.com"}],"main":"ua-parser","repositories":[{"type":"git","url":"https://github.com/faisalman/ua-parser-js.git"}],"repository":{"type":"git","url":"git://github.com/faisalman/ua-parser-js.git"},"licenses":[{"type":"GPLv2","url":"http://www.gnu.org/licenses/gpl-2.0.html"},{"type":"MIT","url":"http://www.opensource.org/licenses/mit-license.php"}],"engines":{"node":"*"},"directories":{"lib":"."},"files":[""],"_npmUser":{"name":"faisalman","email":"fyzlman@gmail.com"},"_id":"ua-parser-js@0.4.4","dependencies":{},"devDependencies":{},"optionalDependencies":{},"_engineSupported":true,"_npmVersion":"1.1.4","_nodeVersion":"v0.6.12","_defaultsLoaded":true,"dist":{"shasum":"ae24adb98af19db10fa23896df0210a4f9450685","tarball":"https://registry.npmjs.org/ua-parser-js/-/ua-parser-js-0.4.4.tgz"},"maintainers":[{"name":"faisalman","email":"fyzlman@gmail.com"}]},"0.4.6":{"title":"UA-Parser.JS","name":"ua-parser-js","version":"0.4.6","author":{"name":"Faisal Salman","email":"fyzlman@gmail.com","url":"http://faisalman.com"},"description":"Lightweight JavaScript-based user-agent string parser","keywords":["user agent","parser","browser","engine","os","device"],"homepage":"http://github.com/faisalman/ua-parser-js","contributors":[{"name":"Faisal Salman","email":"fyzlman@gmail.com"}],"main":"ua-parser","repositories":[{"type":"git","url":"https://github.com/faisalman/ua-parser-js.git"}],"repository":{"type":"git","url":"git://github.com/faisalman/ua-parser-js.git"},"licenses":[{"type":"GPLv2","url":"http://www.gnu.org/licenses/gpl-2.0.html"},{"type":"MIT","url":"http://www.opensource.org/licenses/mit-license.php"}],"engines":{"node":"*"},"directories":{"lib":"."},"files":[""],"_npmUser":{"name":"faisalman","email":"fyzlman@gmail.com"},"_id":"ua-parser-js@0.4.6","dependencies":{},"devDependencies":{},"optionalDependencies":{},"_engineSupported":true,"_npmVersion":"1.1.4","_nodeVersion":"v0.6.12","_defaultsLoaded":true,"dist":{"shasum":"64c4ba59f62b7e47307d1c849b0b9301c364a6a3","tarball":"https://registry.npmjs.org/ua-parser-js/-/ua-parser-js-0.4.6.tgz"},"maintainers":[{"name":"faisalman","email":"fyzlman@gmail.com"}]},"0.4.7":{"title":"UA-Parser.JS","name":"ua-parser-js","version":"0.4.7","author":{"name":"Faisal Salman","email":"fyzlman@gmail.com","url":"http://faisalman.com"},"description":"Lightweight JavaScript-based user-agent string parser","keywords":["user agent","parser","browser","engine","os","device"],"homepage":"http://github.com/faisalman/ua-parser-js","contributors":[{"name":"Faisal Salman","email":"fyzlman@gmail.com"}],"main":"ua-parser","repositories":[{"type":"git","url":"https://github.com/faisalman/ua-parser-js.git"}],"repository":{"type":"git","url":"git://github.com/faisalman/ua-parser-js.git"},"licenses":[{"type":"GPLv2","url":"http://www.gnu.org/licenses/gpl-2.0.html"},{"type":"MIT","url":"http://www.opensource.org/licenses/mit-license.php"}],"engines":{"node":"*"},"directories":{"lib":"."},"files":[""],"_npmUser":{"name":"faisalman","email":"fyzlman@gmail.com"},"_id":"ua-parser-js@0.4.7","dependencies":{},"devDependencies":{},"optionalDependencies":{},"_engineSupported":true,"_npmVersion":"1.1.4","_nodeVersion":"v0.6.12","_defaultsLoaded":true,"dist":{"shasum":"2441f58d0c6304645ca256f8978f0755cb4d4fa8","tarball":"https://registry.npmjs.org/ua-parser-js/-/ua-parser-js-0.4.7.tgz"},"maintainers":[{"name":"faisalman","email":"fyzlman@gmail.com"}]},"0.4.13":{"title":"UA-Parser.JS","name":"ua-parser-js","version":"0.4.13","author":{"name":"Faisal Salman","email":"fyzlman@gmail.com","url":"http://faisalman.com"},"description":"Lightweight JavaScript-based user-agent string parser","keywords":["user agent","parser","browser","engine","os","device"],"homepage":"http://github.com/faisalman/ua-parser-js","contributors":[{"name":"Faisal Salman","email":"fyzlman@gmail.com"}],"main":"ua-parser","scripts":{"test":"./node_modules/mocha/bin/mocha"},"devDependencies":{"mocha":">= 1.7.1"},"repositories":[{"type":"git","url":"https://github.com/faisalman/ua-parser-js.git"}],"repository":{"type":"git","url":"git://github.com/faisalman/ua-parser-js.git"},"licenses":[{"type":"GPLv2","url":"http://www.gnu.org/licenses/gpl-2.0.html"},{"type":"MIT","url":"http://www.opensource.org/licenses/mit-license.php"}],"engines":{"node":"*"},"directories":{"lib":"."},"files":[""],"_npmUser":{"name":"faisalman","email":"fyzlman@gmail.com"},"_id":"ua-parser-js@0.4.13","dependencies":{},"optionalDependencies":{},"_engineSupported":true,"_npmVersion":"1.1.4","_nodeVersion":"v0.6.12","_defaultsLoaded":true,"dist":{"shasum":"a0d4a43ec3b5aa2640c4781182df800f76233948","tarball":"https://registry.npmjs.org/ua-parser-js/-/ua-parser-js-0.4.13.tgz"},"maintainers":[{"name":"faisalman","email":"fyzlman@gmail.com"}]},"0.4.15":{"title":"UA-Parser.JS","name":"ua-parser-js","version":"0.4.15","author":{"name":"Faisal Salman","email":"fyzlman@gmail.com","url":"http://faisalman.com"},"description":"Lightweight JavaScript-based user-agent string parser","keywords":["user agent","parser","browser","engine","os","device"],"homepage":"http://github.com/faisalman/ua-parser-js","contributors":[{"name":"Faisal Salman","email":"fyzlman@gmail.com"}],"main":"ua-parser","scripts":{"test":"./node_modules/mocha/bin/mocha -R spec","pretest":"./node_modules/uglify-js/bin/uglifyjs ua-parser.js > ua-parser.min.js"},"devDependencies":{"mocha":">= 1.7.1","uglify-js":">= 1.3.4"},"repositories":[{"type":"git","url":"https://github.com/faisalman/ua-parser-js.git"}],"repository":{"type":"git","url":"git://github.com/faisalman/ua-parser-js.git"},"licenses":[{"type":"GPLv2","url":"http://www.gnu.org/licenses/gpl-2.0.html"},{"type":"MIT","url":"http://www.opensource.org/licenses/mit-license.php"}],"engines":{"node":"*"},"directories":{"lib":"."},"files":[""],"_npmUser":{"name":"faisalman","email":"fyzlman@gmail.com"},"_id":"ua-parser-js@0.4.15","dependencies":{},"optionalDependencies":{},"_engineSupported":true,"_npmVersion":"1.1.4","_nodeVersion":"v0.6.12","_defaultsLoaded":true,"dist":{"shasum":"9bc366992e489c5e3723ffd5f2d6475905f2095f","tarball":"https://registry.npmjs.org/ua-parser-js/-/ua-parser-js-0.4.15.tgz"},"maintainers":[{"name":"faisalman","email":"fyzlman@gmail.com"}]},"0.5.1":{"title":"UA-Parser.JS","name":"ua-parser-js","version":"0.5.1","author":{"name":"Faisal Salman","email":"fyzlman@gmail.com","url":"http://faisalman.com"},"description":"Lightweight JavaScript-based user-agent string parser","keywords":["user agent","parser","browser","engine","os","device"],"homepage":"http://github.com/faisalman/ua-parser-js","contributors":[{"name":"Faisal Salman","email":"fyzlman@gmail.com"}],"main":"ua-parser","scripts":{"test":"./node_modules/mocha/bin/mocha -R spec","pretest":"./node_modules/uglify-js/bin/uglifyjs ua-parser.js > ua-parser.min.js"},"devDependencies":{"mocha":">= 1.7.1","uglify-js":">= 1.3.4"},"repositories":[{"type":"git","url":"https://github.com/faisalman/ua-parser-js.git"}],"repository":{"type":"git","url":"git://github.com/faisalman/ua-parser-js.git"},"licenses":[{"type":"GPLv2","url":"http://www.gnu.org/licenses/gpl-2.0.html"},{"type":"MIT","url":"http://www.opensource.org/licenses/mit-license.php"}],"engines":{"node":"*"},"directories":{"lib":"."},"files":[""],"_npmUser":{"name":"faisalman","email":"fyzlman@gmail.com"},"_id":"ua-parser-js@0.5.1","dependencies":{},"optionalDependencies":{},"_engineSupported":true,"_npmVersion":"1.1.4","_nodeVersion":"v0.6.12","_defaultsLoaded":true,"dist":{"shasum":"1b80d1a90be5f902c00a70ba44bb57e1ed8c80d6","tarball":"https://registry.npmjs.org/ua-parser-js/-/ua-parser-js-0.5.1.tgz"},"maintainers":[{"name":"faisalman","email":"fyzlman@gmail.com"}]},"0.5.2":{"title":"UA-Parser.JS","name":"ua-parser-js","version":"0.5.2","author":{"name":"Faisal Salman","email":"fyzlman@gmail.com","url":"http://faisalman.com"},"description":"Lightweight JavaScript-based user-agent string parser","keywords":["user agent","parser","browser","engine","os","device"],"homepage":"http://github.com/faisalman/ua-parser-js","contributors":[{"name":"Faisal Salman","email":"fyzlman@gmail.com"}],"main":"ua-parser","scripts":{"test":"./node_modules/mocha/bin/mocha -R spec","pretest":"./node_modules/uglify-js/bin/uglifyjs ua-parser.js > ua-parser.min.js"},"devDependencies":{"mocha":">= 1.7.1","uglify-js":">= 1.3.4"},"repositories":[{"type":"git","url":"https://github.com/faisalman/ua-parser-js.git"}],"repository":{"type":"git","url":"git://github.com/faisalman/ua-parser-js.git"},"licenses":[{"type":"GPLv2","url":"http://www.gnu.org/licenses/gpl-2.0.html"},{"type":"MIT","url":"http://www.opensource.org/licenses/mit-license.php"}],"engines":{"node":"*"},"directories":{"lib":"."},"files":[""],"_npmUser":{"name":"faisalman","email":"fyzlman@gmail.com"},"_id":"ua-parser-js@0.5.2","dependencies":{},"optionalDependencies":{},"_engineSupported":true,"_npmVersion":"1.1.4","_nodeVersion":"v0.6.12","_defaultsLoaded":true,"dist":{"shasum":"e70129d8d13203a721ea43a8c94536f9563b6e6d","tarball":"https://registry.npmjs.org/ua-parser-js/-/ua-parser-js-0.5.2.tgz"},"maintainers":[{"name":"faisalman","email":"fyzlman@gmail.com"}]},"0.5.3":{"title":"UA-Parser.JS","name":"ua-parser-js","version":"0.5.3","author":{"name":"Faisal Salman","email":"fyzlman@gmail.com","url":"http://faisalman.com"},"description":"Lightweight JavaScript-based user-agent string parser","keywords":["user agent","parser","browser","engine","os","device"],"homepage":"http://github.com/faisalman/ua-parser-js","contributors":[{"name":"Faisal Salman","email":"fyzlman@gmail.com"},{"name":"Christopher De Cairos","email":"chris.decairos@gmail.com"},{"name":"John Tantalo","email":"john.tantalo@gmail.com"},{"name":"Lee Treveil","email":"leetreveil@gmail.com"}],"main":"ua-parser","scripts":{"test":"./node_modules/mocha/bin/mocha -R spec","pretest":"./node_modules/uglify-js/bin/uglifyjs ua-parser.js > ua-parser.min.js"},"devDependencies":{"mocha":">= 1.7.1","uglify-js":">= 1.3.4"},"repositories":[{"type":"git","url":"https://github.com/faisalman/ua-parser-js.git"}],"repository":{"type":"git","url":"git://github.com/faisalman/ua-parser-js.git"},"licenses":[{"type":"GPLv2","url":"http://www.gnu.org/licenses/gpl-2.0.html"},{"type":"MIT","url":"http://www.opensource.org/licenses/mit-license.php"}],"engines":{"node":"*"},"directories":{"lib":"."},"files":[""],"_npmUser":{"name":"faisalman","email":"fyzlman@gmail.com"},"_id":"ua-parser-js@0.5.3","dependencies":{},"optionalDependencies":{},"_engineSupported":true,"_npmVersion":"1.1.4","_nodeVersion":"v0.6.12","_defaultsLoaded":true,"dist":{"shasum":"d0fe8b13253af9e06a27090ead03b088b9b43147","tarball":"https://registry.npmjs.org/ua-parser-js/-/ua-parser-js-0.5.3.tgz"},"maintainers":[{"name":"faisalman","email":"fyzlman@gmail.com"}]},"0.5.11":{"title":"UA-Parser.JS","name":"ua-parser-js","version":"0.5.11","author":{"name":"Faisal Salman","email":"fyzlman@gmail.com","url":"http://faisalman.com"},"description":"Lightweight JavaScript-based user-agent string parser","keywords":["user-agent","parser","browser","engine","os","device"],"homepage":"http://github.com/faisalman/ua-parser-js","contributors":[{"name":"Faisal Salman","email":"fyzlman@gmail.com"},{"name":"Christopher De Cairos","email":"chris.decairos@gmail.com"},{"name":"John Tantalo","email":"john.tantalo@gmail.com"},{"name":"Lee Treveil","email":"leetreveil@gmail.com"}],"main":"ua-parser","scripts":{"test":"./node_modules/mocha/bin/mocha -R spec","pretest":"./node_modules/uglify-js/bin/uglifyjs ua-parser.js > ua-parser.min.js"},"devDependencies":{"mocha":">= 1.7.1","uglify-js":">= 1.3.4"},"repositories":[{"type":"git","url":"https://github.com/faisalman/ua-parser-js.git"}],"repository":{"type":"git","url":"git://github.com/faisalman/ua-parser-js.git"},"licenses":[{"type":"GPLv2","url":"http://www.gnu.org/licenses/gpl-2.0.html"},{"type":"MIT","url":"http://www.opensource.org/licenses/mit-license.php"}],"engines":{"node":"*"},"directories":{"lib":"."},"files":[""],"_npmUser":{"name":"faisalman","email":"fyzlman@gmail.com"},"_id":"ua-parser-js@0.5.11","dependencies":{},"optionalDependencies":{},"_engineSupported":true,"_npmVersion":"1.1.4","_nodeVersion":"v0.6.12","_defaultsLoaded":true,"dist":{"shasum":"81cd35530578948b3745d629d2f9e71869b420ee","tarball":"https://registry.npmjs.org/ua-parser-js/-/ua-parser-js-0.5.11.tgz"},"maintainers":[{"name":"faisalman","email":"fyzlman@gmail.com"}]},"0.5.12":{"title":"UA-Parser.JS","name":"ua-parser-js","version":"0.5.12","author":{"name":"Faisal Salman","email":"fyzlman@gmail.com","url":"http://faisalman.com"},"description":"Lightweight JavaScript-based user-agent string parser","keywords":["user-agent","parser","browser","engine","os","device"],"homepage":"http://github.com/faisalman/ua-parser-js","contributors":[{"name":"Faisal Salman","email":"fyzlman@gmail.com"},{"name":"Christopher De Cairos","email":"chris.decairos@gmail.com"},{"name":"John Tantalo","email":"john.tantalo@gmail.com"},{"name":"Jon Buckley","email":"jon@jbuckley.ca"},{"name":"Lee Treveil","email":"leetreveil@gmail.com"}],"main":"ua-parser","scripts":{"test":"./node_modules/mocha/bin/mocha -R spec","pretest":"./node_modules/uglify-js/bin/uglifyjs ua-parser.js > ua-parser.min.js"},"devDependencies":{"mocha":">= 1.7.1","uglify-js":">= 1.3.4"},"repositories":[{"type":"git","url":"https://github.com/faisalman/ua-parser-js.git"}],"repository":{"type":"git","url":"git://github.com/faisalman/ua-parser-js.git"},"licenses":[{"type":"GPLv2","url":"http://www.gnu.org/licenses/gpl-2.0.html"},{"type":"MIT","url":"http://www.opensource.org/licenses/mit-license.php"}],"engines":{"node":"*"},"directories":{"lib":"."},"files":[""],"_npmUser":{"name":"faisalman","email":"fyzlman@gmail.com"},"_id":"ua-parser-js@0.5.12","dependencies":{},"optionalDependencies":{},"_engineSupported":true,"_npmVersion":"1.1.4","_nodeVersion":"v0.6.12","_defaultsLoaded":true,"dist":{"shasum":"0ec2240be9ce9159a275738394603b0d0e983350","tarball":"https://registry.npmjs.org/ua-parser-js/-/ua-parser-js-0.5.12.tgz"},"maintainers":[{"name":"faisalman","email":"fyzlman@gmail.com"}]},"0.5.15":{"title":"UA-Parser.JS","name":"ua-parser-js","version":"0.5.15","author":{"name":"Faisal Salman","email":"fyzlman@gmail.com","url":"http://faisalman.com"},"description":"Lightweight JavaScript-based user-agent string parser","keywords":["user-agent","parser","browser","engine","os","device"],"homepage":"http://github.com/faisalman/ua-parser-js","contributors":[{"name":"Faisal Salman","email":"fyzlman@gmail.com"},{"name":"Christopher De Cairos","email":"chris.decairos@gmail.com"},{"name":"John Tantalo","email":"john.tantalo@gmail.com"},{"name":"Jon Buckley","email":"jon@jbuckley.ca"},{"name":"Lee Treveil","email":"leetreveil@gmail.com"}],"main":"ua-parser","scripts":{"test":"./node_modules/mocha/bin/mocha -R spec","pretest":"./node_modules/uglify-js/bin/uglifyjs ua-parser.js > ua-parser.min.js"},"devDependencies":{"mocha":">= 1.7.1","uglify-js":">= 1.3.4"},"repositories":[{"type":"git","url":"https://github.com/faisalman/ua-parser-js.git"}],"repository":{"type":"git","url":"git://github.com/faisalman/ua-parser-js.git"},"licenses":[{"type":"GPLv2","url":"http://www.gnu.org/licenses/gpl-2.0.html"},{"type":"MIT","url":"http://www.opensource.org/licenses/mit-license.php"}],"engines":{"node":"*"},"directories":{"lib":"."},"files":[""],"_npmUser":{"name":"faisalman","email":"fyzlman@gmail.com"},"_id":"ua-parser-js@0.5.15","dependencies":{},"optionalDependencies":{},"_engineSupported":true,"_npmVersion":"1.1.4","_nodeVersion":"v0.6.12","_defaultsLoaded":true,"dist":{"shasum":"435c26b815745102aaf2fb577b3917e43cd0e0ef","tarball":"https://registry.npmjs.org/ua-parser-js/-/ua-parser-js-0.5.15.tgz"},"maintainers":[{"name":"faisalman","email":"fyzlman@gmail.com"}]},"0.5.20":{"title":"UA-Parser.JS","name":"ua-parser-js","version":"0.5.20","author":{"name":"Faisal Salman","email":"fyzlman@gmail.com","url":"http://faisalman.com"},"description":"Lightweight JavaScript-based user-agent string parser","keywords":["user-agent","parser","browser","engine","os","device"],"homepage":"http://github.com/faisalman/ua-parser-js","contributors":[{"name":"Faisal Salman","email":"fyzlman@gmail.com"},{"name":"Christopher De Cairos","email":"chris.decairos@gmail.com"},{"name":"John Tantalo","email":"john.tantalo@gmail.com"},{"name":"Jon Buckley","email":"jon@jbuckley.ca"},{"name":"Lee Treveil","email":"leetreveil@gmail.com"}],"main":"ua-parser","scripts":{"test":"./node_modules/mocha/bin/mocha -R spec"},"devDependencies":{"jshint":">= 1.1.0","mocha":">= 1.7.1","uglify-js":">= 1.3.4"},"repositories":[{"type":"git","url":"https://github.com/faisalman/ua-parser-js.git"}],"repository":{"type":"git","url":"git://github.com/faisalman/ua-parser-js.git"},"licenses":[{"type":"GPLv2","url":"http://www.gnu.org/licenses/gpl-2.0.html"},{"type":"MIT","url":"http://www.opensource.org/licenses/mit-license.php"}],"engines":{"node":"*"},"directories":{"lib":"src","test":"test"},"files":[""],"_id":"ua-parser-js@0.5.20","dist":{"shasum":"b7dc9e8603c5948e42b3134b08c7d6f1d987f8d9","tarball":"https://registry.npmjs.org/ua-parser-js/-/ua-parser-js-0.5.20.tgz"},"_from":".","_npmVersion":"1.2.14","_npmUser":{"name":"faisalman","email":"fyzlman@gmail.com"},"maintainers":[{"name":"faisalman","email":"fyzlman@gmail.com"}]},"0.5.22":{"title":"UA-Parser.JS","name":"ua-parser-js","version":"0.5.22","author":{"name":"Faisal Salman","email":"fyzlman@gmail.com","url":"http://faisalman.com"},"description":"Lightweight JavaScript-based user-agent string parser","keywords":["user-agent","parser","browser","engine","os","device"],"homepage":"http://github.com/faisalman/ua-parser-js","contributors":[{"name":"Faisal Salman","email":"fyzlman@gmail.com"},{"name":"Christopher De Cairos","email":"chris.decairos@gmail.com"},{"name":"John Tantalo","email":"john.tantalo@gmail.com"},{"name":"Jon Buckley","email":"jon@jbuckley.ca"},{"name":"Lee Treveil","email":"leetreveil@gmail.com"}],"main":"ua-parser","scripts":{"test":"./build/build.sh"},"devDependencies":{"jshint":">= 1.1.0","mocha":">= 1.7.1","uglify-js":">= 1.3.4"},"repositories":[{"type":"git","url":"https://github.com/faisalman/ua-parser-js.git"}],"repository":{"type":"git","url":"git://github.com/faisalman/ua-parser-js.git"},"licenses":[{"type":"GPLv2","url":"http://www.gnu.org/licenses/gpl-2.0.html"},{"type":"MIT","url":"http://www.opensource.org/licenses/mit-license.php"}],"engines":{"node":"*"},"directories":{"lib":"src","test":"test"},"files":[""],"_id":"ua-parser-js@0.5.22","dist":{"shasum":"13b1e88d4b2913464c34c1c089d1e2ebb707f8a0","tarball":"https://registry.npmjs.org/ua-parser-js/-/ua-parser-js-0.5.22.tgz"},"_from":".","_npmVersion":"1.2.14","_npmUser":{"name":"faisalman","email":"fyzlman@gmail.com"},"maintainers":[{"name":"faisalman","email":"fyzlman@gmail.com"}]},"0.5.23":{"title":"UAParser.js","name":"ua-parser-js","version":"0.5.23","author":{"name":"Faisal Salman","email":"fyzlman@gmail.com","url":"http://faisalman.com"},"description":"Lightweight JavaScript-based user-agent string parser","keywords":["user-agent","parser","browser","engine","os","device"],"homepage":"http://github.com/faisalman/ua-parser-js","contributors":[{"name":"Faisal Salman","email":"fyzlman@gmail.com"},{"name":"Christopher De Cairos","email":"chris.decairos@gmail.com"},{"name":"John Tantalo","email":"john.tantalo@gmail.com"},{"name":"Jon Buckley","email":"jon@jbuckley.ca"},{"name":"Lee Treveil","email":"leetreveil@gmail.com"}],"main":"src/ua-parser.js","scripts":{"test":"./build/build.sh"},"devDependencies":{"jshint":">= 1.1.0","mocha":">= 1.7.1","uglify-js":">= 1.3.4"},"repositories":[{"type":"git","url":"https://github.com/faisalman/ua-parser-js.git"}],"repository":{"type":"git","url":"git://github.com/faisalman/ua-parser-js.git"},"licenses":[{"type":"GPLv2","url":"http://www.gnu.org/licenses/gpl-2.0.html"},{"type":"MIT","url":"http://www.opensource.org/licenses/mit-license.php"}],"engines":{"node":"*"},"directories":{"lib":"src","test":"test"},"files":[""],"_id":"ua-parser-js@0.5.23","dist":{"shasum":"7fb55b376026ca73345047b26715e8260217f33e","tarball":"https://registry.npmjs.org/ua-parser-js/-/ua-parser-js-0.5.23.tgz"},"_from":".","_npmVersion":"1.2.14","_npmUser":{"name":"faisalman","email":"fyzlman@gmail.com"},"maintainers":[{"name":"faisalman","email":"fyzlman@gmail.com"}]},"0.5.25":{"title":"UAParser.js","name":"ua-parser-js","version":"0.5.25","author":{"name":"Faisal Salman","email":"fyzlman@gmail.com","url":"http://faisalman.com"},"description":"Lightweight JavaScript-based user-agent string parser","keywords":["user-agent","parser","browser","engine","os","device"],"homepage":"http://github.com/faisalman/ua-parser-js","contributors":[{"name":"Faisal Salman","email":"fyzlman@gmail.com"},{"name":"Christopher De Cairos","email":"chris.decairos@gmail.com"},{"name":"John Tantalo","email":"john.tantalo@gmail.com"},{"name":"Jon Buckley","email":"jon@jbuckley.ca"},{"name":"Lee Treveil","email":"leetreveil@gmail.com"}],"main":"src/ua-parser.js","scripts":{"test":"./build/build.sh"},"devDependencies":{"jshint":">= 1.1.0","mocha":">= 1.7.1","uglify-js":">= 1.3.4"},"repositories":[{"type":"git","url":"https://github.com/faisalman/ua-parser-js.git"}],"repository":{"type":"git","url":"git://github.com/faisalman/ua-parser-js.git"},"licenses":[{"type":"GPLv2","url":"http://www.gnu.org/licenses/gpl-2.0.html"},{"type":"MIT","url":"http://www.opensource.org/licenses/mit-license.php"}],"engines":{"node":"*"},"directories":{"lib":"src","test":"test"},"files":[""],"_id":"ua-parser-js@0.5.25","dist":{"shasum":"ac560a79a1bfbf4c696c492c0863c911f9bb6c16","tarball":"https://registry.npmjs.org/ua-parser-js/-/ua-parser-js-0.5.25.tgz"},"_from":".","_npmVersion":"1.2.14","_npmUser":{"name":"faisalman","email":"fyzlman@gmail.com"},"maintainers":[{"name":"faisalman","email":"fyzlman@gmail.com"}]},"0.5.27":{"title":"UAParser.js","name":"ua-parser-js","version":"0.5.27","author":{"name":"Faisal Salman","email":"fyzlman@gmail.com","url":"http://faisalman.com"},"description":"Lightweight JavaScript-based user-agent string parser","keywords":["user-agent","parser","browser","engine","os","device"],"homepage":"http://github.com/faisalman/ua-parser-js","contributors":[{"name":"Faisal Salman","email":"fyzlman@gmail.com"},{"name":"Christopher De Cairos","email":"chris.decairos@gmail.com"},{"name":"John Tantalo","email":"john.tantalo@gmail.com"},{"name":"Jon Buckley","email":"jon@jbuckley.ca"},{"name":"Lee Treveil","email":"leetreveil@gmail.com"}],"main":"src/ua-parser.js","scripts":{"test":"./build/build.sh"},"devDependencies":{"jshint":">= 1.1.0","mocha":">= 1.7.1","uglify-js":">= 1.3.4"},"repositories":[{"type":"git","url":"https://github.com/faisalman/ua-parser-js.git"}],"repository":{"type":"git","url":"git://github.com/faisalman/ua-parser-js.git"},"licenses":[{"type":"GPLv2","url":"http://www.gnu.org/licenses/gpl-2.0.html"},{"type":"MIT","url":"http://www.opensource.org/licenses/mit-license.php"}],"engines":{"node":"*"},"directories":{"lib":"src","test":"test"},"files":[""],"_id":"ua-parser-js@0.5.27","dist":{"shasum":"ba6fef6cbf4f90284ce073a6302ddf69b8e800c3","tarball":"https://registry.npmjs.org/ua-parser-js/-/ua-parser-js-0.5.27.tgz"},"_from":".","_npmVersion":"1.2.14","_npmUser":{"name":"faisalman","email":"fyzlman@gmail.com"},"maintainers":[{"name":"faisalman","email":"fyzlman@gmail.com"}]},"0.6.0":{"title":"UAParser.js","name":"ua-parser-js","version":"0.6.0","author":{"name":"Faisal Salman","email":"fyzlman@gmail.com","url":"http://faisalman.com"},"description":"Lightweight JavaScript-based user-agent string parser","keywords":["user-agent","parser","browser","engine","os","device"],"homepage":"http://github.com/faisalman/ua-parser-js","contributors":[{"name":"Faisal Salman","email":"fyzlman@gmail.com"},{"name":"Christopher De Cairos","email":"chris.decairos@gmail.com"},{"name":"John Tantalo","email":"john.tantalo@gmail.com"},{"name":"Jon Buckley","email":"jon@jbuckley.ca"},{"name":"Lee Treveil","email":"leetreveil@gmail.com"}],"main":"src/ua-parser.js","scripts":{"test":"./build/build.sh"},"devDependencies":{"jshint":">= 1.1.0","mocha":">= 1.7.1","uglify-js":">= 1.3.4"},"repositories":[{"type":"git","url":"https://github.com/faisalman/ua-parser-js.git"}],"repository":{"type":"git","url":"git://github.com/faisalman/ua-parser-js.git"},"licenses":[{"type":"GPLv2","url":"http://www.gnu.org/licenses/gpl-2.0.html"},{"type":"MIT","url":"http://www.opensource.org/licenses/mit-license.php"}],"engines":{"node":"*"},"directories":{"lib":"src","test":"test"},"files":[""],"_id":"ua-parser-js@0.6.0","dist":{"shasum":"9b7c70336f119b0b6275c581f13cd647275fafa6","tarball":"https://registry.npmjs.org/ua-parser-js/-/ua-parser-js-0.6.0.tgz"},"_from":".","_npmVersion":"1.2.15","_npmUser":{"name":"faisalman","email":"fyzlman@gmail.com"},"maintainers":[{"name":"faisalman","email":"fyzlman@gmail.com"}]},"0.6.2":{"title":"UAParser.js","name":"ua-parser-js","version":"0.6.2","author":{"name":"Faisal Salman","email":"fyzlman@gmail.com","url":"http://faisalman.com"},"description":"Lightweight JavaScript-based user-agent string parser","keywords":["user-agent","parser","browser","engine","os","device","cpu"],"homepage":"http://github.com/faisalman/ua-parser-js","contributors":[{"name":"Faisal Salman","email":"fyzlman@gmail.com"},{"name":"Christopher De Cairos","email":"chris.decairos@gmail.com"},{"name":"John Tantalo","email":"john.tantalo@gmail.com"},{"name":"Jon Buckley","email":"jon@jbuckley.ca"},{"name":"Lee Treveil","email":"leetreveil@gmail.com"}],"main":"src/ua-parser.js","scripts":{"test":"./build/build.sh"},"devDependencies":{"jshint":">= 1.1.0","mocha":">= 1.7.1","uglify-js":">= 1.3.4"},"repository":{"type":"git","url":"git://github.com/faisalman/ua-parser-js.git"},"licenses":[{"type":"GPLv2","url":"http://www.gnu.org/licenses/gpl-2.0.html"},{"type":"MIT","url":"http://www.opensource.org/licenses/mit-license.php"}],"engines":{"node":"*"},"directories":{"lib":"src","test":"test"},"files":[""],"bugs":{"url":"https://github.com/faisalman/ua-parser-js/issues"},"_id":"ua-parser-js@0.6.2","dist":{"shasum":"6faae855a0ee896b8713fc371516f241e3b99063","tarball":"https://registry.npmjs.org/ua-parser-js/-/ua-parser-js-0.6.2.tgz"},"_from":".","_npmVersion":"1.2.25","_npmUser":{"name":"faisalman","email":"fyzlman@gmail.com"},"maintainers":[{"name":"faisalman","email":"fyzlman@gmail.com"}]},"0.7.0":{"title":"UAParser.js","name":"ua-parser-js","version":"0.7.0","author":{"name":"Faisal Salman","email":"fyzlman@gmail.com","url":"http://faisalman.com"},"description":"Lightweight JavaScript-based user-agent string parser","keywords":["user-agent","parser","browser","engine","os","device","cpu"],"homepage":"http://github.com/faisalman/ua-parser-js","contributors":[{"name":"Faisal Salman","email":"fyzlman@gmail.com"},{"name":"Benjamin Bertrand","email":"bertrand.design@gmail.com"},{"name":"Christopher De Cairos","email":"chris.decairos@gmail.com"},{"name":"Davit Barbakadze","email":"jayarjo@gmail.com"},{"name":"Dmitry Tyschenko","email":"dtyschenko@gmail.com"},{"name":"Douglas Li","email":"doug@knotch.it"},{"name":"Erik Hesselink","email":"hesselink@gmail.com"},{"name":"Fabian Becker","email":"halfdan@xnorfz.de"},{"name":"Jackpoll","email":"jackpoll123456@gmail.com"},{"name":"Jake Mc","email":"startswithaj@users.noreply.github.com"},{"name":"John Tantalo","email":"john.tantalo@gmail.com"},{"name":"John Yanarella","email":"jmy@codecatalyst.com"},{"name":"Jon Buckley","email":"jon@jbuckley.ca"},{"name":"Lee Treveil","email":"leetreveil@gmail.com"},{"name":"Leonardo","email":"leofiore@libero.it"},{"name":"Michael Hess","email":"mhess@connectify.me"},{"name":"Ross Noble","email":"rosshnoble@gmail.com"},{"name":"Sandro Sonntag","email":"sandro.sonntag@adorsys.de"}],"main":"src/ua-parser.js","scripts":{"test":"./build/build.sh"},"devDependencies":{"jshint":"~1.1.0","mocha":"~1.7.1","uglify-js":"~1.3.4"},"repository":{"type":"git","url":"https://github.com/faisalman/ua-parser-js.git"},"licenses":[{"type":"GPLv2","url":"http://www.gnu.org/licenses/gpl-2.0.html"},{"type":"MIT","url":"http://www.opensource.org/licenses/mit-license.php"}],"engines":{"node":"*"},"directories":{"lib":"src","test":"test"},"bugs":{"url":"https://github.com/faisalman/ua-parser-js/issues"},"_id":"ua-parser-js@0.7.0","dist":{"shasum":"77320e084938512c24534f5468944da1f2a029fb","tarball":"https://registry.npmjs.org/ua-parser-js/-/ua-parser-js-0.7.0.tgz"},"_from":".","_npmVersion":"1.2.30","_npmUser":{"name":"faisalman","email":"fyzlman@gmail.com"},"maintainers":[{"name":"faisalman","email":"fyzlman@gmail.com"}]},"0.7.1":{"title":"UAParser.js","name":"ua-parser-js","version":"0.7.1","author":{"name":"Faisal Salman","email":"fyzlman@gmail.com","url":"http://faisalman.com"},"description":"Lightweight JavaScript-based user-agent string parser","keywords":["user-agent","parser","browser","engine","os","device","cpu"],"homepage":"http://github.com/faisalman/ua-parser-js","contributors":[{"name":"Faisal Salman","email":"fyzlman@gmail.com"},{"name":"Benjamin Bertrand","email":"bertrand.design@gmail.com"},{"name":"Carl C Von Lewin","email":"carlchristianlewin@gmail.com"},{"name":"Christopher De Cairos","email":"chris.decairos@gmail.com"},{"name":"Davit Barbakadze","email":"jayarjo@gmail.com"},{"name":"Dmitry Tyschenko","email":"dtyschenko@gmail.com"},{"name":"Douglas Li","email":"doug@knotch.it"},{"name":"Dumitru Uzun","email":"duzun@mail.ru"},{"name":"Erik Hesselink","email":"hesselink@gmail.com"},{"name":"Fabian Becker","email":"halfdan@xnorfz.de"},{"name":"Hendrik Helwich","email":"h.helwich@iplabs.de"},{"name":"Jackpoll","email":"jackpoll123456@gmail.com"},{"name":"Jake Mc","email":"startswithaj@users.noreply.github.com"},{"name":"John Tantalo","email":"john.tantalo@gmail.com"},{"name":"John Yanarella","email":"jmy@codecatalyst.com"},{"name":"Jon Buckley","email":"jon@jbuckley.ca"},{"name":"Kendall Buchanan","email":"kendall@kendagriff.com"},{"name":"Lee Treveil","email":"leetreveil@gmail.com"},{"name":"Leonardo","email":"leofiore@libero.it"},{"name":"Max Maurer","email":"maxemanuel.maurer@gmail.com"},{"name":"Michael Hess","email":"mhess@connectify.me"},{"name":"OtakuSiD","email":"otakusid@gmail.com"},{"name":"Ross Noble","email":"rosshnoble@gmail.com"},{"name":"Sandro Sonntag","email":"sandro.sonntag@adorsys.de"}],"main":"src/ua-parser.js","scripts":{"test":"./build/build.sh"},"devDependencies":{"jshint":"~1.1.0","mocha":"~1.7.1","uglify-js":"~1.3.4"},"repository":{"type":"git","url":"https://github.com/faisalman/ua-parser-js.git"},"licenses":[{"type":"GPLv2","url":"http://www.gnu.org/licenses/gpl-2.0.html"},{"type":"MIT","url":"http://www.opensource.org/licenses/mit-license.php"}],"engines":{"node":"*"},"directories":{"lib":"src","test":"test"},"bugs":{"url":"https://github.com/faisalman/ua-parser-js/issues"},"_id":"ua-parser-js@0.7.1","dist":{"shasum":"6be9bb6fc1ac1e747279acc35e32e89e8cfcf00e","tarball":"https://registry.npmjs.org/ua-parser-js/-/ua-parser-js-0.7.1.tgz"},"_from":".","_npmVersion":"1.3.6","_npmUser":{"name":"faisalman","email":"fyzlman@gmail.com"},"maintainers":[{"name":"faisalman","email":"fyzlman@gmail.com"}]},"0.7.3":{"title":"UAParser.js","name":"ua-parser-js","version":"0.7.3","author":{"name":"Faisal Salman","email":"fyzlman@gmail.com","url":"http://faisalman.com"},"description":"Lightweight JavaScript-based user-agent string parser","keywords":["user-agent","parser","browser","engine","os","device","cpu"],"homepage":"http://github.com/faisalman/ua-parser-js","contributors":[{"name":"Faisal Salman","email":"fyzlman@gmail.com"},{"name":"Benjamin Bertrand","email":"bertrand.design@gmail.com"},{"name":"Carl C Von Lewin","email":"carlchristianlewin@gmail.com"},{"name":"Christopher De Cairos","email":"chris.decairos@gmail.com"},{"name":"Davit Barbakadze","email":"jayarjo@gmail.com"},{"name":"Dmitry Tyschenko","email":"dtyschenko@gmail.com"},{"name":"Douglas Li","email":"doug@knotch.it"},{"name":"Dumitru Uzun","email":"duzun@mail.ru"},{"name":"Erik Hesselink","email":"hesselink@gmail.com"},{"name":"Fabian Becker","email":"halfdan@xnorfz.de"},{"name":"Hendrik Helwich","email":"h.helwich@iplabs.de"},{"name":"Jackpoll","email":"jackpoll123456@gmail.com"},{"name":"Jake Mc","email":"startswithaj@users.noreply.github.com"},{"name":"John Tantalo","email":"john.tantalo@gmail.com"},{"name":"John Yanarella","email":"jmy@codecatalyst.com"},{"name":"Jon Buckley","email":"jon@jbuckley.ca"},{"name":"Kendall Buchanan","email":"kendall@kendagriff.com"},{"name":"Lee Treveil","email":"leetreveil@gmail.com"},{"name":"Leonardo","email":"leofiore@libero.it"},{"name":"Max Maurer","email":"maxemanuel.maurer@gmail.com"},{"name":"Michael Hess","email":"mhess@connectify.me"},{"name":"OtakuSiD","email":"otakusid@gmail.com"},{"name":"Ross Noble","email":"rosshnoble@gmail.com"},{"name":"Sandro Sonntag","email":"sandro.sonntag@adorsys.de"}],"main":"src/ua-parser.js","scripts":{"test":"./build/build.sh"},"devDependencies":{"jshint":"~1.1.0","mocha":"~1.8.0","uglify-js":"~1.3.4"},"repository":{"type":"git","url":"https://github.com/faisalman/ua-parser-js.git"},"licenses":[{"type":"GPLv2","url":"http://www.gnu.org/licenses/gpl-2.0.html"},{"type":"MIT","url":"http://www.opensource.org/licenses/mit-license.php"}],"engines":{"node":"*"},"directories":{"dist":"dist","src":"src","test":"test"},"bugs":{"url":"https://github.com/faisalman/ua-parser-js/issues"},"_id":"ua-parser-js@0.7.3","dist":{"shasum":"6db34b980df97257caffa15b7bb048aedbe16aef","tarball":"https://registry.npmjs.org/ua-parser-js/-/ua-parser-js-0.7.3.tgz"},"_from":".","_npmVersion":"1.3.6","_npmUser":{"name":"faisalman","email":"fyzlman@gmail.com"},"maintainers":[{"name":"faisalman","email":"fyzlman@gmail.com"}]},"0.7.4":{"title":"UAParser.js","name":"ua-parser-js","version":"0.7.4","author":{"name":"Faisal Salman","email":"fyzlman@gmail.com","url":"http://faisalman.com"},"description":"Lightweight JavaScript-based user-agent string parser","keywords":["user-agent","parser","browser","engine","os","device","cpu"],"homepage":"http://github.com/faisalman/ua-parser-js","contributors":[{"name":"Faisal Salman","email":"fyzlman@gmail.com"},{"name":"Benjamin Bertrand","email":"bertrand.design@gmail.com"},{"name":"Carl C Von Lewin","email":"carlchristianlewin@gmail.com"},{"name":"Christopher De Cairos","email":"chris.decairos@gmail.com"},{"name":"Davit Barbakadze","email":"jayarjo@gmail.com"},{"name":"Dmitry Tyschenko","email":"dtyschenko@gmail.com"},{"name":"Douglas Li","email":"doug@knotch.it"},{"name":"Dumitru Uzun","email":"duzun@mail.ru"},{"name":"Erik Hesselink","email":"hesselink@gmail.com"},{"name":"Fabian Becker","email":"halfdan@xnorfz.de"},{"name":"Hendrik Helwich","email":"h.helwich@iplabs.de"},{"name":"Jackpoll","email":"jackpoll123456@gmail.com"},{"name":"Jake Mc","email":"startswithaj@users.noreply.github.com"},{"name":"John Tantalo","email":"john.tantalo@gmail.com"},{"name":"John Yanarella","email":"jmy@codecatalyst.com"},{"name":"Jon Buckley","email":"jon@jbuckley.ca"},{"name":"Kendall Buchanan","email":"kendall@kendagriff.com"},{"name":"Lee Treveil","email":"leetreveil@gmail.com"},{"name":"Leonardo","email":"leofiore@libero.it"},{"name":"Max Maurer","email":"maxemanuel.maurer@gmail.com"},{"name":"Michael Hess","email":"mhess@connectify.me"},{"name":"OtakuSiD","email":"otakusid@gmail.com"},{"name":"Ross Noble","email":"rosshnoble@gmail.com"},{"name":"Sandro Sonntag","email":"sandro.sonntag@adorsys.de"}],"main":"src/ua-parser.js","scripts":{"test":"./build/build.sh"},"devDependencies":{"jshint":"~1.1.0","mocha":"~1.8.0","uglify-js":"~1.3.4"},"repository":{"type":"git","url":"https://github.com/faisalman/ua-parser-js.git"},"licenses":[{"type":"GPLv2","url":"http://www.gnu.org/licenses/gpl-2.0.html"},{"type":"MIT","url":"http://www.opensource.org/licenses/mit-license.php"}],"engines":{"node":"*"},"directories":{"dist":"dist","src":"src","test":"test"},"gitHead":"fa6f8de25f613fbae46683fd5283ac1b70db8731","bugs":{"url":"https://github.com/faisalman/ua-parser-js/issues"},"_id":"ua-parser-js@0.7.4","_shasum":"9a5549edd833f1b41f7862dd7ec44a3ff750e3e6","_from":".","_npmVersion":"2.7.5","_nodeVersion":"0.10.25","_npmUser":{"name":"faisalman","email":"fyzlman@gmail.com"},"maintainers":[{"name":"faisalman","email":"fyzlman@gmail.com"}],"dist":{"shasum":"9a5549edd833f1b41f7862dd7ec44a3ff750e3e6","tarball":"https://registry.npmjs.org/ua-parser-js/-/ua-parser-js-0.7.4.tgz"}},"0.7.6":{"title":"UAParser.js","name":"ua-parser-js","version":"0.7.6","author":{"name":"Faisal Salman","email":"fyzlman@gmail.com","url":"http://faisalman.com"},"description":"Lightweight JavaScript-based user-agent string parser","keywords":["user-agent","parser","browser","engine","os","device","cpu"],"homepage":"http://github.com/faisalman/ua-parser-js","contributors":[{"name":"Faisal Salman","email":"fyzlman@gmail.com"},{"name":"Benjamin Bertrand","email":"bertrand.design@gmail.com"},{"name":"Carl C Von Lewin","email":"carlchristianlewin@gmail.com"},{"name":"Christopher De Cairos","email":"chris.decairos@gmail.com"},{"name":"Davit Barbakadze","email":"jayarjo@gmail.com"},{"name":"Dmitry Tyschenko","email":"dtyschenko@gmail.com"},{"name":"Douglas Li","email":"doug@knotch.it"},{"name":"Dumitru Uzun","email":"duzun@mail.ru"},{"name":"Erik Hesselink","email":"hesselink@gmail.com"},{"name":"Fabian Becker","email":"halfdan@xnorfz.de"},{"name":"Hendrik Helwich","email":"h.helwich@iplabs.de"},{"name":"Jackpoll","email":"jackpoll123456@gmail.com"},{"name":"Jake Mc","email":"startswithaj@users.noreply.github.com"},{"name":"John Tantalo","email":"john.tantalo@gmail.com"},{"name":"John Yanarella","email":"jmy@codecatalyst.com"},{"name":"Jon Buckley","email":"jon@jbuckley.ca"},{"name":"Kendall Buchanan","email":"kendall@kendagriff.com"},{"name":"Lee Treveil","email":"leetreveil@gmail.com"},{"name":"Leonardo","email":"leofiore@libero.it"},{"name":"Max Maurer","email":"maxemanuel.maurer@gmail.com"},{"name":"Michael Hess","email":"mhess@connectify.me"},{"name":"OtakuSiD","email":"otakusid@gmail.com"},{"name":"Ross Noble","email":"rosshnoble@gmail.com"},{"name":"Sandro Sonntag","email":"sandro.sonntag@adorsys.de"}],"main":"src/ua-parser.js","scripts":{"test":"./build/build.sh"},"devDependencies":{"jshint":"~1.1.0","mocha":"~1.8.0","uglify-js":"~1.3.4"},"repository":{"type":"git","url":"https://github.com/faisalman/ua-parser-js.git"},"licenses":[{"type":"GPLv2","url":"http://www.gnu.org/licenses/gpl-2.0.html"},{"type":"MIT","url":"http://www.opensource.org/licenses/mit-license.php"}],"engines":{"node":"*"},"directories":{"dist":"dist","src":"src","test":"test"},"gitHead":"3d2d8d5d84ba4e9f5436e7bdd1bf15f965ed8c13","bugs":{"url":"https://github.com/faisalman/ua-parser-js/issues"},"_id":"ua-parser-js@0.7.6","_shasum":"e503bab4e5268a9bb0f4a1481e4f896cc5aaffc5","_from":".","_npmVersion":"2.7.5","_nodeVersion":"0.10.25","_npmUser":{"name":"faisalman","email":"fyzlman@gmail.com"},"maintainers":[{"name":"faisalman","email":"fyzlman@gmail.com"}],"dist":{"shasum":"e503bab4e5268a9bb0f4a1481e4f896cc5aaffc5","tarball":"https://registry.npmjs.org/ua-parser-js/-/ua-parser-js-0.7.6.tgz"}},"0.7.7":{"title":"UAParser.js","name":"ua-parser-js","version":"0.7.7","author":{"name":"Faisal Salman","email":"fyzlman@gmail.com","url":"http://faisalman.com"},"description":"Lightweight JavaScript-based user-agent string parser","keywords":["user-agent","parser","browser","engine","os","device","cpu"],"homepage":"http://github.com/faisalman/ua-parser-js","contributors":[{"name":"Faisal Salman","email":"fyzlman@gmail.com"},{"name":"Benjamin Bertrand","email":"bertrand.design@gmail.com"},{"name":"Carl C Von Lewin","email":"carlchristianlewin@gmail.com"},{"name":"Christopher De Cairos","email":"chris.decairos@gmail.com"},{"name":"Davit Barbakadze","email":"jayarjo@gmail.com"},{"name":"Dmitry Tyschenko","email":"dtyschenko@gmail.com"},{"name":"Douglas Li","email":"doug@knotch.it"},{"name":"Dumitru Uzun","email":"contact@duzun.me"},{"name":"Erik Hesselink","email":"hesselink@gmail.com"},{"name":"Fabian Becker","email":"halfdan@xnorfz.de"},{"name":"Hendrik Helwich","email":"h.helwich@iplabs.de"},{"name":"Jackpoll","email":"jackpoll123456@gmail.com"},{"name":"Jake Mc","email":"startswithaj@users.noreply.github.com"},{"name":"John Tantalo","email":"john.tantalo@gmail.com"},{"name":"John Yanarella","email":"jmy@codecatalyst.com"},{"name":"Jon Buckley","email":"jon@jbuckley.ca"},{"name":"Kendall Buchanan","email":"kendall@kendagriff.com"},{"name":"Lee Treveil","email":"leetreveil@gmail.com"},{"name":"Leonardo","email":"leofiore@libero.it"},{"name":"Max Maurer","email":"maxemanuel.maurer@gmail.com"},{"name":"Michael Hess","email":"mhess@connectify.me"},{"name":"OtakuSiD","email":"otakusid@gmail.com"},{"name":"Ross Noble","email":"rosshnoble@gmail.com"},{"name":"Sandro Sonntag","email":"sandro.sonntag@adorsys.de"}],"main":"src/ua-parser.js","scripts":{"test":"./build/build.sh","verup":"node ./build/verup.js"},"devDependencies":{"jshint":"~1.1.0","mocha":"~1.8.0","uglify-js":"~1.3.4"},"repository":{"type":"git","url":"https://github.com/faisalman/ua-parser-js.git"},"licenses":[{"type":"GPLv2","url":"http://www.gnu.org/licenses/gpl-2.0.html"},{"type":"MIT","url":"http://www.opensource.org/licenses/mit-license.php"}],"engines":{"node":"*"},"directories":{"dist":"dist","src":"src","test":"test"},"gitHead":"1fa7137f1f311043ccf65bb94ffc5ce5f273f77f","bugs":{"url":"https://github.com/faisalman/ua-parser-js/issues"},"_id":"ua-parser-js@0.7.7","_shasum":"705554cc7e8ebfdd6ec755aad1382d19a8b8c8ae","_from":".","_npmVersion":"2.7.5","_nodeVersion":"0.10.25","_npmUser":{"name":"faisalman","email":"fyzlman@gmail.com"},"maintainers":[{"name":"faisalman","email":"fyzlman@gmail.com"}],"dist":{"shasum":"705554cc7e8ebfdd6ec755aad1382d19a8b8c8ae","tarball":"https://registry.npmjs.org/ua-parser-js/-/ua-parser-js-0.7.7.tgz"}},"0.7.9":{"title":"UAParser.js","name":"ua-parser-js","version":"0.7.9","author":{"name":"Faisal Salman","email":"fyzlman@gmail.com","url":"http://faisalman.com"},"description":"Lightweight JavaScript-based user-agent string parser","keywords":["user-agent","parser","browser","engine","os","device","cpu"],"homepage":"http://github.com/faisalman/ua-parser-js","contributors":[{"name":"Faisal Salman","email":"fyzlman@gmail.com"},{"name":"Benjamin Bertrand","email":"bertrand.design@gmail.com"},{"name":"Carl C Von Lewin","email":"carlchristianlewin@gmail.com"},{"name":"Christopher De Cairos","email":"chris.decairos@gmail.com"},{"name":"Davit Barbakadze","email":"jayarjo@gmail.com"},{"name":"Dmitry Tyschenko","email":"dtyschenko@gmail.com"},{"name":"Douglas Li","email":"doug@knotch.it"},{"name":"Dumitru Uzun","email":"contact@duzun.me"},{"name":"Erik Hesselink","email":"hesselink@gmail.com"},{"name":"Fabian Becker","email":"halfdan@xnorfz.de"},{"name":"Hendrik Helwich","email":"h.helwich@iplabs.de"},{"name":"Jackpoll","email":"jackpoll123456@gmail.com"},{"name":"Jake Mc","email":"startswithaj@users.noreply.github.com"},{"name":"John Tantalo","email":"john.tantalo@gmail.com"},{"name":"John Yanarella","email":"jmy@codecatalyst.com"},{"name":"Jon Buckley","email":"jon@jbuckley.ca"},{"name":"Kendall Buchanan","email":"kendall@kendagriff.com"},{"name":"Lee Treveil","email":"leetreveil@gmail.com"},{"name":"Leonardo","email":"leofiore@libero.it"},{"name":"Max Maurer","email":"maxemanuel.maurer@gmail.com"},{"name":"Michael Hess","email":"mhess@connectify.me"},{"name":"OtakuSiD","email":"otakusid@gmail.com"},{"name":"Ross Noble","email":"rosshnoble@gmail.com"},{"name":"Sandro Sonntag","email":"sandro.sonntag@adorsys.de"}],"main":"src/ua-parser.js","scripts":{"build":"uglifyjs src/ua-parser.js > dist/ua-parser.min.js --comments '/UAParser\\.js/' && uglifyjs src/ua-parser.js > dist/ua-parser.pack.js --comments '/UAParser\\.js/' --compress --mangle","test":"jshint src/ua-parser.js && mocha -R nyan test/test.js","verup":"node ./node_modules/verup","version":"node ./node_modules/verup 0"},"verup":{"files":["ua-parser-js.jquery.json","component.json","bower.json","package.js","src/ua-parser.js"],"regs":["^((?:\\$|(\\s*\\*\\s*@)|(\\s*(?:var|,)?\\s+))(?:LIBVERSION|version)[\\s\\:='\"]+)([0-9]+(?:\\.[0-9]+){2,2})","^(\\s?\\*.*v)([0-9]+(?:\\.[0-9]+){2,2})"]},"devDependencies":{"jshint":"~1.1.0","mocha":"~1.8.0","uglify-js":"~1.3.4","verup":"^1.3.x"},"repository":{"type":"git","url":"https://github.com/faisalman/ua-parser-js.git"},"licenses":[{"type":"GPLv2","url":"http://www.gnu.org/licenses/gpl-2.0.html"},{"type":"MIT","url":"http://www.opensource.org/licenses/mit-license.php"}],"engines":{"node":"*"},"directories":{"dist":"dist","src":"src","test":"test"},"gitHead":"992e829643bd190fdae74012f6236a4e1fe27a7d","bugs":{"url":"https://github.com/faisalman/ua-parser-js/issues"},"_id":"ua-parser-js@0.7.9","_shasum":"4d70d68f353923765d775bfd84b23028b4e11ed5","_from":".","_npmVersion":"2.7.5","_nodeVersion":"0.10.25","_npmUser":{"name":"faisalman","email":"fyzlman@gmail.com"},"maintainers":[{"name":"faisalman","email":"fyzlman@gmail.com"}],"dist":{"shasum":"4d70d68f353923765d775bfd84b23028b4e11ed5","tarball":"https://registry.npmjs.org/ua-parser-js/-/ua-parser-js-0.7.9.tgz"}},"0.7.10":{"title":"UAParser.js","name":"ua-parser-js","version":"0.7.10","author":{"name":"Faisal Salman","email":"fyzlman@gmail.com","url":"http://faisalman.com"},"description":"Lightweight JavaScript-based user-agent string parser","keywords":["user-agent","parser","browser","engine","os","device","cpu"],"homepage":"http://github.com/faisalman/ua-parser-js","contributors":[{"name":"Faisal Salman","email":"fyzlman@gmail.com"},{"name":"Benjamin Bertrand","email":"bertrand.design@gmail.com"},{"name":"Carl C Von Lewin","email":"carlchristianlewin@gmail.com"},{"name":"Christopher De Cairos","email":"chris.decairos@gmail.com"},{"name":"Davit Barbakadze","email":"jayarjo@gmail.com"},{"name":"Dmitry Tyschenko","email":"dtyschenko@gmail.com"},{"name":"Douglas Li","email":"doug@knotch.it"},{"name":"Dumitru Uzun","email":"contact@duzun.me"},{"name":"Erik Hesselink","email":"hesselink@gmail.com"},{"name":"Fabian Becker","email":"halfdan@xnorfz.de"},{"name":"Hendrik Helwich","email":"h.helwich@iplabs.de"},{"name":"Jackpoll","email":"jackpoll123456@gmail.com"},{"name":"Jake Mc","email":"startswithaj@users.noreply.github.com"},{"name":"John Tantalo","email":"john.tantalo@gmail.com"},{"name":"John Yanarella","email":"jmy@codecatalyst.com"},{"name":"Jon Buckley","email":"jon@jbuckley.ca"},{"name":"Kendall Buchanan","email":"kendall@kendagriff.com"},{"name":"Lee Treveil","email":"leetreveil@gmail.com"},{"name":"Leonardo","email":"leofiore@libero.it"},{"name":"Max Maurer","email":"maxemanuel.maurer@gmail.com"},{"name":"Michael Hess","email":"mhess@connectify.me"},{"name":"OtakuSiD","email":"otakusid@gmail.com"},{"name":"Ross Noble","email":"rosshnoble@gmail.com"},{"name":"Sandro Sonntag","email":"sandro.sonntag@adorsys.de"}],"main":"src/ua-parser.js","scripts":{"build":"uglifyjs src/ua-parser.js > dist/ua-parser.min.js --comments '/UAParser\\.js/' && uglifyjs src/ua-parser.js > dist/ua-parser.pack.js --comments '/UAParser\\.js/' --compress --mangle","test":"jshint src/ua-parser.js && mocha -R nyan test/test.js","verup":"node ./node_modules/verup","version":"node ./node_modules/verup 0"},"verup":{"files":["ua-parser-js.jquery.json","component.json","bower.json","package.js","src/ua-parser.js"],"regs":["^((?:\\$|(\\s*\\*\\s*@)|(\\s*(?:var|,)?\\s+))(?:LIBVERSION|version)[\\s\\:='\"]+)([0-9]+(?:\\.[0-9]+){2,2})","^(\\s?\\*.*v)([0-9]+(?:\\.[0-9]+){2,2})"]},"devDependencies":{"jshint":"~1.1.0","mocha":"~1.8.0","uglify-js":"~1.3.4","verup":"^1.3.x"},"repository":{"type":"git","url":"git+https://github.com/faisalman/ua-parser-js.git"},"licenses":[{"type":"GPLv2","url":"http://www.gnu.org/licenses/gpl-2.0.html"},{"type":"MIT","url":"http://www.opensource.org/licenses/mit-license.php"}],"engines":{"node":"*"},"directories":{"dist":"dist","src":"src","test":"test"},"gitHead":"cbba2f5728cd0a590253cb61efe3dce93c466c5d","bugs":{"url":"https://github.com/faisalman/ua-parser-js/issues"},"_id":"ua-parser-js@0.7.10","_shasum":"917559ddcce07cbc09ece7d80495e4c268f4ef9f","_from":".","_npmVersion":"3.3.12","_nodeVersion":"5.1.0","_npmUser":{"name":"faisalman","email":"fyzlman@gmail.com"},"dist":{"shasum":"917559ddcce07cbc09ece7d80495e4c268f4ef9f","tarball":"https://registry.npmjs.org/ua-parser-js/-/ua-parser-js-0.7.10.tgz"},"maintainers":[{"name":"faisalman","email":"fyzlman@gmail.com"}]},"0.7.11":{"title":"UAParser.js","name":"ua-parser-js","version":"0.7.11","author":{"name":"Faisal Salman","email":"fyzlman@gmail.com","url":"http://faisalman.com"},"description":"Lightweight JavaScript-based user-agent string parser","keywords":["user-agent","parser","browser","engine","os","device","cpu"],"homepage":"http://github.com/faisalman/ua-parser-js","contributors":[{"name":"Faisal Salman","email":"fyzlman@gmail.com"},{"name":"Benjamin Bertrand","email":"bertrand.design@gmail.com"},{"name":"Carl C Von Lewin","email":"carlchristianlewin@gmail.com"},{"name":"Christopher De Cairos","email":"chris.decairos@gmail.com"},{"name":"Davit Barbakadze","email":"jayarjo@gmail.com"},{"name":"Dmitry Tyschenko","email":"dtyschenko@gmail.com"},{"name":"Douglas Li","email":"doug@knotch.it"},{"name":"Dumitru Uzun","email":"contact@duzun.me"},{"name":"Erik Hesselink","email":"hesselink@gmail.com"},{"name":"Fabian Becker","email":"halfdan@xnorfz.de"},{"name":"Hendrik Helwich","email":"h.helwich@iplabs.de"},{"name":"Jackpoll","email":"jackpoll123456@gmail.com"},{"name":"Jake Mc","email":"startswithaj@users.noreply.github.com"},{"name":"John Tantalo","email":"john.tantalo@gmail.com"},{"name":"John Yanarella","email":"jmy@codecatalyst.com"},{"name":"Jon Buckley","email":"jon@jbuckley.ca"},{"name":"Kendall Buchanan","email":"kendall@kendagriff.com"},{"name":"Lee Treveil","email":"leetreveil@gmail.com"},{"name":"Leonardo","email":"leofiore@libero.it"},{"name":"Max Maurer","email":"maxemanuel.maurer@gmail.com"},{"name":"Michael Hess","email":"mhess@connectify.me"},{"name":"OtakuSiD","email":"otakusid@gmail.com"},{"name":"Ross Noble","email":"rosshnoble@gmail.com"},{"name":"Sandro Sonntag","email":"sandro.sonntag@adorsys.de"}],"main":"src/ua-parser.js","scripts":{"build":"uglifyjs src/ua-parser.js > dist/ua-parser.min.js --comments '/UAParser\\.js/' && uglifyjs src/ua-parser.js > dist/ua-parser.pack.js --comments '/UAParser\\.js/' --compress --mangle","test":"jshint src/ua-parser.js && mocha -R nyan test/test.js","verup":"node ./node_modules/verup","version":"node ./node_modules/verup 0"},"verup":{"files":["ua-parser-js.jquery.json","component.json","bower.json","package.js","src/ua-parser.js"],"regs":["^((?:\\$|(\\s*\\*\\s*@)|(\\s*(?:var|,)?\\s+))(?:LIBVERSION|version)[\\s\\:='\"]+)([0-9]+(?:\\.[0-9]+){2,2})","^(\\s?\\*.*v)([0-9]+(?:\\.[0-9]+){2,2})"]},"devDependencies":{"jshint":"~1.1.0","mocha":"~1.8.0","uglify-js":"~1.3.4","verup":"^1.3.x"},"repository":{"type":"git","url":"git+https://github.com/faisalman/ua-parser-js.git"},"license":"(GPL-2.0 OR MIT)","engines":{"node":"*"},"directories":{"dist":"dist","src":"src","test":"test"},"gitHead":"10775bd17c0ec27aeb27bafc3342fd7a07f8118c","bugs":{"url":"https://github.com/faisalman/ua-parser-js/issues"},"_id":"ua-parser-js@0.7.11","_shasum":"3741e2dd2fb09251a960f9ef076cd0cc72eaf6a0","_from":".","_npmVersion":"3.5.2","_nodeVersion":"4.2.6","_npmUser":{"name":"faisalman","email":"fyzlman@gmail.com"},"dist":{"shasum":"3741e2dd2fb09251a960f9ef076cd0cc72eaf6a0","tarball":"https://registry.npmjs.org/ua-parser-js/-/ua-parser-js-0.7.11.tgz"},"maintainers":[{"name":"faisalman","email":"fyzlman@gmail.com"}],"_npmOperationalInternal":{"host":"packages-18-east.internal.npmjs.com","tmp":"tmp/ua-parser-js-0.7.11.tgz_1478453993107_0.7108342426363379"}},"0.7.12":{"title":"UAParser.js","name":"ua-parser-js","version":"0.7.12","author":{"name":"Faisal Salman","email":"fyzlman@gmail.com","url":"http://faisalman.com"},"description":"Lightweight JavaScript-based user-agent string parser","keywords":["user-agent","parser","browser","engine","os","device","cpu"],"homepage":"http://github.com/faisalman/ua-parser-js","contributors":[{"name":"Faisal Salman","email":"fyzlman@gmail.com"},{"name":"Benjamin Bertrand","email":"bertrand.design@gmail.com"},{"name":"Carl C Von Lewin","email":"carlchristianlewin@gmail.com"},{"name":"Christopher De Cairos","email":"chris.decairos@gmail.com"},{"name":"Davit Barbakadze","email":"jayarjo@gmail.com"},{"name":"Dmitry Tyschenko","email":"dtyschenko@gmail.com"},{"name":"Douglas Li","email":"doug@knotch.it"},{"name":"Dumitru Uzun","email":"contact@duzun.me"},{"name":"Erik Hesselink","email":"hesselink@gmail.com"},{"name":"Fabian Becker","email":"halfdan@xnorfz.de"},{"name":"Hendrik Helwich","email":"h.helwich@iplabs.de"},{"name":"Jackpoll","email":"jackpoll123456@gmail.com"},{"name":"Jake Mc","email":"startswithaj@users.noreply.github.com"},{"name":"John Tantalo","email":"john.tantalo@gmail.com"},{"name":"John Yanarella","email":"jmy@codecatalyst.com"},{"name":"Jon Buckley","email":"jon@jbuckley.ca"},{"name":"Kendall Buchanan","email":"kendall@kendagriff.com"},{"name":"Lee Treveil","email":"leetreveil@gmail.com"},{"name":"Leonardo","email":"leofiore@libero.it"},{"name":"Max Maurer","email":"maxemanuel.maurer@gmail.com"},{"name":"Michael Hess","email":"mhess@connectify.me"},{"name":"OtakuSiD","email":"otakusid@gmail.com"},{"name":"Ross Noble","email":"rosshnoble@gmail.com"},{"name":"Sandro Sonntag","email":"sandro.sonntag@adorsys.de"}],"main":"src/ua-parser.js","scripts":{"build":"uglifyjs src/ua-parser.js > dist/ua-parser.min.js --comments '/UAParser\\.js/' && uglifyjs src/ua-parser.js > dist/ua-parser.pack.js --comments '/UAParser\\.js/' --compress --mangle","test":"jshint src/ua-parser.js && mocha -R nyan test/test.js","verup":"node ./node_modules/verup","version":"node ./node_modules/verup 0"},"verup":{"files":["ua-parser-js.jquery.json","component.json","bower.json","package.js","src/ua-parser.js"],"regs":["^((?:\\$|(\\s*\\*\\s*@)|(\\s*(?:var|,)?\\s+))(?:LIBVERSION|version)[\\s\\:='\"]+)([0-9]+(?:\\.[0-9]+){2,2})","^(\\s?\\*.*v)([0-9]+(?:\\.[0-9]+){2,2})"]},"devDependencies":{"jshint":"~1.1.0","mocha":"~1.8.0","requirejs":"^2.3.2","uglify-js":"~1.3.4","verup":"^1.3.x"},"repository":{"type":"git","url":"git+https://github.com/faisalman/ua-parser-js.git"},"license":"(GPL-2.0 OR MIT)","engines":{"node":"*"},"directories":{"dist":"dist","src":"src","test":"test"},"gitHead":"01ae611dfa2d2c2ec3dba79c454538c0ed92e54f","bugs":{"url":"https://github.com/faisalman/ua-parser-js/issues"},"_id":"ua-parser-js@0.7.12","_shasum":"04c81a99bdd5dc52263ea29d24c6bf8d4818a4bb","_from":".","_npmVersion":"3.5.2","_nodeVersion":"4.2.6","_npmUser":{"name":"faisalman","email":"fyzlman@gmail.com"},"dist":{"shasum":"04c81a99bdd5dc52263ea29d24c6bf8d4818a4bb","tarball":"https://registry.npmjs.org/ua-parser-js/-/ua-parser-js-0.7.12.tgz"},"maintainers":[{"name":"faisalman","email":"fyzlman@gmail.com"}],"_npmOperationalInternal":{"host":"packages-12-west.internal.npmjs.com","tmp":"tmp/ua-parser-js-0.7.12.tgz_1479094293546_0.6882921508513391"}}},"maintainers":[{"name":"faisalman","email":"fyzlman@gmail.com"}],"time":{"modified":"2017-03-10T04:19:36.473Z","created":"2012-07-28T20:54:42.902Z","0.3.0":"2012-07-28T20:54:44.026Z","0.3.1":"2012-09-10T20:20:00.942Z","0.4.0":"2012-09-14T20:57:54.701Z","0.4.1":"2012-09-17T18:04:46.834Z","0.4.3":"2012-09-21T17:22:56.478Z","0.4.4":"2012-10-22T09:08:22.907Z","0.4.6":"2012-11-02T11:32:02.442Z","0.4.7":"2012-11-06T10:47:25.024Z","0.4.13":"2012-11-28T08:53:08.175Z","0.4.15":"2012-12-05T04:16:44.852Z","0.5.1":"2013-01-25T13:31:43.684Z","0.5.2":"2013-01-28T12:25:58.465Z","0.5.3":"2013-02-05T15:37:01.349Z","0.5.11":"2013-02-07T16:28:17.480Z","0.5.12":"2013-02-15T03:27:50.741Z","0.5.15":"2013-03-05T14:07:51.010Z","0.5.20":"2013-03-16T07:40:04.255Z","0.5.22":"2013-03-20T05:06:21.724Z","0.5.23":"2013-03-20T06:07:12.618Z","0.5.25":"2013-03-22T06:27:07.654Z","0.5.27":"2013-03-26T07:19:53.728Z","0.6.0":"2013-04-04T06:50:31.599Z","0.6.2":"2013-07-04T12:36:10.667Z","0.7.0":"2014-06-25T07:47:33.048Z","0.7.1":"2014-10-19T10:06:38.811Z","0.7.3":"2014-11-09T14:12:36.569Z","0.7.4":"2015-04-06T18:58:58.378Z","0.7.6":"2015-04-14T18:42:32.420Z","0.7.7":"2015-05-01T10:29:49.151Z","0.7.9":"2015-07-18T21:10:26.295Z","0.7.10":"2015-12-12T12:12:29.429Z","0.7.11":"2016-11-06T17:39:55.270Z","0.7.12":"2016-11-14T03:31:33.789Z"},"author":{"name":"Faisal Salman","email":"fyzlman@gmail.com","url":"http://faisalman.com"},"repository":{"type":"git","url":"git+https://github.com/faisalman/ua-parser-js.git"},"users":{"fgribreau":true,"davidcarcamo":true,"jdorfman":true,"roryrjb":true,"yofine":true,"chrisyipw":true,"chengen":true,"joe5yellow":true,"buster":true,"clong365":true,"santihbc":true,"leejefon":true,"ugarz":true,"ahiipsa":true,"themiddleman":true,"anhulife":true,"josmardias":true,"yupmin":true,"justintormey":true,"conantonakos":true,"antanst":true,"mjasso":true,"codebyren":true,"warmhug":true,"hellotoby":true,"demian_dark":true,"buzz-dee":true,"mr-smiley":true,"uh-engineer":true,"monjer":true,"aravindnc":true,"kankungyip":true,"wuyixiang9":true,"danielye":true},"readme":"# UAParser.js\n\n<img align=\"right\" src=\"https://raw.githubusercontent.com/faisalman/ua-parser-js/gh-pages/images/logo.png\"> A not-so-lightweight-anymore JavaScript-based User-Agent string parser. Can be used either in browser (client-side) or in node.js (server-side) environment. Also available as jQuery/Zepto plugin, Bower/Meteor package, & RequireJS/AMD module. This library aims to identify detailed type of web browser, layout engine, operating system, cpu architecture, and device type/model, entirely from user-agent string with a relatively small footprint (~11KB when minified / ~4KB gzipped). Written in vanilla JavaScript, which means it doesn't require any other library and can be used independently.\n\n[![Build Status](https://travis-ci.org/faisalman/ua-parser-js.svg?branch=master)](https://travis-ci.org/faisalman/ua-parser-js)\n[![NPM](https://img.shields.io/npm/v/ua-parser-js.svg)](https://www.npmjs.com/package/ua-parser-js)\n[![Bower](https://img.shields.io/bower/v/ua-parser-js.svg)](https://bower.io/)\n[![CDNJS](https://img.shields.io/cdnjs/v/UAParser.js.svg)](https://cdnjs.com/libraries/UAParser.js)\n[![Gratipay](https://img.shields.io/gratipay/team/UAParser.js.svg)](https://gratipay.com/UAParser.js)\n[![Flattr this](http://api.flattr.com/button/flattr-badge-large.png)](http://flattr.com/thing/3867907/faisalmanua-parser-js-on-GitHub)\n\n* Author    : Faisal Salman <<fyzlman@gmail.com>>\n* Demo      : http://faisalman.github.io/ua-parser-js\n* Source    : https://github.com/faisalman/ua-parser-js\n\n\n# Methods\n\n* `getBrowser()`\n    * returns `{ name: '', version: '' }`\n\n```\n# Possible 'browser.name':\nAmaya, Android Browser, Arora, Avant, Baidu, Blazer, Bolt, Camino, Chimera, Chrome, \nChromium, Comodo Dragon, Conkeror, Dillo, Dolphin, Doris, Edge, Epiphany, Fennec,\nFirebird, Firefox, Flock, GoBrowser, iCab, ICE Browser, IceApe, IceCat, IceDragon, \nIceweasel, IE [Mobile], Iron, Jasmine, K-Meleon, Konqueror, Kindle, Links, \nLunascape, Lynx, Maemo, Maxthon, Midori, Minimo, MIUI Browser, [Mobile] Safari, \nMosaic, Mozilla, Netfront, Netscape, NetSurf, Nokia, OmniWeb, Opera [Mini/Mobi/Tablet], \nPhantomJS, Phoenix, Polaris, QQBrowser, RockMelt, Silk, Skyfire, SeaMonkey, SlimBrowser,\nSwiftfox, Tizen, UCBrowser, Vivaldi, w3m, WeChat, Yandex\n\n# 'browser.version' determined dynamically\n```\n\n* `getDevice()`\n    * returns `{ model: '', type: '', vendor: '' }` \n\n```\n# Possible 'device.type':\nconsole, mobile, tablet, smarttv, wearable, embedded\n\n# Possible 'device.vendor':\nAcer, Alcatel, Amazon, Apple, Archos, Asus, BenQ, BlackBerry, Dell, GeeksPhone, \nGoogle, HP, HTC, Huawei, Jolla, Lenovo, LG, Meizu, Microsoft, Motorola, Nexian, \nNintendo, Nokia, Nvidia, Ouya, Palm, Panasonic, Polytron, RIM, Samsung, Sharp, \nSiemens, Sony-Ericsson, Sprint, Xbox, ZTE\n\n# 'device.model' determined dynamically\n```\n\n* `getEngine()`\n    * returns `{ name: '', version: '' }`\n\n```\n# Possible 'engine.name'\nAmaya, EdgeHTML, Gecko, iCab, KHTML, Links, Lynx, NetFront, NetSurf, Presto, \nTasman, Trident, w3m, WebKit\n\n# 'engine.version' determined dynamically\n```\n\n* `getOS()`\n    * returns `{ name: '', version: '' }`\n\n```\n# Possible 'os.name'\nAIX, Amiga OS, Android, Arch, Bada, BeOS, BlackBerry, CentOS, Chromium OS, Contiki,\nFedora, Firefox OS, FreeBSD, Debian, DragonFly, Gentoo, GNU, Haiku, Hurd, iOS, \nJoli, Linpus, Linux, Mac OS, Mageia, Mandriva, MeeGo, Minix, Mint, Morph OS, NetBSD, \nNintendo, OpenBSD, OpenVMS, OS/2, Palm, PCLinuxOS, Plan9, Playstation, QNX, RedHat, \nRIM Tablet OS, RISC OS, Sailfish, Series40, Slackware, Solaris, SUSE, Symbian, Tizen, \nUbuntu, UNIX, VectorLinux, WebOS, Windows [Phone/Mobile], Zenwalk\n\n# 'os.version' determined dynamically\n```\n\n* `getCPU()`\n    * returns `{ architecture: '' }`\n\n```\n# Possible 'cpu.architecture'\n68k, amd64, arm, arm64, avr, ia32, ia64, irix, irix64, mips, mips64, pa-risc, \nppc, sparc, sparc64\n```\n\n* `getResult()`\n    * returns `{ ua: '', browser: {}, cpu: {}, device: {}, engine: {}, os: {} }`\n\n* `getUA()`\n    * returns UA string of current instance\n\n* `setUA(uastring)`\n    * set & parse UA string\n\n\n# Example\n\n```html\n<!doctype html>\n<html>\n<head>\n<script type=\"text/javascript\" src=\"ua-parser.min.js\"></script>\n<script type=\"text/javascript\">\n\n\tvar parser = new UAParser();\n\n    // by default it takes ua string from current browser's window.navigator.userAgent\n    console.log(parser.getResult());\n    /*\n        /// this will print an object structured like this:\n        {\n            ua: \"\",\n            browser: {\n                name: \"\",\n                version: \"\"\n            },\n            engine: {\n                name: \"\",\n                version: \"\"\n            },\n            os: {\n                name: \"\",\n                version: \"\"\n            },\n            device: {\n                model: \"\",\n                type: \"\",\n                vendor: \"\"\n            },\n            cpu: {\n                architecture: \"\"\n            }\n        }\n    */\n\n    // let's test a custom user-agent string as an example\n    var uastring = \"Mozilla/5.0 (X11; Linux x86_64) AppleWebKit/535.2 (KHTML, like Gecko) Ubuntu/11.10 Chromium/15.0.874.106 Chrome/15.0.874.106 Safari/535.2\";\n    parser.setUA(uastring);\n\n    var result = parser.getResult();\n    // this will also produce the same result (without instantiation):\n    // var result = UAParser(uastring);\n\n    console.log(result.browser);        // {name: \"Chromium\", version: \"15.0.874.106\"}\n    console.log(result.device);         // {model: undefined, type: undefined, vendor: undefined}\n    console.log(result.os);             // {name: \"Ubuntu\", version: \"11.10\"}\n    console.log(result.os.version);     // \"11.10\"\n    console.log(result.engine.name);    // \"WebKit\"\n    console.log(result.cpu.architecture);   // \"amd64\"\n\n    // do some other tests\n    var uastring2 = \"Mozilla/5.0 (compatible; Konqueror/4.1; OpenBSD) KHTML/4.1.4 (like Gecko)\";\n    console.log(parser.setUA(uastring2).getBrowser().name); // \"Konqueror\"\n    console.log(parser.getOS());                            // {name: \"OpenBSD\", version: undefined}\n    console.log(parser.getEngine());                        // {name: \"KHTML\", version: \"4.1.4\"}\n\n    var uastring3 = 'Mozilla/5.0 (PlayBook; U; RIM Tablet OS 1.0.0; en-US) AppleWebKit/534.11 (KHTML, like Gecko) Version/7.1.0.7 Safari/534.11';\n    console.log(parser.setUA(uastring3).getDevice().model); // \"PlayBook\"\n    console.log(parser.getOS())                             // {name: \"RIM Tablet OS\", version: \"1.0.0\"}\n    console.log(parser.getBrowser().name);                  // \"Safari\"\n\n</script>\n</head>\n<body>\n</body>\n</html>\n```\n\n## Using node.js\n\n```sh\n$ npm install ua-parser-js\n```\n\n```js\nvar http = require('http');\nvar parser = require('ua-parser-js');\n\nhttp.createServer(function (req, res) {\n    // get user-agent header\n    var ua = parser(req.headers['user-agent']);\n    // write the result as response\n    res.end(JSON.stringify(ua, null, '  '));\n})\n.listen(1337, '127.0.0.1');\n\nconsole.log('Server running at http://127.0.0.1:1337/');\n```\n\n## Using requirejs\n\n```js\nrequirejs.config({\n    baseUrl : 'js/lib', // path to your script directory\n    paths   : {\n        'ua-parser-js' : 'ua-parser.min'\n    }\n});\n\nrequirejs(['ua-parser-js'], function(UAParser) {\n    var parser = new UAParser();\n    console.log(parser.getResult());\n});\n```\n\n## Using bower\n\n```sh\n$ bower install ua-parser-js\n```\n\n## Using meteor\n\n```sh\n$ meteor add faisalman:ua-parser-js\n```\n\n## Using jQuery/Zepto ($.ua)\n\nAlthough written in vanilla js (which means it doesn't depends on jQuery), this library will automatically detect if jQuery/Zepto is present and create `$.ua` object based on browser's user-agent (although in case you need, `window.UAParser` constructor is still present). To get/set user-agent you can use: `$.ua.get()` / `$.ua.set(uastring)`. \n\n```js\n// In browser with default user-agent: 'Mozilla/5.0 (Linux; U; Android 2.3.4; en-us; Sprint APA7373KT Build/GRJ22) AppleWebKit/533.1 (KHTML, like Gecko) Version/4.0':\n\n// Do some tests\nconsole.log($.ua.device);           // {vendor: \"HTC\", model: \"Evo Shift 4G\", type: \"mobile\"}\nconsole.log($.ua.os);               // {name: \"Android\", version: \"2.3.4\"}\nconsole.log($.ua.os.name);          // \"Android\"\nconsole.log($.ua.get());            // \"Mozilla/5.0 (Linux; U; Android 2.3.4; en-us; Sprint APA7373KT Build/GRJ22) AppleWebKit/533.1 (KHTML, like Gecko) Version/4.0\"\n\n// reset to custom user-agent\n$.ua.set('Mozilla/5.0 (Linux; U; Android 3.0.1; en-us; Xoom Build/HWI69) AppleWebKit/534.13 (KHTML, like Gecko) Version/4.0 Safari/534.13');\n\n// Test again\nconsole.log($.ua.browser.name);     // \"Safari\"\nconsole.log($.ua.engine.name);      // \"Webkit\"\nconsole.log($.ua.device);           // {vendor: \"Motorola\", model: \"Xoom\", type: \"tablet\"}\nconsole.log(parseInt($.ua.browser.version.split('.')[0], 10));  // 4\n```\n\n## Extending regex patterns\n\n* `UAParser(uastring[, extensions])`\n\nPass your own regexes to extend the limited matching rules.\n\n```js\n// Example:\nvar uaString = 'MyOwnBrowser/1.3';\nvar myOwnRegex = [[/(myownbrowser)\\/([\\w\\.]+)/i], [UAParser.BROWSER.NAME, UAParser.BROWSER.VERSION]];\nvar parser = new UAParser(uaString, { browser: myOwnRegex });\nconsole.log(parser.getBrowser());   // {name: \"MyOwnBrowser\", version: \"1.3\"}\n```\n\n\n# Development\n\n## Contribute\n\n* Fork and clone this repository\n* Make some changes as required\n* Write a unit test to showcase your feature\n* Run the test suites to make sure the changes you made didn't break anything\n\n```sh\n$ npm run test\n```\n\n* Commit and push to your own repository\n* Submit a pull request to this repository under `develop` branch\n* Profit?\n\n## Build\n\nBuild a minified & packed script\n\n```sh\n$ npm run build\n```\n\n\n# License\n\nDual licensed under GPLv2 & MIT\n\nCopyright © 2012-2016 Faisal Salman <<fyzlman@gmail.com>>\n\nPermission is hereby granted, free of charge, to any person obtaining a copy of \nthis software and associated documentation files (the \"Software\"), to deal in \nthe Software without restriction, including without limitation the rights to use, \ncopy, modify, merge, publish, distribute, sublicense, and/or sell copies of the \nSoftware, and to permit persons to whom the Software is furnished to do so, \nsubject to the following conditions:\n\nThe above copyright notice and this permission notice shall be included in all \ncopies or substantial portions of the Software.\n","homepage":"http://github.com/faisalman/ua-parser-js","keywords":["user-agent","parser","browser","engine","os","device","cpu"],"contributors":[{"name":"Faisal Salman","email":"fyzlman@gmail.com"},{"name":"Benjamin Bertrand","email":"bertrand.design@gmail.com"},{"name":"Carl C Von Lewin","email":"carlchristianlewin@gmail.com"},{"name":"Christopher De Cairos","email":"chris.decairos@gmail.com"},{"name":"Davit Barbakadze","email":"jayarjo@gmail.com"},{"name":"Dmitry Tyschenko","email":"dtyschenko@gmail.com"},{"name":"Douglas Li","email":"doug@knotch.it"},{"name":"Dumitru Uzun","email":"contact@duzun.me"},{"name":"Erik Hesselink","email":"hesselink@gmail.com"},{"name":"Fabian Becker","email":"halfdan@xnorfz.de"},{"name":"Hendrik Helwich","email":"h.helwich@iplabs.de"},{"name":"Jackpoll","email":"jackpoll123456@gmail.com"},{"name":"Jake Mc","email":"startswithaj@users.noreply.github.com"},{"name":"John Tantalo","email":"john.tantalo@gmail.com"},{"name":"John Yanarella","email":"jmy@codecatalyst.com"},{"name":"Jon Buckley","email":"jon@jbuckley.ca"},{"name":"Kendall Buchanan","email":"kendall@kendagriff.com"},{"name":"Lee Treveil","email":"leetreveil@gmail.com"},{"name":"Leonardo","email":"leofiore@libero.it"},{"name":"Max Maurer","email":"maxemanuel.maurer@gmail.com"},{"name":"Michael Hess","email":"mhess@connectify.me"},{"name":"OtakuSiD","email":"otakusid@gmail.com"},{"name":"Ross Noble","email":"rosshnoble@gmail.com"},{"name":"Sandro Sonntag","email":"sandro.sonntag@adorsys.de"}],"bugs":{"url":"https://github.com/faisalman/ua-parser-js/issues"},"readmeFilename":"readme.md","license":"(GPL-2.0 OR MIT)","_attachments":{},"_etag":"W/\"58c22958-12b4d\"","_lastModified":"Fri, 10 Mar 2017 04:19:36 GMT"}