{"_id":"react-addons-css-transition-group","_rev":"89-589e64e18b7a19808ff307d949a4831f","name":"react-addons-css-transition-group","description":"This package provides the React CSSTransitionGroup add-on.","dist-tags":{"latest":"15.4.2","next":"16.0.0-alpha.3"},"versions":{"0.14.0-beta1":{"name":"react-addons-css-transition-group","version":"0.14.0-beta1","main":"index.js","license":"BSD-3-Clause","peerDependencies":{"react":"^0.14.0-beta1"},"description":"This package provides the React CSSTransitionGroup add-on. See http://facebook.github.io/react/docs/addons.html for more information.","_id":"react-addons-css-transition-group@0.14.0-beta1","_shasum":"569c7e69c95c9b1c7332d6795ba3f95eb33b9acb","_resolved":"file:build/packages/react-addons-css-transition-group.tgz","_from":"build/packages/react-addons-css-transition-group.tgz","scripts":{},"_npmVersion":"2.2.0","_nodeVersion":"0.10.35","_npmUser":{"name":"spicyj","email":"ben@benalpert.com"},"maintainers":[{"name":"spicyj","email":"ben@benalpert.com"}],"dist":{"shasum":"569c7e69c95c9b1c7332d6795ba3f95eb33b9acb","tarball":"https://registry.npmjs.org/react-addons-css-transition-group/-/react-addons-css-transition-group-0.14.0-beta1.tgz"},"directories":{}},"0.14.0-beta2":{"name":"react-addons-css-transition-group","version":"0.14.0-beta2","main":"index.js","license":"BSD-3-Clause","peerDependencies":{"react":"^0.14.0-beta2"},"description":"This package provides the React CSSTransitionGroup add-on. See http://facebook.github.io/react/docs/addons.html for more information.","_id":"react-addons-css-transition-group@0.14.0-beta2","_shasum":"0ba175be1c3852436fe1c22f13b3d8c79d177a7b","_resolved":"file:build copy/packages/react-addons-css-transition-group.tgz","_from":"build copy/packages/react-addons-css-transition-group.tgz","scripts":{},"_npmVersion":"2.13.2","_nodeVersion":"0.10.40","_npmUser":{"name":"zpao","email":"paul@oshannessy.com"},"maintainers":[{"name":"spicyj","email":"ben@benalpert.com"},{"name":"zpao","email":"paul@oshannessy.com"}],"dist":{"shasum":"0ba175be1c3852436fe1c22f13b3d8c79d177a7b","tarball":"https://registry.npmjs.org/react-addons-css-transition-group/-/react-addons-css-transition-group-0.14.0-beta2.tgz"},"directories":{}},"0.14.0-beta3":{"name":"react-addons-css-transition-group","version":"0.14.0-beta3","main":"index.js","license":"BSD-3-Clause","peerDependencies":{"react":"^0.14.0-beta3"},"description":"This package provides the React CSSTransitionGroup add-on. See http://facebook.github.io/react/docs/addons.html for more information.","_id":"react-addons-css-transition-group@0.14.0-beta3","_shasum":"3394a27ed7f74cece222bb46c91596c7f621bba5","_resolved":"file:build/packages/react-addons-css-transition-group.tgz","_from":"build/packages/react-addons-css-transition-group.tgz","scripts":{},"_npmVersion":"2.13.2","_nodeVersion":"0.10.40","_npmUser":{"name":"zpao","email":"paul@oshannessy.com"},"maintainers":[{"name":"spicyj","email":"ben@benalpert.com"},{"name":"zpao","email":"paul@oshannessy.com"}],"dist":{"shasum":"3394a27ed7f74cece222bb46c91596c7f621bba5","tarball":"https://registry.npmjs.org/react-addons-css-transition-group/-/react-addons-css-transition-group-0.14.0-beta3.tgz"},"directories":{}},"0.14.0-rc1":{"name":"react-addons-css-transition-group","version":"0.14.0-rc1","main":"index.js","license":"BSD-3-Clause","peerDependencies":{"react":"^0.14.0-rc1"},"description":"This package provides the React CSSTransitionGroup add-on. See http://facebook.github.io/react/docs/addons.html for more information.","_id":"react-addons-css-transition-group@0.14.0-rc1","_shasum":"ec329b5ad15a61d3a9e1ff885e4b81468a806b3e","_resolved":"file:build/packages/react-addons-css-transition-group.tgz","_from":"build/packages/react-addons-css-transition-group.tgz","scripts":{},"_npmVersion":"2.2.0","_nodeVersion":"0.10.35","_npmUser":{"name":"spicyj","email":"ben@benalpert.com"},"maintainers":[{"name":"spicyj","email":"ben@benalpert.com"},{"name":"zpao","email":"paul@oshannessy.com"}],"dist":{"shasum":"ec329b5ad15a61d3a9e1ff885e4b81468a806b3e","tarball":"https://registry.npmjs.org/react-addons-css-transition-group/-/react-addons-css-transition-group-0.14.0-rc1.tgz"},"directories":{}},"0.14.0":{"name":"react-addons-css-transition-group","version":"0.14.0","main":"index.js","license":"BSD-3-Clause","peerDependencies":{"react":"^0.14.0"},"description":"This package provides the React CSSTransitionGroup add-on. See http://facebook.github.io/react/docs/addons.html for more information.","_id":"react-addons-css-transition-group@0.14.0","_shasum":"40c8b67468c7e9219c3d9c87581077a3113bea73","_resolved":"file:build/packages/react-addons-css-transition-group.tgz","_from":"build/packages/react-addons-css-transition-group.tgz","scripts":{},"_npmVersion":"2.14.3","_nodeVersion":"4.1.0","_npmUser":{"name":"zpao","email":"paul@oshannessy.com"},"maintainers":[{"name":"spicyj","email":"ben@benalpert.com"},{"name":"zpao","email":"paul@oshannessy.com"}],"dist":{"shasum":"40c8b67468c7e9219c3d9c87581077a3113bea73","tarball":"https://registry.npmjs.org/react-addons-css-transition-group/-/react-addons-css-transition-group-0.14.0.tgz"},"directories":{}},"0.14.1":{"name":"react-addons-css-transition-group","version":"0.14.1","main":"index.js","license":"BSD-3-Clause","peerDependencies":{"react":"^0.14.1"},"description":"This package provides the React CSSTransitionGroup add-on. See http://facebook.github.io/react/docs/addons.html for more information.","_id":"react-addons-css-transition-group@0.14.1","_shasum":"94b78c9c45edbc6d5ca95962b8ae96f528384320","_resolved":"file:build/packages/react-addons-css-transition-group.tgz","_from":"build/packages/react-addons-css-transition-group.tgz","scripts":{},"_npmVersion":"2.14.8","_nodeVersion":"4.2.0","_npmUser":{"name":"zpao","email":"paul@oshannessy.com"},"maintainers":[{"name":"spicyj","email":"ben@benalpert.com"},{"name":"zpao","email":"paul@oshannessy.com"}],"dist":{"shasum":"94b78c9c45edbc6d5ca95962b8ae96f528384320","tarball":"https://registry.npmjs.org/react-addons-css-transition-group/-/react-addons-css-transition-group-0.14.1.tgz"},"directories":{}},"0.14.2":{"name":"react-addons-css-transition-group","version":"0.14.2","main":"index.js","license":"BSD-3-Clause","peerDependencies":{"react":"^0.14.2"},"description":"This package provides the React CSSTransitionGroup add-on. See http://facebook.github.io/react/docs/addons.html for more information.","_id":"react-addons-css-transition-group@0.14.2","_shasum":"65dbf56f2e28c7e1307aa74c19f7646717ce13aa","_resolved":"file:build/packages/react-addons-css-transition-group.tgz","_from":"build/packages/react-addons-css-transition-group.tgz","scripts":{},"_npmVersion":"2.14.9","_nodeVersion":"4.2.0","_npmUser":{"name":"zpao","email":"paul@oshannessy.com"},"maintainers":[{"name":"spicyj","email":"ben@benalpert.com"},{"name":"zpao","email":"paul@oshannessy.com"}],"dist":{"shasum":"65dbf56f2e28c7e1307aa74c19f7646717ce13aa","tarball":"https://registry.npmjs.org/react-addons-css-transition-group/-/react-addons-css-transition-group-0.14.2.tgz"},"directories":{}},"0.14.3":{"name":"react-addons-css-transition-group","version":"0.14.3","main":"index.js","repository":{"type":"git","url":"git+https://github.com/facebook/react.git"},"keywords":["react","react-addon"],"license":"BSD-3-Clause","peerDependencies":{"react":"^0.14.3"},"description":"This package provides the React CSSTransitionGroup add-on.","bugs":{"url":"https://github.com/facebook/react/issues"},"homepage":"https://github.com/facebook/react#readme","_id":"react-addons-css-transition-group@0.14.3","_shasum":"775fff754162f258dc781bcfb6dc70fb803c5dc3","_resolved":"file:build/packages/react-addons-css-transition-group.tgz","_from":"build/packages/react-addons-css-transition-group.tgz","scripts":{},"_npmVersion":"2.14.7","_nodeVersion":"4.2.2","_npmUser":{"name":"zpao","email":"paul@oshannessy.com"},"maintainers":[{"name":"spicyj","email":"ben@benalpert.com"},{"name":"zpao","email":"paul@oshannessy.com"}],"dist":{"shasum":"775fff754162f258dc781bcfb6dc70fb803c5dc3","tarball":"https://registry.npmjs.org/react-addons-css-transition-group/-/react-addons-css-transition-group-0.14.3.tgz"},"directories":{}},"0.14.4":{"name":"react-addons-css-transition-group","version":"0.14.4","main":"index.js","repository":{"type":"git","url":"git+https://github.com/facebook/react.git"},"keywords":["react","react-addon"],"license":"BSD-3-Clause","peerDependencies":{"react":"^0.14.4"},"description":"This package provides the React CSSTransitionGroup add-on.","bugs":{"url":"https://github.com/facebook/react/issues"},"homepage":"https://github.com/facebook/react#readme","_id":"react-addons-css-transition-group@0.14.4","_shasum":"a5b6e1c2e5b21f5c85b4c54465f4f901dff02178","_resolved":"file:build/packages/react-addons-css-transition-group.tgz","_from":"build/packages/react-addons-css-transition-group.tgz","scripts":{},"_npmVersion":"2.14.4","_nodeVersion":"4.1.0","_npmUser":{"name":"spicyj","email":"ben@benalpert.com"},"maintainers":[{"name":"spicyj","email":"ben@benalpert.com"},{"name":"zpao","email":"paul@oshannessy.com"}],"dist":{"shasum":"a5b6e1c2e5b21f5c85b4c54465f4f901dff02178","tarball":"https://registry.npmjs.org/react-addons-css-transition-group/-/react-addons-css-transition-group-0.14.4.tgz"},"directories":{}},"0.14.5":{"name":"react-addons-css-transition-group","version":"0.14.5","main":"index.js","repository":{"type":"git","url":"git+https://github.com/facebook/react.git"},"keywords":["react","react-addon"],"license":"BSD-3-Clause","peerDependencies":{"react":"^0.14.5"},"description":"This package provides the React CSSTransitionGroup add-on.","bugs":{"url":"https://github.com/facebook/react/issues"},"homepage":"https://github.com/facebook/react#readme","_id":"react-addons-css-transition-group@0.14.5","_shasum":"597a5d92423eeae0790d9e8220077c65574d8633","_resolved":"file:build/packages/react-addons-css-transition-group.tgz","_from":"build/packages/react-addons-css-transition-group.tgz","scripts":{},"_npmVersion":"2.14.4","_nodeVersion":"4.1.0","_npmUser":{"name":"spicyj","email":"ben@benalpert.com"},"maintainers":[{"name":"spicyj","email":"ben@benalpert.com"},{"name":"zpao","email":"paul@oshannessy.com"}],"dist":{"shasum":"597a5d92423eeae0790d9e8220077c65574d8633","tarball":"https://registry.npmjs.org/react-addons-css-transition-group/-/react-addons-css-transition-group-0.14.5.tgz"},"directories":{}},"0.14.6":{"name":"react-addons-css-transition-group","version":"0.14.6","main":"index.js","repository":{"type":"git","url":"git+https://github.com/facebook/react.git"},"keywords":["react","react-addon"],"license":"BSD-3-Clause","peerDependencies":{"react":"^0.14.6"},"description":"This package provides the React CSSTransitionGroup add-on.","bugs":{"url":"https://github.com/facebook/react/issues"},"homepage":"https://github.com/facebook/react#readme","_id":"react-addons-css-transition-group@0.14.6","_shasum":"0b64b577b6033d98c6523ddad14903f6a6c2334e","_resolved":"file:build/packages/react-addons-css-transition-group.tgz","_from":"build/packages/react-addons-css-transition-group.tgz","scripts":{},"_npmVersion":"2.14.15","_nodeVersion":"4.2.2","_npmUser":{"name":"zpao","email":"paul@oshannessy.com"},"maintainers":[{"name":"spicyj","email":"ben@benalpert.com"},{"name":"zpao","email":"paul@oshannessy.com"}],"dist":{"shasum":"0b64b577b6033d98c6523ddad14903f6a6c2334e","tarball":"https://registry.npmjs.org/react-addons-css-transition-group/-/react-addons-css-transition-group-0.14.6.tgz"},"directories":{}},"0.15.0-alpha.1":{"name":"react-addons-css-transition-group","version":"0.15.0-alpha.1","main":"index.js","repository":{"type":"git","url":"git+https://github.com/facebook/react.git"},"keywords":["react","react-addon"],"license":"BSD-3-Clause","peerDependencies":{"react":"^0.15.0-alpha.1"},"description":"This package provides the React CSSTransitionGroup add-on.","bugs":{"url":"https://github.com/facebook/react/issues"},"homepage":"https://github.com/facebook/react#readme","_id":"react-addons-css-transition-group@0.15.0-alpha.1","_shasum":"3d3d9b1aecd0dfc905ef3e8e4d00acd275b3a319","_resolved":"file:build/packages/react-addons-css-transition-group.tgz","_from":"build/packages/react-addons-css-transition-group.tgz","scripts":{},"_npmVersion":"2.14.15","_nodeVersion":"4.2.2","_npmUser":{"name":"zpao","email":"paul@oshannessy.com"},"maintainers":[{"name":"spicyj","email":"ben@benalpert.com"},{"name":"zpao","email":"paul@oshannessy.com"}],"dist":{"shasum":"3d3d9b1aecd0dfc905ef3e8e4d00acd275b3a319","tarball":"https://registry.npmjs.org/react-addons-css-transition-group/-/react-addons-css-transition-group-0.15.0-alpha.1.tgz"},"directories":{}},"0.14.7":{"name":"react-addons-css-transition-group","version":"0.14.7","main":"index.js","repository":{"type":"git","url":"git+https://github.com/facebook/react.git"},"keywords":["react","react-addon"],"license":"BSD-3-Clause","dependencies":{},"peerDependencies":{"react":"^0.14.7"},"description":"This package provides the React CSSTransitionGroup add-on.","bugs":{"url":"https://github.com/facebook/react/issues"},"homepage":"https://github.com/facebook/react#readme","_id":"react-addons-css-transition-group@0.14.7","_shasum":"e8742ba0f695221018234fbbdc4b5a138bb0faf3","_resolved":"file:build/packages/react-addons-css-transition-group.tgz","_from":"build/packages/react-addons-css-transition-group.tgz","scripts":{},"_npmVersion":"2.14.12","_nodeVersion":"4.2.6","_npmUser":{"name":"graue","email":"scott@oceanbase.org"},"dist":{"shasum":"e8742ba0f695221018234fbbdc4b5a138bb0faf3","tarball":"https://registry.npmjs.org/react-addons-css-transition-group/-/react-addons-css-transition-group-0.14.7.tgz"},"maintainers":[{"name":"graue","email":"scott@oceanbase.org"},{"name":"spicyj","email":"ben@benalpert.com"},{"name":"zpao","email":"paul@oshannessy.com"}],"directories":{}},"15.0.0-rc.1":{"name":"react-addons-css-transition-group","version":"15.0.0-rc.1","main":"index.js","repository":{"type":"git","url":"git+https://github.com/facebook/react.git"},"keywords":["react","react-addon"],"license":"BSD-3-Clause","dependencies":{},"peerDependencies":{"react":"^15.0.0-rc.1"},"description":"This package provides the React CSSTransitionGroup add-on.","bugs":{"url":"https://github.com/facebook/react/issues"},"homepage":"https://github.com/facebook/react#readme","_id":"react-addons-css-transition-group@15.0.0-rc.1","_shasum":"a4572764f2efe8e820670a8306ceb0eeac7161e8","_resolved":"file:build/packages/react-addons-css-transition-group.tgz","_from":"build/packages/react-addons-css-transition-group.tgz","scripts":{},"_npmVersion":"2.14.12","_nodeVersion":"4.3.0","_npmUser":{"name":"zpao","email":"paul@oshannessy.com"},"maintainers":[{"name":"graue","email":"scott@oceanbase.org"},{"name":"spicyj","email":"ben@benalpert.com"},{"name":"zpao","email":"paul@oshannessy.com"}],"dist":{"shasum":"a4572764f2efe8e820670a8306ceb0eeac7161e8","tarball":"https://registry.npmjs.org/react-addons-css-transition-group/-/react-addons-css-transition-group-15.0.0-rc.1.tgz"},"_npmOperationalInternal":{"host":"packages-13-west.internal.npmjs.com","tmp":"tmp/react-addons-css-transition-group-15.0.0-rc.1.tgz_1457399255143_0.20034273248165846"},"directories":{}},"15.0.0-rc.2":{"name":"react-addons-css-transition-group","version":"15.0.0-rc.2","main":"index.js","repository":{"type":"git","url":"git+https://github.com/facebook/react.git"},"keywords":["react","react-addon"],"license":"BSD-3-Clause","dependencies":{},"peerDependencies":{"react":"^15.0.0-rc.2"},"description":"This package provides the React CSSTransitionGroup add-on.","bugs":{"url":"https://github.com/facebook/react/issues"},"homepage":"https://github.com/facebook/react#readme","_id":"react-addons-css-transition-group@15.0.0-rc.2","_shasum":"d390bc3e8c3bab29cc539ebd4cd03b13e9cd5b34","_resolved":"file:build/packages/react-addons-css-transition-group.tgz","_from":"build/packages/react-addons-css-transition-group.tgz","scripts":{},"_npmVersion":"3.8.1","_nodeVersion":"5.1.1","_npmUser":{"name":"gaearon","email":"dan.abramov@gmail.com"},"dist":{"shasum":"d390bc3e8c3bab29cc539ebd4cd03b13e9cd5b34","tarball":"https://registry.npmjs.org/react-addons-css-transition-group/-/react-addons-css-transition-group-15.0.0-rc.2.tgz"},"maintainers":[{"name":"gaearon","email":"dan.abramov@gmail.com"},{"name":"graue","email":"scott@oceanbase.org"},{"name":"sebmarkbage","email":"sebastian@calyptus.eu"},{"name":"spicyj","email":"ben@benalpert.com"},{"name":"zpao","email":"paul@oshannessy.com"}],"_npmOperationalInternal":{"host":"packages-12-west.internal.npmjs.com","tmp":"tmp/react-addons-css-transition-group-15.0.0-rc.2.tgz_1458166597400_0.21416393294930458"},"directories":{}},"0.14.8":{"name":"react-addons-css-transition-group","version":"0.14.8","main":"index.js","repository":{"type":"git","url":"git+https://github.com/facebook/react.git"},"keywords":["react","react-addon"],"license":"BSD-3-Clause","dependencies":{},"peerDependencies":{"react":"^0.14.8"},"description":"This package provides the React CSSTransitionGroup add-on.","bugs":{"url":"https://github.com/facebook/react/issues"},"homepage":"https://github.com/facebook/react#readme","_id":"react-addons-css-transition-group@0.14.8","_shasum":"c7a2279e71095e743c43a3a4583a1e4f1a2dd61d","_resolved":"file:build/packages/react-addons-css-transition-group.tgz","_from":"build/packages/react-addons-css-transition-group.tgz","scripts":{},"_npmVersion":"2.14.7","_nodeVersion":"4.2.1","_npmUser":{"name":"gaearon","email":"dan.abramov@gmail.com"},"dist":{"shasum":"c7a2279e71095e743c43a3a4583a1e4f1a2dd61d","tarball":"https://registry.npmjs.org/react-addons-css-transition-group/-/react-addons-css-transition-group-0.14.8.tgz"},"maintainers":[{"name":"gaearon","email":"dan.abramov@gmail.com"},{"name":"graue","email":"scott@oceanbase.org"},{"name":"sebmarkbage","email":"sebastian@calyptus.eu"},{"name":"spicyj","email":"ben@benalpert.com"},{"name":"zpao","email":"paul@oshannessy.com"}],"_npmOperationalInternal":{"host":"packages-16-east.internal.npmjs.com","tmp":"tmp/react-addons-css-transition-group-0.14.8.tgz_1459268418394_0.4979522430803627"},"directories":{}},"15.0.0":{"name":"react-addons-css-transition-group","version":"15.0.0","main":"index.js","repository":{"type":"git","url":"git+https://github.com/facebook/react.git"},"keywords":["react","react-addon"],"license":"BSD-3-Clause","dependencies":{},"peerDependencies":{"react":"^15.0.0"},"description":"This package provides the React CSSTransitionGroup add-on.","bugs":{"url":"https://github.com/facebook/react/issues"},"homepage":"https://github.com/facebook/react#readme","_id":"react-addons-css-transition-group@15.0.0","_shasum":"8abdffae4adcb467ce7b6a99bdeb49f991ae93c4","_resolved":"file:build/packages/react-addons-css-transition-group.tgz","_from":"build/packages/react-addons-css-transition-group.tgz","scripts":{},"_npmVersion":"2.15.3","_nodeVersion":"4.4.0","_npmUser":{"name":"zpao","email":"paul@oshannessy.com"},"maintainers":[{"name":"gaearon","email":"dan.abramov@gmail.com"},{"name":"graue","email":"scott@oceanbase.org"},{"name":"sebmarkbage","email":"sebastian@calyptus.eu"},{"name":"spicyj","email":"ben@benalpert.com"},{"name":"zpao","email":"paul@oshannessy.com"}],"dist":{"shasum":"8abdffae4adcb467ce7b6a99bdeb49f991ae93c4","tarball":"https://registry.npmjs.org/react-addons-css-transition-group/-/react-addons-css-transition-group-15.0.0.tgz"},"_npmOperationalInternal":{"host":"packages-12-west.internal.npmjs.com","tmp":"tmp/react-addons-css-transition-group-15.0.0.tgz_1460064347700_0.7622950624208897"},"directories":{}},"15.0.1":{"name":"react-addons-css-transition-group","version":"15.0.1","main":"index.js","repository":{"type":"git","url":"git+https://github.com/facebook/react.git"},"keywords":["react","react-addon"],"license":"BSD-3-Clause","dependencies":{},"peerDependencies":{"react":"^15.0.1"},"description":"This package provides the React CSSTransitionGroup add-on.","bugs":{"url":"https://github.com/facebook/react/issues"},"homepage":"https://github.com/facebook/react#readme","_id":"react-addons-css-transition-group@15.0.1","_shasum":"649ae8464dfcc42a4f41a597e94de300c0cec4a0","_resolved":"file:build/packages/react-addons-css-transition-group.tgz","_from":"build/packages/react-addons-css-transition-group.tgz","scripts":{},"_npmVersion":"2.15.0","_nodeVersion":"4.4.2","_npmUser":{"name":"zpao","email":"paul@oshannessy.com"},"maintainers":[{"name":"gaearon","email":"dan.abramov@gmail.com"},{"name":"graue","email":"scott@oceanbase.org"},{"name":"sebmarkbage","email":"sebastian@calyptus.eu"},{"name":"spicyj","email":"ben@benalpert.com"},{"name":"zpao","email":"paul@oshannessy.com"}],"dist":{"shasum":"649ae8464dfcc42a4f41a597e94de300c0cec4a0","tarball":"https://registry.npmjs.org/react-addons-css-transition-group/-/react-addons-css-transition-group-15.0.1.tgz"},"_npmOperationalInternal":{"host":"packages-12-west.internal.npmjs.com","tmp":"tmp/react-addons-css-transition-group-15.0.1.tgz_1460139847236_0.24711652379482985"},"directories":{}},"15.0.2-alpha.1":{"name":"react-addons-css-transition-group","version":"15.0.2-alpha.1","main":"index.js","repository":{"type":"git","url":"git+https://github.com/facebook/react.git"},"keywords":["react","react-addon"],"license":"BSD-3-Clause","dependencies":{},"peerDependencies":{"react":"^15.0.2-alpha.1"},"description":"This package provides the React CSSTransitionGroup add-on.","bugs":{"url":"https://github.com/facebook/react/issues"},"homepage":"https://github.com/facebook/react#readme","_id":"react-addons-css-transition-group@15.0.2-alpha.1","_shasum":"e303e939c04f95f6dd3e640c9d94a65aacb93287","_resolved":"file:build/packages/react-addons-css-transition-group.tgz","_from":"build/packages/react-addons-css-transition-group.tgz","scripts":{},"_npmVersion":"2.15.3","_nodeVersion":"4.4.2","_npmUser":{"name":"zpao","email":"paul@oshannessy.com"},"maintainers":[{"name":"gaearon","email":"dan.abramov@gmail.com"},{"name":"graue","email":"scott@oceanbase.org"},{"name":"sebmarkbage","email":"sebastian@calyptus.eu"},{"name":"spicyj","email":"ben@benalpert.com"},{"name":"zpao","email":"paul@oshannessy.com"}],"dist":{"shasum":"e303e939c04f95f6dd3e640c9d94a65aacb93287","tarball":"https://registry.npmjs.org/react-addons-css-transition-group/-/react-addons-css-transition-group-15.0.2-alpha.1.tgz"},"_npmOperationalInternal":{"host":"packages-16-east.internal.npmjs.com","tmp":"tmp/react-addons-css-transition-group-15.0.2-alpha.1.tgz_1461176209528_0.9011706279125065"},"directories":{}},"15.0.2-alpha.2":{"name":"react-addons-css-transition-group","version":"15.0.2-alpha.2","main":"index.js","repository":{"type":"git","url":"git+https://github.com/facebook/react.git"},"keywords":["react","react-addon"],"license":"BSD-3-Clause","dependencies":{},"peerDependencies":{"react":"^15.0.2-alpha.2"},"description":"This package provides the React CSSTransitionGroup add-on.","bugs":{"url":"https://github.com/facebook/react/issues"},"homepage":"https://github.com/facebook/react#readme","_id":"react-addons-css-transition-group@15.0.2-alpha.2","_shasum":"a16c21b17f338cb9b6dd91b5dd9d66ae2c84d006","_resolved":"file:build/packages/react-addons-css-transition-group.tgz","_from":"build/packages/react-addons-css-transition-group.tgz","scripts":{},"_npmVersion":"2.14.19","_nodeVersion":"4.1.0","_npmUser":{"name":"spicyj","email":"ben@benalpert.com"},"maintainers":[{"name":"gaearon","email":"dan.abramov@gmail.com"},{"name":"graue","email":"scott@oceanbase.org"},{"name":"sebmarkbage","email":"sebastian@calyptus.eu"},{"name":"spicyj","email":"ben@benalpert.com"},{"name":"zpao","email":"paul@oshannessy.com"}],"dist":{"shasum":"a16c21b17f338cb9b6dd91b5dd9d66ae2c84d006","tarball":"https://registry.npmjs.org/react-addons-css-transition-group/-/react-addons-css-transition-group-15.0.2-alpha.2.tgz"},"_npmOperationalInternal":{"host":"packages-16-east.internal.npmjs.com","tmp":"tmp/react-addons-css-transition-group-15.0.2-alpha.2.tgz_1461277304572_0.8022440248169005"},"directories":{}},"15.0.2-alpha.3":{"name":"react-addons-css-transition-group","version":"15.0.2-alpha.3","main":"index.js","repository":{"type":"git","url":"git+https://github.com/facebook/react.git"},"keywords":["react","react-addon"],"license":"BSD-3-Clause","dependencies":{},"peerDependencies":{"react":"^15.0.2-alpha.3"},"description":"This package provides the React CSSTransitionGroup add-on.","bugs":{"url":"https://github.com/facebook/react/issues"},"homepage":"https://github.com/facebook/react#readme","_id":"react-addons-css-transition-group@15.0.2-alpha.3","_shasum":"413f88d2b132dada89c7052e92cb80870343eac9","_resolved":"file:build/packages/react-addons-css-transition-group.tgz","_from":"build/packages/react-addons-css-transition-group.tgz","scripts":{},"_npmVersion":"2.15.3","_nodeVersion":"4.4.2","_npmUser":{"name":"zpao","email":"paul@oshannessy.com"},"maintainers":[{"name":"gaearon","email":"dan.abramov@gmail.com"},{"name":"graue","email":"scott@oceanbase.org"},{"name":"sebmarkbage","email":"sebastian@calyptus.eu"},{"name":"spicyj","email":"ben@benalpert.com"},{"name":"zpao","email":"paul@oshannessy.com"}],"dist":{"shasum":"413f88d2b132dada89c7052e92cb80870343eac9","tarball":"https://registry.npmjs.org/react-addons-css-transition-group/-/react-addons-css-transition-group-15.0.2-alpha.3.tgz"},"_npmOperationalInternal":{"host":"packages-12-west.internal.npmjs.com","tmp":"tmp/react-addons-css-transition-group-15.0.2-alpha.3.tgz_1461614606842_0.24979211040772498"},"directories":{}},"15.0.2-alpha.4":{"name":"react-addons-css-transition-group","version":"15.0.2-alpha.4","main":"index.js","repository":{"type":"git","url":"git+https://github.com/facebook/react.git"},"keywords":["react","react-addon"],"license":"BSD-3-Clause","dependencies":{},"peerDependencies":{"react":"^15.0.2-alpha.4"},"description":"This package provides the React CSSTransitionGroup add-on.","bugs":{"url":"https://github.com/facebook/react/issues"},"homepage":"https://github.com/facebook/react#readme","_id":"react-addons-css-transition-group@15.0.2-alpha.4","_shasum":"7805615aa2c494fa52770868b1cfcd49812c3b79","_resolved":"file:build/packages/react-addons-css-transition-group.tgz","_from":"build/packages/react-addons-css-transition-group.tgz","scripts":{},"_npmVersion":"2.15.3","_nodeVersion":"4.4.2","_npmUser":{"name":"zpao","email":"paul@oshannessy.com"},"maintainers":[{"name":"gaearon","email":"dan.abramov@gmail.com"},{"name":"graue","email":"scott@oceanbase.org"},{"name":"sebmarkbage","email":"sebastian@calyptus.eu"},{"name":"spicyj","email":"ben@benalpert.com"},{"name":"zpao","email":"paul@oshannessy.com"}],"dist":{"shasum":"7805615aa2c494fa52770868b1cfcd49812c3b79","tarball":"https://registry.npmjs.org/react-addons-css-transition-group/-/react-addons-css-transition-group-15.0.2-alpha.4.tgz"},"_npmOperationalInternal":{"host":"packages-16-east.internal.npmjs.com","tmp":"tmp/react-addons-css-transition-group-15.0.2-alpha.4.tgz_1461827501237_0.29382003331556916"},"directories":{}},"15.0.2":{"name":"react-addons-css-transition-group","version":"15.0.2","main":"index.js","repository":{"type":"git","url":"git+https://github.com/facebook/react.git"},"keywords":["react","react-addon"],"license":"BSD-3-Clause","dependencies":{},"peerDependencies":{"react":"^15.0.2"},"description":"This package provides the React CSSTransitionGroup add-on.","bugs":{"url":"https://github.com/facebook/react/issues"},"homepage":"https://github.com/facebook/react#readme","_id":"react-addons-css-transition-group@15.0.2","_shasum":"8b0a4c296909ca70cdcce06fb254c204ea1f9721","_resolved":"file:build/packages/react-addons-css-transition-group.tgz","_from":"build/packages/react-addons-css-transition-group.tgz","scripts":{},"_npmVersion":"2.15.1","_nodeVersion":"4.4.3","_npmUser":{"name":"zpao","email":"paul@oshannessy.com"},"maintainers":[{"name":"gaearon","email":"dan.abramov@gmail.com"},{"name":"graue","email":"scott@oceanbase.org"},{"name":"sebmarkbage","email":"sebastian@calyptus.eu"},{"name":"spicyj","email":"ben@benalpert.com"},{"name":"zpao","email":"paul@oshannessy.com"}],"dist":{"shasum":"8b0a4c296909ca70cdcce06fb254c204ea1f9721","tarball":"https://registry.npmjs.org/react-addons-css-transition-group/-/react-addons-css-transition-group-15.0.2.tgz"},"_npmOperationalInternal":{"host":"packages-16-east.internal.npmjs.com","tmp":"tmp/react-addons-css-transition-group-15.0.2.tgz_1461976678550_0.9883595304563642"},"directories":{}},"15.0.3-alpha.1":{"name":"react-addons-css-transition-group","version":"15.0.3-alpha.1","main":"index.js","repository":{"type":"git","url":"git+https://github.com/facebook/react.git"},"keywords":["react","react-addon"],"license":"BSD-3-Clause","dependencies":{},"peerDependencies":{"react":"^15.0.3-alpha.1"},"description":"This package provides the React CSSTransitionGroup add-on.","bugs":{"url":"https://github.com/facebook/react/issues"},"homepage":"https://github.com/facebook/react#readme","_id":"react-addons-css-transition-group@15.0.3-alpha.1","_shasum":"dacfe916b3289979e7ab8afd3d20f66879617a50","_resolved":"file:build/packages/react-addons-css-transition-group.tgz","_from":"build/packages/react-addons-css-transition-group.tgz","scripts":{},"_npmVersion":"2.15.1","_nodeVersion":"4.4.3","_npmUser":{"name":"zpao","email":"paul@oshannessy.com"},"maintainers":[{"name":"gaearon","email":"dan.abramov@gmail.com"},{"name":"graue","email":"scott@oceanbase.org"},{"name":"sebmarkbage","email":"sebastian@calyptus.eu"},{"name":"spicyj","email":"ben@benalpert.com"},{"name":"zpao","email":"paul@oshannessy.com"}],"dist":{"shasum":"dacfe916b3289979e7ab8afd3d20f66879617a50","tarball":"https://registry.npmjs.org/react-addons-css-transition-group/-/react-addons-css-transition-group-15.0.3-alpha.1.tgz"},"_npmOperationalInternal":{"host":"packages-16-east.internal.npmjs.com","tmp":"tmp/react-addons-css-transition-group-15.0.3-alpha.1.tgz_1462304399415_0.3570594605989754"},"directories":{}},"15.0.3-alpha.2":{"name":"react-addons-css-transition-group","version":"15.0.3-alpha.2","main":"index.js","repository":{"type":"git","url":"git+https://github.com/facebook/react.git"},"keywords":["react","react-addon"],"license":"BSD-3-Clause","dependencies":{},"peerDependencies":{"react":"^15.0.3-alpha.2"},"description":"This package provides the React CSSTransitionGroup add-on.","bugs":{"url":"https://github.com/facebook/react/issues"},"homepage":"https://github.com/facebook/react#readme","_id":"react-addons-css-transition-group@15.0.3-alpha.2","_shasum":"ee5187de3935e46833207d5cb2d6e83e1f4222b1","_resolved":"file:build/packages/react-addons-css-transition-group.tgz","_from":"build/packages/react-addons-css-transition-group.tgz","scripts":{},"_npmVersion":"2.15.1","_nodeVersion":"4.4.3","_npmUser":{"name":"zpao","email":"paul@oshannessy.com"},"maintainers":[{"name":"gaearon","email":"dan.abramov@gmail.com"},{"name":"graue","email":"scott@oceanbase.org"},{"name":"sebmarkbage","email":"sebastian@calyptus.eu"},{"name":"spicyj","email":"ben@benalpert.com"},{"name":"zpao","email":"paul@oshannessy.com"}],"dist":{"shasum":"ee5187de3935e46833207d5cb2d6e83e1f4222b1","tarball":"https://registry.npmjs.org/react-addons-css-transition-group/-/react-addons-css-transition-group-15.0.3-alpha.2.tgz"},"_npmOperationalInternal":{"host":"packages-16-east.internal.npmjs.com","tmp":"tmp/react-addons-css-transition-group-15.0.3-alpha.2.tgz_1462855040686_0.8913425512146205"},"directories":{}},"15.1.0-alpha.1":{"name":"react-addons-css-transition-group","version":"15.1.0-alpha.1","main":"index.js","repository":{"type":"git","url":"git+https://github.com/facebook/react.git"},"keywords":["react","react-addon"],"license":"BSD-3-Clause","dependencies":{},"peerDependencies":{"react":"^15.1.0-alpha.1"},"description":"This package provides the React CSSTransitionGroup add-on.","bugs":{"url":"https://github.com/facebook/react/issues"},"homepage":"https://github.com/facebook/react#readme","_id":"react-addons-css-transition-group@15.1.0-alpha.1","_shasum":"9ea5158604591303ef7abcd750eb639e4406ddff","_resolved":"file:build/packages/react-addons-css-transition-group.tgz","_from":"build/packages/react-addons-css-transition-group.tgz","scripts":{},"_npmVersion":"2.15.1","_nodeVersion":"4.4.3","_npmUser":{"name":"zpao","email":"paul@oshannessy.com"},"maintainers":[{"name":"gaearon","email":"dan.abramov@gmail.com"},{"name":"graue","email":"scott@oceanbase.org"},{"name":"sebmarkbage","email":"sebastian@calyptus.eu"},{"name":"spicyj","email":"ben@benalpert.com"},{"name":"zpao","email":"paul@oshannessy.com"}],"dist":{"shasum":"9ea5158604591303ef7abcd750eb639e4406ddff","tarball":"https://registry.npmjs.org/react-addons-css-transition-group/-/react-addons-css-transition-group-15.1.0-alpha.1.tgz"},"_npmOperationalInternal":{"host":"packages-16-east.internal.npmjs.com","tmp":"tmp/react-addons-css-transition-group-15.1.0-alpha.1.tgz_1462858070661_0.7788069664966315"},"directories":{}},"15.1.0":{"name":"react-addons-css-transition-group","version":"15.1.0","main":"index.js","repository":{"type":"git","url":"git+https://github.com/facebook/react.git"},"keywords":["react","react-addon"],"license":"BSD-3-Clause","dependencies":{},"peerDependencies":{"react":"^15.1.0"},"description":"This package provides the React CSSTransitionGroup add-on.","bugs":{"url":"https://github.com/facebook/react/issues"},"homepage":"https://github.com/facebook/react#readme","_id":"react-addons-css-transition-group@15.1.0","_shasum":"057024a699386a47a1ff7e48b2138a0ad0291f14","_resolved":"file:build/packages/react-addons-css-transition-group.tgz","_from":"build/packages/react-addons-css-transition-group.tgz","scripts":{},"_npmVersion":"2.15.1","_nodeVersion":"4.4.3","_npmUser":{"name":"zpao","email":"paul@oshannessy.com"},"maintainers":[{"name":"gaearon","email":"dan.abramov@gmail.com"},{"name":"graue","email":"scott@oceanbase.org"},{"name":"sebmarkbage","email":"sebastian@calyptus.eu"},{"name":"spicyj","email":"ben@benalpert.com"},{"name":"zpao","email":"paul@oshannessy.com"}],"dist":{"shasum":"057024a699386a47a1ff7e48b2138a0ad0291f14","tarball":"https://registry.npmjs.org/react-addons-css-transition-group/-/react-addons-css-transition-group-15.1.0.tgz"},"_npmOperationalInternal":{"host":"packages-12-west.internal.npmjs.com","tmp":"tmp/react-addons-css-transition-group-15.1.0.tgz_1463785556731_0.7446609768085182"},"directories":{}},"15.2.0-rc.1":{"name":"react-addons-css-transition-group","version":"15.2.0-rc.1","main":"index.js","repository":{"type":"git","url":"git+https://github.com/facebook/react.git"},"keywords":["react","react-addon"],"license":"BSD-3-Clause","dependencies":{},"peerDependencies":{"react":"^15.2.0-rc.1"},"description":"This package provides the React CSSTransitionGroup add-on.","bugs":{"url":"https://github.com/facebook/react/issues"},"homepage":"https://github.com/facebook/react#readme","_id":"react-addons-css-transition-group@15.2.0-rc.1","_shasum":"fee045c787bc6dbf012e1e559610091b2c71f6d8","_resolved":"file:build/packages/react-addons-css-transition-group.tgz","_from":"build/packages/react-addons-css-transition-group.tgz","scripts":{},"_npmVersion":"2.15.5","_nodeVersion":"4.4.5","_npmUser":{"name":"zpao","email":"paul@oshannessy.com"},"maintainers":[{"name":"gaearon","email":"dan.abramov@gmail.com"},{"name":"graue","email":"scott@oceanbase.org"},{"name":"sebmarkbage","email":"sebastian@calyptus.eu"},{"name":"spicyj","email":"ben@benalpert.com"},{"name":"zpao","email":"paul@oshannessy.com"}],"dist":{"shasum":"fee045c787bc6dbf012e1e559610091b2c71f6d8","tarball":"https://registry.npmjs.org/react-addons-css-transition-group/-/react-addons-css-transition-group-15.2.0-rc.1.tgz"},"_npmOperationalInternal":{"host":"packages-12-west.internal.npmjs.com","tmp":"tmp/react-addons-css-transition-group-15.2.0-rc.1.tgz_1465954180429_0.5942180012352765"},"directories":{}},"15.2.0-rc.2":{"name":"react-addons-css-transition-group","version":"15.2.0-rc.2","main":"index.js","repository":{"type":"git","url":"git+https://github.com/facebook/react.git"},"keywords":["react","react-addon"],"license":"BSD-3-Clause","dependencies":{},"peerDependencies":{"react":"^15.2.0-rc.2"},"description":"This package provides the React CSSTransitionGroup add-on.","bugs":{"url":"https://github.com/facebook/react/issues"},"homepage":"https://github.com/facebook/react#readme","_id":"react-addons-css-transition-group@15.2.0-rc.2","_shasum":"305035ac66e67abd620bdee1c8eaf91a1c56090b","_resolved":"file:build/packages/react-addons-css-transition-group.tgz","_from":"build/packages/react-addons-css-transition-group.tgz","scripts":{},"_npmVersion":"2.15.5","_nodeVersion":"4.4.5","_npmUser":{"name":"zpao","email":"paul@oshannessy.com"},"maintainers":[{"name":"gaearon","email":"dan.abramov@gmail.com"},{"name":"graue","email":"scott@oceanbase.org"},{"name":"sebmarkbage","email":"sebastian@calyptus.eu"},{"name":"spicyj","email":"ben@benalpert.com"},{"name":"zpao","email":"paul@oshannessy.com"}],"dist":{"shasum":"305035ac66e67abd620bdee1c8eaf91a1c56090b","tarball":"https://registry.npmjs.org/react-addons-css-transition-group/-/react-addons-css-transition-group-15.2.0-rc.2.tgz"},"_npmOperationalInternal":{"host":"packages-12-west.internal.npmjs.com","tmp":"tmp/react-addons-css-transition-group-15.2.0-rc.2.tgz_1467354691324_0.5751724631991237"},"directories":{}},"15.2.0":{"name":"react-addons-css-transition-group","version":"15.2.0","main":"index.js","repository":{"type":"git","url":"git+https://github.com/facebook/react.git"},"keywords":["react","react-addon"],"license":"BSD-3-Clause","dependencies":{},"peerDependencies":{"react":"^15.2.0"},"description":"This package provides the React CSSTransitionGroup add-on.","bugs":{"url":"https://github.com/facebook/react/issues"},"homepage":"https://github.com/facebook/react#readme","_id":"react-addons-css-transition-group@15.2.0","_shasum":"3ce3002489fc08705ce77b929bf00376514236ad","_resolved":"file:build/packages/react-addons-css-transition-group.tgz","_from":"build/packages/react-addons-css-transition-group.tgz","scripts":{},"_npmVersion":"2.15.5","_nodeVersion":"4.4.5","_npmUser":{"name":"zpao","email":"paul@oshannessy.com"},"maintainers":[{"name":"gaearon","email":"dan.abramov@gmail.com"},{"name":"graue","email":"scott@oceanbase.org"},{"name":"sebmarkbage","email":"sebastian@calyptus.eu"},{"name":"spicyj","email":"ben@benalpert.com"},{"name":"zpao","email":"paul@oshannessy.com"}],"dist":{"shasum":"3ce3002489fc08705ce77b929bf00376514236ad","tarball":"https://registry.npmjs.org/react-addons-css-transition-group/-/react-addons-css-transition-group-15.2.0.tgz"},"_npmOperationalInternal":{"host":"packages-12-west.internal.npmjs.com","tmp":"tmp/react-addons-css-transition-group-15.2.0.tgz_1467399102817_0.9852273040451109"},"directories":{}},"15.2.1":{"name":"react-addons-css-transition-group","version":"15.2.1","main":"index.js","repository":{"type":"git","url":"git+https://github.com/facebook/react.git"},"keywords":["react","react-addon"],"license":"BSD-3-Clause","dependencies":{},"peerDependencies":{"react":"^15.2.1"},"description":"This package provides the React CSSTransitionGroup add-on.","bugs":{"url":"https://github.com/facebook/react/issues"},"homepage":"https://github.com/facebook/react#readme","_id":"react-addons-css-transition-group@15.2.1","_shasum":"2e77a838ba8bd3812c0a8b418fea7a7cc303d84b","_resolved":"file:build/packages/react-addons-css-transition-group.tgz","_from":"build/packages/react-addons-css-transition-group.tgz","scripts":{},"_npmVersion":"2.15.5","_nodeVersion":"4.4.5","_npmUser":{"name":"zpao","email":"paul@oshannessy.com"},"maintainers":[{"name":"gaearon","email":"dan.abramov@gmail.com"},{"name":"graue","email":"scott@oceanbase.org"},{"name":"sebmarkbage","email":"sebastian@calyptus.eu"},{"name":"spicyj","email":"ben@benalpert.com"},{"name":"zpao","email":"paul@oshannessy.com"}],"dist":{"shasum":"2e77a838ba8bd3812c0a8b418fea7a7cc303d84b","tarball":"https://registry.npmjs.org/react-addons-css-transition-group/-/react-addons-css-transition-group-15.2.1.tgz"},"_npmOperationalInternal":{"host":"packages-12-west.internal.npmjs.com","tmp":"tmp/react-addons-css-transition-group-15.2.1.tgz_1468017044112_0.14779217401519418"},"directories":{}},"15.3.0-rc.1":{"name":"react-addons-css-transition-group","version":"15.3.0-rc.1","main":"index.js","repository":{"type":"git","url":"git+https://github.com/facebook/react.git"},"keywords":["react","react-addon"],"license":"BSD-3-Clause","dependencies":{},"peerDependencies":{"react":"^15.3.0-rc.1"},"description":"This package provides the React CSSTransitionGroup add-on.","bugs":{"url":"https://github.com/facebook/react/issues"},"homepage":"https://github.com/facebook/react#readme","_id":"react-addons-css-transition-group@15.3.0-rc.1","_shasum":"8a4b662ee337f46a1b06c243e378043ca7c06188","_resolved":"file:build/packages/react-addons-css-transition-group.tgz","_from":"build/packages/react-addons-css-transition-group.tgz","scripts":{},"_npmVersion":"3.9.6","_nodeVersion":"6.2.0","_npmUser":{"name":"zpao","email":"paul@oshannessy.com"},"maintainers":[{"name":"gaearon","email":"dan.abramov@gmail.com"},{"name":"graue","email":"scott@oceanbase.org"},{"name":"sebmarkbage","email":"sebastian@calyptus.eu"},{"name":"spicyj","email":"ben@benalpert.com"},{"name":"zpao","email":"paul@oshannessy.com"}],"dist":{"shasum":"8a4b662ee337f46a1b06c243e378043ca7c06188","tarball":"https://registry.npmjs.org/react-addons-css-transition-group/-/react-addons-css-transition-group-15.3.0-rc.1.tgz"},"_npmOperationalInternal":{"host":"packages-12-west.internal.npmjs.com","tmp":"tmp/react-addons-css-transition-group-15.3.0-rc.1.tgz_1468436279907_0.8393573763314635"},"directories":{}},"15.3.0-rc.2":{"name":"react-addons-css-transition-group","version":"15.3.0-rc.2","main":"index.js","repository":{"type":"git","url":"git+https://github.com/facebook/react.git"},"keywords":["react","react-addon"],"license":"BSD-3-Clause","dependencies":{},"peerDependencies":{"react":"^15.3.0-rc.2"},"description":"This package provides the React CSSTransitionGroup add-on.","bugs":{"url":"https://github.com/facebook/react/issues"},"homepage":"https://github.com/facebook/react#readme","_id":"react-addons-css-transition-group@15.3.0-rc.2","_shasum":"1223477c0734af176128ee71e9e217bc3d917033","_resolved":"file:build/packages/react-addons-css-transition-group.tgz","_from":"build/packages/react-addons-css-transition-group.tgz","scripts":{},"_npmVersion":"3.9.6","_nodeVersion":"6.2.0","_npmUser":{"name":"zpao","email":"paul@oshannessy.com"},"maintainers":[{"name":"gaearon","email":"dan.abramov@gmail.com"},{"name":"graue","email":"scott@oceanbase.org"},{"name":"sebmarkbage","email":"sebastian@calyptus.eu"},{"name":"spicyj","email":"ben@benalpert.com"},{"name":"zpao","email":"paul@oshannessy.com"}],"dist":{"shasum":"1223477c0734af176128ee71e9e217bc3d917033","tarball":"https://registry.npmjs.org/react-addons-css-transition-group/-/react-addons-css-transition-group-15.3.0-rc.2.tgz"},"_npmOperationalInternal":{"host":"packages-12-west.internal.npmjs.com","tmp":"tmp/react-addons-css-transition-group-15.3.0-rc.2.tgz_1468443695991_0.4311325359158218"},"directories":{}},"15.3.0-rc.3":{"name":"react-addons-css-transition-group","version":"15.3.0-rc.3","main":"index.js","repository":{"type":"git","url":"git+https://github.com/facebook/react.git"},"keywords":["react","react-addon"],"license":"BSD-3-Clause","dependencies":{},"peerDependencies":{"react":"^15.3.0-rc.3"},"description":"This package provides the React CSSTransitionGroup add-on.","bugs":{"url":"https://github.com/facebook/react/issues"},"homepage":"https://github.com/facebook/react#readme","_id":"react-addons-css-transition-group@15.3.0-rc.3","_shasum":"948edc2674a190205a2ab653b904318384242fad","_resolved":"file:build/packages/react-addons-css-transition-group.tgz","_from":"build/packages/react-addons-css-transition-group.tgz","scripts":{},"_npmVersion":"3.9.6","_nodeVersion":"6.2.0","_npmUser":{"name":"zpao","email":"paul@oshannessy.com"},"maintainers":[{"name":"gaearon","email":"dan.abramov@gmail.com"},{"name":"graue","email":"scott@oceanbase.org"},{"name":"sebmarkbage","email":"sebastian@calyptus.eu"},{"name":"spicyj","email":"ben@benalpert.com"},{"name":"zpao","email":"paul@oshannessy.com"}],"dist":{"shasum":"948edc2674a190205a2ab653b904318384242fad","tarball":"https://registry.npmjs.org/react-addons-css-transition-group/-/react-addons-css-transition-group-15.3.0-rc.3.tgz"},"_npmOperationalInternal":{"host":"packages-16-east.internal.npmjs.com","tmp":"tmp/react-addons-css-transition-group-15.3.0-rc.3.tgz_1469141925881_0.355650519952178"},"directories":{}},"15.3.0":{"name":"react-addons-css-transition-group","version":"15.3.0","main":"index.js","repository":{"type":"git","url":"git+https://github.com/facebook/react.git"},"keywords":["react","react-addon"],"license":"BSD-3-Clause","dependencies":{},"peerDependencies":{"react":"^15.3.0"},"description":"This package provides the React CSSTransitionGroup add-on.","bugs":{"url":"https://github.com/facebook/react/issues"},"homepage":"https://github.com/facebook/react#readme","_id":"react-addons-css-transition-group@15.3.0","_shasum":"759c9057f48ded7db5cd19e9bf8fce45a5a4486b","_resolved":"file:build/packages/react-addons-css-transition-group.tgz","_from":"build/packages/react-addons-css-transition-group.tgz","scripts":{},"_npmVersion":"3.9.6","_nodeVersion":"6.2.0","_npmUser":{"name":"zpao","email":"paul@oshannessy.com"},"maintainers":[{"name":"fb","email":"opensource+npm@fb.com"},{"name":"gaearon","email":"dan.abramov@gmail.com"},{"name":"graue","email":"scott@oceanbase.org"},{"name":"sebmarkbage","email":"sebastian@calyptus.eu"},{"name":"spicyj","email":"ben@benalpert.com"},{"name":"zpao","email":"paul@oshannessy.com"}],"dist":{"shasum":"759c9057f48ded7db5cd19e9bf8fce45a5a4486b","tarball":"https://registry.npmjs.org/react-addons-css-transition-group/-/react-addons-css-transition-group-15.3.0.tgz"},"_npmOperationalInternal":{"host":"packages-16-east.internal.npmjs.com","tmp":"tmp/react-addons-css-transition-group-15.3.0.tgz_1469817476964_0.8407741677947342"},"directories":{}},"15.3.1-rc.1":{"name":"react-addons-css-transition-group","version":"15.3.1-rc.1","main":"index.js","repository":{"type":"git","url":"git+https://github.com/facebook/react.git"},"keywords":["react","react-addon"],"license":"BSD-3-Clause","dependencies":{},"peerDependencies":{"react":"^15.3.1-rc.1"},"files":["LICENSE","PATENTS","README.md","index.js"],"description":"This package provides the React CSSTransitionGroup add-on.","bugs":{"url":"https://github.com/facebook/react/issues"},"homepage":"https://github.com/facebook/react#readme","_id":"react-addons-css-transition-group@15.3.1-rc.1","_shasum":"cce8cb5f99ee81bf8d06387bc7e7c65fd7e9186d","_resolved":"file:build/packages/react-addons-css-transition-group.tgz","_from":"build/packages/react-addons-css-transition-group.tgz","scripts":{},"_npmVersion":"2.15.5","_nodeVersion":"4.4.5","_npmUser":{"name":"zpao","email":"paul@oshannessy.com"},"maintainers":[{"name":"fb","email":"opensource+npm@fb.com"},{"name":"gaearon","email":"dan.abramov@gmail.com"},{"name":"graue","email":"scott@oceanbase.org"},{"name":"sebmarkbage","email":"sebastian@calyptus.eu"},{"name":"spicyj","email":"ben@benalpert.com"},{"name":"zpao","email":"paul@oshannessy.com"}],"dist":{"shasum":"cce8cb5f99ee81bf8d06387bc7e7c65fd7e9186d","tarball":"https://registry.npmjs.org/react-addons-css-transition-group/-/react-addons-css-transition-group-15.3.1-rc.1.tgz"},"_npmOperationalInternal":{"host":"packages-12-west.internal.npmjs.com","tmp":"tmp/react-addons-css-transition-group-15.3.1-rc.1.tgz_1471044900649_0.2509664692915976"},"directories":{}},"15.3.1-rc.2":{"name":"react-addons-css-transition-group","version":"15.3.1-rc.2","main":"index.js","repository":{"type":"git","url":"git+https://github.com/facebook/react.git"},"keywords":["react","react-addon"],"license":"BSD-3-Clause","dependencies":{},"peerDependencies":{"react":"^15.3.1-rc.2"},"files":["LICENSE","PATENTS","README.md","index.js"],"description":"This package provides the React CSSTransitionGroup add-on.","bugs":{"url":"https://github.com/facebook/react/issues"},"homepage":"https://github.com/facebook/react#readme","_id":"react-addons-css-transition-group@15.3.1-rc.2","_shasum":"2f24c541798eb0d6781eb3a7f40bebcc9120d62a","_resolved":"file:build/packages/react-addons-css-transition-group.tgz","_from":"build/packages/react-addons-css-transition-group.tgz","scripts":{},"_npmVersion":"2.15.5","_nodeVersion":"4.4.5","_npmUser":{"name":"zpao","email":"paul@oshannessy.com"},"maintainers":[{"name":"fb","email":"opensource+npm@fb.com"},{"name":"gaearon","email":"dan.abramov@gmail.com"},{"name":"graue","email":"scott@oceanbase.org"},{"name":"sebmarkbage","email":"sebastian@calyptus.eu"},{"name":"spicyj","email":"ben@benalpert.com"},{"name":"zpao","email":"paul@oshannessy.com"}],"dist":{"shasum":"2f24c541798eb0d6781eb3a7f40bebcc9120d62a","tarball":"https://registry.npmjs.org/react-addons-css-transition-group/-/react-addons-css-transition-group-15.3.1-rc.2.tgz"},"_npmOperationalInternal":{"host":"packages-12-west.internal.npmjs.com","tmp":"tmp/react-addons-css-transition-group-15.3.1-rc.2.tgz_1471301758349_0.48251079698093235"},"directories":{}},"15.3.1":{"name":"react-addons-css-transition-group","version":"15.3.1","main":"index.js","repository":{"type":"git","url":"git+https://github.com/facebook/react.git"},"keywords":["react","react-addon"],"license":"BSD-3-Clause","dependencies":{},"peerDependencies":{"react":"^15.3.1"},"files":["LICENSE","PATENTS","README.md","index.js"],"description":"This package provides the React CSSTransitionGroup add-on.","bugs":{"url":"https://github.com/facebook/react/issues"},"homepage":"https://github.com/facebook/react#readme","_id":"react-addons-css-transition-group@15.3.1","_shasum":"b82ee5445eb96274ac0a25ad65e5d67aa08a9ad8","_resolved":"file:build/packages/react-addons-css-transition-group.tgz","_from":"build/packages/react-addons-css-transition-group.tgz","scripts":{},"_npmVersion":"2.15.5","_nodeVersion":"4.4.5","_npmUser":{"name":"zpao","email":"paul@oshannessy.com"},"maintainers":[{"name":"fb","email":"opensource+npm@fb.com"},{"name":"gaearon","email":"dan.abramov@gmail.com"},{"name":"graue","email":"scott@oceanbase.org"},{"name":"sebmarkbage","email":"sebastian@calyptus.eu"},{"name":"spicyj","email":"ben@benalpert.com"},{"name":"zpao","email":"paul@oshannessy.com"}],"dist":{"shasum":"b82ee5445eb96274ac0a25ad65e5d67aa08a9ad8","tarball":"https://registry.npmjs.org/react-addons-css-transition-group/-/react-addons-css-transition-group-15.3.1.tgz"},"_npmOperationalInternal":{"host":"packages-12-west.internal.npmjs.com","tmp":"tmp/react-addons-css-transition-group-15.3.1.tgz_1471632593922_0.06321285688318312"},"directories":{}},"15.3.2-rc.1":{"name":"react-addons-css-transition-group","version":"15.3.2-rc.1","main":"index.js","repository":{"type":"git","url":"git+https://github.com/facebook/react.git"},"keywords":["react","react-addon"],"license":"BSD-3-Clause","dependencies":{},"peerDependencies":{"react":"^15.3.2-rc.1"},"files":["LICENSE","PATENTS","README.md","index.js"],"description":"This package provides the React CSSTransitionGroup add-on.","bugs":{"url":"https://github.com/facebook/react/issues"},"homepage":"https://github.com/facebook/react#readme","_id":"react-addons-css-transition-group@15.3.2-rc.1","_shasum":"6d19b4ee62f8b4a588595e11f8156f8f37a0f168","_resolved":"file:build/packages/react-addons-css-transition-group.tgz","_from":"build/packages/react-addons-css-transition-group.tgz","scripts":{},"_npmVersion":"3.10.3","_nodeVersion":"6.5.0","_npmUser":{"name":"zpao","email":"paul@oshannessy.com"},"maintainers":[{"name":"fb","email":"opensource+npm@fb.com"},{"name":"gaearon","email":"dan.abramov@gmail.com"},{"name":"graue","email":"scott@oceanbase.org"},{"name":"sebmarkbage","email":"sebastian@calyptus.eu"},{"name":"spicyj","email":"ben@benalpert.com"},{"name":"zpao","email":"paul@oshannessy.com"}],"dist":{"shasum":"6d19b4ee62f8b4a588595e11f8156f8f37a0f168","tarball":"https://registry.npmjs.org/react-addons-css-transition-group/-/react-addons-css-transition-group-15.3.2-rc.1.tgz"},"_npmOperationalInternal":{"host":"packages-12-west.internal.npmjs.com","tmp":"tmp/react-addons-css-transition-group-15.3.2-rc.1.tgz_1473982995180_0.014773025643080473"},"directories":{}},"15.3.2":{"name":"react-addons-css-transition-group","version":"15.3.2","main":"index.js","repository":{"type":"git","url":"git+https://github.com/facebook/react.git"},"keywords":["react","react-addon"],"license":"BSD-3-Clause","dependencies":{},"peerDependencies":{"react":"^15.3.2"},"files":["LICENSE","PATENTS","README.md","index.js"],"description":"This package provides the React CSSTransitionGroup add-on.","bugs":{"url":"https://github.com/facebook/react/issues"},"homepage":"https://github.com/facebook/react#readme","_id":"react-addons-css-transition-group@15.3.2","_shasum":"d8fa52bec9bb61bdfde8b9e4652b80297cbff667","_resolved":"file:build/packages/react-addons-css-transition-group.tgz","_from":"build/packages/react-addons-css-transition-group.tgz","scripts":{},"_npmVersion":"3.10.3","_nodeVersion":"6.5.0","_npmUser":{"name":"zpao","email":"paul@oshannessy.com"},"maintainers":[{"name":"fb","email":"opensource+npm@fb.com"},{"name":"gaearon","email":"dan.abramov@gmail.com"},{"name":"graue","email":"scott@oceanbase.org"},{"name":"sebmarkbage","email":"sebastian@calyptus.eu"},{"name":"spicyj","email":"ben@benalpert.com"},{"name":"zpao","email":"paul@oshannessy.com"}],"dist":{"shasum":"d8fa52bec9bb61bdfde8b9e4652b80297cbff667","tarball":"https://registry.npmjs.org/react-addons-css-transition-group/-/react-addons-css-transition-group-15.3.2.tgz"},"_npmOperationalInternal":{"host":"packages-12-west.internal.npmjs.com","tmp":"tmp/react-addons-css-transition-group-15.3.2.tgz_1474307192205_0.6588692599907517"},"directories":{}},"15.4.0-rc.1":{"name":"react-addons-css-transition-group","version":"15.4.0-rc.1","main":"index.js","repository":{"type":"git","url":"git+https://github.com/facebook/react.git"},"keywords":["react","react-addon"],"license":"BSD-3-Clause","dependencies":{},"peerDependencies":{"react":"^15.4.0-rc.1"},"files":["LICENSE","PATENTS","README.md","index.js"],"description":"This package provides the React CSSTransitionGroup add-on.","bugs":{"url":"https://github.com/facebook/react/issues"},"homepage":"https://github.com/facebook/react#readme","_id":"react-addons-css-transition-group@15.4.0-rc.1","_shasum":"cb12aa25e6fb3a0d51c2e5e8ea9ddfa7d451daeb","_resolved":"file:build/packages/react-addons-css-transition-group.tgz","_from":"build/packages/react-addons-css-transition-group.tgz","scripts":{},"_npmVersion":"3.10.3","_nodeVersion":"6.7.0","_npmUser":{"name":"zpao","email":"paul@oshannessy.com"},"maintainers":[{"name":"fb","email":"opensource+npm@fb.com"},{"name":"gaearon","email":"dan.abramov@gmail.com"},{"name":"graue","email":"scott@oceanbase.org"},{"name":"sebmarkbage","email":"sebastian@calyptus.eu"},{"name":"spicyj","email":"ben@benalpert.com"},{"name":"zpao","email":"paul@oshannessy.com"}],"dist":{"shasum":"cb12aa25e6fb3a0d51c2e5e8ea9ddfa7d451daeb","tarball":"https://registry.npmjs.org/react-addons-css-transition-group/-/react-addons-css-transition-group-15.4.0-rc.1.tgz"},"_npmOperationalInternal":{"host":"packages-16-east.internal.npmjs.com","tmp":"tmp/react-addons-css-transition-group-15.4.0-rc.1.tgz_1475620511370_0.5990820261649787"},"directories":{}},"15.4.0-rc.2":{"name":"react-addons-css-transition-group","version":"15.4.0-rc.2","main":"index.js","repository":{"type":"git","url":"git+https://github.com/facebook/react.git"},"keywords":["react","react-addon"],"license":"BSD-3-Clause","dependencies":{},"peerDependencies":{"react":"^15.4.0-rc.2"},"files":["LICENSE","PATENTS","README.md","index.js"],"description":"This package provides the React CSSTransitionGroup add-on.","bugs":{"url":"https://github.com/facebook/react/issues"},"homepage":"https://github.com/facebook/react#readme","_id":"react-addons-css-transition-group@15.4.0-rc.2","_shasum":"a24014766653ae5da418dfe0445603b71e2af165","_resolved":"file:build/packages/react-addons-css-transition-group.tgz","_from":"build/packages/react-addons-css-transition-group.tgz","scripts":{},"_npmVersion":"3.10.3","_nodeVersion":"6.7.0","_npmUser":{"name":"zpao","email":"paul@oshannessy.com"},"maintainers":[{"name":"fb","email":"opensource+npm@fb.com"},{"name":"gaearon","email":"dan.abramov@gmail.com"},{"name":"graue","email":"scott@oceanbase.org"},{"name":"sebmarkbage","email":"sebastian@calyptus.eu"},{"name":"spicyj","email":"ben@benalpert.com"},{"name":"zpao","email":"paul@oshannessy.com"}],"dist":{"shasum":"a24014766653ae5da418dfe0445603b71e2af165","tarball":"https://registry.npmjs.org/react-addons-css-transition-group/-/react-addons-css-transition-group-15.4.0-rc.2.tgz"},"_npmOperationalInternal":{"host":"packages-12-west.internal.npmjs.com","tmp":"tmp/react-addons-css-transition-group-15.4.0-rc.2.tgz_1475707829800_0.4925604781601578"},"directories":{}},"15.4.0-rc.3":{"name":"react-addons-css-transition-group","version":"15.4.0-rc.3","main":"index.js","repository":{"type":"git","url":"git+https://github.com/facebook/react.git"},"keywords":["react","react-addon"],"license":"BSD-3-Clause","dependencies":{},"peerDependencies":{"react":"^15.4.0-rc.3"},"files":["LICENSE","PATENTS","README.md","index.js"],"description":"This package provides the React CSSTransitionGroup add-on.","bugs":{"url":"https://github.com/facebook/react/issues"},"homepage":"https://github.com/facebook/react#readme","_id":"react-addons-css-transition-group@15.4.0-rc.3","_shasum":"c23ec5d417f4c18aadd509ad6e73bfc10e17348a","_resolved":"file:packages/react-addons-css-transition-group.tgz","_from":"packages/react-addons-css-transition-group.tgz","scripts":{},"_npmVersion":"3.10.3","_nodeVersion":"6.3.1","_npmUser":{"name":"gaearon","email":"dan.abramov@gmail.com"},"dist":{"shasum":"c23ec5d417f4c18aadd509ad6e73bfc10e17348a","tarball":"https://registry.npmjs.org/react-addons-css-transition-group/-/react-addons-css-transition-group-15.4.0-rc.3.tgz"},"maintainers":[{"name":"fb","email":"opensource+npm@fb.com"},{"name":"gaearon","email":"dan.abramov@gmail.com"},{"name":"graue","email":"scott@oceanbase.org"},{"name":"sebmarkbage","email":"sebastian@calyptus.eu"},{"name":"spicyj","email":"ben@benalpert.com"},{"name":"zpao","email":"paul@oshannessy.com"}],"_npmOperationalInternal":{"host":"packages-16-east.internal.npmjs.com","tmp":"tmp/react-addons-css-transition-group-15.4.0-rc.3.tgz_1476472397136_0.374212343711406"},"directories":{}},"15.4.0-rc.4":{"name":"react-addons-css-transition-group","version":"15.4.0-rc.4","main":"index.js","repository":{"type":"git","url":"git+https://github.com/facebook/react.git"},"keywords":["react","react-addon"],"license":"BSD-3-Clause","dependencies":{},"peerDependencies":{"react":"^15.4.0-rc.4"},"files":["LICENSE","PATENTS","README.md","index.js"],"description":"This package provides the React CSSTransitionGroup add-on.","bugs":{"url":"https://github.com/facebook/react/issues"},"homepage":"https://github.com/facebook/react#readme","_id":"react-addons-css-transition-group@15.4.0-rc.4","scripts":{},"_shasum":"0e2baef4dde51acc9331c11c1efb28e903069687","_from":".","_npmVersion":"3.10.3","_nodeVersion":"6.6.0","_npmUser":{"name":"sebmarkbage","email":"sebastian@calyptus.eu"},"maintainers":[{"name":"fb","email":"opensource+npm@fb.com"},{"name":"gaearon","email":"dan.abramov@gmail.com"},{"name":"graue","email":"scott@oceanbase.org"},{"name":"sebmarkbage","email":"sebastian@calyptus.eu"},{"name":"spicyj","email":"ben@benalpert.com"},{"name":"zpao","email":"paul@oshannessy.com"}],"dist":{"shasum":"0e2baef4dde51acc9331c11c1efb28e903069687","tarball":"https://registry.npmjs.org/react-addons-css-transition-group/-/react-addons-css-transition-group-15.4.0-rc.4.tgz"},"_npmOperationalInternal":{"host":"packages-12-west.internal.npmjs.com","tmp":"tmp/react-addons-css-transition-group-15.4.0-rc.4.tgz_1476482544757_0.8103512313682586"},"directories":{}},"15.4.0":{"name":"react-addons-css-transition-group","version":"15.4.0","main":"index.js","repository":{"type":"git","url":"git+https://github.com/facebook/react.git"},"keywords":["react","react-addon"],"license":"BSD-3-Clause","dependencies":{},"peerDependencies":{"react":"^15.4.0"},"files":["LICENSE","PATENTS","README.md","index.js"],"description":"This package provides the React CSSTransitionGroup add-on.","bugs":{"url":"https://github.com/facebook/react/issues"},"homepage":"https://github.com/facebook/react#readme","_id":"react-addons-css-transition-group@15.4.0","_shasum":"410aa74533629974de33cfeaa85945066ff181cd","_resolved":"file:build/packages/react-addons-css-transition-group.tgz","_from":"build/packages/react-addons-css-transition-group.tgz","scripts":{},"_npmVersion":"3.10.8","_nodeVersion":"6.9.1","_npmUser":{"name":"tomocchino","email":"tomocchino@gmail.com"},"dist":{"shasum":"410aa74533629974de33cfeaa85945066ff181cd","tarball":"https://registry.npmjs.org/react-addons-css-transition-group/-/react-addons-css-transition-group-15.4.0.tgz"},"maintainers":[{"name":"fb","email":"opensource+npm@fb.com"},{"name":"gaearon","email":"dan.abramov@gmail.com"},{"name":"graue","email":"scott@oceanbase.org"},{"name":"sebmarkbage","email":"sebastian@calyptus.eu"},{"name":"spicyj","email":"ben@benalpert.com"},{"name":"tomocchino","email":"tomocchino@gmail.com"},{"name":"zpao","email":"paul@oshannessy.com"}],"_npmOperationalInternal":{"host":"packages-12-west.internal.npmjs.com","tmp":"tmp/react-addons-css-transition-group-15.4.0.tgz_1479306744579_0.6365639499854296"},"directories":{}},"15.4.1":{"name":"react-addons-css-transition-group","version":"15.4.1","main":"index.js","repository":{"type":"git","url":"git+https://github.com/facebook/react.git"},"keywords":["react","react-addon"],"license":"BSD-3-Clause","dependencies":{},"peerDependencies":{"react":"^15.4.1"},"files":["LICENSE","PATENTS","README.md","index.js"],"description":"This package provides the React CSSTransitionGroup add-on.","bugs":{"url":"https://github.com/facebook/react/issues"},"homepage":"https://github.com/facebook/react#readme","_id":"react-addons-css-transition-group@15.4.1","_shasum":"60b133fac5116e4009e56ab0674dc2ddcc1a18f6","_resolved":"file:build/packages/react-addons-css-transition-group.tgz","_from":"build/packages/react-addons-css-transition-group.tgz","scripts":{},"_npmVersion":"3.10.8","_nodeVersion":"6.9.0","_npmUser":{"name":"spicyj","email":"ben@benalpert.com"},"maintainers":[{"name":"fb","email":"opensource+npm@fb.com"},{"name":"gaearon","email":"dan.abramov@gmail.com"},{"name":"graue","email":"scott@oceanbase.org"},{"name":"sebmarkbage","email":"sebastian@calyptus.eu"},{"name":"spicyj","email":"ben@benalpert.com"},{"name":"tomocchino","email":"tomocchino@gmail.com"},{"name":"zpao","email":"paul@oshannessy.com"}],"dist":{"shasum":"60b133fac5116e4009e56ab0674dc2ddcc1a18f6","tarball":"https://registry.npmjs.org/react-addons-css-transition-group/-/react-addons-css-transition-group-15.4.1.tgz"},"_npmOperationalInternal":{"host":"packages-18-east.internal.npmjs.com","tmp":"tmp/react-addons-css-transition-group-15.4.1.tgz_1479866330613_0.27869897708296776"},"directories":{}},"15.4.2":{"name":"react-addons-css-transition-group","version":"15.4.2","main":"index.js","repository":{"type":"git","url":"git+https://github.com/facebook/react.git"},"keywords":["react","react-addon"],"license":"BSD-3-Clause","dependencies":{"fbjs":"^0.8.4","object-assign":"^4.1.0"},"peerDependencies":{"react":"^15.4.2"},"files":["LICENSE","PATENTS","README.md","index.js"],"description":"This package provides the React CSSTransitionGroup add-on.","bugs":{"url":"https://github.com/facebook/react/issues"},"homepage":"https://github.com/facebook/react#readme","_id":"react-addons-css-transition-group@15.4.2","_shasum":"b7828834dfa14229fe07750e331e8a8cb6fb7745","_resolved":"file:build/packages/react-addons-css-transition-group.tgz","_from":"build/packages/react-addons-css-transition-group.tgz","scripts":{},"_npmVersion":"3.10.8","_nodeVersion":"6.3.1","_npmUser":{"name":"gaearon","email":"dan.abramov@gmail.com"},"dist":{"shasum":"b7828834dfa14229fe07750e331e8a8cb6fb7745","tarball":"https://registry.npmjs.org/react-addons-css-transition-group/-/react-addons-css-transition-group-15.4.2.tgz"},"maintainers":[{"name":"fb","email":"opensource+npm@fb.com"},{"name":"gaearon","email":"dan.abramov@gmail.com"},{"name":"graue","email":"scott@oceanbase.org"},{"name":"sebmarkbage","email":"sebastian@calyptus.eu"},{"name":"spicyj","email":"ben@benalpert.com"},{"name":"tomocchino","email":"tomocchino@gmail.com"},{"name":"zpao","email":"paul@oshannessy.com"}],"_npmOperationalInternal":{"host":"packages-18-east.internal.npmjs.com","tmp":"tmp/react-addons-css-transition-group-15.4.2.tgz_1483733739012_0.7553566319402307"},"directories":{}},"16.0.0-alpha":{"name":"react-addons-css-transition-group","version":"16.0.0-alpha","main":"index.js","repository":{"type":"git","url":"git+https://github.com/facebook/react.git"},"keywords":["react","react-addon"],"license":"BSD-3-Clause","dependencies":{"fbjs":"^0.8.4","object-assign":"^4.1.0"},"peerDependencies":{"react":"^16.0.0-alpha"},"files":["LICENSE","PATENTS","README.md","index.js"],"description":"This package provides the React CSSTransitionGroup add-on.","bugs":{"url":"https://github.com/facebook/react/issues"},"homepage":"https://github.com/facebook/react#readme","_id":"react-addons-css-transition-group@16.0.0-alpha","_shasum":"4e95fe4033aca31b88afe729a75487ab606775cc","_resolved":"file:build/packages/react-addons-css-transition-group.tgz","_from":"build/packages/react-addons-css-transition-group.tgz","scripts":{},"_npmVersion":"3.10.8","_nodeVersion":"6.9.1","_npmUser":{"name":"brianvaughn","email":"briandavidvaughn@gmail.com"},"dist":{"shasum":"4e95fe4033aca31b88afe729a75487ab606775cc","tarball":"https://registry.npmjs.org/react-addons-css-transition-group/-/react-addons-css-transition-group-16.0.0-alpha.tgz"},"maintainers":[{"name":"brianvaughn","email":"briandavidvaughn@gmail.com"},{"name":"fb","email":"opensource+npm@fb.com"},{"name":"gaearon","email":"dan.abramov@gmail.com"},{"name":"sebmarkbage","email":"sebastian@calyptus.eu"},{"name":"spicyj","email":"ben@benalpert.com"},{"name":"tomocchino","email":"tomocchino@gmail.com"},{"name":"zpao","email":"paul@oshannessy.com"}],"_npmOperationalInternal":{"host":"packages-18-east.internal.npmjs.com","tmp":"tmp/react-addons-css-transition-group-16.0.0-alpha.tgz_1484008030522_0.4587531832512468"},"directories":{}},"16.0.0-alpha.0":{"name":"react-addons-css-transition-group","version":"16.0.0-alpha.0","main":"index.js","repository":{"type":"git","url":"git+https://github.com/facebook/react.git"},"keywords":["react","react-addon"],"license":"BSD-3-Clause","dependencies":{"fbjs":"^0.8.4","object-assign":"^4.1.0"},"peerDependencies":{"react":"^16.0.0-alpha.0"},"files":["LICENSE","PATENTS","README.md","index.js"],"description":"This package provides the React CSSTransitionGroup add-on.","bugs":{"url":"https://github.com/facebook/react/issues"},"homepage":"https://github.com/facebook/react#readme","_id":"react-addons-css-transition-group@16.0.0-alpha.0","_shasum":"4756372f257b8e08f62774b034ee37ca5052fa27","_resolved":"file:packages/react-addons-css-transition-group.tgz","_from":"packages/react-addons-css-transition-group.tgz","scripts":{},"_npmVersion":"3.10.8","_nodeVersion":"6.9.1","_npmUser":{"name":"brianvaughn","email":"briandavidvaughn@gmail.com"},"dist":{"shasum":"4756372f257b8e08f62774b034ee37ca5052fa27","tarball":"https://registry.npmjs.org/react-addons-css-transition-group/-/react-addons-css-transition-group-16.0.0-alpha.0.tgz"},"maintainers":[{"name":"brianvaughn","email":"briandavidvaughn@gmail.com"},{"name":"fb","email":"opensource+npm@fb.com"},{"name":"gaearon","email":"dan.abramov@gmail.com"},{"name":"sebmarkbage","email":"sebastian@calyptus.eu"},{"name":"spicyj","email":"ben@benalpert.com"},{"name":"tomocchino","email":"tomocchino@gmail.com"},{"name":"zpao","email":"paul@oshannessy.com"}],"_npmOperationalInternal":{"host":"packages-18-east.internal.npmjs.com","tmp":"tmp/react-addons-css-transition-group-16.0.0-alpha.0.tgz_1485374665199_0.18333803652785718"},"directories":{}},"16.0.0-alpha.2":{"name":"react-addons-css-transition-group","version":"16.0.0-alpha.2","main":"index.js","repository":{"type":"git","url":"git+https://github.com/facebook/react.git"},"keywords":["react","react-addon"],"license":"BSD-3-Clause","dependencies":{"fbjs":"^0.8.9","object-assign":"^4.1.0"},"peerDependencies":{"react":"^16.0.0-alpha.2"},"files":["LICENSE","PATENTS","README.md","index.js"],"description":"This package provides the React CSSTransitionGroup add-on.","bugs":{"url":"https://github.com/facebook/react/issues"},"homepage":"https://github.com/facebook/react#readme","_id":"react-addons-css-transition-group@16.0.0-alpha.2","_shasum":"4b93e1454222496e15c394b9fc2560cae9daf412","_resolved":"file:build/packages/react-addons-css-transition-group.tgz","_from":"build/packages/react-addons-css-transition-group.tgz","scripts":{},"_npmVersion":"3.10.3","_nodeVersion":"6.3.1","_npmUser":{"name":"gaearon","email":"dan.abramov@gmail.com"},"dist":{"shasum":"4b93e1454222496e15c394b9fc2560cae9daf412","tarball":"https://registry.npmjs.org/react-addons-css-transition-group/-/react-addons-css-transition-group-16.0.0-alpha.2.tgz"},"maintainers":[{"name":"brianvaughn","email":"briandavidvaughn@gmail.com"},{"name":"fb","email":"opensource+npm@fb.com"},{"name":"gaearon","email":"dan.abramov@gmail.com"},{"name":"sebmarkbage","email":"sebastian@calyptus.eu"},{"name":"spicyj","email":"ben@benalpert.com"},{"name":"tomocchino","email":"tomocchino@gmail.com"},{"name":"zpao","email":"paul@oshannessy.com"}],"_npmOperationalInternal":{"host":"packages-12-west.internal.npmjs.com","tmp":"tmp/react-addons-css-transition-group-16.0.0-alpha.2.tgz_1486656959739_0.06297373748384416"},"directories":{}},"16.0.0-alpha.3":{"name":"react-addons-css-transition-group","version":"16.0.0-alpha.3","main":"index.js","repository":{"type":"git","url":"git+https://github.com/facebook/react.git"},"keywords":["react","react-addon"],"license":"BSD-3-Clause","dependencies":{"fbjs":"^0.8.9","object-assign":"^4.1.0"},"peerDependencies":{"react":"^16.0.0-alpha.3"},"files":["LICENSE","PATENTS","README.md","index.js"],"description":"This package provides the React CSSTransitionGroup add-on.","bugs":{"url":"https://github.com/facebook/react/issues"},"homepage":"https://github.com/facebook/react#readme","_id":"react-addons-css-transition-group@16.0.0-alpha.3","_shasum":"26b3f0e1185d5acff11118a7918fd96050f89740","_resolved":"file:build/packages/react-addons-css-transition-group.tgz","_from":"build/packages/react-addons-css-transition-group.tgz","scripts":{},"_npmVersion":"3.10.10","_nodeVersion":"6.10.0","_npmUser":{"name":"acdlite","email":"acdlite@me.com"},"dist":{"shasum":"26b3f0e1185d5acff11118a7918fd96050f89740","tarball":"https://registry.npmjs.org/react-addons-css-transition-group/-/react-addons-css-transition-group-16.0.0-alpha.3.tgz"},"maintainers":[{"name":"acdlite","email":"acdlite@me.com"},{"name":"brianvaughn","email":"briandavidvaughn@gmail.com"},{"name":"fb","email":"opensource+npm@fb.com"},{"name":"gaearon","email":"dan.abramov@gmail.com"},{"name":"sebmarkbage","email":"sebastian@calyptus.eu"},{"name":"spicyj","email":"ben@benalpert.com"},{"name":"tomocchino","email":"tomocchino@gmail.com"},{"name":"zpao","email":"paul@oshannessy.com"}],"_npmOperationalInternal":{"host":"packages-18-east.internal.npmjs.com","tmp":"tmp/react-addons-css-transition-group-16.0.0-alpha.3.tgz_1487893941824_0.24130684975534678"},"directories":{}}},"readme":"# react-addons-css-transition-group\n\nThis package provides the React CSSTransitionGroup add-on.\n\nSee <https://facebook.github.io/react/docs/animation.html> for more information.","maintainers":[{"name":"acdlite","email":"acdlite@me.com"},{"name":"brianvaughn","email":"briandavidvaughn@gmail.com"},{"name":"fb","email":"opensource+npm@fb.com"},{"name":"gaearon","email":"dan.abramov@gmail.com"},{"name":"sebmarkbage","email":"sebastian@calyptus.eu"},{"name":"spicyj","email":"ben@benalpert.com"},{"name":"tomocchino","email":"tomocchino@gmail.com"},{"name":"zpao","email":"paul@oshannessy.com"}],"time":{"modified":"2017-02-23T23:52:23.647Z","created":"2015-07-03T08:49:17.146Z","0.14.0-beta1":"2015-07-03T08:49:17.146Z","0.14.0-beta2":"2015-08-02T04:41:24.659Z","0.14.0-beta3":"2015-08-03T21:34:08.422Z","0.14.0-rc1":"2015-09-10T16:03:19.581Z","0.14.0":"2015-10-07T17:29:46.685Z","0.14.1":"2015-10-28T21:35:05.949Z","0.14.2":"2015-11-02T19:54:33.208Z","0.14.3":"2015-11-19T02:23:37.801Z","0.14.4":"2015-12-29T21:59:16.029Z","0.14.5":"2015-12-29T22:40:28.493Z","0.14.6":"2016-01-06T23:53:13.446Z","0.15.0-alpha.1":"2016-01-21T04:15:17.201Z","0.14.7":"2016-01-28T19:57:25.633Z","15.0.0-rc.1":"2016-03-08T01:07:37.687Z","15.0.0-rc.2":"2016-03-16T22:16:39.722Z","0.14.8":"2016-03-29T16:20:19.371Z","15.0.0":"2016-04-07T21:25:48.311Z","15.0.1":"2016-04-08T18:24:07.779Z","15.0.2-alpha.1":"2016-04-20T18:16:51.623Z","15.0.2-alpha.2":"2016-04-21T22:21:47.787Z","15.0.2-alpha.3":"2016-04-25T20:03:27.344Z","15.0.2-alpha.4":"2016-04-28T07:11:43.746Z","15.0.2":"2016-04-30T00:38:00.721Z","15.0.3-alpha.1":"2016-05-03T19:40:01.662Z","15.0.3-alpha.2":"2016-05-10T04:37:21.910Z","15.1.0-alpha.1":"2016-05-10T05:27:51.802Z","15.1.0":"2016-05-20T23:05:57.149Z","15.2.0-rc.1":"2016-06-15T01:29:41.069Z","15.2.0-rc.2":"2016-07-01T06:31:31.808Z","15.2.0":"2016-07-01T18:51:43.314Z","15.2.1":"2016-07-08T22:30:44.576Z","15.3.0-rc.1":"2016-07-13T18:58:00.513Z","15.3.0-rc.2":"2016-07-13T21:01:36.489Z","15.3.0-rc.3":"2016-07-21T22:58:48.711Z","15.3.0":"2016-07-29T18:37:58.737Z","15.3.1-rc.1":"2016-08-12T23:35:00.917Z","15.3.1-rc.2":"2016-08-15T22:55:58.621Z","15.3.1":"2016-08-19T18:49:54.163Z","15.3.2-rc.1":"2016-09-15T23:43:15.418Z","15.3.2":"2016-09-19T17:46:32.455Z","15.4.0-rc.1":"2016-10-04T22:35:14.480Z","15.4.0-rc.2":"2016-10-05T22:50:30.071Z","15.4.0-rc.3":"2016-10-14T19:13:18.740Z","15.4.0-rc.4":"2016-10-14T22:02:24.975Z","15.4.0":"2016-11-16T14:32:26.500Z","15.4.1":"2016-11-23T01:58:52.281Z","15.4.2":"2017-01-06T20:15:39.632Z","16.0.0-alpha":"2017-01-10T00:27:12.510Z","16.0.0-alpha.0":"2017-01-25T20:04:27.315Z","16.0.0-alpha.2":"2017-02-09T16:16:01.620Z","16.0.0-alpha.3":"2017-02-23T23:52:23.647Z"},"license":"BSD-3-Clause","readmeFilename":"README.md","users":{"285858315":true,"326060588":true,"mathieuancelin":true,"mikeljames":true,"princetoad":true,"jytu":true,"cfleschhut":true,"scotchulous":true,"codevelopit":true,"writech":true,"isoceles":true,"bapinney":true,"atulmy":true,"isenricho":true,"eimaj":true},"homepage":"https://github.com/facebook/react#readme","keywords":["react","react-addon"],"repository":{"type":"git","url":"git+https://github.com/facebook/react.git"},"bugs":{"url":"https://github.com/facebook/react/issues"},"_attachments":{},"_etag":"W/\"58af75b7-125f4\"","_lastModified":"Thu, 23 Feb 2017 23:52:23 GMT"}