{"_id":"typescript-formatter","_rev":"63-193135b5c784e7173ed38340318736d4","name":"typescript-formatter","description":"Formatter of TypeScript code","dist-tags":{"latest":"5.1.2","0.0.5-beta":"0.0.5","next":"3.0.0"},"versions":{"0.0.1":{"name":"typescript-formatter","version":"0.0.1","description":"Formatter of TypeScript code","main":"index.js","bin":{"tsfmt":"./index.js"},"scripts":{"build":"tsc --module commonjs src/index.ts","test":"echo \"Error: no test specified\" && exit 1"},"keywords":["TypeScript"],"author":{"name":"vvakame+dev@gmail.com"},"license":"MIT","homepage":"https://github.com/vvakame/typescript-formatter","repository":{"type":"git","url":"git@github.com:vvakame/typescript-formatter.git"},"bugs":{"url":"https://github.com/vvakame/typescript-formatter/issues"},"engines":{"node":">= 0.10.0"},"dependencies":{"commander":"2.1.0"},"devDependencies":{},"_id":"typescript-formatter@0.0.1","dist":{"shasum":"c9b838a729757c63998c28bdb1afad8dd17f4aae","tarball":"https://registry.npmjs.org/typescript-formatter/-/typescript-formatter-0.0.1.tgz"},"_from":".","_npmVersion":"1.3.24","_npmUser":{"name":"vvakame","email":"vvakame@gmail.com"},"maintainers":[{"name":"vvakame","email":"vvakame@gmail.com"}],"directories":{}},"0.0.2":{"name":"typescript-formatter","version":"0.0.2","description":"Formatter of TypeScript code","main":"index.js","bin":{"tsfmt":"./index.js"},"scripts":{"build":"tsc --module commonjs src/index.ts","test":"echo \"Error: no test specified\" && exit 1"},"keywords":["TypeScript"],"author":{"name":"vvakame+dev@gmail.com"},"license":"MIT","homepage":"https://github.com/vvakame/typescript-formatter","repository":{"type":"git","url":"git@github.com:vvakame/typescript-formatter.git"},"bugs":{"url":"https://github.com/vvakame/typescript-formatter/issues"},"engines":{"node":">= 0.10.0"},"dependencies":{"commander":"2.1.0"},"devDependencies":{},"_id":"typescript-formatter@0.0.2","dist":{"shasum":"a264d9724d526a14b72ef2d35435706a451797ec","tarball":"https://registry.npmjs.org/typescript-formatter/-/typescript-formatter-0.0.2.tgz"},"_from":".","_npmVersion":"1.3.24","_npmUser":{"name":"vvakame","email":"vvakame@gmail.com"},"maintainers":[{"name":"vvakame","email":"vvakame@gmail.com"}],"directories":{}},"0.0.3":{"name":"typescript-formatter","version":"0.0.3","description":"Formatter of TypeScript code","main":"index.js","bin":{"tsfmt":"./index.js"},"scripts":{"build":"tsc --module commonjs src/index.ts","test":"echo \"Error: no test specified\" && exit 1"},"keywords":["TypeScript"],"author":{"name":"vvakame+dev@gmail.com"},"license":"MIT","homepage":"https://github.com/vvakame/typescript-formatter","repository":{"type":"git","url":"git@github.com:vvakame/typescript-formatter.git"},"bugs":{"url":"https://github.com/vvakame/typescript-formatter/issues"},"engines":{"node":">= 0.10.0"},"dependencies":{"commander":"2.1.0"},"devDependencies":{},"_id":"typescript-formatter@0.0.3","dist":{"shasum":"112a6de1ccd9b0da6c2692a8e991af5270bf2764","tarball":"https://registry.npmjs.org/typescript-formatter/-/typescript-formatter-0.0.3.tgz"},"_from":".","_npmVersion":"1.3.24","_npmUser":{"name":"vvakame","email":"vvakame@gmail.com"},"maintainers":[{"name":"vvakame","email":"vvakame@gmail.com"}],"directories":{}},"0.0.4":{"name":"typescript-formatter","version":"0.0.4","description":"Formatter of TypeScript code","main":"index.js","bin":{"tsfmt":"./index.js"},"scripts":{"build":"tsc --module commonjs src/index.ts","test":"echo \"Error: no test specified\" && exit 1"},"keywords":["TypeScript"],"author":{"name":"vvakame+dev@gmail.com"},"license":"MIT","homepage":"https://github.com/vvakame/typescript-formatter","repository":{"type":"git","url":"git@github.com:vvakame/typescript-formatter.git"},"bugs":{"url":"https://github.com/vvakame/typescript-formatter/issues"},"engines":{"node":">= 0.10.0"},"dependencies":{"commander":"2.1.0"},"devDependencies":{},"_id":"typescript-formatter@0.0.4","dist":{"shasum":"6cac0be04353499a2b3e81152f440cdd1c364510","tarball":"https://registry.npmjs.org/typescript-formatter/-/typescript-formatter-0.0.4.tgz"},"_from":".","_npmVersion":"1.4.3","_npmUser":{"name":"vvakame","email":"vvakame@gmail.com"},"maintainers":[{"name":"vvakame","email":"vvakame@gmail.com"}],"directories":{}},"0.0.5":{"name":"typescript-formatter","version":"0.0.5","description":"Formatter of TypeScript code","main":"index.js","bin":{"tsfmt":"./index.js"},"scripts":{"build":"grunt default","test":"grunt test"},"keywords":["TypeScript"],"author":{"name":"vvakame+dev@gmail.com"},"license":"MIT","homepage":"https://github.com/vvakame/typescript-formatter","repository":{"type":"git","url":"git@github.com:vvakame/typescript-formatter.git"},"bugs":{"url":"https://github.com/vvakame/typescript-formatter/issues"},"engines":{"node":">= 0.10.0"},"dependencies":{"commander":"2.1.0","editorconfig":"0.11.4"},"devDependencies":{"grunt":"0.4.4","grunt-contrib-clean":"0.5.0","grunt-ts":"1.8.2","typescript":"0.9.7","grunt-tslint":"0.4.1","grunt-tsd":"0.0.4","grunt-mocha-test":"0.10.0","grunt-espower":"0.3.2","power-assert":"0.3.2","grunt-exec":"0.4.5","matchdep":"0.3.0"},"_id":"typescript-formatter@0.0.5","dist":{"shasum":"8040cee3309e32397fc1c4f13dbfaa6b141f4117","tarball":"https://registry.npmjs.org/typescript-formatter/-/typescript-formatter-0.0.5.tgz"},"_from":".","_npmVersion":"1.4.6","_npmUser":{"name":"vvakame","email":"vvakame@gmail.com"},"maintainers":[{"name":"vvakame","email":"vvakame@gmail.com"}],"directories":{}},"0.1.0":{"name":"typescript-formatter","version":"0.1.0","description":"Formatter of TypeScript code","main":"index.js","bin":{"tsfmt":"./index.js"},"scripts":{"build":"grunt default","test":"grunt test"},"keywords":["TypeScript"],"author":{"name":"vvakame+dev@gmail.com"},"license":"MIT","homepage":"https://github.com/vvakame/typescript-formatter","repository":{"type":"git","url":"git@github.com:vvakame/typescript-formatter.git"},"bugs":{"url":"https://github.com/vvakame/typescript-formatter/issues"},"engines":{"node":">= 0.10.0"},"dependencies":{"commander":"2.1.0","editorconfig":"0.11.4"},"devDependencies":{"grunt":"0.4.4","grunt-contrib-clean":"0.5.0","grunt-ts":"1.9.1","typescript":"0.9.7","grunt-tslint":"0.4.1","grunt-tsd":"0.0.4","tslint":"0.4.7","q":"1.0.1","grunt-mocha-test":"0.10.0","grunt-espower":"0.3.2","power-assert":"0.3.2","grunt-exec":"0.4.5","matchdep":"0.3.0"},"_id":"typescript-formatter@0.1.0","dist":{"shasum":"07fb7bf5392785c49e04064bf19b1c3d2e466b16","tarball":"https://registry.npmjs.org/typescript-formatter/-/typescript-formatter-0.1.0.tgz"},"_from":".","_npmVersion":"1.4.6","_npmUser":{"name":"vvakame","email":"vvakame@gmail.com"},"maintainers":[{"name":"vvakame","email":"vvakame@gmail.com"}],"directories":{}},"0.1.1":{"name":"typescript-formatter","version":"0.1.1","description":"Formatter of TypeScript code","main":"index.js","bin":{"tsfmt":"./index.js"},"scripts":{"build":"grunt default","test":"grunt test"},"keywords":["TypeScript"],"author":{"name":"vvakame+dev@gmail.com"},"license":"MIT","homepage":"https://github.com/vvakame/typescript-formatter","repository":{"type":"git","url":"git@github.com:vvakame/typescript-formatter.git"},"bugs":{"url":"https://github.com/vvakame/typescript-formatter/issues"},"engines":{"node":">= 0.10.0"},"dependencies":{"commander":"2.1.0","editorconfig":"0.11.4"},"devDependencies":{"grunt":"0.4.4","grunt-contrib-clean":"0.5.0","grunt-ts":"1.9.1","typescript":"0.9.7","grunt-tslint":"0.4.1","grunt-tsd":"0.0.4","tslint":"0.4.7","q":"1.0.1","grunt-mocha-test":"0.10.0","grunt-espower":"0.3.2","power-assert":"0.3.2","grunt-exec":"0.4.5","matchdep":"0.3.0"},"_id":"typescript-formatter@0.1.1","dist":{"shasum":"757832f478bdcdae3d86fc8cad6196c6b82ba678","tarball":"https://registry.npmjs.org/typescript-formatter/-/typescript-formatter-0.1.1.tgz"},"_from":".","_npmVersion":"1.4.6","_npmUser":{"name":"vvakame","email":"vvakame@gmail.com"},"maintainers":[{"name":"vvakame","email":"vvakame@gmail.com"}],"directories":{}},"0.1.2":{"name":"typescript-formatter","version":"0.1.2","description":"Formatter of TypeScript code","main":"./index","bin":{"tsfmt":"./bin/tsfmt"},"scripts":{"build":"grunt default","test":"grunt test"},"keywords":["TypeScript"],"author":{"name":"vvakame+dev@gmail.com"},"license":"MIT","homepage":"https://github.com/vvakame/typescript-formatter","repository":{"type":"git","url":"git@github.com:vvakame/typescript-formatter.git"},"bugs":{"url":"https://github.com/vvakame/typescript-formatter/issues"},"engines":{"node":">= 0.10.0"},"dependencies":{"commander":"2.1.0","editorconfig":"0.11.4"},"devDependencies":{"grunt":"0.4.4","grunt-contrib-clean":"0.5.0","grunt-ts":"1.9.1","typescript":"0.9.7","grunt-tslint":"0.4.1","grunt-tsd":"0.0.4","tslint":"0.4.7","q":"1.0.1","grunt-mocha-test":"0.10.0","grunt-espower":"0.3.2","power-assert":"0.3.2","grunt-exec":"0.4.5","matchdep":"0.3.0"},"_id":"typescript-formatter@0.1.2","dist":{"shasum":"127231c521369c6b563bc2f3389bb72f66f8f998","tarball":"https://registry.npmjs.org/typescript-formatter/-/typescript-formatter-0.1.2.tgz"},"_from":".","_npmVersion":"1.4.6","_npmUser":{"name":"vvakame","email":"vvakame@gmail.com"},"maintainers":[{"name":"vvakame","email":"vvakame@gmail.com"}],"directories":{}},"0.1.3":{"name":"typescript-formatter","version":"0.1.3","description":"Formatter of TypeScript code","main":"./index","bin":{"tsfmt":"./bin/tsfmt"},"scripts":{"build":"grunt default","test":"grunt test"},"keywords":["TypeScript"],"author":{"name":"vvakame+dev@gmail.com"},"license":"MIT","homepage":"https://github.com/vvakame/typescript-formatter","repository":{"type":"git","url":"git@github.com:vvakame/typescript-formatter.git"},"bugs":{"url":"https://github.com/vvakame/typescript-formatter/issues"},"engines":{"node":">= 0.10.0"},"dependencies":{"commander":"2.2.0","editorconfig":"0.11.4"},"devDependencies":{"grunt":"0.4.4","grunt-contrib-clean":"0.5.0","grunt-ts":"1.10.0","typescript":"1.0.0","grunt-tslint":"0.4.1","grunt-tsd":"0.1.0","tslint":"0.4.7","q":"1.0.1","grunt-mocha-test":"0.10.0","grunt-espower":"0.5.0","power-assert":"0.4.1","grunt-exec":"0.4.5","matchdep":"0.3.0"},"_id":"typescript-formatter@0.1.3","dist":{"shasum":"8e1daaba9129e16ff899d0b5f20efa8aacd4c64c","tarball":"https://registry.npmjs.org/typescript-formatter/-/typescript-formatter-0.1.3.tgz"},"_from":".","_npmVersion":"1.4.6","_npmUser":{"name":"vvakame","email":"vvakame@gmail.com"},"maintainers":[{"name":"vvakame","email":"vvakame@gmail.com"}],"directories":{}},"0.1.4":{"name":"typescript-formatter","version":"0.1.4","description":"Formatter of TypeScript code","main":"./index","bin":{"tsfmt":"./bin/tsfmt"},"scripts":{"build":"grunt default","test":"grunt test"},"keywords":["TypeScript"],"author":{"name":"vvakame+dev@gmail.com"},"license":"MIT","homepage":"https://github.com/vvakame/typescript-formatter","repository":{"type":"git","url":"git@github.com:vvakame/typescript-formatter.git"},"bugs":{"url":"https://github.com/vvakame/typescript-formatter/issues"},"engines":{"node":">= 0.10.0"},"dependencies":{"commander":"2.2.0","editorconfig":"0.11.4"},"devDependencies":{"grunt":"0.4.5","grunt-contrib-clean":"0.5.0","grunt-ts":"1.11.2","typescript":"1.0.1","grunt-tslint":"0.4.1","grunt-tsd":"0.1.0","tslint":"0.4.9","q":"1.0.1","grunt-mocha-test":"0.10.2","grunt-espower":"0.7.1","power-assert":"0.7.2","grunt-exec":"0.4.5","matchdep":"0.3.0"},"_id":"typescript-formatter@0.1.4","_shasum":"8022da99e0f5271a1c6ae6c6409af9801fcea60f","_from":".","_npmVersion":"1.4.9","_npmUser":{"name":"vvakame","email":"vvakame@gmail.com"},"maintainers":[{"name":"vvakame","email":"vvakame@gmail.com"}],"dist":{"shasum":"8022da99e0f5271a1c6ae6c6409af9801fcea60f","tarball":"https://registry.npmjs.org/typescript-formatter/-/typescript-formatter-0.1.4.tgz"},"directories":{}},"0.2.0":{"name":"typescript-formatter","version":"0.2.0","description":"Formatter of TypeScript code","main":"./index","bin":{"tsfmt":"./bin/tsfmt"},"scripts":{"build":"grunt default","test":"grunt test"},"keywords":["TypeScript"],"author":{"name":"vvakame+dev@gmail.com"},"license":"MIT","homepage":"https://github.com/vvakame/typescript-formatter","repository":{"type":"git","url":"git@github.com:vvakame/typescript-formatter.git"},"bugs":{"url":"https://github.com/vvakame/typescript-formatter/issues"},"engines":{"node":">= 0.10.0"},"directories":{"example":"example","test":"test"},"dependencies":{"commandpost":"0.1.1","editorconfig":"0.12.1","es6-promise":"2.0.1","typescript":"1.4.1"},"devDependencies":{"espower-loader":"0.10.0","grunt":"0.4.5","grunt-contrib-clean":"0.6.0","grunt-conventional-changelog":"^1.1.0","grunt-dtsm":"0.2.3","grunt-exec":"0.4.6","grunt-mocha-test":"0.12.7","grunt-ts":"3.0.0","grunt-tslint":"2.0.0","load-grunt-tasks":"3.1.0","power-assert":"0.10.1"},"gitHead":"97ddead11f759d8170ed222f904353d063c21749","_id":"typescript-formatter@0.2.0","_shasum":"f4cc4f51836165309f1b48a9b158adb544896630","_from":".","_npmVersion":"2.4.1","_nodeVersion":"1.1.0","_npmUser":{"name":"vvakame","email":"vvakame@gmail.com"},"maintainers":[{"name":"vvakame","email":"vvakame@gmail.com"}],"dist":{"shasum":"f4cc4f51836165309f1b48a9b158adb544896630","tarball":"https://registry.npmjs.org/typescript-formatter/-/typescript-formatter-0.2.0.tgz"}},"0.2.1":{"name":"typescript-formatter","version":"0.2.1","description":"Formatter of TypeScript code","main":"./index","bin":{"tsfmt":"./bin/tsfmt"},"scripts":{"build":"grunt default","test":"grunt test"},"keywords":["TypeScript"],"author":{"name":"vvakame+dev@gmail.com"},"license":"MIT","homepage":"https://github.com/vvakame/typescript-formatter","repository":{"type":"git","url":"git@github.com:vvakame/typescript-formatter.git"},"bugs":{"url":"https://github.com/vvakame/typescript-formatter/issues"},"engines":{"node":">= 0.10.0"},"directories":{"example":"example","test":"test"},"dependencies":{"commandpost":"0.1.1","editorconfig":"0.12.1","es6-promise":"2.0.1","typescript":"1.4.1"},"devDependencies":{"espower-loader":"0.10.0","grunt":"0.4.5","grunt-contrib-clean":"0.6.0","grunt-conventional-changelog":"^1.1.0","grunt-dts-bundle":"0.2.0","grunt-dtsm":"0.2.4","grunt-exec":"0.4.6","grunt-mocha-test":"0.12.7","grunt-ts":"3.0.0","grunt-tslint":"2.0.0","load-grunt-tasks":"3.1.0","power-assert":"0.10.2"},"gitHead":"8378c5f0c2bb0fab9a071514723f1afac04a843b","_id":"typescript-formatter@0.2.1","_shasum":"721eea9b4fdbe1c8a2e1c6a287341e1ab1feaa9d","_from":".","_npmVersion":"2.4.1","_nodeVersion":"1.1.0","_npmUser":{"name":"vvakame","email":"vvakame@gmail.com"},"maintainers":[{"name":"vvakame","email":"vvakame@gmail.com"}],"dist":{"shasum":"721eea9b4fdbe1c8a2e1c6a287341e1ab1feaa9d","tarball":"https://registry.npmjs.org/typescript-formatter/-/typescript-formatter-0.2.1.tgz"}},"0.2.2":{"name":"typescript-formatter","version":"0.2.2","description":"Formatter of TypeScript code","main":"./index","bin":{"tsfmt":"./bin/tsfmt"},"scripts":{"build":"grunt default","test":"grunt test"},"keywords":["TypeScript"],"author":{"name":"vvakame+dev@gmail.com"},"license":"MIT","homepage":"https://github.com/vvakame/typescript-formatter","repository":{"type":"git","url":"git@github.com:vvakame/typescript-formatter.git"},"bugs":{"url":"https://github.com/vvakame/typescript-formatter/issues"},"engines":{"node":">= 0.10.0"},"directories":{"example":"example","test":"test"},"dependencies":{"commandpost":"0.1.1","editorconfig":"0.12.1","es6-promise":"2.0.1","typescript":"1.4.1"},"devDependencies":{"espower-loader":"0.10.0","grunt":"0.4.5","grunt-contrib-clean":"0.6.0","grunt-conventional-changelog":"^1.1.0","grunt-dts-bundle":"0.2.0","grunt-dtsm":"0.2.5","grunt-exec":"0.4.6","grunt-mocha-test":"0.12.7","grunt-ts":"3.0.0","grunt-tslint":"2.0.0","load-grunt-tasks":"3.1.0","power-assert":"0.10.2"},"gitHead":"e13d9b3d8ff72d6155c3e22920bb99531dc67fb3","_id":"typescript-formatter@0.2.2","_shasum":"1addb511a752a98bd24d3f397154ddae1fd9a66f","_from":".","_npmVersion":"2.4.1","_nodeVersion":"1.1.0","_npmUser":{"name":"vvakame","email":"vvakame@gmail.com"},"maintainers":[{"name":"vvakame","email":"vvakame@gmail.com"}],"dist":{"shasum":"1addb511a752a98bd24d3f397154ddae1fd9a66f","tarball":"https://registry.npmjs.org/typescript-formatter/-/typescript-formatter-0.2.2.tgz"}},"0.3.0":{"name":"typescript-formatter","version":"0.3.0","description":"Formatter of TypeScript code","main":"./index","bin":{"tsfmt":"./bin/tsfmt"},"scripts":{"build":"grunt default","test":"grunt test"},"keywords":["TypeScript"],"author":{"name":"vvakame+dev@gmail.com"},"license":"MIT","homepage":"https://github.com/vvakame/typescript-formatter","repository":{"type":"git","url":"git@github.com:vvakame/typescript-formatter.git"},"bugs":{"url":"https://github.com/vvakame/typescript-formatter/issues"},"engines":{"node":">= 0.10.0"},"directories":{"example":"example","test":"test"},"dependencies":{"commandpost":"0.1.1","editorconfig":"0.12.2","es6-promise":"2.0.1","typescript":"1.4.1"},"devDependencies":{"espower-loader":"0.10.0","grunt":"0.4.5","grunt-contrib-clean":"0.6.0","grunt-conventional-changelog":"^1.1.0","grunt-dts-bundle":"0.2.0","grunt-dtsm":"0.2.7","grunt-exec":"0.4.6","grunt-mocha-test":"0.12.7","grunt-ts":"3.0.0","grunt-tslint":"2.0.0","load-grunt-tasks":"3.1.0","power-assert":"0.10.2"},"gitHead":"c83a94b3e5840412f1784498c87c7e90bd90b20b","_id":"typescript-formatter@0.3.0","_shasum":"3912ae992cc5606279e2665e8917254865a33ff3","_from":".","_npmVersion":"2.7.1","_nodeVersion":"1.6.1","_npmUser":{"name":"vvakame","email":"vvakame@gmail.com"},"maintainers":[{"name":"vvakame","email":"vvakame@gmail.com"}],"dist":{"shasum":"3912ae992cc5606279e2665e8917254865a33ff3","tarball":"https://registry.npmjs.org/typescript-formatter/-/typescript-formatter-0.3.0.tgz"}},"0.3.1":{"name":"typescript-formatter","version":"0.3.1","description":"Formatter of TypeScript code","main":"./index","bin":{"tsfmt":"./bin/tsfmt"},"scripts":{"build":"grunt default","test":"grunt test"},"keywords":["TypeScript"],"author":{"name":"vvakame+dev@gmail.com"},"license":"MIT","homepage":"https://github.com/vvakame/typescript-formatter","repository":{"type":"git","url":"git+ssh://git@github.com/vvakame/typescript-formatter.git"},"bugs":{"url":"https://github.com/vvakame/typescript-formatter/issues"},"engines":{"node":">= 0.10.0"},"directories":{"example":"example","test":"test"},"dependencies":{"commandpost":"0.1.1","editorconfig":"0.12.2","es6-promise":"2.1.1","typescript":"1.5.0-beta"},"devDependencies":{"espower-loader":"0.10.0","grunt":"0.4.5","grunt-contrib-clean":"0.6.0","grunt-conventional-changelog":"1.2.2","grunt-dts-bundle":"0.2.0","grunt-dtsm":"0.2.8","grunt-exec":"0.4.6","grunt-mocha-test":"0.12.7","grunt-ts":"4.0.1","grunt-tslint":"2.0.0","load-grunt-tasks":"3.1.0","power-assert":"0.11.0"},"gitHead":"4c4ab8b848f66087b0bd30408d11fda2d3a84329","_id":"typescript-formatter@0.3.1","_shasum":"96ca0674a8c9db6b238d2dce426df349991a6e0d","_from":".","_npmVersion":"2.9.0","_nodeVersion":"2.0.0","_npmUser":{"name":"vvakame","email":"vvakame@gmail.com"},"maintainers":[{"name":"vvakame","email":"vvakame@gmail.com"}],"dist":{"shasum":"96ca0674a8c9db6b238d2dce426df349991a6e0d","tarball":"https://registry.npmjs.org/typescript-formatter/-/typescript-formatter-0.3.1.tgz"}},"0.3.2":{"name":"typescript-formatter","version":"0.3.2","description":"Formatter of TypeScript code","main":"./index","bin":{"tsfmt":"./bin/tsfmt"},"scripts":{"build":"grunt default","test":"grunt test"},"keywords":["TypeScript"],"author":{"name":"vvakame+dev@gmail.com"},"license":"MIT","homepage":"https://github.com/vvakame/typescript-formatter","repository":{"type":"git","url":"git+ssh://git@github.com/vvakame/typescript-formatter.git"},"bugs":{"url":"https://github.com/vvakame/typescript-formatter/issues"},"engines":{"node":">= 0.10.0"},"directories":{"example":"example","test":"test"},"dependencies":{"commandpost":"0.1.1","editorconfig":"0.12.2","es6-promise":"2.1.1","typescript":"1.5.0-beta"},"devDependencies":{"espower-loader":"0.10.0","grunt":"0.4.5","grunt-contrib-clean":"0.6.0","grunt-conventional-changelog":"1.2.2","grunt-dts-bundle":"0.2.0","grunt-dtsm":"0.2.8","grunt-exec":"0.4.6","grunt-mocha-test":"0.12.7","grunt-ts":"4.0.1","grunt-tslint":"2.0.0","load-grunt-tasks":"3.1.0","power-assert":"0.11.0"},"gitHead":"39c41a2960bb14c7bfe70f1a91cf8be11188b8a0","_id":"typescript-formatter@0.3.2","_shasum":"292a89afff023db3ad88fe2d61f871a5131d4514","_from":".","_npmVersion":"2.9.0","_nodeVersion":"2.0.0","_npmUser":{"name":"vvakame","email":"vvakame@gmail.com"},"maintainers":[{"name":"vvakame","email":"vvakame@gmail.com"}],"dist":{"shasum":"292a89afff023db3ad88fe2d61f871a5131d4514","tarball":"https://registry.npmjs.org/typescript-formatter/-/typescript-formatter-0.3.2.tgz"}},"0.4.0":{"name":"typescript-formatter","version":"0.4.0","description":"Formatter of TypeScript code","main":"./index","bin":{"tsfmt":"./bin/tsfmt"},"scripts":{"build":"grunt default","test":"grunt test"},"keywords":["TypeScript"],"author":{"name":"vvakame+dev@gmail.com"},"license":"MIT","homepage":"https://github.com/vvakame/typescript-formatter","repository":{"type":"git","url":"git+ssh://git@github.com/vvakame/typescript-formatter.git"},"bugs":{"url":"https://github.com/vvakame/typescript-formatter/issues"},"engines":{"node":">= 0.10.0"},"directories":{"example":"example","test":"test"},"dependencies":{"commandpost":"0.1.1","editorconfig":"0.12.2","es6-promise":"2.3.0","typescript":"1.5.0-beta"},"devDependencies":{"espower-loader":"0.11.0","grunt":"0.4.5","grunt-contrib-clean":"0.6.0","grunt-conventional-changelog":"1.2.2","grunt-dts-bundle":"0.2.0","grunt-dtsm":"0.2.9","grunt-exec":"0.4.6","grunt-mocha-test":"0.12.7","grunt-ts":"4.1.2","grunt-tslint":"2.0.0","load-grunt-tasks":"3.2.0","power-assert":"0.11.0"},"gitHead":"1165cfcfea0d43484b9203d1c2463bf817b7d2e8","_id":"typescript-formatter@0.4.0","_shasum":"f4e595f8e63e85f781b01a19ae1a4782581f4b11","_from":".","_npmVersion":"2.11.1","_nodeVersion":"2.3.0","_npmUser":{"name":"vvakame","email":"vvakame@gmail.com"},"maintainers":[{"name":"vvakame","email":"vvakame@gmail.com"}],"dist":{"shasum":"f4e595f8e63e85f781b01a19ae1a4782581f4b11","tarball":"https://registry.npmjs.org/typescript-formatter/-/typescript-formatter-0.4.0.tgz"}},"0.4.1":{"name":"typescript-formatter","version":"0.4.1","description":"Formatter of TypeScript code","main":"./index","bin":{"tsfmt":"./bin/tsfmt"},"scripts":{"build":"grunt default","test":"grunt test"},"keywords":["TypeScript"],"author":{"name":"vvakame+dev@gmail.com"},"license":"MIT","homepage":"https://github.com/vvakame/typescript-formatter","repository":{"type":"git","url":"git+ssh://git@github.com/vvakame/typescript-formatter.git"},"bugs":{"url":"https://github.com/vvakame/typescript-formatter/issues"},"engines":{"node":">= 0.10.0"},"directories":{"example":"example","test":"test"},"dependencies":{"commandpost":"0.1.1","editorconfig":"0.12.2","es6-promise":"2.3.0","typescript":"1.5.3"},"devDependencies":{"espower-loader":"0.11.0","grunt":"0.4.5","grunt-contrib-clean":"0.6.0","grunt-conventional-changelog":"2.0.1","grunt-dts-bundle":"0.2.0","grunt-dtsm":"0.2.9","grunt-exec":"0.4.6","grunt-mocha-test":"0.12.7","grunt-ts":"4.2.0-beta.1","grunt-tslint":"2.3.1-beta","load-grunt-tasks":"3.2.0","power-assert":"0.11.0"},"gitHead":"2062360b4afdd4e2fd76714e9813554b565e5938","_id":"typescript-formatter@0.4.1","_shasum":"41d3cfbe3a0a9ad42eb975eaeb40de0be50437cb","_from":".","_npmVersion":"2.11.1","_nodeVersion":"2.3.0","_npmUser":{"name":"vvakame","email":"vvakame@gmail.com"},"maintainers":[{"name":"vvakame","email":"vvakame@gmail.com"}],"dist":{"shasum":"41d3cfbe3a0a9ad42eb975eaeb40de0be50437cb","tarball":"https://registry.npmjs.org/typescript-formatter/-/typescript-formatter-0.4.1.tgz"}},"0.4.2":{"name":"typescript-formatter","version":"0.4.2","description":"Formatter of TypeScript code","main":"./index","bin":{"tsfmt":"./bin/tsfmt"},"scripts":{"build":"grunt default","test":"grunt test"},"keywords":["TypeScript"],"author":{"name":"vvakame+dev@gmail.com"},"license":"MIT","homepage":"https://github.com/vvakame/typescript-formatter","repository":{"type":"git","url":"git+ssh://git@github.com/vvakame/typescript-formatter.git"},"bugs":{"url":"https://github.com/vvakame/typescript-formatter/issues"},"engines":{"node":">= 0.10.0"},"directories":{"example":"example","test":"test"},"dependencies":{"commandpost":"0.1.1","editorconfig":"0.12.2","es6-promise":"2.3.0","typescript":"1.5.3"},"devDependencies":{"espower-loader":"0.11.0","grunt":"0.4.5","grunt-contrib-clean":"0.6.0","grunt-conventional-changelog":"2.0.1","grunt-dts-bundle":"0.2.0","grunt-dtsm":"0.2.9","grunt-exec":"0.4.6","grunt-mocha-test":"0.12.7","grunt-ts":"4.2.0-beta.1","grunt-tslint":"2.3.1-beta","load-grunt-tasks":"3.2.0","power-assert":"0.11.0"},"gitHead":"e15ae14913c23d08fba5b3032987edd5f304b4ab","_id":"typescript-formatter@0.4.2","_shasum":"56dcfee52148354ba619f624f1651f6cac6c90a5","_from":".","_npmVersion":"2.11.1","_nodeVersion":"2.3.0","_npmUser":{"name":"vvakame","email":"vvakame@gmail.com"},"maintainers":[{"name":"vvakame","email":"vvakame@gmail.com"}],"dist":{"shasum":"56dcfee52148354ba619f624f1651f6cac6c90a5","tarball":"https://registry.npmjs.org/typescript-formatter/-/typescript-formatter-0.4.2.tgz"}},"0.4.3":{"name":"typescript-formatter","version":"0.4.3","description":"Formatter of TypeScript code","main":"./index","bin":{"tsfmt":"./bin/tsfmt"},"scripts":{"build":"grunt default","test":"grunt test"},"keywords":["TypeScript"],"author":{"name":"vvakame+dev@gmail.com"},"license":"MIT","homepage":"https://github.com/vvakame/typescript-formatter","repository":{"type":"git","url":"git+ssh://git@github.com/vvakame/typescript-formatter.git"},"bugs":{"url":"https://github.com/vvakame/typescript-formatter/issues"},"engines":{"node":">= 0.10.0"},"directories":{"example":"example","test":"test"},"dependencies":{"commandpost":"0.1.1","editorconfig":"0.12.2","es6-promise":"2.3.0","typescript":"1.5.3"},"devDependencies":{"espower-loader":"0.11.0","grunt":"0.4.5","grunt-contrib-clean":"0.6.0","grunt-conventional-changelog":"3.0.0","grunt-dts-bundle":"0.2.0","grunt-dtsm":"0.2.9","grunt-exec":"0.4.6","grunt-mocha-test":"0.12.7","grunt-ts":"4.2.0","grunt-tslint":"2.4.0","load-grunt-tasks":"3.2.0","power-assert":"0.11.0"},"gitHead":"6b86d38e701dcd0291cd7dd2652bff8ab55e4cab","_id":"typescript-formatter@0.4.3","_shasum":"f828b69293649f7dd45e83ee47c0d98e9f4fb486","_from":".","_npmVersion":"2.13.2","_nodeVersion":"2.3.0","_npmUser":{"name":"vvakame","email":"vvakame@gmail.com"},"maintainers":[{"name":"vvakame","email":"vvakame@gmail.com"}],"dist":{"shasum":"f828b69293649f7dd45e83ee47c0d98e9f4fb486","tarball":"https://registry.npmjs.org/typescript-formatter/-/typescript-formatter-0.4.3.tgz"}},"1.0.0":{"name":"typescript-formatter","version":"1.0.0","description":"Formatter of TypeScript code","main":"./index","bin":{"tsfmt":"./bin/tsfmt"},"scripts":{"build":"grunt default","test":"grunt test"},"keywords":["TypeScript"],"author":{"name":"vvakame+dev@gmail.com"},"license":"MIT","homepage":"https://github.com/vvakame/typescript-formatter","repository":{"type":"git","url":"git+ssh://git@github.com/vvakame/typescript-formatter.git"},"bugs":{"url":"https://github.com/vvakame/typescript-formatter/issues"},"engines":{"node":">= 0.12.0"},"directories":{"example":"example","test":"test"},"dependencies":{"commandpost":"0.2.5","editorconfig":"0.12.2","es6-promise":"3.0.2","typescript":"^1.6.2"},"devDependencies":{"espower-loader":"1.0.0","grunt":"0.4.5","grunt-contrib-clean":"0.6.0","grunt-conventional-changelog":"4.1.0","grunt-dtsm":"0.2.9","grunt-exec":"0.4.6","grunt-mocha-test":"0.12.7","grunt-ts":"5.0.0-beta.5","grunt-tsconfig-update":"0.0.1","grunt-tslint":"2.5.0","load-grunt-tasks":"3.3.0","mocha":"2.3.3","power-assert":"1.0.1","tslint":"2.5.0"},"gitHead":"0e463ac969ff162a2c8ed162f49f2c39516a6878","_id":"typescript-formatter@1.0.0","_shasum":"7356c6c97cb1408f78468b95b36cc77754fa8ffe","_from":".","_npmVersion":"2.14.3","_nodeVersion":"4.1.0","_npmUser":{"name":"vvakame","email":"vvakame@gmail.com"},"maintainers":[{"name":"vvakame","email":"vvakame@gmail.com"}],"dist":{"shasum":"7356c6c97cb1408f78468b95b36cc77754fa8ffe","tarball":"https://registry.npmjs.org/typescript-formatter/-/typescript-formatter-1.0.0.tgz"}},"1.1.0":{"name":"typescript-formatter","version":"1.1.0","description":"Formatter of TypeScript code","main":"./index","bin":{"tsfmt":"./bin/tsfmt"},"scripts":{"build":"grunt default","test":"grunt test"},"keywords":["TypeScript"],"author":{"name":"vvakame+dev@gmail.com"},"license":"MIT","homepage":"https://github.com/vvakame/typescript-formatter","repository":{"type":"git","url":"git+ssh://git@github.com/vvakame/typescript-formatter.git"},"bugs":{"url":"https://github.com/vvakame/typescript-formatter/issues"},"engines":{"node":">= 0.12.0"},"directories":{"example":"example","test":"test"},"dependencies":{"commandpost":"0.2.5","editorconfig":"0.12.2","es6-promise":"3.0.2","glob-expand":"0.1.0","typescript":"^1.6.2"},"devDependencies":{"espower-loader":"1.0.0","grunt":"0.4.5","grunt-contrib-clean":"0.6.0","grunt-conventional-changelog":"4.1.0","grunt-dtsm":"0.2.9","grunt-exec":"0.4.6","grunt-mocha-test":"0.12.7","grunt-ts":"5.0.0-beta.5","grunt-tsconfig-update":"0.0.1","grunt-tslint":"2.5.0","load-grunt-tasks":"3.3.0","mocha":"2.3.3","power-assert":"1.0.1","tslint":"2.5.0"},"gitHead":"ef57afad7cc8446f909bc1a2bec31431ac6e4a13","_id":"typescript-formatter@1.1.0","_shasum":"73ed11d811766cf2f45df6deb3dd612deccf0a3b","_from":".","_npmVersion":"2.14.7","_nodeVersion":"4.2.0","_npmUser":{"name":"vvakame","email":"vvakame@gmail.com"},"maintainers":[{"name":"vvakame","email":"vvakame@gmail.com"}],"dist":{"shasum":"73ed11d811766cf2f45df6deb3dd612deccf0a3b","tarball":"https://registry.npmjs.org/typescript-formatter/-/typescript-formatter-1.1.0.tgz"}},"1.2.0":{"name":"typescript-formatter","version":"1.2.0","description":"Formatter of TypeScript code","main":"./index","bin":{"tsfmt":"./bin/tsfmt"},"scripts":{"build":"grunt default","test":"grunt test"},"keywords":["TypeScript"],"author":{"name":"vvakame+dev@gmail.com"},"license":"MIT","homepage":"https://github.com/vvakame/typescript-formatter","repository":{"type":"git","url":"git+ssh://git@github.com/vvakame/typescript-formatter.git"},"bugs":{"url":"https://github.com/vvakame/typescript-formatter/issues"},"engines":{"node":">= 0.12.0"},"directories":{"example":"example","test":"test"},"dependencies":{"commandpost":"1.0.0","editorconfig":"0.13.2","es6-promise":"3.0.2","glob-expand":"0.1.0","typescript":"^1.7.3"},"devDependencies":{"espower-loader":"1.0.0","grunt":"0.4.5","grunt-contrib-clean":"0.7.0","grunt-conventional-changelog":"5.0.0","grunt-dtsm":"0.2.9","grunt-exec":"0.4.6","grunt-mocha-test":"0.12.7","grunt-ts":"5.2.0","grunt-tsconfig-update":"0.0.1","grunt-tslint":"3.0.0","load-grunt-tasks":"3.3.0","mocha":"2.3.4","power-assert":"1.2.0","tslint":"3.1.1"},"gitHead":"d3931fbcef7c9161f77679730055fb1375843bb1","_id":"typescript-formatter@1.2.0","_shasum":"4a62c8ee7a18b658e28830c4cc7c5b3ac935f3c2","_from":".","_npmVersion":"3.3.12","_nodeVersion":"5.1.0","_npmUser":{"name":"vvakame","email":"vvakame@gmail.com"},"maintainers":[{"name":"vvakame","email":"vvakame@gmail.com"}],"dist":{"shasum":"4a62c8ee7a18b658e28830c4cc7c5b3ac935f3c2","tarball":"https://registry.npmjs.org/typescript-formatter/-/typescript-formatter-1.2.0.tgz"}},"2.0.0":{"name":"typescript-formatter","version":"2.0.0","description":"Formatter of TypeScript code","main":"./index","bin":{"tsfmt":"./bin/tsfmt"},"scripts":{"build":"grunt default","test":"grunt test"},"keywords":["TypeScript"],"author":{"name":"vvakame+dev@gmail.com"},"license":"MIT","homepage":"https://github.com/vvakame/typescript-formatter","repository":{"type":"git","url":"git+ssh://git@github.com/vvakame/typescript-formatter.git"},"bugs":{"url":"https://github.com/vvakame/typescript-formatter/issues"},"engines":{"node":">= 4.2.0"},"directories":{"example":"example","test":"test"},"dependencies":{"commandpost":"1.0.0","editorconfig":"0.13.2","glob-expand":"0.1.0"},"peerDependencies":{"typescript":"^1.0.0 || >=1.8.0-dev || >=1.9.0-dev"},"devDependencies":{"espower-loader":"1.0.0","grunt":"0.4.5","grunt-contrib-clean":"0.7.0","grunt-conventional-changelog":"5.0.0","grunt-dtsm":"0.2.9","grunt-exec":"0.4.6","grunt-mocha-test":"0.12.7","grunt-ts":"5.3.2","grunt-tsconfig-update":"0.0.1","grunt-tslint":"3.0.1","load-grunt-tasks":"3.4.0","mocha":"2.4.5","power-assert":"1.2.0","tslint":"3.3.0","typescript":"1.7.5"},"gitHead":"5f034c9127edcf18ef48722a87d5d101b5390ce1","_id":"typescript-formatter@2.0.0","_shasum":"e38860056e6f415bbae3f6b7f99917e7a0ae166f","_from":".","_npmVersion":"3.3.12","_nodeVersion":"5.4.1","_npmUser":{"name":"vvakame","email":"vvakame@gmail.com"},"maintainers":[{"name":"vvakame","email":"vvakame@gmail.com"}],"dist":{"shasum":"e38860056e6f415bbae3f6b7f99917e7a0ae166f","tarball":"https://registry.npmjs.org/typescript-formatter/-/typescript-formatter-2.0.0.tgz"},"_npmOperationalInternal":{"host":"packages-9-west.internal.npmjs.com","tmp":"tmp/typescript-formatter-2.0.0.tgz_1454783270525_0.5424122915137559"}},"2.1.0":{"name":"typescript-formatter","version":"2.1.0","description":"Formatter of TypeScript code","main":"./index","bin":{"tsfmt":"./bin/tsfmt"},"scripts":{"setup":"grunt setup","build":"grunt default","test":"grunt test"},"keywords":["TypeScript"],"author":{"name":"vvakame+dev@gmail.com"},"license":"MIT","homepage":"https://github.com/vvakame/typescript-formatter","repository":{"type":"git","url":"git+ssh://git@github.com/vvakame/typescript-formatter.git"},"bugs":{"url":"https://github.com/vvakame/typescript-formatter/issues"},"engines":{"node":">= 4.2.0"},"directories":{"example":"example","test":"test"},"dependencies":{"commandpost":"1.0.0","editorconfig":"0.13.2","glob-expand":"0.1.0"},"peerDependencies":{"typescript":"^1.0.0 || >=1.8.0-dev || >=1.9.0-dev"},"devDependencies":{"es6-promise":"3.1.2","espower-loader":"1.0.0","grunt":"0.4.5","grunt-contrib-clean":"1.0.0","grunt-conventional-changelog":"6.1.0","grunt-dtsm":"1.0.0","grunt-exec":"0.4.6","grunt-mocha-test":"0.12.7","grunt-ts":"5.3.2","grunt-tsconfig-update":"0.0.1","grunt-tslint":"3.0.3","load-grunt-tasks":"3.4.0","mocha":"2.4.5","power-assert":"1.2.0","tslint":"3.5.0","typescript":"1.8.2"},"gitHead":"05eef68cca805555703f856f2cd2ad62280beb04","_id":"typescript-formatter@2.1.0","_shasum":"f3a69a99faa9700dcbd55307436791bd58444009","_from":".","_npmVersion":"3.6.0","_nodeVersion":"5.6.0","_npmUser":{"name":"vvakame","email":"vvakame@gmail.com"},"dist":{"shasum":"f3a69a99faa9700dcbd55307436791bd58444009","tarball":"https://registry.npmjs.org/typescript-formatter/-/typescript-formatter-2.1.0.tgz"},"maintainers":[{"name":"vvakame","email":"vvakame@gmail.com"}],"_npmOperationalInternal":{"host":"packages-6-west.internal.npmjs.com","tmp":"tmp/typescript-formatter-2.1.0.tgz_1456396502495_0.6126633547246456"}},"2.2.0":{"name":"typescript-formatter","version":"2.2.0","description":"Formatter of TypeScript code","main":"./index","bin":{"tsfmt":"./bin/tsfmt"},"scripts":{"setup":"grunt setup","build":"grunt default","test":"grunt test"},"keywords":["TypeScript"],"author":{"name":"vvakame+dev@gmail.com"},"license":"MIT","homepage":"https://github.com/vvakame/typescript-formatter","repository":{"type":"git","url":"git+ssh://git@github.com/vvakame/typescript-formatter.git"},"bugs":{"url":"https://github.com/vvakame/typescript-formatter/issues"},"engines":{"node":">= 4.2.0"},"directories":{"example":"example","test":"test"},"dependencies":{"commandpost":"^1.0.0","editorconfig":"^0.13.2","glob-expand":"^0.1.0"},"peerDependencies":{"typescript":"^1.0.0 || >=1.8.0-dev || >=1.9.0-dev"},"devDependencies":{"dtsm":"^1.1.0","es6-promise":"^3.2.1","espower-loader":"^1.0.0","grunt":"^1.0.1","grunt-contrib-clean":"^1.0.0","grunt-conventional-changelog":"^6.1.0","grunt-dtsm":"^1.0.0","grunt-exec":"^0.4.7","grunt-mocha-test":"^0.12.7","grunt-ts":"^5.5.0-beta.2","grunt-tsconfig-update":"^0.0.1","grunt-tslint":"^3.1.0","load-grunt-tasks":"^3.5.0","mocha":"^2.4.5","power-assert":"^1.2.0","tslint":"^3.5.0","typescript":"^1.8.10"},"gitHead":"244b763f9c25d63d79c86ebff2bd0cee5b964879","_id":"typescript-formatter@2.2.0","_shasum":"1cf476d81e18eafec943238e9f91d10867e6a269","_from":".","_npmVersion":"3.8.3","_nodeVersion":"5.10.1","_npmUser":{"name":"vvakame","email":"vvakame@gmail.com"},"maintainers":[{"name":"vvakame","email":"vvakame@gmail.com"}],"dist":{"shasum":"1cf476d81e18eafec943238e9f91d10867e6a269","tarball":"https://registry.npmjs.org/typescript-formatter/-/typescript-formatter-2.2.0.tgz"},"_npmOperationalInternal":{"host":"packages-16-east.internal.npmjs.com","tmp":"tmp/typescript-formatter-2.2.0.tgz_1463235541996_0.6145333123859018"}},"2.2.1":{"name":"typescript-formatter","version":"2.2.1","description":"Formatter of TypeScript code","main":"./index","bin":{"tsfmt":"./bin/tsfmt"},"scripts":{"setup":"grunt setup","build":"grunt default","test":"grunt test"},"keywords":["TypeScript"],"author":{"name":"vvakame+dev@gmail.com"},"license":"MIT","homepage":"https://github.com/vvakame/typescript-formatter","repository":{"type":"git","url":"git+ssh://git@github.com/vvakame/typescript-formatter.git"},"bugs":{"url":"https://github.com/vvakame/typescript-formatter/issues"},"engines":{"node":">= 4.2.0"},"directories":{"example":"example","test":"test"},"dependencies":{"commandpost":"^1.0.0","editorconfig":"^0.13.2","glob-expand":"^0.2.0"},"peerDependencies":{"typescript":"^1.0.0 || >=1.8.0-dev || >=1.9.0-dev || >=2.0.0-dev"},"devDependencies":{"dtsm":"^1.1.0","es6-promise":"^3.2.1","espower-loader":"^1.0.0","grunt":"^1.0.1","grunt-contrib-clean":"^1.0.0","grunt-conventional-changelog":"^6.1.0","grunt-dtsm":"^1.0.0","grunt-exec":"^1.0.0","grunt-mocha-test":"^0.12.7","grunt-ts":"^5.5.1","grunt-tsconfig-update":"^0.0.1","grunt-tslint":"^3.1.1","load-grunt-tasks":"^3.5.0","mocha":"^2.5.3","power-assert":"^1.2.0","tslint":"^3.12.1","typescript":"^1.8.10"},"gitHead":"ae1e041518288b05f7d8fbc2da48aa4f6e3dd010","_id":"typescript-formatter@2.2.1","_shasum":"cd9c327abc2c8e2e33c60d1f7c0e69cd4b39e724","_from":".","_npmVersion":"3.9.5","_nodeVersion":"6.2.2","_npmUser":{"name":"vvakame","email":"vvakame@gmail.com"},"dist":{"shasum":"cd9c327abc2c8e2e33c60d1f7c0e69cd4b39e724","tarball":"https://registry.npmjs.org/typescript-formatter/-/typescript-formatter-2.2.1.tgz"},"maintainers":[{"name":"vvakame","email":"vvakame@gmail.com"}],"_npmOperationalInternal":{"host":"packages-16-east.internal.npmjs.com","tmp":"tmp/typescript-formatter-2.2.1.tgz_1467292030454_0.07032816438004375"}},"2.3.0":{"name":"typescript-formatter","version":"2.3.0","description":"Formatter of TypeScript code","main":"./index","bin":{"tsfmt":"./bin/tsfmt"},"scripts":{"setup":"grunt setup","build":"grunt default","test":"grunt test"},"keywords":["TypeScript"],"author":{"name":"vvakame+dev@gmail.com"},"license":"MIT","homepage":"https://github.com/vvakame/typescript-formatter","repository":{"type":"git","url":"git+ssh://git@github.com/vvakame/typescript-formatter.git"},"bugs":{"url":"https://github.com/vvakame/typescript-formatter/issues"},"engines":{"node":">= 4.2.0"},"directories":{"example":"example","test":"test"},"dependencies":{"commandpost":"^1.0.0","editorconfig":"^0.13.2","glob-expand":"^0.2.0"},"peerDependencies":{"typescript":"^1.0.0 || ^2.0.0 || >=2.1.0-dev"},"devDependencies":{"dtsm":"^1.1.0","es6-promise":"^3.2.1","espower-loader":"^1.0.0","grunt":"^1.0.1","grunt-contrib-clean":"^1.0.0","grunt-conventional-changelog":"^6.1.0","grunt-dtsm":"^1.0.0","grunt-exec":"^1.0.0","grunt-mocha-test":"^0.12.7","grunt-ts":"^6.0.0-beta.2","grunt-tsconfig-update":"^0.0.1","grunt-tslint":"^3.1.1","load-grunt-tasks":"^3.5.0","mocha":"^2.5.3","power-assert":"^1.2.0","tslint":"^3.13.0","typescript":"^1.8.10"},"gitHead":"376bf33b4a817c459465c407b1085e360e0afee5","_id":"typescript-formatter@2.3.0","_shasum":"9e485348a339bc1f58f2c68e1df81e74b0199172","_from":".","_npmVersion":"3.10.3","_nodeVersion":"6.3.0","_npmUser":{"name":"vvakame","email":"vvakame@gmail.com"},"dist":{"shasum":"9e485348a339bc1f58f2c68e1df81e74b0199172","tarball":"https://registry.npmjs.org/typescript-formatter/-/typescript-formatter-2.3.0.tgz"},"maintainers":[{"name":"vvakame","email":"vvakame@gmail.com"}],"_npmOperationalInternal":{"host":"packages-12-west.internal.npmjs.com","tmp":"tmp/typescript-formatter-2.3.0.tgz_1468650419543_0.3646096733864397"}},"3.0.0":{"name":"typescript-formatter","version":"3.0.0","description":"Formatter of TypeScript code","main":"./index","bin":{"tsfmt":"./bin/tsfmt"},"scripts":{"build":"grunt default","test":"grunt test"},"keywords":["TypeScript"],"author":{"name":"vvakame+dev@gmail.com"},"license":"MIT","homepage":"https://github.com/vvakame/typescript-formatter","repository":{"type":"git","url":"git+ssh://git@github.com/vvakame/typescript-formatter.git"},"bugs":{"url":"https://github.com/vvakame/typescript-formatter/issues"},"engines":{"node":">= 4.2.0"},"directories":{"example":"example","test":"test"},"dependencies":{"commandpost":"^1.0.0","editorconfig":"^0.13.2","glob-expand":"^0.2.0"},"peerDependencies":{"typescript":"^2.0.0 || >=2.1.0-dev"},"devDependencies":{"@types/glob-expand":"^0.0.29","@types/mocha":"^2.2.28","@types/node":"^6.0.34","@types/power-assert":"^0.0.27","es6-promise":"^3.2.1","espower-loader":"^1.0.0","grunt":"^1.0.1","grunt-contrib-clean":"^1.0.0","grunt-conventional-changelog":"^6.1.0","grunt-exec":"^1.0.0","grunt-mocha-test":"^0.12.7","grunt-tslint":"^3.1.1","load-grunt-tasks":"^3.5.0","mocha":"^3.0.2","power-assert":"^1.2.0","tslint":"^3.13.0","typescript":"^2.0.0"},"gitHead":"9336f9007bc26cf969f6367db856ea6cea4041eb","_id":"typescript-formatter@3.0.0","_shasum":"2517d4ef68e8913fc79777de044b56b95070fa3e","_from":".","_npmVersion":"3.10.3","_nodeVersion":"6.3.1","_npmUser":{"name":"vvakame","email":"vvakame@gmail.com"},"dist":{"shasum":"2517d4ef68e8913fc79777de044b56b95070fa3e","tarball":"https://registry.npmjs.org/typescript-formatter/-/typescript-formatter-3.0.0.tgz"},"maintainers":[{"name":"vvakame","email":"vvakame@gmail.com"}],"_npmOperationalInternal":{"host":"packages-12-west.internal.npmjs.com","tmp":"tmp/typescript-formatter-3.0.0.tgz_1471571012497_0.9014219839591533"}},"3.0.1":{"name":"typescript-formatter","version":"3.0.1","description":"Formatter of TypeScript code","main":"./index","bin":{"tsfmt":"./bin/tsfmt"},"scripts":{"build":"grunt default","test":"grunt test"},"keywords":["TypeScript"],"author":{"name":"vvakame+dev@gmail.com"},"license":"MIT","homepage":"https://github.com/vvakame/typescript-formatter","repository":{"type":"git","url":"git+ssh://git@github.com/vvakame/typescript-formatter.git"},"bugs":{"url":"https://github.com/vvakame/typescript-formatter/issues"},"engines":{"node":">= 4.2.0"},"directories":{"example":"example","test":"test"},"dependencies":{"commandpost":"^1.0.0","editorconfig":"^0.13.2","glob-expand":"^0.2.1"},"peerDependencies":{"typescript":"^2.0.0 || >=2.1.0-dev"},"devDependencies":{"@types/glob-expand":"^0.0.30","@types/mocha":"^2.2.32","@types/node":"^6.0.40","@types/power-assert":"^0.0.28","es6-promise":"^3.3.1","espower-loader":"^1.0.0","grunt":"^1.0.1","grunt-contrib-clean":"^1.0.0","grunt-conventional-changelog":"^6.1.0","grunt-exec":"^1.0.1","grunt-mocha-test":"^0.13.2","grunt-tslint":"^3.2.1","load-grunt-tasks":"^3.5.0","mocha":"^3.0.2","power-assert":"^1.2.0","tslint":"^3.15.1","typescript":"^2.0.3"},"gitHead":"410c973bbd836f18680fb694d9fdb6d3979ea45e","_id":"typescript-formatter@3.0.1","_shasum":"674b5677d80ba4d0b5866688d19c902217008b0c","_from":".","_npmVersion":"3.10.3","_nodeVersion":"6.6.0","_npmUser":{"name":"vvakame","email":"vvakame@gmail.com"},"dist":{"shasum":"674b5677d80ba4d0b5866688d19c902217008b0c","tarball":"https://registry.npmjs.org/typescript-formatter/-/typescript-formatter-3.0.1.tgz"},"maintainers":[{"name":"vvakame","email":"vvakame@gmail.com"}],"_npmOperationalInternal":{"host":"packages-12-west.internal.npmjs.com","tmp":"tmp/typescript-formatter-3.0.1.tgz_1474594914906_0.00826437515206635"}},"3.1.0":{"name":"typescript-formatter","version":"3.1.0","description":"Formatter of TypeScript code","main":"./index","bin":{"tsfmt":"./bin/tsfmt"},"scripts":{"build":"grunt default","test":"grunt test"},"keywords":["TypeScript"],"author":{"name":"vvakame+dev@gmail.com"},"license":"MIT","homepage":"https://github.com/vvakame/typescript-formatter","repository":{"type":"git","url":"git+ssh://git@github.com/vvakame/typescript-formatter.git"},"bugs":{"url":"https://github.com/vvakame/typescript-formatter/issues"},"engines":{"node":">= 4.2.0"},"directories":{"example":"example","test":"test"},"dependencies":{"commandpost":"^1.0.0","editorconfig":"^0.13.2","glob-expand":"^0.2.1"},"peerDependencies":{"typescript":"^2.0.0 || >=2.1.0-dev"},"devDependencies":{"@types/glob-expand":"^0.0.30","@types/mocha":"^2.2.32","@types/node":"^6.0.40","@types/power-assert":"^0.0.28","es6-promise":"^3.3.1","espower-loader":"^1.0.0","grunt":"^1.0.1","grunt-contrib-clean":"^1.0.0","grunt-conventional-changelog":"^6.1.0","grunt-exec":"^1.0.1","grunt-mocha-test":"^0.13.2","grunt-tslint":"^3.2.1","load-grunt-tasks":"^3.5.0","mocha":"^3.0.2","power-assert":"^1.2.0","tslint":"^3.15.1","typescript":"^2.0.3"},"gitHead":"6030f75dd1843cdff765d18b9cdb9395cd5148a9","_id":"typescript-formatter@3.1.0","_shasum":"660ed487d510b8fb563859cb1bfab79f3322c0cb","_from":".","_npmVersion":"3.10.3","_nodeVersion":"6.6.0","_npmUser":{"name":"vvakame","email":"vvakame@gmail.com"},"dist":{"shasum":"660ed487d510b8fb563859cb1bfab79f3322c0cb","tarball":"https://registry.npmjs.org/typescript-formatter/-/typescript-formatter-3.1.0.tgz"},"maintainers":[{"name":"vvakame","email":"vvakame@gmail.com"}],"_npmOperationalInternal":{"host":"packages-16-east.internal.npmjs.com","tmp":"tmp/typescript-formatter-3.1.0.tgz_1476002957454_0.29013451375067234"}},"4.0.0":{"name":"typescript-formatter","version":"4.0.0","description":"Formatter of TypeScript code","main":"./index","bin":{"tsfmt":"./bin/tsfmt"},"scripts":{"build":"grunt default","test":"grunt test"},"keywords":["TypeScript"],"author":{"name":"vvakame+dev@gmail.com"},"license":"MIT","homepage":"https://github.com/vvakame/typescript-formatter","repository":{"type":"git","url":"git+ssh://git@github.com/vvakame/typescript-formatter.git"},"bugs":{"url":"https://github.com/vvakame/typescript-formatter/issues"},"engines":{"node":">= 4.2.0"},"directories":{"example":"example","test":"test"},"dependencies":{"commandpost":"^1.0.0","editorconfig":"^0.13.2","glob-expand":"^0.2.1"},"peerDependencies":{"typescript":"^2.0.6 || >=2.1.0-dev"},"devDependencies":{"@types/glob-expand":"^0.0.30","@types/mocha":"^2.2.32","@types/node":"^6.0.40","@types/power-assert":"^1.4.29","es6-promise":"^4.0.5","espower-loader":"^1.0.0","grunt":"^1.0.1","grunt-contrib-clean":"^1.0.0","grunt-conventional-changelog":"^6.1.0","grunt-exec":"^1.0.1","grunt-mocha-test":"^0.13.2","grunt-tslint":"^3.2.1","load-grunt-tasks":"^3.5.0","mocha":"^3.0.2","power-assert":"^1.2.0","tslint":"^3.15.1","typescript":"^2.0.6"},"gitHead":"f9ba5a20199bc6ac6a68b741092fd925c575a45f","_id":"typescript-formatter@4.0.0","_shasum":"1ad3854187ece496cf77bd104343d1af81d22cda","_from":".","_npmVersion":"3.10.8","_nodeVersion":"7.0.0","_npmUser":{"name":"vvakame","email":"vvakame@gmail.com"},"dist":{"shasum":"1ad3854187ece496cf77bd104343d1af81d22cda","tarball":"https://registry.npmjs.org/typescript-formatter/-/typescript-formatter-4.0.0.tgz"},"maintainers":[{"name":"vvakame","email":"vvakame@gmail.com"}],"_npmOperationalInternal":{"host":"packages-12-west.internal.npmjs.com","tmp":"tmp/typescript-formatter-4.0.0.tgz_1477536246668_0.9697398317512125"}},"4.0.1":{"name":"typescript-formatter","version":"4.0.1","description":"Formatter of TypeScript code","main":"./index","bin":{"tsfmt":"./bin/tsfmt"},"scripts":{"build":"grunt default","test":"grunt test"},"keywords":["TypeScript"],"author":{"name":"vvakame+dev@gmail.com"},"license":"MIT","homepage":"https://github.com/vvakame/typescript-formatter","repository":{"type":"git","url":"git+ssh://git@github.com/vvakame/typescript-formatter.git"},"bugs":{"url":"https://github.com/vvakame/typescript-formatter/issues"},"engines":{"node":">= 4.2.0"},"directories":{"example":"example","test":"test"},"dependencies":{"commandpost":"^1.0.0","editorconfig":"^0.13.2","glob-expand":"^0.2.1"},"peerDependencies":{"typescript":"^2.0.6 || >=2.1.0-dev || >=2.2.0-dev"},"devDependencies":{"@types/glob-expand":"^0.0.30","@types/mocha":"^2.2.33","@types/node":"^6.0.48","@types/power-assert":"^1.4.29","es6-promise":"^4.0.5","espower-loader":"^1.2.0","grunt":"^1.0.1","grunt-contrib-clean":"^1.0.0","grunt-conventional-changelog":"^6.1.0","grunt-exec":"^1.0.1","grunt-mocha-test":"^0.13.2","grunt-tslint":"^3.2.1","load-grunt-tasks":"^3.5.0","mocha":"^3.0.2","power-assert":"^1.4.2","tslint":"^3.15.1","typescript":"^2.0.10"},"gitHead":"f41d56910405c4068a4e413f898d69a4c59fe62f","_id":"typescript-formatter@4.0.1","_shasum":"ed82daf856cc9a379bb16b7f1aac9affee2974cd","_from":".","_npmVersion":"3.10.8","_nodeVersion":"7.0.0","_npmUser":{"name":"vvakame","email":"vvakame@gmail.com"},"dist":{"shasum":"ed82daf856cc9a379bb16b7f1aac9affee2974cd","tarball":"https://registry.npmjs.org/typescript-formatter/-/typescript-formatter-4.0.1.tgz"},"maintainers":[{"name":"vvakame","email":"vvakame@gmail.com"}],"_npmOperationalInternal":{"host":"packages-12-west.internal.npmjs.com","tmp":"tmp/typescript-formatter-4.0.1.tgz_1479288163598_0.9801899613812566"}},"4.1.0":{"name":"typescript-formatter","version":"4.1.0","description":"Formatter of TypeScript code","main":"./index","bin":{"tsfmt":"./bin/tsfmt"},"scripts":{"build":"grunt default","test":"grunt test"},"keywords":["TypeScript"],"author":{"name":"vvakame+dev@gmail.com"},"license":"MIT","homepage":"https://github.com/vvakame/typescript-formatter","repository":{"type":"git","url":"git+ssh://git@github.com/vvakame/typescript-formatter.git"},"bugs":{"url":"https://github.com/vvakame/typescript-formatter/issues"},"engines":{"node":">= 4.2.0"},"directories":{"example":"example","test":"test"},"dependencies":{"commandpost":"^1.0.0","editorconfig":"^0.13.2","glob-expand":"^0.2.1"},"peerDependencies":{"typescript":"^2.0.6 || >=2.1.0-dev || >=2.2.0-dev"},"devDependencies":{"@types/glob-expand":"^0.0.30","@types/mocha":"^2.2.33","@types/node":"^6.0.48","@types/power-assert":"^1.4.29","es6-promise":"^4.0.5","espower-loader":"^1.2.0","grunt":"^1.0.1","grunt-contrib-clean":"^1.0.0","grunt-conventional-changelog":"^6.1.0","grunt-exec":"^1.0.1","grunt-mocha-test":"^0.13.2","grunt-tslint":"^3.2.1","load-grunt-tasks":"^3.5.0","mocha":"^3.0.2","power-assert":"^1.4.2","tslint":"^3.15.1","typescript":"^2.0.10"},"gitHead":"2edc72b02ab9584012ec70d7e9ef5314283318d2","_id":"typescript-formatter@4.1.0","_shasum":"d43544ab44d82c2f7dd60da2699ca203eefb7443","_from":".","_npmVersion":"4.1.2","_nodeVersion":"7.5.0","_npmUser":{"name":"vvakame","email":"vvakame@gmail.com"},"dist":{"shasum":"d43544ab44d82c2f7dd60da2699ca203eefb7443","tarball":"https://registry.npmjs.org/typescript-formatter/-/typescript-formatter-4.1.0.tgz"},"maintainers":[{"name":"vvakame","email":"vvakame@gmail.com"}],"_npmOperationalInternal":{"host":"packages-18-east.internal.npmjs.com","tmp":"tmp/typescript-formatter-4.1.0.tgz_1486283554403_0.13483441714197397"}},"4.1.1":{"name":"typescript-formatter","version":"4.1.1","description":"Formatter of TypeScript code","main":"./index","bin":{"tsfmt":"./bin/tsfmt"},"scripts":{"build":"grunt default","test":"grunt test"},"keywords":["TypeScript"],"author":{"name":"vvakame+dev@gmail.com"},"license":"MIT","homepage":"https://github.com/vvakame/typescript-formatter","repository":{"type":"git","url":"git+ssh://git@github.com/vvakame/typescript-formatter.git"},"bugs":{"url":"https://github.com/vvakame/typescript-formatter/issues"},"engines":{"node":">= 4.2.0"},"directories":{"example":"example","test":"test"},"dependencies":{"commandpost":"^1.0.0","editorconfig":"^0.13.2","glob-expand":"^0.2.1"},"peerDependencies":{"typescript":"^2.0.6 || >=2.1.0-dev || >=2.2.0-dev"},"devDependencies":{"@types/glob-expand":"^0.0.30","@types/mocha":"^2.2.33","@types/node":"^6.0.48","@types/power-assert":"^1.4.29","es6-promise":"^4.0.5","espower-loader":"^1.2.0","grunt":"^1.0.1","grunt-contrib-clean":"^1.0.0","grunt-conventional-changelog":"^6.1.0","grunt-exec":"^1.0.1","grunt-mocha-test":"^0.13.2","grunt-tslint":"^3.2.1","load-grunt-tasks":"^3.5.0","mocha":"^3.0.2","power-assert":"^1.4.2","tslint":"^3.15.1","typescript":"^2.1.5"},"gitHead":"121a3e401888289d366f355f2ee6c797c5c5ba54","_id":"typescript-formatter@4.1.1","_shasum":"1175b63d3ee2cb9ec130ecec38fc01e479ee350d","_from":".","_npmVersion":"4.1.2","_nodeVersion":"7.5.0","_npmUser":{"name":"vvakame","email":"vvakame@gmail.com"},"dist":{"shasum":"1175b63d3ee2cb9ec130ecec38fc01e479ee350d","tarball":"https://registry.npmjs.org/typescript-formatter/-/typescript-formatter-4.1.1.tgz"},"maintainers":[{"name":"vvakame","email":"vvakame@gmail.com"}],"_npmOperationalInternal":{"host":"packages-12-west.internal.npmjs.com","tmp":"tmp/typescript-formatter-4.1.1.tgz_1486700365879_0.32012032228522"}},"4.1.2":{"name":"typescript-formatter","version":"4.1.2","description":"Formatter of TypeScript code","main":"./index","bin":{"tsfmt":"./bin/tsfmt"},"scripts":{"build":"grunt default","test":"grunt test"},"keywords":["TypeScript"],"author":{"name":"vvakame+dev@gmail.com"},"license":"MIT","homepage":"https://github.com/vvakame/typescript-formatter","repository":{"type":"git","url":"git+ssh://git@github.com/vvakame/typescript-formatter.git"},"bugs":{"url":"https://github.com/vvakame/typescript-formatter/issues"},"engines":{"node":">= 4.2.0"},"directories":{"example":"example","test":"test"},"dependencies":{"commandpost":"^1.0.0","editorconfig":"^0.13.2","glob-expand":"^0.2.1"},"peerDependencies":{"typescript":"^2.0.6 || >=2.1.0-dev || >=2.2.0-dev || >=2.3.0-dev"},"devDependencies":{"@types/glob-expand":"^0.0.30","@types/mocha":"^2.2.33","@types/node":"^7.0.5","@types/power-assert":"^1.4.29","es6-promise":"^4.0.5","espower-loader":"^1.2.0","grunt":"^1.0.1","grunt-contrib-clean":"^1.0.0","grunt-conventional-changelog":"^6.1.0","grunt-exec":"^1.0.1","grunt-mocha-test":"^0.13.2","grunt-tslint":"^4.0.1","load-grunt-tasks":"^3.5.0","mocha":"^3.0.2","power-assert":"^1.4.2","tslint":"^4.4.2","typescript":"^2.2.1"},"gitHead":"f2273e0c5693f846a16f058b7c3680a39c1190ab","_id":"typescript-formatter@4.1.2","_shasum":"dfc05b10f17722f905632dc07c11c37663c3fe59","_from":".","_npmVersion":"4.1.2","_nodeVersion":"7.5.0","_npmUser":{"name":"vvakame","email":"vvakame@gmail.com"},"dist":{"shasum":"dfc05b10f17722f905632dc07c11c37663c3fe59","tarball":"https://registry.npmjs.org/typescript-formatter/-/typescript-formatter-4.1.2.tgz"},"maintainers":[{"name":"vvakame","email":"vvakame@gmail.com"}],"_npmOperationalInternal":{"host":"packages-12-west.internal.npmjs.com","tmp":"tmp/typescript-formatter-4.1.2.tgz_1487814840135_0.19331705756485462"}},"4.2.0":{"name":"typescript-formatter","version":"4.2.0","description":"Formatter of TypeScript code","main":"./index","bin":{"tsfmt":"./bin/tsfmt"},"scripts":{"build":"grunt default","test":"grunt test"},"keywords":["TypeScript"],"author":{"name":"vvakame+dev@gmail.com"},"license":"MIT","homepage":"https://github.com/vvakame/typescript-formatter","repository":{"type":"git","url":"git+ssh://git@github.com/vvakame/typescript-formatter.git"},"bugs":{"url":"https://github.com/vvakame/typescript-formatter/issues"},"engines":{"node":">= 4.2.0"},"directories":{"example":"example","test":"test"},"dependencies":{"commandpost":"^1.0.0","editorconfig":"^0.13.2","glob-expand":"^0.2.1"},"peerDependencies":{"typescript":"^2.0.6 || >=2.1.0-dev || >=2.2.0-dev || >=2.3.0-dev"},"devDependencies":{"@types/glob-expand":"^0.0.30","@types/mkdirp":"^0.3.29","@types/mocha":"^2.2.33","@types/node":"^7.0.5","@types/power-assert":"^1.4.29","es6-promise":"^4.0.5","espower-loader":"^1.2.0","grunt":"^1.0.1","grunt-contrib-clean":"^1.0.0","grunt-conventional-changelog":"^6.1.0","grunt-exec":"^1.0.1","grunt-mocha-test":"^0.13.2","grunt-tslint":"^4.0.1","load-grunt-tasks":"^3.5.0","mkdirp":"^0.5.1","mocha":"^3.0.2","power-assert":"^1.4.2","tslint":"^4.4.2","typescript":"^2.2.1"},"gitHead":"a139fa37a75630b2b1801b53b5e7689c7724c4de","_id":"typescript-formatter@4.2.0","_shasum":"c85574252c9e0766bb17c6a105b2842f84a882fd","_from":".","_npmVersion":"2.14.4","_nodeVersion":"4.1.1","_npmUser":{"name":"vvakame","email":"vvakame@gmail.com"},"dist":{"shasum":"c85574252c9e0766bb17c6a105b2842f84a882fd","tarball":"https://registry.npmjs.org/typescript-formatter/-/typescript-formatter-4.2.0.tgz"},"maintainers":[{"name":"vvakame","email":"vvakame@gmail.com"}],"_npmOperationalInternal":{"host":"packages-18-east.internal.npmjs.com","tmp":"tmp/typescript-formatter-4.2.0.tgz_1488196134009_0.4257812579162419"}},"5.0.0":{"name":"typescript-formatter","version":"5.0.0","description":"Formatter of TypeScript code","main":"./index","bin":{"tsfmt":"./bin/tsfmt"},"scripts":{"build":"grunt default","test":"grunt test"},"keywords":["TypeScript"],"author":{"name":"vvakame+dev@gmail.com"},"license":"MIT","homepage":"https://github.com/vvakame/typescript-formatter","repository":{"type":"git","url":"git+ssh://git@github.com/vvakame/typescript-formatter.git"},"bugs":{"url":"https://github.com/vvakame/typescript-formatter/issues"},"engines":{"node":">= 4.2.0"},"directories":{"example":"example","test":"test"},"dependencies":{"commandpost":"^1.0.0","editorconfig":"^0.13.2"},"peerDependencies":{"typescript":"^2.0.6 || >=2.1.0-dev || >=2.2.0-dev || >=2.3.0-dev"},"devDependencies":{"@types/mkdirp":"^0.3.29","@types/mocha":"^2.2.33","@types/node":"^7.0.5","@types/power-assert":"^1.4.29","espower-loader":"^1.2.0","grunt":"^1.0.1","grunt-contrib-clean":"^1.0.0","grunt-conventional-changelog":"^6.1.0","grunt-exec":"^1.0.1","grunt-mocha-test":"^0.13.2","grunt-tslint":"^4.0.1","load-grunt-tasks":"^3.5.0","mkdirp":"^0.5.1","mocha":"^3.0.2","power-assert":"^1.4.2","tslint":"^4.4.2","typescript":"^2.2.1"},"gitHead":"3bd3935fd0ae9337985ecf7d55bb96fd92d0db6d","_id":"typescript-formatter@5.0.0","_shasum":"0c3738209b88bd771e21a6d14f60d4719b4993c0","_from":".","_npmVersion":"4.1.2","_nodeVersion":"7.6.0","_npmUser":{"name":"vvakame","email":"vvakame@gmail.com"},"dist":{"shasum":"0c3738209b88bd771e21a6d14f60d4719b4993c0","tarball":"https://registry.npmjs.org/typescript-formatter/-/typescript-formatter-5.0.0.tgz"},"maintainers":[{"name":"vvakame","email":"vvakame@gmail.com"}],"_npmOperationalInternal":{"host":"packages-12-west.internal.npmjs.com","tmp":"tmp/typescript-formatter-5.0.0.tgz_1488197084836_0.11860839277505875"}},"4.2.1":{"name":"typescript-formatter","version":"4.2.1","description":"Formatter of TypeScript code","main":"./index","bin":{"tsfmt":"./bin/tsfmt"},"scripts":{"build":"grunt default","test":"grunt test"},"keywords":["TypeScript"],"author":{"name":"vvakame+dev@gmail.com"},"license":"MIT","homepage":"https://github.com/vvakame/typescript-formatter","repository":{"type":"git","url":"git+ssh://git@github.com/vvakame/typescript-formatter.git"},"bugs":{"url":"https://github.com/vvakame/typescript-formatter/issues"},"engines":{"node":">= 4.2.0"},"directories":{"example":"example","test":"test"},"dependencies":{"commandpost":"^1.0.0","editorconfig":"^0.13.2","glob-expand":"^0.2.1"},"peerDependencies":{"typescript":"^2.0.6 || >=2.1.0-dev || >=2.2.0-dev || >=2.3.0-dev"},"devDependencies":{"@types/glob-expand":"^0.0.30","@types/mkdirp":"^0.3.29","@types/mocha":"^2.2.33","@types/node":"^7.0.5","@types/power-assert":"^1.4.29","es6-promise":"^4.0.5","espower-loader":"^1.2.0","grunt":"^1.0.1","grunt-contrib-clean":"^1.0.0","grunt-conventional-changelog":"^6.1.0","grunt-exec":"^1.0.1","grunt-mocha-test":"^0.13.2","grunt-tslint":"^4.0.1","load-grunt-tasks":"^3.5.0","mkdirp":"^0.5.1","mocha":"^3.0.2","power-assert":"^1.4.2","tslint":"^4.4.2","typescript":"^2.2.1"},"gitHead":"0ee5c093da034af5bae1bfe3cf3000411c0869e5","_id":"typescript-formatter@4.2.1","_shasum":"79af7839c86acc0d6cf45cd8499b20bb05380dc8","_from":".","_npmVersion":"4.1.2","_nodeVersion":"7.6.0","_npmUser":{"name":"vvakame","email":"vvakame@gmail.com"},"dist":{"shasum":"79af7839c86acc0d6cf45cd8499b20bb05380dc8","tarball":"https://registry.npmjs.org/typescript-formatter/-/typescript-formatter-4.2.1.tgz"},"maintainers":[{"name":"vvakame","email":"vvakame@gmail.com"}],"_npmOperationalInternal":{"host":"packages-18-east.internal.npmjs.com","tmp":"tmp/typescript-formatter-4.2.1.tgz_1488296369897_0.7296669939532876"}},"5.0.1":{"name":"typescript-formatter","version":"5.0.1","description":"Formatter of TypeScript code","main":"./index","bin":{"tsfmt":"./bin/tsfmt"},"scripts":{"build":"grunt default","test":"grunt test"},"keywords":["TypeScript"],"author":{"name":"vvakame+dev@gmail.com"},"license":"MIT","homepage":"https://github.com/vvakame/typescript-formatter","repository":{"type":"git","url":"git+ssh://git@github.com/vvakame/typescript-formatter.git"},"bugs":{"url":"https://github.com/vvakame/typescript-formatter/issues"},"engines":{"node":">= 4.2.0"},"directories":{"example":"example","test":"test"},"dependencies":{"commandpost":"^1.0.0","editorconfig":"^0.13.2"},"peerDependencies":{"typescript":"^2.0.6 || >=2.1.0-dev || >=2.2.0-dev || >=2.3.0-dev"},"devDependencies":{"@types/mkdirp":"^0.3.29","@types/mocha":"^2.2.33","@types/node":"^7.0.5","@types/power-assert":"^1.4.29","espower-loader":"^1.2.0","grunt":"^1.0.1","grunt-contrib-clean":"^1.0.0","grunt-conventional-changelog":"^6.1.0","grunt-exec":"^1.0.1","grunt-mocha-test":"^0.13.2","grunt-tslint":"^4.0.1","load-grunt-tasks":"^3.5.0","mkdirp":"^0.5.1","mocha":"^3.0.2","power-assert":"^1.4.2","tslint":"^4.4.2","typescript":"^2.2.1"},"gitHead":"d688317d828f1a6363cf28bf6ad628586ea254ea","_id":"typescript-formatter@5.0.1","_shasum":"f4f0462153fc548837d1fa796837b54bc9c16ca2","_from":".","_npmVersion":"4.1.2","_nodeVersion":"7.6.0","_npmUser":{"name":"vvakame","email":"vvakame@gmail.com"},"dist":{"shasum":"f4f0462153fc548837d1fa796837b54bc9c16ca2","tarball":"https://registry.npmjs.org/typescript-formatter/-/typescript-formatter-5.0.1.tgz"},"maintainers":[{"name":"vvakame","email":"vvakame@gmail.com"}],"_npmOperationalInternal":{"host":"packages-18-east.internal.npmjs.com","tmp":"tmp/typescript-formatter-5.0.1.tgz_1488300628520_0.7224603267386556"}},"5.1.0":{"name":"typescript-formatter","version":"5.1.0","description":"Formatter of TypeScript code","main":"./index","bin":{"tsfmt":"./bin/tsfmt"},"scripts":{"build":"grunt default","test":"grunt test"},"keywords":["TypeScript"],"author":{"name":"vvakame+dev@gmail.com"},"license":"MIT","homepage":"https://github.com/vvakame/typescript-formatter","repository":{"type":"git","url":"git+ssh://git@github.com/vvakame/typescript-formatter.git"},"bugs":{"url":"https://github.com/vvakame/typescript-formatter/issues"},"engines":{"node":">= 4.2.0"},"directories":{"example":"example","test":"test"},"dependencies":{"commandpost":"^1.0.0","editorconfig":"^0.13.2"},"peerDependencies":{"typescript":"^2.0.6 || >=2.1.0-dev || >=2.2.0-dev || >=2.3.0-dev"},"devDependencies":{"@types/mkdirp":"^0.3.29","@types/mocha":"^2.2.33","@types/node":"^7.0.5","@types/power-assert":"^1.4.29","espower-loader":"^1.2.0","grunt":"^1.0.1","grunt-contrib-clean":"^1.0.0","grunt-conventional-changelog":"^6.1.0","grunt-exec":"^1.0.1","grunt-mocha-test":"^0.13.2","grunt-tslint":"^4.0.1","load-grunt-tasks":"^3.5.0","mkdirp":"^0.5.1","mocha":"^3.0.2","power-assert":"^1.4.2","tslint":"^4.4.2","typescript":"^2.2.1"},"gitHead":"8721a2152b2602deca38c2fe647271301af8cc0b","_id":"typescript-formatter@5.1.0","_shasum":"98e0ea85a32523a224f74f30a75faa94a73e0586","_from":".","_npmVersion":"4.1.2","_nodeVersion":"7.6.0","_npmUser":{"name":"vvakame","email":"vvakame@gmail.com"},"dist":{"shasum":"98e0ea85a32523a224f74f30a75faa94a73e0586","tarball":"https://registry.npmjs.org/typescript-formatter/-/typescript-formatter-5.1.0.tgz"},"maintainers":[{"name":"vvakame","email":"vvakame@gmail.com"}],"_npmOperationalInternal":{"host":"packages-12-west.internal.npmjs.com","tmp":"tmp/typescript-formatter-5.1.0.tgz_1488426793761_0.3087970039341599"}},"4.2.2":{"name":"typescript-formatter","version":"4.2.2","description":"Formatter of TypeScript code","main":"./index","bin":{"tsfmt":"./bin/tsfmt"},"scripts":{"build":"grunt default","test":"grunt test"},"keywords":["TypeScript"],"author":{"name":"vvakame+dev@gmail.com"},"license":"MIT","homepage":"https://github.com/vvakame/typescript-formatter","repository":{"type":"git","url":"git+ssh://git@github.com/vvakame/typescript-formatter.git"},"bugs":{"url":"https://github.com/vvakame/typescript-formatter/issues"},"engines":{"node":">= 4.2.0"},"directories":{"example":"example","test":"test"},"dependencies":{"commandpost":"^1.0.0","editorconfig":"^0.13.2","glob-expand":"^0.2.1"},"peerDependencies":{"typescript":"^2.0.6 || >=2.1.0-dev || >=2.2.0-dev || >=2.3.0-dev"},"devDependencies":{"@types/glob-expand":"^0.0.30","@types/mkdirp":"^0.3.29","@types/mocha":"^2.2.33","@types/node":"^7.0.5","@types/power-assert":"^1.4.29","es6-promise":"^4.0.5","espower-loader":"^1.2.0","grunt":"^1.0.1","grunt-contrib-clean":"^1.0.0","grunt-conventional-changelog":"^6.1.0","grunt-exec":"^1.0.1","grunt-mocha-test":"^0.13.2","grunt-tslint":"^4.0.1","load-grunt-tasks":"^3.5.0","mkdirp":"^0.5.1","mocha":"^3.0.2","power-assert":"^1.4.2","tslint":"^4.4.2","typescript":"^2.2.1"},"gitHead":"bbdce53a9e7110e9b5e72d703800d99c9ec4ac19","_id":"typescript-formatter@4.2.2","_shasum":"4f3d1c461134fd49503adfc871b027e49ef3e240","_from":".","_npmVersion":"4.1.2","_nodeVersion":"7.6.0","_npmUser":{"name":"vvakame","email":"vvakame@gmail.com"},"dist":{"shasum":"4f3d1c461134fd49503adfc871b027e49ef3e240","tarball":"https://registry.npmjs.org/typescript-formatter/-/typescript-formatter-4.2.2.tgz"},"maintainers":[{"name":"vvakame","email":"vvakame@gmail.com"}],"_npmOperationalInternal":{"host":"packages-12-west.internal.npmjs.com","tmp":"tmp/typescript-formatter-4.2.2.tgz_1488783045945_0.5635147166904062"}},"5.1.1":{"name":"typescript-formatter","version":"5.1.1","description":"Formatter of TypeScript code","main":"./index","bin":{"tsfmt":"./bin/tsfmt"},"scripts":{"build":"grunt default","test":"grunt test"},"keywords":["TypeScript"],"author":{"name":"vvakame+dev@gmail.com"},"license":"MIT","homepage":"https://github.com/vvakame/typescript-formatter","repository":{"type":"git","url":"git+ssh://git@github.com/vvakame/typescript-formatter.git"},"bugs":{"url":"https://github.com/vvakame/typescript-formatter/issues"},"engines":{"node":">= 4.2.0"},"directories":{"example":"example","test":"test"},"dependencies":{"commandpost":"^1.0.0","editorconfig":"^0.13.2"},"peerDependencies":{"typescript":"^2.0.6 || >=2.1.0-dev || >=2.2.0-dev || >=2.3.0-dev"},"devDependencies":{"@types/mkdirp":"^0.3.29","@types/mocha":"^2.2.33","@types/node":"^7.0.5","@types/power-assert":"^1.4.29","espower-loader":"^1.2.0","grunt":"^1.0.1","grunt-contrib-clean":"^1.0.0","grunt-conventional-changelog":"^6.1.0","grunt-exec":"^1.0.1","grunt-mocha-test":"^0.13.2","grunt-tslint":"^4.0.1","load-grunt-tasks":"^3.5.0","mkdirp":"^0.5.1","mocha":"^3.0.2","power-assert":"^1.4.2","tslint":"^4.4.2","typescript":"^2.2.1"},"gitHead":"5edfef9609f8a3d28135668f0141f1828916364b","_id":"typescript-formatter@5.1.1","_shasum":"6bbf7e8e48bafad0e2b8cf0c02ec7db24635110d","_from":".","_npmVersion":"4.1.2","_nodeVersion":"7.7.1","_npmUser":{"name":"vvakame","email":"vvakame@gmail.com"},"dist":{"shasum":"6bbf7e8e48bafad0e2b8cf0c02ec7db24635110d","tarball":"https://registry.npmjs.org/typescript-formatter/-/typescript-formatter-5.1.1.tgz"},"maintainers":[{"name":"vvakame","email":"vvakame@gmail.com"}],"_npmOperationalInternal":{"host":"packages-12-west.internal.npmjs.com","tmp":"tmp/typescript-formatter-5.1.1.tgz_1488812361189_0.8795835629571229"}},"5.1.2":{"name":"typescript-formatter","version":"5.1.2","description":"Formatter of TypeScript code","main":"./index","bin":{"tsfmt":"./bin/tsfmt"},"scripts":{"build":"grunt default","test":"grunt test"},"keywords":["TypeScript"],"author":{"name":"vvakame+dev@gmail.com"},"license":"MIT","homepage":"https://github.com/vvakame/typescript-formatter","repository":{"type":"git","url":"git+ssh://git@github.com/vvakame/typescript-formatter.git"},"bugs":{"url":"https://github.com/vvakame/typescript-formatter/issues"},"engines":{"node":">= 4.2.0"},"directories":{"example":"example","test":"test"},"dependencies":{"commandpost":"^1.0.0","editorconfig":"^0.13.2"},"peerDependencies":{"typescript":"^2.0.6 || >=2.1.0-dev || >=2.2.0-dev || >=2.3.0-dev"},"devDependencies":{"@types/mkdirp":"^0.3.29","@types/mocha":"^2.2.33","@types/node":"^7.0.5","@types/power-assert":"^1.4.29","espower-loader":"^1.2.0","grunt":"^1.0.1","grunt-contrib-clean":"^1.0.0","grunt-conventional-changelog":"^6.1.0","grunt-exec":"^1.0.1","grunt-mocha-test":"^0.13.2","grunt-tslint":"^4.0.1","load-grunt-tasks":"^3.5.0","mkdirp":"^0.5.1","mocha":"^3.0.2","power-assert":"^1.4.2","tslint":"^4.4.2","typescript":"^2.2.1"},"gitHead":"a22ac40564ba7b4ba255986e75e4338ee0d855fb","_id":"typescript-formatter@5.1.2","_shasum":"dfb779839aa9357b2f3a941dfa006f2346e8d9db","_from":".","_npmVersion":"4.1.2","_nodeVersion":"7.7.2","_npmUser":{"name":"vvakame","email":"vvakame@gmail.com"},"dist":{"shasum":"dfb779839aa9357b2f3a941dfa006f2346e8d9db","tarball":"https://registry.npmjs.org/typescript-formatter/-/typescript-formatter-5.1.2.tgz"},"maintainers":[{"name":"vvakame","email":"vvakame@gmail.com"}],"_npmOperationalInternal":{"host":"packages-18-east.internal.npmjs.com","tmp":"tmp/typescript-formatter-5.1.2.tgz_1489627550170_0.9280899278819561"}}},"readme":"# TypeScript Formatter (tsfmt) [![Build Status](https://travis-ci.org/vvakame/typescript-formatter.svg)](https://travis-ci.org/vvakame/typescript-formatter) [![Dependency Status](https://david-dm.org/vvakame/typescript-formatter.svg?theme=shields.io)](https://david-dm.org/vvakame/typescript-formatter)\n\nA TypeScript code formatter powered by [TypeScript Compiler Service](https://github.com/Microsoft/TypeScript/wiki/Using-the-Compiler-API#pretty-printer-using-the-ls-formatter).\n\n```bash\n$ tsfmt --help\n  Usage: tsfmt [options] [--] [files...]\n\n  Options:\n\n    -r, --replace         replace .ts file\n    --verify              checking file format\n    --baseDir <path>      config file lookup from <path>\n    --stdin               get formatting content from stdin\n    --no-tsconfig         don't read a tsconfig.json\n    --no-tslint           don't read a tslint.json\n    --no-editorconfig     don't read a .editorconfig\n    --no-vscode           don't read a .vscode/settings.json\n    --no-tsfmt            don't read a tsfmt.json\n    --useTsconfig <path>  using specified config file insteaf of tsconfig.json\n    --useTslint <path>    using specified config file insteaf of tslint.json\n    --useTsfmt <path>     using specified config file insteaf of tsfmt.json\n    --verbose             makes output more verbose\n```\n\n## Installation\n\n```npm install -g typescript-formatter```\n\n## Usage\n\n### Format or verify specific TypeScript files\n\n```bash\n$ cat sample.ts\nclass Sample {hello(word=\"world\"){return \"Hello, \"+word;}}\nnew Sample().hello(\"TypeScript\");\n```\n\n```bash\n# basic. read file, output to stdout.\n$ tsfmt sample.ts\nclass Sample { hello(word = \"world\") { return \"Hello, \" + word; } }\nnew Sample().hello(\"TypeScript\");\n```\n\n```bash\n# from stdin. read from stdin, output to stdout.\n$ cat sample.ts | tsfmt --stdin\nclass Sample { hello(word = \"world\") { return \"Hello, \" + word; } }\nnew Sample().hello(\"TypeScript\");\n```\n\n```bash\n# replace. read file, and replace file.\n$ tsfmt -r sample.ts\nreplaced sample.ts\n$ cat sample.ts\nclass Sample { hello(word = \"world\") { return \"Hello, \" + word; } }\nnew Sample().hello(\"TypeScript\");\n```\n\n```bash\n# verify. checking file format.\n$ tsfmt --verify sample.ts\nsample.ts is not formatted\n$ echo $?\n1\n```\n\n### Reformat all files in a TypeScript project\n\nIf no files are specified on the command line but\na TypeScript project file (tsconfig.json) exists,\nthe list of files will be read from the project file.\n\n```bash\n# reads list of files to format from tsconfig.json\ntsfmt -r\n```\n\n## Note\n\nnow `indentSize` parameter is ignored. it is TypeScript compiler matters.\n\n## Read Settings From Files\n\n1st. Read settings from tsfmt.json. Bellow is the example with [default values](https://github.com/vvakame/typescript-formatter/blob/master/lib/utils.ts):\n\n```json\n{\n  \"baseIndentSize\": 0,\n  \"indentSize\": 4,\n  \"tabSize\": 4,\n  \"indentStyle\": 2,\n  \"newLineCharacter\": \"\\r\\n\",\n  \"convertTabsToSpaces\": true,\n  \"insertSpaceAfterCommaDelimiter\": true,\n  \"insertSpaceAfterSemicolonInForStatements\": true,\n  \"insertSpaceBeforeAndAfterBinaryOperators\": true,\n  \"insertSpaceAfterConstructor\": false,\n  \"insertSpaceAfterKeywordsInControlFlowStatements\": true,\n  \"insertSpaceAfterFunctionKeywordForAnonymousFunctions\": false,\n  \"insertSpaceAfterOpeningAndBeforeClosingNonemptyParenthesis\": false,\n  \"insertSpaceAfterOpeningAndBeforeClosingNonemptyBrackets\": false,\n  \"insertSpaceAfterOpeningAndBeforeClosingNonemptyBraces\": true,\n  \"insertSpaceAfterOpeningAndBeforeClosingTemplateStringBraces\": false,\n  \"insertSpaceAfterOpeningAndBeforeClosingJsxExpressionBraces\": false,\n  \"insertSpaceAfterTypeAssertion\": false,\n  \"insertSpaceBeforeFunctionParenthesis\": false,\n  \"placeOpenBraceOnNewLineForFunctions\": false,\n  \"placeOpenBraceOnNewLineForControlBlocks\": false\n}\n```\n\n2nd. Read settings from tsconfig.json ([tsconfig.json](https://www.typescriptlang.org/docs/handbook/tsconfig-json.html))\n\n```text\n{\n  \"compilerOptions\": {\n    \"newLine\": \"LF\"\n  }\n}\n```\n\n3rd. Read settings from .editorconfig ([editorconfig](http://editorconfig.org/))\n\n```text\n# EditorConfig is awesome: http://EditorConfig.org\n\n# top-most EditorConfig file\nroot = true\n\n# Unix-style newlines with a newline ending every file\n[*]\nindent_style = tab\ntab_width = 2\nend_of_line = lf\ncharset = utf-8\ntrim_trailing_whitespace = true\ninsert_final_newline = true\n```\n\n4th. Read settings from tslint.json ([tslint](https://www.npmjs.org/package/tslint))\n\n```json\n{\n  \"rules\": {\n    \"indent\": [true, 4],\n    \"whitespace\": [true,\n      \"check-branch\",\n      \"check-operator\",\n      \"check-separator\",\n      \"check-typecast\"\n    ]\n  }\n}\n```\n\n5th. Read settings from .vscode/settings.json ([VisualStudio Code](https://code.visualstudio.com/Docs/customization/userandworkspace))\n\n```json\n{\n  // Place your settings in this file to overwrite default and user settings.\n  \"typescript.format.enable\": true,\n  \"typescript.format.insertSpaceAfterCommaDelimiter\": true,\n  \"typescript.format.insertSpaceAfterSemicolonInForStatements\": true,\n  \"typescript.format.insertSpaceBeforeAndAfterBinaryOperators\": true,\n  \"typescript.format.insertSpaceAfterKeywordsInControlFlowStatements\": true,\n  \"typescript.format.insertSpaceAfterFunctionKeywordForAnonymousFunctions\": false,\n  \"typescript.format.insertSpaceAfterOpeningAndBeforeClosingNonemptyParenthesis\": false,\n  \"typescript.format.insertSpaceAfterOpeningAndBeforeClosingNonemptyBrackets\": false,\n  \"typescript.format.insertSpaceAfterOpeningAndBeforeClosingTemplateStringBraces\": false,\n  \"typescript.format.insertSpaceAfterOpeningAndBeforeClosingJsxExpressionBraces\": false,\n  \"typescript.format.placeOpenBraceOnNewLineForFunctions\": false,\n  \"typescript.format.placeOpenBraceOnNewLineForControlBlocks\": false\n}\n```\n\n### Read Settings Rules\n\n```\n$ tree -a\n.\n├── .vscode\n│   └── settings.json\n├── foo\n│   ├── bar\n│   │   ├── .editorconfig\n│   │   └── buzz.ts\n│   ├── fuga\n│   │   ├── piyo.ts\n│   │   └── tsfmt.json\n│   └── tsfmt.json\n└── tslint.json\n\n4 directories, 7 files\n```\n\n1. exec `$ tsfmt -r foo/bar/buzz.ts foo/fuga/piyo.ts`\n2. for foo/bar/buzz.ts, read foo/tsfmt.json and foo/bar/.editorconfig and ./tslint.json and .vscode/settings.json\n3. for foo/fuga/piyo.ts, read foo/fuga/tsfmt.json and ./tslint.json and .vscode/settings.json\n\n## Change Log\n\nSee [CHANGELOG](https://github.com/vvakame/typescript-formatter/blob/master/CHANGELOG.md)\n","maintainers":[{"name":"vvakame","email":"vvakame@gmail.com"}],"time":{"modified":"2017-03-16T01:25:52.035Z","created":"2014-02-15T05:14:17.783Z","0.0.1":"2014-02-15T05:14:17.783Z","0.0.2":"2014-02-15T06:15:04.377Z","0.0.3":"2014-02-15T06:32:28.982Z","0.0.4":"2014-03-01T09:31:05.251Z","0.0.5":"2014-03-25T15:04:05.807Z","0.1.0":"2014-03-26T16:22:11.453Z","0.1.1":"2014-03-27T14:07:30.864Z","0.1.2":"2014-03-27T14:56:39.599Z","0.1.3":"2014-04-06T04:10:22.940Z","0.1.4":"2014-05-22T06:15:56.904Z","0.2.0":"2015-02-14T07:34:25.169Z","0.2.1":"2015-02-18T14:08:05.074Z","0.2.2":"2015-02-24T13:32:25.553Z","0.3.0":"2015-03-22T14:47:46.872Z","0.3.1":"2015-05-05T16:42:11.641Z","0.3.2":"2015-05-08T11:30:46.925Z","0.4.0":"2015-06-28T11:58:37.132Z","0.4.1":"2015-07-20T15:54:11.251Z","0.4.2":"2015-07-26T11:38:25.146Z","0.4.3":"2015-08-04T15:11:27.174Z","1.0.0":"2015-09-22T19:26:53.240Z","1.1.0":"2015-10-14T12:39:22.614Z","1.2.0":"2015-12-01T13:32:22.433Z","2.0.0":"2016-02-06T18:27:51.301Z","2.1.0":"2016-02-25T10:35:03.216Z","2.2.0":"2016-05-14T14:19:05.351Z","2.2.1":"2016-06-30T13:07:13.587Z","2.3.0":"2016-07-16T06:26:59.781Z","3.0.0":"2016-08-19T01:43:32.741Z","3.0.1":"2016-09-23T01:41:55.116Z","3.1.0":"2016-10-09T08:49:19.233Z","4.0.0":"2016-10-27T02:44:06.913Z","4.0.1":"2016-11-16T09:22:43.829Z","4.1.0":"2017-02-05T08:32:36.262Z","4.1.1":"2017-02-10T04:19:26.109Z","4.1.2":"2017-02-23T01:54:00.359Z","4.2.0":"2017-02-27T11:48:55.794Z","5.0.0":"2017-02-27T12:04:45.108Z","4.2.1":"2017-02-28T15:39:31.839Z","5.0.1":"2017-02-28T16:50:30.482Z","5.1.0":"2017-03-02T03:53:14.025Z","4.2.2":"2017-03-06T06:50:46.212Z","5.1.1":"2017-03-06T14:59:21.466Z","5.1.2":"2017-03-16T01:25:52.035Z"},"readmeFilename":"README.md","homepage":"https://github.com/vvakame/typescript-formatter","keywords":["TypeScript"],"repository":{"type":"git","url":"git+ssh://git@github.com/vvakame/typescript-formatter.git"},"author":{"name":"vvakame+dev@gmail.com"},"bugs":{"url":"https://github.com/vvakame/typescript-formatter/issues"},"license":"MIT","users":{"samoji":true,"hawkerchuck":true,"nickytonline":true},"_attachments":{},"_etag":"W/\"58c9e9a0-133fa\"","_lastModified":"Thu, 16 Mar 2017 01:25:52 GMT"}