{"_id":"react-addons-linked-state-mixin","_rev":"75-413d0c4ca8f170ee39cdbe9190145559","name":"react-addons-linked-state-mixin","description":"This package provides the React LinkedStateMixin add-on.","dist-tags":{"latest":"15.4.2","next":"16.0.0-alpha.3"},"versions":{"0.14.0-beta1":{"name":"react-addons-linked-state-mixin","version":"0.14.0-beta1","main":"index.js","license":"BSD-3-Clause","peerDependencies":{"react":"^0.14.0-beta1"},"description":"This package provides the React LinkedStateMixin add-on. See http://facebook.github.io/react/docs/addons.html for more information.","_id":"react-addons-linked-state-mixin@0.14.0-beta1","_shasum":"18cf2c2c589af16e479a9596418ecbe2402126ac","_resolved":"file:build/packages/react-addons-linked-state-mixin.tgz","_from":"build/packages/react-addons-linked-state-mixin.tgz","scripts":{},"_npmVersion":"2.2.0","_nodeVersion":"0.10.35","_npmUser":{"name":"spicyj","email":"ben@benalpert.com"},"maintainers":[{"name":"spicyj","email":"ben@benalpert.com"}],"dist":{"shasum":"18cf2c2c589af16e479a9596418ecbe2402126ac","tarball":"https://registry.npmjs.org/react-addons-linked-state-mixin/-/react-addons-linked-state-mixin-0.14.0-beta1.tgz"},"directories":{}},"0.14.0-beta2":{"name":"react-addons-linked-state-mixin","version":"0.14.0-beta2","main":"index.js","license":"BSD-3-Clause","peerDependencies":{"react":"^0.14.0-beta2"},"description":"This package provides the React LinkedStateMixin add-on. See http://facebook.github.io/react/docs/addons.html for more information.","_id":"react-addons-linked-state-mixin@0.14.0-beta2","_shasum":"9c2c1d2656c482d75a71e401403d21eaf3816658","_resolved":"file:build copy/packages/react-addons-linked-state-mixin.tgz","_from":"build copy/packages/react-addons-linked-state-mixin.tgz","scripts":{},"_npmVersion":"2.13.2","_nodeVersion":"0.10.40","_npmUser":{"name":"zpao","email":"paul@oshannessy.com"},"maintainers":[{"name":"spicyj","email":"ben@benalpert.com"},{"name":"zpao","email":"paul@oshannessy.com"}],"dist":{"shasum":"9c2c1d2656c482d75a71e401403d21eaf3816658","tarball":"https://registry.npmjs.org/react-addons-linked-state-mixin/-/react-addons-linked-state-mixin-0.14.0-beta2.tgz"},"directories":{}},"0.14.0-beta3":{"name":"react-addons-linked-state-mixin","version":"0.14.0-beta3","main":"index.js","license":"BSD-3-Clause","peerDependencies":{"react":"^0.14.0-beta3"},"description":"This package provides the React LinkedStateMixin add-on. See http://facebook.github.io/react/docs/addons.html for more information.","_id":"react-addons-linked-state-mixin@0.14.0-beta3","_shasum":"2b7c9620577d29b09e7d5af2378ba09b26b2c8f0","_resolved":"file:build/packages/react-addons-linked-state-mixin.tgz","_from":"build/packages/react-addons-linked-state-mixin.tgz","scripts":{},"_npmVersion":"2.13.2","_nodeVersion":"0.10.40","_npmUser":{"name":"zpao","email":"paul@oshannessy.com"},"maintainers":[{"name":"spicyj","email":"ben@benalpert.com"},{"name":"zpao","email":"paul@oshannessy.com"}],"dist":{"shasum":"2b7c9620577d29b09e7d5af2378ba09b26b2c8f0","tarball":"https://registry.npmjs.org/react-addons-linked-state-mixin/-/react-addons-linked-state-mixin-0.14.0-beta3.tgz"},"directories":{}},"0.14.0-rc1":{"name":"react-addons-linked-state-mixin","version":"0.14.0-rc1","main":"index.js","license":"BSD-3-Clause","peerDependencies":{"react":"^0.14.0-rc1"},"description":"This package provides the React LinkedStateMixin add-on. See http://facebook.github.io/react/docs/addons.html for more information.","_id":"react-addons-linked-state-mixin@0.14.0-rc1","_shasum":"deea7c35062ddf3de9c6ff1d04284efb955227c7","_resolved":"file:build/packages/react-addons-linked-state-mixin.tgz","_from":"build/packages/react-addons-linked-state-mixin.tgz","scripts":{},"_npmVersion":"2.2.0","_nodeVersion":"0.10.35","_npmUser":{"name":"spicyj","email":"ben@benalpert.com"},"maintainers":[{"name":"spicyj","email":"ben@benalpert.com"},{"name":"zpao","email":"paul@oshannessy.com"}],"dist":{"shasum":"deea7c35062ddf3de9c6ff1d04284efb955227c7","tarball":"https://registry.npmjs.org/react-addons-linked-state-mixin/-/react-addons-linked-state-mixin-0.14.0-rc1.tgz"},"directories":{}},"0.14.0":{"name":"react-addons-linked-state-mixin","version":"0.14.0","main":"index.js","license":"BSD-3-Clause","peerDependencies":{"react":"^0.14.0"},"description":"This package provides the React LinkedStateMixin add-on. See http://facebook.github.io/react/docs/addons.html for more information.","_id":"react-addons-linked-state-mixin@0.14.0","_shasum":"259baf6e981ec6e3ea97892180f9649ff7e7763f","_resolved":"file:build/packages/react-addons-linked-state-mixin.tgz","_from":"build/packages/react-addons-linked-state-mixin.tgz","scripts":{},"_npmVersion":"2.14.3","_nodeVersion":"4.1.0","_npmUser":{"name":"zpao","email":"paul@oshannessy.com"},"maintainers":[{"name":"spicyj","email":"ben@benalpert.com"},{"name":"zpao","email":"paul@oshannessy.com"}],"dist":{"shasum":"259baf6e981ec6e3ea97892180f9649ff7e7763f","tarball":"https://registry.npmjs.org/react-addons-linked-state-mixin/-/react-addons-linked-state-mixin-0.14.0.tgz"},"directories":{}},"0.14.1":{"name":"react-addons-linked-state-mixin","version":"0.14.1","main":"index.js","license":"BSD-3-Clause","peerDependencies":{"react":"^0.14.1"},"description":"This package provides the React LinkedStateMixin add-on. See http://facebook.github.io/react/docs/addons.html for more information.","_id":"react-addons-linked-state-mixin@0.14.1","_shasum":"054d419d703c538ce7607a9ff854b89ff699d0c8","_resolved":"file:build/packages/react-addons-linked-state-mixin.tgz","_from":"build/packages/react-addons-linked-state-mixin.tgz","scripts":{},"_npmVersion":"2.14.8","_nodeVersion":"4.2.0","_npmUser":{"name":"zpao","email":"paul@oshannessy.com"},"maintainers":[{"name":"spicyj","email":"ben@benalpert.com"},{"name":"zpao","email":"paul@oshannessy.com"}],"dist":{"shasum":"054d419d703c538ce7607a9ff854b89ff699d0c8","tarball":"https://registry.npmjs.org/react-addons-linked-state-mixin/-/react-addons-linked-state-mixin-0.14.1.tgz"},"directories":{}},"0.14.2":{"name":"react-addons-linked-state-mixin","version":"0.14.2","main":"index.js","license":"BSD-3-Clause","peerDependencies":{"react":"^0.14.2"},"description":"This package provides the React LinkedStateMixin add-on. See http://facebook.github.io/react/docs/addons.html for more information.","_id":"react-addons-linked-state-mixin@0.14.2","_shasum":"a31e64b642fcd2ef0d7809c5ab5acb8d8d47f0ba","_resolved":"file:build/packages/react-addons-linked-state-mixin.tgz","_from":"build/packages/react-addons-linked-state-mixin.tgz","scripts":{},"_npmVersion":"2.14.9","_nodeVersion":"4.2.0","_npmUser":{"name":"zpao","email":"paul@oshannessy.com"},"maintainers":[{"name":"spicyj","email":"ben@benalpert.com"},{"name":"zpao","email":"paul@oshannessy.com"}],"dist":{"shasum":"a31e64b642fcd2ef0d7809c5ab5acb8d8d47f0ba","tarball":"https://registry.npmjs.org/react-addons-linked-state-mixin/-/react-addons-linked-state-mixin-0.14.2.tgz"},"directories":{}},"0.14.3":{"name":"react-addons-linked-state-mixin","version":"0.14.3","main":"index.js","repository":{"type":"git","url":"git+https://github.com/facebook/react.git"},"keywords":["react","react-addon"],"license":"BSD-3-Clause","peerDependencies":{"react":"^0.14.3"},"description":"This package provides the React LinkedStateMixin add-on.","bugs":{"url":"https://github.com/facebook/react/issues"},"homepage":"https://github.com/facebook/react#readme","_id":"react-addons-linked-state-mixin@0.14.3","_shasum":"f42eee4beb02c5bafea459870ac02ed960fa0177","_resolved":"file:build/packages/react-addons-linked-state-mixin.tgz","_from":"build/packages/react-addons-linked-state-mixin.tgz","scripts":{},"_npmVersion":"2.14.7","_nodeVersion":"4.2.2","_npmUser":{"name":"zpao","email":"paul@oshannessy.com"},"maintainers":[{"name":"spicyj","email":"ben@benalpert.com"},{"name":"zpao","email":"paul@oshannessy.com"}],"dist":{"shasum":"f42eee4beb02c5bafea459870ac02ed960fa0177","tarball":"https://registry.npmjs.org/react-addons-linked-state-mixin/-/react-addons-linked-state-mixin-0.14.3.tgz"},"directories":{}},"0.14.4":{"name":"react-addons-linked-state-mixin","version":"0.14.4","main":"index.js","repository":{"type":"git","url":"git+https://github.com/facebook/react.git"},"keywords":["react","react-addon"],"license":"BSD-3-Clause","peerDependencies":{"react":"^0.14.4"},"description":"This package provides the React LinkedStateMixin add-on.","bugs":{"url":"https://github.com/facebook/react/issues"},"homepage":"https://github.com/facebook/react#readme","_id":"react-addons-linked-state-mixin@0.14.4","_shasum":"f5121e9c99481cf96aec9aea11051f2b58e13b8a","_resolved":"file:build/packages/react-addons-linked-state-mixin.tgz","_from":"build/packages/react-addons-linked-state-mixin.tgz","scripts":{},"_npmVersion":"2.14.4","_nodeVersion":"4.1.0","_npmUser":{"name":"spicyj","email":"ben@benalpert.com"},"maintainers":[{"name":"spicyj","email":"ben@benalpert.com"},{"name":"zpao","email":"paul@oshannessy.com"}],"dist":{"shasum":"f5121e9c99481cf96aec9aea11051f2b58e13b8a","tarball":"https://registry.npmjs.org/react-addons-linked-state-mixin/-/react-addons-linked-state-mixin-0.14.4.tgz"},"directories":{}},"0.14.5":{"name":"react-addons-linked-state-mixin","version":"0.14.5","main":"index.js","repository":{"type":"git","url":"git+https://github.com/facebook/react.git"},"keywords":["react","react-addon"],"license":"BSD-3-Clause","peerDependencies":{"react":"^0.14.5"},"description":"This package provides the React LinkedStateMixin add-on.","bugs":{"url":"https://github.com/facebook/react/issues"},"homepage":"https://github.com/facebook/react#readme","_id":"react-addons-linked-state-mixin@0.14.5","_shasum":"f2bb5c7f6dbdf5088fab0ff993585bdf3b801e28","_resolved":"file:build/packages/react-addons-linked-state-mixin.tgz","_from":"build/packages/react-addons-linked-state-mixin.tgz","scripts":{},"_npmVersion":"2.14.4","_nodeVersion":"4.1.0","_npmUser":{"name":"spicyj","email":"ben@benalpert.com"},"maintainers":[{"name":"spicyj","email":"ben@benalpert.com"},{"name":"zpao","email":"paul@oshannessy.com"}],"dist":{"shasum":"f2bb5c7f6dbdf5088fab0ff993585bdf3b801e28","tarball":"https://registry.npmjs.org/react-addons-linked-state-mixin/-/react-addons-linked-state-mixin-0.14.5.tgz"},"directories":{}},"0.14.6":{"name":"react-addons-linked-state-mixin","version":"0.14.6","main":"index.js","repository":{"type":"git","url":"git+https://github.com/facebook/react.git"},"keywords":["react","react-addon"],"license":"BSD-3-Clause","peerDependencies":{"react":"^0.14.6"},"description":"This package provides the React LinkedStateMixin add-on.","bugs":{"url":"https://github.com/facebook/react/issues"},"homepage":"https://github.com/facebook/react#readme","_id":"react-addons-linked-state-mixin@0.14.6","_shasum":"57cc7a6374c554569501da3fd87719768302e7bd","_resolved":"file:build/packages/react-addons-linked-state-mixin.tgz","_from":"build/packages/react-addons-linked-state-mixin.tgz","scripts":{},"_npmVersion":"2.14.15","_nodeVersion":"4.2.2","_npmUser":{"name":"zpao","email":"paul@oshannessy.com"},"maintainers":[{"name":"spicyj","email":"ben@benalpert.com"},{"name":"zpao","email":"paul@oshannessy.com"}],"dist":{"shasum":"57cc7a6374c554569501da3fd87719768302e7bd","tarball":"https://registry.npmjs.org/react-addons-linked-state-mixin/-/react-addons-linked-state-mixin-0.14.6.tgz"},"directories":{}},"0.15.0-alpha.1":{"name":"react-addons-linked-state-mixin","version":"0.15.0-alpha.1","main":"index.js","repository":{"type":"git","url":"git+https://github.com/facebook/react.git"},"keywords":["react","react-addon"],"license":"BSD-3-Clause","peerDependencies":{"react":"^0.15.0-alpha.1"},"description":"This package provides the React LinkedStateMixin add-on.","bugs":{"url":"https://github.com/facebook/react/issues"},"homepage":"https://github.com/facebook/react#readme","_id":"react-addons-linked-state-mixin@0.15.0-alpha.1","_shasum":"d6dffb8e1e4ba23d7d86b208e0503d56f3c5709a","_resolved":"file:build/packages/react-addons-linked-state-mixin.tgz","_from":"build/packages/react-addons-linked-state-mixin.tgz","scripts":{},"_npmVersion":"2.14.15","_nodeVersion":"4.2.2","_npmUser":{"name":"zpao","email":"paul@oshannessy.com"},"maintainers":[{"name":"spicyj","email":"ben@benalpert.com"},{"name":"zpao","email":"paul@oshannessy.com"}],"dist":{"shasum":"d6dffb8e1e4ba23d7d86b208e0503d56f3c5709a","tarball":"https://registry.npmjs.org/react-addons-linked-state-mixin/-/react-addons-linked-state-mixin-0.15.0-alpha.1.tgz"},"directories":{}},"0.14.7":{"name":"react-addons-linked-state-mixin","version":"0.14.7","main":"index.js","repository":{"type":"git","url":"git+https://github.com/facebook/react.git"},"keywords":["react","react-addon"],"license":"BSD-3-Clause","dependencies":{},"peerDependencies":{"react":"^0.14.7"},"description":"This package provides the React LinkedStateMixin add-on.","bugs":{"url":"https://github.com/facebook/react/issues"},"homepage":"https://github.com/facebook/react#readme","_id":"react-addons-linked-state-mixin@0.14.7","_shasum":"021131d14e4d018654a1a665ad22fbaf8f60bee2","_resolved":"file:build/packages/react-addons-linked-state-mixin.tgz","_from":"build/packages/react-addons-linked-state-mixin.tgz","scripts":{},"_npmVersion":"2.14.12","_nodeVersion":"4.2.6","_npmUser":{"name":"graue","email":"scott@oceanbase.org"},"dist":{"shasum":"021131d14e4d018654a1a665ad22fbaf8f60bee2","tarball":"https://registry.npmjs.org/react-addons-linked-state-mixin/-/react-addons-linked-state-mixin-0.14.7.tgz"},"maintainers":[{"name":"graue","email":"scott@oceanbase.org"},{"name":"spicyj","email":"ben@benalpert.com"},{"name":"zpao","email":"paul@oshannessy.com"}],"directories":{}},"15.0.0-rc.1":{"name":"react-addons-linked-state-mixin","version":"15.0.0-rc.1","main":"index.js","repository":{"type":"git","url":"git+https://github.com/facebook/react.git"},"keywords":["react","react-addon"],"license":"BSD-3-Clause","dependencies":{},"peerDependencies":{"react":"^15.0.0-rc.1"},"description":"This package provides the React LinkedStateMixin add-on.","bugs":{"url":"https://github.com/facebook/react/issues"},"homepage":"https://github.com/facebook/react#readme","_id":"react-addons-linked-state-mixin@15.0.0-rc.1","_shasum":"454d0ff95e28d46508455b91a282c11fddc7eed0","_resolved":"file:build/packages/react-addons-linked-state-mixin.tgz","_from":"build/packages/react-addons-linked-state-mixin.tgz","scripts":{},"_npmVersion":"2.14.12","_nodeVersion":"4.3.0","_npmUser":{"name":"zpao","email":"paul@oshannessy.com"},"maintainers":[{"name":"graue","email":"scott@oceanbase.org"},{"name":"spicyj","email":"ben@benalpert.com"},{"name":"zpao","email":"paul@oshannessy.com"}],"dist":{"shasum":"454d0ff95e28d46508455b91a282c11fddc7eed0","tarball":"https://registry.npmjs.org/react-addons-linked-state-mixin/-/react-addons-linked-state-mixin-15.0.0-rc.1.tgz"},"_npmOperationalInternal":{"host":"packages-12-west.internal.npmjs.com","tmp":"tmp/react-addons-linked-state-mixin-15.0.0-rc.1.tgz_1457399258983_0.5191000017803162"},"directories":{}},"15.0.0-rc.2":{"name":"react-addons-linked-state-mixin","version":"15.0.0-rc.2","main":"index.js","repository":{"type":"git","url":"git+https://github.com/facebook/react.git"},"keywords":["react","react-addon"],"license":"BSD-3-Clause","dependencies":{},"peerDependencies":{"react":"^15.0.0-rc.2"},"description":"This package provides the React LinkedStateMixin add-on.","bugs":{"url":"https://github.com/facebook/react/issues"},"homepage":"https://github.com/facebook/react#readme","_id":"react-addons-linked-state-mixin@15.0.0-rc.2","_shasum":"1aa0f9eb769a12fe39ba8df6b47098b70dabca33","_resolved":"file:build/packages/react-addons-linked-state-mixin.tgz","_from":"build/packages/react-addons-linked-state-mixin.tgz","scripts":{},"_npmVersion":"3.8.1","_nodeVersion":"5.1.1","_npmUser":{"name":"gaearon","email":"dan.abramov@gmail.com"},"dist":{"shasum":"1aa0f9eb769a12fe39ba8df6b47098b70dabca33","tarball":"https://registry.npmjs.org/react-addons-linked-state-mixin/-/react-addons-linked-state-mixin-15.0.0-rc.2.tgz"},"maintainers":[{"name":"gaearon","email":"dan.abramov@gmail.com"},{"name":"graue","email":"scott@oceanbase.org"},{"name":"sebmarkbage","email":"sebastian@calyptus.eu"},{"name":"spicyj","email":"ben@benalpert.com"},{"name":"zpao","email":"paul@oshannessy.com"}],"_npmOperationalInternal":{"host":"packages-13-west.internal.npmjs.com","tmp":"tmp/react-addons-linked-state-mixin-15.0.0-rc.2.tgz_1458166606050_0.7743603696580976"},"directories":{}},"0.14.8":{"name":"react-addons-linked-state-mixin","version":"0.14.8","main":"index.js","repository":{"type":"git","url":"git+https://github.com/facebook/react.git"},"keywords":["react","react-addon"],"license":"BSD-3-Clause","dependencies":{},"peerDependencies":{"react":"^0.14.8"},"description":"This package provides the React LinkedStateMixin add-on.","bugs":{"url":"https://github.com/facebook/react/issues"},"homepage":"https://github.com/facebook/react#readme","_id":"react-addons-linked-state-mixin@0.14.8","_shasum":"920a9d5b32ed0fc6e37da1b5f43a992d3a5bddb8","_resolved":"file:build/packages/react-addons-linked-state-mixin.tgz","_from":"build/packages/react-addons-linked-state-mixin.tgz","scripts":{},"_npmVersion":"2.14.7","_nodeVersion":"4.2.1","_npmUser":{"name":"gaearon","email":"dan.abramov@gmail.com"},"dist":{"shasum":"920a9d5b32ed0fc6e37da1b5f43a992d3a5bddb8","tarball":"https://registry.npmjs.org/react-addons-linked-state-mixin/-/react-addons-linked-state-mixin-0.14.8.tgz"},"maintainers":[{"name":"gaearon","email":"dan.abramov@gmail.com"},{"name":"graue","email":"scott@oceanbase.org"},{"name":"sebmarkbage","email":"sebastian@calyptus.eu"},{"name":"spicyj","email":"ben@benalpert.com"},{"name":"zpao","email":"paul@oshannessy.com"}],"_npmOperationalInternal":{"host":"packages-12-west.internal.npmjs.com","tmp":"tmp/react-addons-linked-state-mixin-0.14.8.tgz_1459268426728_0.2403505272231996"},"directories":{}},"15.0.0":{"name":"react-addons-linked-state-mixin","version":"15.0.0","main":"index.js","repository":{"type":"git","url":"git+https://github.com/facebook/react.git"},"keywords":["react","react-addon"],"license":"BSD-3-Clause","dependencies":{},"peerDependencies":{"react":"^15.0.0"},"description":"This package provides the React LinkedStateMixin add-on.","bugs":{"url":"https://github.com/facebook/react/issues"},"homepage":"https://github.com/facebook/react#readme","_id":"react-addons-linked-state-mixin@15.0.0","_shasum":"08520b007f6f3c1999f1e5be2ce7e26d4741cf99","_resolved":"file:build/packages/react-addons-linked-state-mixin.tgz","_from":"build/packages/react-addons-linked-state-mixin.tgz","scripts":{},"_npmVersion":"2.15.3","_nodeVersion":"4.4.0","_npmUser":{"name":"zpao","email":"paul@oshannessy.com"},"maintainers":[{"name":"gaearon","email":"dan.abramov@gmail.com"},{"name":"graue","email":"scott@oceanbase.org"},{"name":"sebmarkbage","email":"sebastian@calyptus.eu"},{"name":"spicyj","email":"ben@benalpert.com"},{"name":"zpao","email":"paul@oshannessy.com"}],"dist":{"shasum":"08520b007f6f3c1999f1e5be2ce7e26d4741cf99","tarball":"https://registry.npmjs.org/react-addons-linked-state-mixin/-/react-addons-linked-state-mixin-15.0.0.tgz"},"_npmOperationalInternal":{"host":"packages-12-west.internal.npmjs.com","tmp":"tmp/react-addons-linked-state-mixin-15.0.0.tgz_1460064349517_0.24399910727515817"},"directories":{}},"15.0.1":{"name":"react-addons-linked-state-mixin","version":"15.0.1","main":"index.js","repository":{"type":"git","url":"git+https://github.com/facebook/react.git"},"keywords":["react","react-addon"],"license":"BSD-3-Clause","dependencies":{},"peerDependencies":{"react":"^15.0.1"},"description":"This package provides the React LinkedStateMixin add-on.","bugs":{"url":"https://github.com/facebook/react/issues"},"homepage":"https://github.com/facebook/react#readme","_id":"react-addons-linked-state-mixin@15.0.1","_shasum":"368a922dbf9b585e624243c1e4aa2fce41888d43","_resolved":"file:build/packages/react-addons-linked-state-mixin.tgz","_from":"build/packages/react-addons-linked-state-mixin.tgz","scripts":{},"_npmVersion":"2.15.0","_nodeVersion":"4.4.2","_npmUser":{"name":"zpao","email":"paul@oshannessy.com"},"maintainers":[{"name":"gaearon","email":"dan.abramov@gmail.com"},{"name":"graue","email":"scott@oceanbase.org"},{"name":"sebmarkbage","email":"sebastian@calyptus.eu"},{"name":"spicyj","email":"ben@benalpert.com"},{"name":"zpao","email":"paul@oshannessy.com"}],"dist":{"shasum":"368a922dbf9b585e624243c1e4aa2fce41888d43","tarball":"https://registry.npmjs.org/react-addons-linked-state-mixin/-/react-addons-linked-state-mixin-15.0.1.tgz"},"_npmOperationalInternal":{"host":"packages-12-west.internal.npmjs.com","tmp":"tmp/react-addons-linked-state-mixin-15.0.1.tgz_1460139849330_0.803490677382797"},"directories":{}},"15.0.2-alpha.1":{"name":"react-addons-linked-state-mixin","version":"15.0.2-alpha.1","main":"index.js","repository":{"type":"git","url":"git+https://github.com/facebook/react.git"},"keywords":["react","react-addon"],"license":"BSD-3-Clause","dependencies":{},"peerDependencies":{"react":"^15.0.2-alpha.1"},"description":"This package provides the React LinkedStateMixin add-on.","bugs":{"url":"https://github.com/facebook/react/issues"},"homepage":"https://github.com/facebook/react#readme","_id":"react-addons-linked-state-mixin@15.0.2-alpha.1","_shasum":"6c28de9998781aa3f9c9c6d5bc4d76ee48cb63a7","_resolved":"file:build/packages/react-addons-linked-state-mixin.tgz","_from":"build/packages/react-addons-linked-state-mixin.tgz","scripts":{},"_npmVersion":"2.15.3","_nodeVersion":"4.4.2","_npmUser":{"name":"zpao","email":"paul@oshannessy.com"},"maintainers":[{"name":"gaearon","email":"dan.abramov@gmail.com"},{"name":"graue","email":"scott@oceanbase.org"},{"name":"sebmarkbage","email":"sebastian@calyptus.eu"},{"name":"spicyj","email":"ben@benalpert.com"},{"name":"zpao","email":"paul@oshannessy.com"}],"dist":{"shasum":"6c28de9998781aa3f9c9c6d5bc4d76ee48cb63a7","tarball":"https://registry.npmjs.org/react-addons-linked-state-mixin/-/react-addons-linked-state-mixin-15.0.2-alpha.1.tgz"},"_npmOperationalInternal":{"host":"packages-16-east.internal.npmjs.com","tmp":"tmp/react-addons-linked-state-mixin-15.0.2-alpha.1.tgz_1461176214251_0.8548256321810186"},"directories":{}},"15.0.2-alpha.2":{"name":"react-addons-linked-state-mixin","version":"15.0.2-alpha.2","main":"index.js","repository":{"type":"git","url":"git+https://github.com/facebook/react.git"},"keywords":["react","react-addon"],"license":"BSD-3-Clause","dependencies":{},"peerDependencies":{"react":"^15.0.2-alpha.2"},"description":"This package provides the React LinkedStateMixin add-on.","bugs":{"url":"https://github.com/facebook/react/issues"},"homepage":"https://github.com/facebook/react#readme","_id":"react-addons-linked-state-mixin@15.0.2-alpha.2","_shasum":"3363f6b0d1808e50bbfb3bea9e4cc517573cec22","_resolved":"file:build/packages/react-addons-linked-state-mixin.tgz","_from":"build/packages/react-addons-linked-state-mixin.tgz","scripts":{},"_npmVersion":"2.14.19","_nodeVersion":"4.1.0","_npmUser":{"name":"spicyj","email":"ben@benalpert.com"},"maintainers":[{"name":"gaearon","email":"dan.abramov@gmail.com"},{"name":"graue","email":"scott@oceanbase.org"},{"name":"sebmarkbage","email":"sebastian@calyptus.eu"},{"name":"spicyj","email":"ben@benalpert.com"},{"name":"zpao","email":"paul@oshannessy.com"}],"dist":{"shasum":"3363f6b0d1808e50bbfb3bea9e4cc517573cec22","tarball":"https://registry.npmjs.org/react-addons-linked-state-mixin/-/react-addons-linked-state-mixin-15.0.2-alpha.2.tgz"},"_npmOperationalInternal":{"host":"packages-12-west.internal.npmjs.com","tmp":"tmp/react-addons-linked-state-mixin-15.0.2-alpha.2.tgz_1461277308704_0.7388326735235751"},"directories":{}},"15.0.2-alpha.3":{"name":"react-addons-linked-state-mixin","version":"15.0.2-alpha.3","main":"index.js","repository":{"type":"git","url":"git+https://github.com/facebook/react.git"},"keywords":["react","react-addon"],"license":"BSD-3-Clause","dependencies":{},"peerDependencies":{"react":"^15.0.2-alpha.3"},"description":"This package provides the React LinkedStateMixin add-on.","bugs":{"url":"https://github.com/facebook/react/issues"},"homepage":"https://github.com/facebook/react#readme","_id":"react-addons-linked-state-mixin@15.0.2-alpha.3","_shasum":"87d2d57d06e938843f43ac912995c043d67de5c4","_resolved":"file:build/packages/react-addons-linked-state-mixin.tgz","_from":"build/packages/react-addons-linked-state-mixin.tgz","scripts":{},"_npmVersion":"2.15.3","_nodeVersion":"4.4.2","_npmUser":{"name":"zpao","email":"paul@oshannessy.com"},"maintainers":[{"name":"gaearon","email":"dan.abramov@gmail.com"},{"name":"graue","email":"scott@oceanbase.org"},{"name":"sebmarkbage","email":"sebastian@calyptus.eu"},{"name":"spicyj","email":"ben@benalpert.com"},{"name":"zpao","email":"paul@oshannessy.com"}],"dist":{"shasum":"87d2d57d06e938843f43ac912995c043d67de5c4","tarball":"https://registry.npmjs.org/react-addons-linked-state-mixin/-/react-addons-linked-state-mixin-15.0.2-alpha.3.tgz"},"_npmOperationalInternal":{"host":"packages-12-west.internal.npmjs.com","tmp":"tmp/react-addons-linked-state-mixin-15.0.2-alpha.3.tgz_1461614608549_0.43862371100112796"},"directories":{}},"15.0.2-alpha.4":{"name":"react-addons-linked-state-mixin","version":"15.0.2-alpha.4","main":"index.js","repository":{"type":"git","url":"git+https://github.com/facebook/react.git"},"keywords":["react","react-addon"],"license":"BSD-3-Clause","dependencies":{},"peerDependencies":{"react":"^15.0.2-alpha.4"},"description":"This package provides the React LinkedStateMixin add-on.","bugs":{"url":"https://github.com/facebook/react/issues"},"homepage":"https://github.com/facebook/react#readme","_id":"react-addons-linked-state-mixin@15.0.2-alpha.4","_shasum":"295923057bcfc0c50f7d330bfa5f6c3f2afa1baf","_resolved":"file:build/packages/react-addons-linked-state-mixin.tgz","_from":"build/packages/react-addons-linked-state-mixin.tgz","scripts":{},"_npmVersion":"2.15.3","_nodeVersion":"4.4.2","_npmUser":{"name":"zpao","email":"paul@oshannessy.com"},"maintainers":[{"name":"gaearon","email":"dan.abramov@gmail.com"},{"name":"graue","email":"scott@oceanbase.org"},{"name":"sebmarkbage","email":"sebastian@calyptus.eu"},{"name":"spicyj","email":"ben@benalpert.com"},{"name":"zpao","email":"paul@oshannessy.com"}],"dist":{"shasum":"295923057bcfc0c50f7d330bfa5f6c3f2afa1baf","tarball":"https://registry.npmjs.org/react-addons-linked-state-mixin/-/react-addons-linked-state-mixin-15.0.2-alpha.4.tgz"},"_npmOperationalInternal":{"host":"packages-12-west.internal.npmjs.com","tmp":"tmp/react-addons-linked-state-mixin-15.0.2-alpha.4.tgz_1461827504834_0.7227390957996249"},"directories":{}},"15.0.2":{"name":"react-addons-linked-state-mixin","version":"15.0.2","main":"index.js","repository":{"type":"git","url":"git+https://github.com/facebook/react.git"},"keywords":["react","react-addon"],"license":"BSD-3-Clause","dependencies":{},"peerDependencies":{"react":"^15.0.2"},"description":"This package provides the React LinkedStateMixin add-on.","bugs":{"url":"https://github.com/facebook/react/issues"},"homepage":"https://github.com/facebook/react#readme","_id":"react-addons-linked-state-mixin@15.0.2","_shasum":"947aab036e026a66d874df82af18d227043ad009","_resolved":"file:build/packages/react-addons-linked-state-mixin.tgz","_from":"build/packages/react-addons-linked-state-mixin.tgz","scripts":{},"_npmVersion":"2.15.1","_nodeVersion":"4.4.3","_npmUser":{"name":"zpao","email":"paul@oshannessy.com"},"maintainers":[{"name":"gaearon","email":"dan.abramov@gmail.com"},{"name":"graue","email":"scott@oceanbase.org"},{"name":"sebmarkbage","email":"sebastian@calyptus.eu"},{"name":"spicyj","email":"ben@benalpert.com"},{"name":"zpao","email":"paul@oshannessy.com"}],"dist":{"shasum":"947aab036e026a66d874df82af18d227043ad009","tarball":"https://registry.npmjs.org/react-addons-linked-state-mixin/-/react-addons-linked-state-mixin-15.0.2.tgz"},"_npmOperationalInternal":{"host":"packages-12-west.internal.npmjs.com","tmp":"tmp/react-addons-linked-state-mixin-15.0.2.tgz_1461976681876_0.025322482688352466"},"directories":{}},"15.0.3-alpha.1":{"name":"react-addons-linked-state-mixin","version":"15.0.3-alpha.1","main":"index.js","repository":{"type":"git","url":"git+https://github.com/facebook/react.git"},"keywords":["react","react-addon"],"license":"BSD-3-Clause","dependencies":{},"peerDependencies":{"react":"^15.0.3-alpha.1"},"description":"This package provides the React LinkedStateMixin add-on.","bugs":{"url":"https://github.com/facebook/react/issues"},"homepage":"https://github.com/facebook/react#readme","_id":"react-addons-linked-state-mixin@15.0.3-alpha.1","_shasum":"7c281eedb8fa1bbc0b358878c1d80993ce589ab0","_resolved":"file:build/packages/react-addons-linked-state-mixin.tgz","_from":"build/packages/react-addons-linked-state-mixin.tgz","scripts":{},"_npmVersion":"2.15.1","_nodeVersion":"4.4.3","_npmUser":{"name":"zpao","email":"paul@oshannessy.com"},"maintainers":[{"name":"gaearon","email":"dan.abramov@gmail.com"},{"name":"graue","email":"scott@oceanbase.org"},{"name":"sebmarkbage","email":"sebastian@calyptus.eu"},{"name":"spicyj","email":"ben@benalpert.com"},{"name":"zpao","email":"paul@oshannessy.com"}],"dist":{"shasum":"7c281eedb8fa1bbc0b358878c1d80993ce589ab0","tarball":"https://registry.npmjs.org/react-addons-linked-state-mixin/-/react-addons-linked-state-mixin-15.0.3-alpha.1.tgz"},"_npmOperationalInternal":{"host":"packages-12-west.internal.npmjs.com","tmp":"tmp/react-addons-linked-state-mixin-15.0.3-alpha.1.tgz_1462304403249_0.9762995131313801"},"directories":{}},"15.0.3-alpha.2":{"name":"react-addons-linked-state-mixin","version":"15.0.3-alpha.2","main":"index.js","repository":{"type":"git","url":"git+https://github.com/facebook/react.git"},"keywords":["react","react-addon"],"license":"BSD-3-Clause","dependencies":{},"peerDependencies":{"react":"^15.0.3-alpha.2"},"description":"This package provides the React LinkedStateMixin add-on.","bugs":{"url":"https://github.com/facebook/react/issues"},"homepage":"https://github.com/facebook/react#readme","_id":"react-addons-linked-state-mixin@15.0.3-alpha.2","_shasum":"a9560660ed1d01d6db09a8838c4ce75421edd297","_resolved":"file:build/packages/react-addons-linked-state-mixin.tgz","_from":"build/packages/react-addons-linked-state-mixin.tgz","scripts":{},"_npmVersion":"2.15.1","_nodeVersion":"4.4.3","_npmUser":{"name":"zpao","email":"paul@oshannessy.com"},"maintainers":[{"name":"gaearon","email":"dan.abramov@gmail.com"},{"name":"graue","email":"scott@oceanbase.org"},{"name":"sebmarkbage","email":"sebastian@calyptus.eu"},{"name":"spicyj","email":"ben@benalpert.com"},{"name":"zpao","email":"paul@oshannessy.com"}],"dist":{"shasum":"a9560660ed1d01d6db09a8838c4ce75421edd297","tarball":"https://registry.npmjs.org/react-addons-linked-state-mixin/-/react-addons-linked-state-mixin-15.0.3-alpha.2.tgz"},"_npmOperationalInternal":{"host":"packages-12-west.internal.npmjs.com","tmp":"tmp/react-addons-linked-state-mixin-15.0.3-alpha.2.tgz_1462855044273_0.9888863808009773"},"directories":{}},"15.1.0-alpha.1":{"name":"react-addons-linked-state-mixin","version":"15.1.0-alpha.1","main":"index.js","repository":{"type":"git","url":"git+https://github.com/facebook/react.git"},"keywords":["react","react-addon"],"license":"BSD-3-Clause","dependencies":{},"peerDependencies":{"react":"^15.1.0-alpha.1"},"description":"This package provides the React LinkedStateMixin add-on.","bugs":{"url":"https://github.com/facebook/react/issues"},"homepage":"https://github.com/facebook/react#readme","_id":"react-addons-linked-state-mixin@15.1.0-alpha.1","_shasum":"5461e08234cba22eefee987abb83d2d4fe87b9af","_resolved":"file:build/packages/react-addons-linked-state-mixin.tgz","_from":"build/packages/react-addons-linked-state-mixin.tgz","scripts":{},"_npmVersion":"2.15.1","_nodeVersion":"4.4.3","_npmUser":{"name":"zpao","email":"paul@oshannessy.com"},"maintainers":[{"name":"gaearon","email":"dan.abramov@gmail.com"},{"name":"graue","email":"scott@oceanbase.org"},{"name":"sebmarkbage","email":"sebastian@calyptus.eu"},{"name":"spicyj","email":"ben@benalpert.com"},{"name":"zpao","email":"paul@oshannessy.com"}],"dist":{"shasum":"5461e08234cba22eefee987abb83d2d4fe87b9af","tarball":"https://registry.npmjs.org/react-addons-linked-state-mixin/-/react-addons-linked-state-mixin-15.1.0-alpha.1.tgz"},"_npmOperationalInternal":{"host":"packages-16-east.internal.npmjs.com","tmp":"tmp/react-addons-linked-state-mixin-15.1.0-alpha.1.tgz_1462858073967_0.5059007620438933"},"directories":{}},"15.1.0":{"name":"react-addons-linked-state-mixin","version":"15.1.0","main":"index.js","repository":{"type":"git","url":"git+https://github.com/facebook/react.git"},"keywords":["react","react-addon"],"license":"BSD-3-Clause","dependencies":{},"peerDependencies":{"react":"^15.1.0"},"description":"This package provides the React LinkedStateMixin add-on.","bugs":{"url":"https://github.com/facebook/react/issues"},"homepage":"https://github.com/facebook/react#readme","_id":"react-addons-linked-state-mixin@15.1.0","_shasum":"81a91760c17b48019b2d3d65f88860adfb4d204f","_resolved":"file:build/packages/react-addons-linked-state-mixin.tgz","_from":"build/packages/react-addons-linked-state-mixin.tgz","scripts":{},"_npmVersion":"2.15.1","_nodeVersion":"4.4.3","_npmUser":{"name":"zpao","email":"paul@oshannessy.com"},"maintainers":[{"name":"gaearon","email":"dan.abramov@gmail.com"},{"name":"graue","email":"scott@oceanbase.org"},{"name":"sebmarkbage","email":"sebastian@calyptus.eu"},{"name":"spicyj","email":"ben@benalpert.com"},{"name":"zpao","email":"paul@oshannessy.com"}],"dist":{"shasum":"81a91760c17b48019b2d3d65f88860adfb4d204f","tarball":"https://registry.npmjs.org/react-addons-linked-state-mixin/-/react-addons-linked-state-mixin-15.1.0.tgz"},"_npmOperationalInternal":{"host":"packages-12-west.internal.npmjs.com","tmp":"tmp/react-addons-linked-state-mixin-15.1.0.tgz_1463785558381_0.11244954564608634"},"directories":{}},"15.2.0-rc.1":{"name":"react-addons-linked-state-mixin","version":"15.2.0-rc.1","main":"index.js","repository":{"type":"git","url":"git+https://github.com/facebook/react.git"},"keywords":["react","react-addon"],"license":"BSD-3-Clause","dependencies":{},"peerDependencies":{"react":"^15.2.0-rc.1"},"description":"This package provides the React LinkedStateMixin add-on.","bugs":{"url":"https://github.com/facebook/react/issues"},"homepage":"https://github.com/facebook/react#readme","_id":"react-addons-linked-state-mixin@15.2.0-rc.1","_shasum":"7070bce8ffa938c3bfbfc4fdd27be6ef3604e2ac","_resolved":"file:build/packages/react-addons-linked-state-mixin.tgz","_from":"build/packages/react-addons-linked-state-mixin.tgz","scripts":{},"_npmVersion":"2.15.5","_nodeVersion":"4.4.5","_npmUser":{"name":"zpao","email":"paul@oshannessy.com"},"maintainers":[{"name":"gaearon","email":"dan.abramov@gmail.com"},{"name":"graue","email":"scott@oceanbase.org"},{"name":"sebmarkbage","email":"sebastian@calyptus.eu"},{"name":"spicyj","email":"ben@benalpert.com"},{"name":"zpao","email":"paul@oshannessy.com"}],"dist":{"shasum":"7070bce8ffa938c3bfbfc4fdd27be6ef3604e2ac","tarball":"https://registry.npmjs.org/react-addons-linked-state-mixin/-/react-addons-linked-state-mixin-15.2.0-rc.1.tgz"},"_npmOperationalInternal":{"host":"packages-12-west.internal.npmjs.com","tmp":"tmp/react-addons-linked-state-mixin-15.2.0-rc.1.tgz_1465954182578_0.5856478149071336"},"directories":{}},"15.2.0-rc.2":{"name":"react-addons-linked-state-mixin","version":"15.2.0-rc.2","main":"index.js","repository":{"type":"git","url":"git+https://github.com/facebook/react.git"},"keywords":["react","react-addon"],"license":"BSD-3-Clause","dependencies":{},"peerDependencies":{"react":"^15.2.0-rc.2"},"description":"This package provides the React LinkedStateMixin add-on.","bugs":{"url":"https://github.com/facebook/react/issues"},"homepage":"https://github.com/facebook/react#readme","_id":"react-addons-linked-state-mixin@15.2.0-rc.2","_shasum":"90c842542559bae439ebd743d42483a0f401d0df","_resolved":"file:build/packages/react-addons-linked-state-mixin.tgz","_from":"build/packages/react-addons-linked-state-mixin.tgz","scripts":{},"_npmVersion":"2.15.5","_nodeVersion":"4.4.5","_npmUser":{"name":"zpao","email":"paul@oshannessy.com"},"maintainers":[{"name":"gaearon","email":"dan.abramov@gmail.com"},{"name":"graue","email":"scott@oceanbase.org"},{"name":"sebmarkbage","email":"sebastian@calyptus.eu"},{"name":"spicyj","email":"ben@benalpert.com"},{"name":"zpao","email":"paul@oshannessy.com"}],"dist":{"shasum":"90c842542559bae439ebd743d42483a0f401d0df","tarball":"https://registry.npmjs.org/react-addons-linked-state-mixin/-/react-addons-linked-state-mixin-15.2.0-rc.2.tgz"},"_npmOperationalInternal":{"host":"packages-16-east.internal.npmjs.com","tmp":"tmp/react-addons-linked-state-mixin-15.2.0-rc.2.tgz_1467354693563_0.43207710701972246"},"directories":{}},"15.2.0":{"name":"react-addons-linked-state-mixin","version":"15.2.0","main":"index.js","repository":{"type":"git","url":"git+https://github.com/facebook/react.git"},"keywords":["react","react-addon"],"license":"BSD-3-Clause","dependencies":{},"peerDependencies":{"react":"^15.2.0"},"description":"This package provides the React LinkedStateMixin add-on.","bugs":{"url":"https://github.com/facebook/react/issues"},"homepage":"https://github.com/facebook/react#readme","_id":"react-addons-linked-state-mixin@15.2.0","_shasum":"f67146deb757d598e6cb29ce87cd766e6be0869f","_resolved":"file:build/packages/react-addons-linked-state-mixin.tgz","_from":"build/packages/react-addons-linked-state-mixin.tgz","scripts":{},"_npmVersion":"2.15.5","_nodeVersion":"4.4.5","_npmUser":{"name":"zpao","email":"paul@oshannessy.com"},"maintainers":[{"name":"gaearon","email":"dan.abramov@gmail.com"},{"name":"graue","email":"scott@oceanbase.org"},{"name":"sebmarkbage","email":"sebastian@calyptus.eu"},{"name":"spicyj","email":"ben@benalpert.com"},{"name":"zpao","email":"paul@oshannessy.com"}],"dist":{"shasum":"f67146deb757d598e6cb29ce87cd766e6be0869f","tarball":"https://registry.npmjs.org/react-addons-linked-state-mixin/-/react-addons-linked-state-mixin-15.2.0.tgz"},"_npmOperationalInternal":{"host":"packages-16-east.internal.npmjs.com","tmp":"tmp/react-addons-linked-state-mixin-15.2.0.tgz_1467399104740_0.44368752208538353"},"directories":{}},"15.2.1":{"name":"react-addons-linked-state-mixin","version":"15.2.1","main":"index.js","repository":{"type":"git","url":"git+https://github.com/facebook/react.git"},"keywords":["react","react-addon"],"license":"BSD-3-Clause","dependencies":{},"peerDependencies":{"react":"^15.2.1"},"description":"This package provides the React LinkedStateMixin add-on.","bugs":{"url":"https://github.com/facebook/react/issues"},"homepage":"https://github.com/facebook/react#readme","_id":"react-addons-linked-state-mixin@15.2.1","_shasum":"1c196993a331bb1b2c565e6e9206e34132fe66bf","_resolved":"file:build/packages/react-addons-linked-state-mixin.tgz","_from":"build/packages/react-addons-linked-state-mixin.tgz","scripts":{},"_npmVersion":"2.15.5","_nodeVersion":"4.4.5","_npmUser":{"name":"zpao","email":"paul@oshannessy.com"},"maintainers":[{"name":"gaearon","email":"dan.abramov@gmail.com"},{"name":"graue","email":"scott@oceanbase.org"},{"name":"sebmarkbage","email":"sebastian@calyptus.eu"},{"name":"spicyj","email":"ben@benalpert.com"},{"name":"zpao","email":"paul@oshannessy.com"}],"dist":{"shasum":"1c196993a331bb1b2c565e6e9206e34132fe66bf","tarball":"https://registry.npmjs.org/react-addons-linked-state-mixin/-/react-addons-linked-state-mixin-15.2.1.tgz"},"_npmOperationalInternal":{"host":"packages-16-east.internal.npmjs.com","tmp":"tmp/react-addons-linked-state-mixin-15.2.1.tgz_1468017045675_0.7700442331843078"},"directories":{}},"15.3.0-rc.1":{"name":"react-addons-linked-state-mixin","version":"15.3.0-rc.1","main":"index.js","repository":{"type":"git","url":"git+https://github.com/facebook/react.git"},"keywords":["react","react-addon"],"license":"BSD-3-Clause","dependencies":{},"peerDependencies":{"react":"^15.3.0-rc.1"},"description":"This package provides the React LinkedStateMixin add-on.","bugs":{"url":"https://github.com/facebook/react/issues"},"homepage":"https://github.com/facebook/react#readme","_id":"react-addons-linked-state-mixin@15.3.0-rc.1","_shasum":"bd76e4bdc6edcc5898b5128e41d0f4e6c075fa78","_resolved":"file:build/packages/react-addons-linked-state-mixin.tgz","_from":"build/packages/react-addons-linked-state-mixin.tgz","scripts":{},"_npmVersion":"3.9.6","_nodeVersion":"6.2.0","_npmUser":{"name":"zpao","email":"paul@oshannessy.com"},"maintainers":[{"name":"gaearon","email":"dan.abramov@gmail.com"},{"name":"graue","email":"scott@oceanbase.org"},{"name":"sebmarkbage","email":"sebastian@calyptus.eu"},{"name":"spicyj","email":"ben@benalpert.com"},{"name":"zpao","email":"paul@oshannessy.com"}],"dist":{"shasum":"bd76e4bdc6edcc5898b5128e41d0f4e6c075fa78","tarball":"https://registry.npmjs.org/react-addons-linked-state-mixin/-/react-addons-linked-state-mixin-15.3.0-rc.1.tgz"},"_npmOperationalInternal":{"host":"packages-12-west.internal.npmjs.com","tmp":"tmp/react-addons-linked-state-mixin-15.3.0-rc.1.tgz_1468436281544_0.5467494970653206"},"directories":{}},"15.3.0-rc.2":{"name":"react-addons-linked-state-mixin","version":"15.3.0-rc.2","main":"index.js","repository":{"type":"git","url":"git+https://github.com/facebook/react.git"},"keywords":["react","react-addon"],"license":"BSD-3-Clause","dependencies":{},"peerDependencies":{"react":"^15.3.0-rc.2"},"description":"This package provides the React LinkedStateMixin add-on.","bugs":{"url":"https://github.com/facebook/react/issues"},"homepage":"https://github.com/facebook/react#readme","_id":"react-addons-linked-state-mixin@15.3.0-rc.2","_shasum":"9be9f97d06777c640a5f29a703d6eacf82b69ca2","_resolved":"file:build/packages/react-addons-linked-state-mixin.tgz","_from":"build/packages/react-addons-linked-state-mixin.tgz","scripts":{},"_npmVersion":"3.9.6","_nodeVersion":"6.2.0","_npmUser":{"name":"zpao","email":"paul@oshannessy.com"},"maintainers":[{"name":"gaearon","email":"dan.abramov@gmail.com"},{"name":"graue","email":"scott@oceanbase.org"},{"name":"sebmarkbage","email":"sebastian@calyptus.eu"},{"name":"spicyj","email":"ben@benalpert.com"},{"name":"zpao","email":"paul@oshannessy.com"}],"dist":{"shasum":"9be9f97d06777c640a5f29a703d6eacf82b69ca2","tarball":"https://registry.npmjs.org/react-addons-linked-state-mixin/-/react-addons-linked-state-mixin-15.3.0-rc.2.tgz"},"_npmOperationalInternal":{"host":"packages-12-west.internal.npmjs.com","tmp":"tmp/react-addons-linked-state-mixin-15.3.0-rc.2.tgz_1468443698141_0.8090139576233923"},"directories":{}},"15.3.0-rc.3":{"name":"react-addons-linked-state-mixin","version":"15.3.0-rc.3","main":"index.js","repository":{"type":"git","url":"git+https://github.com/facebook/react.git"},"keywords":["react","react-addon"],"license":"BSD-3-Clause","dependencies":{},"peerDependencies":{"react":"^15.3.0-rc.3"},"description":"This package provides the React LinkedStateMixin add-on.","bugs":{"url":"https://github.com/facebook/react/issues"},"homepage":"https://github.com/facebook/react#readme","_id":"react-addons-linked-state-mixin@15.3.0-rc.3","_shasum":"542e6138079da5c98a7d11334afc8873e53ff422","_resolved":"file:build/packages/react-addons-linked-state-mixin.tgz","_from":"build/packages/react-addons-linked-state-mixin.tgz","scripts":{},"_npmVersion":"3.9.6","_nodeVersion":"6.2.0","_npmUser":{"name":"zpao","email":"paul@oshannessy.com"},"maintainers":[{"name":"gaearon","email":"dan.abramov@gmail.com"},{"name":"graue","email":"scott@oceanbase.org"},{"name":"sebmarkbage","email":"sebastian@calyptus.eu"},{"name":"spicyj","email":"ben@benalpert.com"},{"name":"zpao","email":"paul@oshannessy.com"}],"dist":{"shasum":"542e6138079da5c98a7d11334afc8873e53ff422","tarball":"https://registry.npmjs.org/react-addons-linked-state-mixin/-/react-addons-linked-state-mixin-15.3.0-rc.3.tgz"},"_npmOperationalInternal":{"host":"packages-12-west.internal.npmjs.com","tmp":"tmp/react-addons-linked-state-mixin-15.3.0-rc.3.tgz_1469141929774_0.1709755330812186"},"directories":{}},"15.3.0":{"name":"react-addons-linked-state-mixin","version":"15.3.0","main":"index.js","repository":{"type":"git","url":"git+https://github.com/facebook/react.git"},"keywords":["react","react-addon"],"license":"BSD-3-Clause","dependencies":{},"peerDependencies":{"react":"^15.3.0"},"description":"This package provides the React LinkedStateMixin add-on.","bugs":{"url":"https://github.com/facebook/react/issues"},"homepage":"https://github.com/facebook/react#readme","_id":"react-addons-linked-state-mixin@15.3.0","_shasum":"63f5ec6515d0c154c995ad2ff6adb8c9c8b4ecef","_resolved":"file:build/packages/react-addons-linked-state-mixin.tgz","_from":"build/packages/react-addons-linked-state-mixin.tgz","scripts":{},"_npmVersion":"3.9.6","_nodeVersion":"6.2.0","_npmUser":{"name":"zpao","email":"paul@oshannessy.com"},"maintainers":[{"name":"fb","email":"opensource+npm@fb.com"},{"name":"gaearon","email":"dan.abramov@gmail.com"},{"name":"graue","email":"scott@oceanbase.org"},{"name":"sebmarkbage","email":"sebastian@calyptus.eu"},{"name":"spicyj","email":"ben@benalpert.com"},{"name":"zpao","email":"paul@oshannessy.com"}],"dist":{"shasum":"63f5ec6515d0c154c995ad2ff6adb8c9c8b4ecef","tarball":"https://registry.npmjs.org/react-addons-linked-state-mixin/-/react-addons-linked-state-mixin-15.3.0.tgz"},"_npmOperationalInternal":{"host":"packages-12-west.internal.npmjs.com","tmp":"tmp/react-addons-linked-state-mixin-15.3.0.tgz_1469817479935_0.36741365073248744"},"directories":{}},"15.3.1-rc.1":{"name":"react-addons-linked-state-mixin","version":"15.3.1-rc.1","main":"index.js","repository":{"type":"git","url":"git+https://github.com/facebook/react.git"},"keywords":["react","react-addon"],"license":"BSD-3-Clause","dependencies":{},"peerDependencies":{"react":"^15.3.1-rc.1"},"files":["LICENSE","PATENTS","README.md","index.js"],"description":"This package provides the React LinkedStateMixin add-on.","bugs":{"url":"https://github.com/facebook/react/issues"},"homepage":"https://github.com/facebook/react#readme","_id":"react-addons-linked-state-mixin@15.3.1-rc.1","_shasum":"6cb8ec179a4fc67c250accd742525269f1990ae2","_resolved":"file:build/packages/react-addons-linked-state-mixin.tgz","_from":"build/packages/react-addons-linked-state-mixin.tgz","scripts":{},"_npmVersion":"2.15.5","_nodeVersion":"4.4.5","_npmUser":{"name":"zpao","email":"paul@oshannessy.com"},"maintainers":[{"name":"fb","email":"opensource+npm@fb.com"},{"name":"gaearon","email":"dan.abramov@gmail.com"},{"name":"graue","email":"scott@oceanbase.org"},{"name":"sebmarkbage","email":"sebastian@calyptus.eu"},{"name":"spicyj","email":"ben@benalpert.com"},{"name":"zpao","email":"paul@oshannessy.com"}],"dist":{"shasum":"6cb8ec179a4fc67c250accd742525269f1990ae2","tarball":"https://registry.npmjs.org/react-addons-linked-state-mixin/-/react-addons-linked-state-mixin-15.3.1-rc.1.tgz"},"_npmOperationalInternal":{"host":"packages-12-west.internal.npmjs.com","tmp":"tmp/react-addons-linked-state-mixin-15.3.1-rc.1.tgz_1471044902500_0.08518926193937659"},"directories":{}},"15.3.1-rc.2":{"name":"react-addons-linked-state-mixin","version":"15.3.1-rc.2","main":"index.js","repository":{"type":"git","url":"git+https://github.com/facebook/react.git"},"keywords":["react","react-addon"],"license":"BSD-3-Clause","dependencies":{},"peerDependencies":{"react":"^15.3.1-rc.2"},"files":["LICENSE","PATENTS","README.md","index.js"],"description":"This package provides the React LinkedStateMixin add-on.","bugs":{"url":"https://github.com/facebook/react/issues"},"homepage":"https://github.com/facebook/react#readme","_id":"react-addons-linked-state-mixin@15.3.1-rc.2","_shasum":"23ae5d4b06c20761c881c11d339355c95b36794c","_resolved":"file:build/packages/react-addons-linked-state-mixin.tgz","_from":"build/packages/react-addons-linked-state-mixin.tgz","scripts":{},"_npmVersion":"2.15.5","_nodeVersion":"4.4.5","_npmUser":{"name":"zpao","email":"paul@oshannessy.com"},"maintainers":[{"name":"fb","email":"opensource+npm@fb.com"},{"name":"gaearon","email":"dan.abramov@gmail.com"},{"name":"graue","email":"scott@oceanbase.org"},{"name":"sebmarkbage","email":"sebastian@calyptus.eu"},{"name":"spicyj","email":"ben@benalpert.com"},{"name":"zpao","email":"paul@oshannessy.com"}],"dist":{"shasum":"23ae5d4b06c20761c881c11d339355c95b36794c","tarball":"https://registry.npmjs.org/react-addons-linked-state-mixin/-/react-addons-linked-state-mixin-15.3.1-rc.2.tgz"},"_npmOperationalInternal":{"host":"packages-12-west.internal.npmjs.com","tmp":"tmp/react-addons-linked-state-mixin-15.3.1-rc.2.tgz_1471301760056_0.647283666068688"},"directories":{}},"15.3.1":{"name":"react-addons-linked-state-mixin","version":"15.3.1","main":"index.js","repository":{"type":"git","url":"git+https://github.com/facebook/react.git"},"keywords":["react","react-addon"],"license":"BSD-3-Clause","dependencies":{},"peerDependencies":{"react":"^15.3.1"},"files":["LICENSE","PATENTS","README.md","index.js"],"description":"This package provides the React LinkedStateMixin add-on.","bugs":{"url":"https://github.com/facebook/react/issues"},"homepage":"https://github.com/facebook/react#readme","_id":"react-addons-linked-state-mixin@15.3.1","_shasum":"8658b80bfd28fe3efa687bc7dd8c2bc629092c16","_resolved":"file:build/packages/react-addons-linked-state-mixin.tgz","_from":"build/packages/react-addons-linked-state-mixin.tgz","scripts":{},"_npmVersion":"2.15.5","_nodeVersion":"4.4.5","_npmUser":{"name":"zpao","email":"paul@oshannessy.com"},"maintainers":[{"name":"fb","email":"opensource+npm@fb.com"},{"name":"gaearon","email":"dan.abramov@gmail.com"},{"name":"graue","email":"scott@oceanbase.org"},{"name":"sebmarkbage","email":"sebastian@calyptus.eu"},{"name":"spicyj","email":"ben@benalpert.com"},{"name":"zpao","email":"paul@oshannessy.com"}],"dist":{"shasum":"8658b80bfd28fe3efa687bc7dd8c2bc629092c16","tarball":"https://registry.npmjs.org/react-addons-linked-state-mixin/-/react-addons-linked-state-mixin-15.3.1.tgz"},"_npmOperationalInternal":{"host":"packages-12-west.internal.npmjs.com","tmp":"tmp/react-addons-linked-state-mixin-15.3.1.tgz_1471632595752_0.8545959815382957"},"directories":{}},"15.3.2-rc.1":{"name":"react-addons-linked-state-mixin","version":"15.3.2-rc.1","main":"index.js","repository":{"type":"git","url":"git+https://github.com/facebook/react.git"},"keywords":["react","react-addon"],"license":"BSD-3-Clause","dependencies":{},"peerDependencies":{"react":"^15.3.2-rc.1"},"files":["LICENSE","PATENTS","README.md","index.js"],"description":"This package provides the React LinkedStateMixin add-on.","bugs":{"url":"https://github.com/facebook/react/issues"},"homepage":"https://github.com/facebook/react#readme","_id":"react-addons-linked-state-mixin@15.3.2-rc.1","_shasum":"5a268a9de3902fa3e5a1a7e5d3a904fb2218613a","_resolved":"file:build/packages/react-addons-linked-state-mixin.tgz","_from":"build/packages/react-addons-linked-state-mixin.tgz","scripts":{},"_npmVersion":"3.10.3","_nodeVersion":"6.5.0","_npmUser":{"name":"zpao","email":"paul@oshannessy.com"},"maintainers":[{"name":"fb","email":"opensource+npm@fb.com"},{"name":"gaearon","email":"dan.abramov@gmail.com"},{"name":"graue","email":"scott@oceanbase.org"},{"name":"sebmarkbage","email":"sebastian@calyptus.eu"},{"name":"spicyj","email":"ben@benalpert.com"},{"name":"zpao","email":"paul@oshannessy.com"}],"dist":{"shasum":"5a268a9de3902fa3e5a1a7e5d3a904fb2218613a","tarball":"https://registry.npmjs.org/react-addons-linked-state-mixin/-/react-addons-linked-state-mixin-15.3.2-rc.1.tgz"},"_npmOperationalInternal":{"host":"packages-12-west.internal.npmjs.com","tmp":"tmp/react-addons-linked-state-mixin-15.3.2-rc.1.tgz_1473982996610_0.6889523705467582"},"directories":{}},"15.3.2":{"name":"react-addons-linked-state-mixin","version":"15.3.2","main":"index.js","repository":{"type":"git","url":"git+https://github.com/facebook/react.git"},"keywords":["react","react-addon"],"license":"BSD-3-Clause","dependencies":{},"peerDependencies":{"react":"^15.3.2"},"files":["LICENSE","PATENTS","README.md","index.js"],"description":"This package provides the React LinkedStateMixin add-on.","bugs":{"url":"https://github.com/facebook/react/issues"},"homepage":"https://github.com/facebook/react#readme","_id":"react-addons-linked-state-mixin@15.3.2","_shasum":"e5f8c74d31f21819e7ed760f376b9ec679be07c5","_resolved":"file:build/packages/react-addons-linked-state-mixin.tgz","_from":"build/packages/react-addons-linked-state-mixin.tgz","scripts":{},"_npmVersion":"3.10.3","_nodeVersion":"6.5.0","_npmUser":{"name":"zpao","email":"paul@oshannessy.com"},"maintainers":[{"name":"fb","email":"opensource+npm@fb.com"},{"name":"gaearon","email":"dan.abramov@gmail.com"},{"name":"graue","email":"scott@oceanbase.org"},{"name":"sebmarkbage","email":"sebastian@calyptus.eu"},{"name":"spicyj","email":"ben@benalpert.com"},{"name":"zpao","email":"paul@oshannessy.com"}],"dist":{"shasum":"e5f8c74d31f21819e7ed760f376b9ec679be07c5","tarball":"https://registry.npmjs.org/react-addons-linked-state-mixin/-/react-addons-linked-state-mixin-15.3.2.tgz"},"_npmOperationalInternal":{"host":"packages-16-east.internal.npmjs.com","tmp":"tmp/react-addons-linked-state-mixin-15.3.2.tgz_1474307193486_0.7032348064240068"},"directories":{}},"15.4.0-rc.1":{"name":"react-addons-linked-state-mixin","version":"15.4.0-rc.1","main":"index.js","repository":{"type":"git","url":"git+https://github.com/facebook/react.git"},"keywords":["react","react-addon"],"license":"BSD-3-Clause","dependencies":{},"peerDependencies":{"react":"^15.4.0-rc.1"},"files":["LICENSE","PATENTS","README.md","index.js"],"description":"This package provides the React LinkedStateMixin add-on.","bugs":{"url":"https://github.com/facebook/react/issues"},"homepage":"https://github.com/facebook/react#readme","_id":"react-addons-linked-state-mixin@15.4.0-rc.1","_shasum":"ad3a05016de1ca9798719d495773db210edba4fd","_resolved":"file:build/packages/react-addons-linked-state-mixin.tgz","_from":"build/packages/react-addons-linked-state-mixin.tgz","scripts":{},"_npmVersion":"3.10.3","_nodeVersion":"6.7.0","_npmUser":{"name":"zpao","email":"paul@oshannessy.com"},"maintainers":[{"name":"fb","email":"opensource+npm@fb.com"},{"name":"gaearon","email":"dan.abramov@gmail.com"},{"name":"graue","email":"scott@oceanbase.org"},{"name":"sebmarkbage","email":"sebastian@calyptus.eu"},{"name":"spicyj","email":"ben@benalpert.com"},{"name":"zpao","email":"paul@oshannessy.com"}],"dist":{"shasum":"ad3a05016de1ca9798719d495773db210edba4fd","tarball":"https://registry.npmjs.org/react-addons-linked-state-mixin/-/react-addons-linked-state-mixin-15.4.0-rc.1.tgz"},"_npmOperationalInternal":{"host":"packages-12-west.internal.npmjs.com","tmp":"tmp/react-addons-linked-state-mixin-15.4.0-rc.1.tgz_1475620516232_0.4488527353387326"},"directories":{}},"15.4.0-rc.2":{"name":"react-addons-linked-state-mixin","version":"15.4.0-rc.2","main":"index.js","repository":{"type":"git","url":"git+https://github.com/facebook/react.git"},"keywords":["react","react-addon"],"license":"BSD-3-Clause","dependencies":{},"peerDependencies":{"react":"^15.4.0-rc.2"},"files":["LICENSE","PATENTS","README.md","index.js"],"description":"This package provides the React LinkedStateMixin add-on.","bugs":{"url":"https://github.com/facebook/react/issues"},"homepage":"https://github.com/facebook/react#readme","_id":"react-addons-linked-state-mixin@15.4.0-rc.2","_shasum":"113bdb0cb023c020c3ffc0512e275b001998067c","_resolved":"file:build/packages/react-addons-linked-state-mixin.tgz","_from":"build/packages/react-addons-linked-state-mixin.tgz","scripts":{},"_npmVersion":"3.10.3","_nodeVersion":"6.7.0","_npmUser":{"name":"zpao","email":"paul@oshannessy.com"},"maintainers":[{"name":"fb","email":"opensource+npm@fb.com"},{"name":"gaearon","email":"dan.abramov@gmail.com"},{"name":"graue","email":"scott@oceanbase.org"},{"name":"sebmarkbage","email":"sebastian@calyptus.eu"},{"name":"spicyj","email":"ben@benalpert.com"},{"name":"zpao","email":"paul@oshannessy.com"}],"dist":{"shasum":"113bdb0cb023c020c3ffc0512e275b001998067c","tarball":"https://registry.npmjs.org/react-addons-linked-state-mixin/-/react-addons-linked-state-mixin-15.4.0-rc.2.tgz"},"_npmOperationalInternal":{"host":"packages-16-east.internal.npmjs.com","tmp":"tmp/react-addons-linked-state-mixin-15.4.0-rc.2.tgz_1475707831415_0.22134421044029295"},"directories":{}},"15.4.0-rc.3":{"name":"react-addons-linked-state-mixin","version":"15.4.0-rc.3","main":"index.js","repository":{"type":"git","url":"git+https://github.com/facebook/react.git"},"keywords":["react","react-addon"],"license":"BSD-3-Clause","dependencies":{},"peerDependencies":{"react":"^15.4.0-rc.3"},"files":["LICENSE","PATENTS","README.md","index.js"],"description":"This package provides the React LinkedStateMixin add-on.","bugs":{"url":"https://github.com/facebook/react/issues"},"homepage":"https://github.com/facebook/react#readme","_id":"react-addons-linked-state-mixin@15.4.0-rc.3","_shasum":"34186d19182d19549758bd1a2b2ee63ef98654f6","_resolved":"file:packages/react-addons-linked-state-mixin.tgz","_from":"packages/react-addons-linked-state-mixin.tgz","scripts":{},"_npmVersion":"3.10.3","_nodeVersion":"6.3.1","_npmUser":{"name":"gaearon","email":"dan.abramov@gmail.com"},"dist":{"shasum":"34186d19182d19549758bd1a2b2ee63ef98654f6","tarball":"https://registry.npmjs.org/react-addons-linked-state-mixin/-/react-addons-linked-state-mixin-15.4.0-rc.3.tgz"},"maintainers":[{"name":"fb","email":"opensource+npm@fb.com"},{"name":"gaearon","email":"dan.abramov@gmail.com"},{"name":"graue","email":"scott@oceanbase.org"},{"name":"sebmarkbage","email":"sebastian@calyptus.eu"},{"name":"spicyj","email":"ben@benalpert.com"},{"name":"zpao","email":"paul@oshannessy.com"}],"_npmOperationalInternal":{"host":"packages-16-east.internal.npmjs.com","tmp":"tmp/react-addons-linked-state-mixin-15.4.0-rc.3.tgz_1476472404006_0.18168153706938028"},"directories":{}},"15.4.0-rc.4":{"name":"react-addons-linked-state-mixin","version":"15.4.0-rc.4","main":"index.js","repository":{"type":"git","url":"git+https://github.com/facebook/react.git"},"keywords":["react","react-addon"],"license":"BSD-3-Clause","dependencies":{},"peerDependencies":{"react":"^15.4.0-rc.4"},"files":["LICENSE","PATENTS","README.md","index.js"],"description":"This package provides the React LinkedStateMixin add-on.","bugs":{"url":"https://github.com/facebook/react/issues"},"homepage":"https://github.com/facebook/react#readme","_id":"react-addons-linked-state-mixin@15.4.0-rc.4","scripts":{},"_shasum":"ddb668e39e4800b5332e973b016ceacd75706565","_from":".","_npmVersion":"3.10.3","_nodeVersion":"6.6.0","_npmUser":{"name":"sebmarkbage","email":"sebastian@calyptus.eu"},"maintainers":[{"name":"fb","email":"opensource+npm@fb.com"},{"name":"gaearon","email":"dan.abramov@gmail.com"},{"name":"graue","email":"scott@oceanbase.org"},{"name":"sebmarkbage","email":"sebastian@calyptus.eu"},{"name":"spicyj","email":"ben@benalpert.com"},{"name":"zpao","email":"paul@oshannessy.com"}],"dist":{"shasum":"ddb668e39e4800b5332e973b016ceacd75706565","tarball":"https://registry.npmjs.org/react-addons-linked-state-mixin/-/react-addons-linked-state-mixin-15.4.0-rc.4.tgz"},"_npmOperationalInternal":{"host":"packages-12-west.internal.npmjs.com","tmp":"tmp/react-addons-linked-state-mixin-15.4.0-rc.4.tgz_1476482557521_0.7020164502318949"},"directories":{}},"15.4.0":{"name":"react-addons-linked-state-mixin","version":"15.4.0","main":"index.js","repository":{"type":"git","url":"git+https://github.com/facebook/react.git"},"keywords":["react","react-addon"],"license":"BSD-3-Clause","dependencies":{},"peerDependencies":{"react":"^15.4.0"},"files":["LICENSE","PATENTS","README.md","index.js"],"description":"This package provides the React LinkedStateMixin add-on.","bugs":{"url":"https://github.com/facebook/react/issues"},"homepage":"https://github.com/facebook/react#readme","_id":"react-addons-linked-state-mixin@15.4.0","_shasum":"501f097187c3e00a96d8526b46c4cb42feb490d6","_resolved":"file:build/packages/react-addons-linked-state-mixin.tgz","_from":"build/packages/react-addons-linked-state-mixin.tgz","scripts":{},"_npmVersion":"3.10.8","_nodeVersion":"6.9.1","_npmUser":{"name":"tomocchino","email":"tomocchino@gmail.com"},"dist":{"shasum":"501f097187c3e00a96d8526b46c4cb42feb490d6","tarball":"https://registry.npmjs.org/react-addons-linked-state-mixin/-/react-addons-linked-state-mixin-15.4.0.tgz"},"maintainers":[{"name":"fb","email":"opensource+npm@fb.com"},{"name":"gaearon","email":"dan.abramov@gmail.com"},{"name":"graue","email":"scott@oceanbase.org"},{"name":"sebmarkbage","email":"sebastian@calyptus.eu"},{"name":"spicyj","email":"ben@benalpert.com"},{"name":"tomocchino","email":"tomocchino@gmail.com"},{"name":"zpao","email":"paul@oshannessy.com"}],"_npmOperationalInternal":{"host":"packages-18-east.internal.npmjs.com","tmp":"tmp/react-addons-linked-state-mixin-15.4.0.tgz_1479306748616_0.5976116314996034"},"directories":{}},"15.4.1":{"name":"react-addons-linked-state-mixin","version":"15.4.1","main":"index.js","repository":{"type":"git","url":"git+https://github.com/facebook/react.git"},"keywords":["react","react-addon"],"license":"BSD-3-Clause","dependencies":{},"peerDependencies":{"react":"^15.4.1"},"files":["LICENSE","PATENTS","README.md","index.js"],"description":"This package provides the React LinkedStateMixin add-on.","bugs":{"url":"https://github.com/facebook/react/issues"},"homepage":"https://github.com/facebook/react#readme","_id":"react-addons-linked-state-mixin@15.4.1","_shasum":"1cbb8f059d7a1caac6776c13430b99efe79a4455","_resolved":"file:build/packages/react-addons-linked-state-mixin.tgz","_from":"build/packages/react-addons-linked-state-mixin.tgz","scripts":{},"_npmVersion":"3.10.8","_nodeVersion":"6.9.0","_npmUser":{"name":"spicyj","email":"ben@benalpert.com"},"maintainers":[{"name":"fb","email":"opensource+npm@fb.com"},{"name":"gaearon","email":"dan.abramov@gmail.com"},{"name":"graue","email":"scott@oceanbase.org"},{"name":"sebmarkbage","email":"sebastian@calyptus.eu"},{"name":"spicyj","email":"ben@benalpert.com"},{"name":"tomocchino","email":"tomocchino@gmail.com"},{"name":"zpao","email":"paul@oshannessy.com"}],"dist":{"shasum":"1cbb8f059d7a1caac6776c13430b99efe79a4455","tarball":"https://registry.npmjs.org/react-addons-linked-state-mixin/-/react-addons-linked-state-mixin-15.4.1.tgz"},"_npmOperationalInternal":{"host":"packages-18-east.internal.npmjs.com","tmp":"tmp/react-addons-linked-state-mixin-15.4.1.tgz_1479866333279_0.10434257471933961"},"directories":{}},"15.4.2":{"name":"react-addons-linked-state-mixin","version":"15.4.2","main":"index.js","repository":{"type":"git","url":"git+https://github.com/facebook/react.git"},"keywords":["react","react-addon"],"license":"BSD-3-Clause","dependencies":{"fbjs":"^0.8.4","object-assign":"^4.1.0"},"peerDependencies":{"react":"^15.4.2"},"files":["LICENSE","PATENTS","README.md","index.js"],"description":"This package provides the React LinkedStateMixin add-on.","bugs":{"url":"https://github.com/facebook/react/issues"},"homepage":"https://github.com/facebook/react#readme","_id":"react-addons-linked-state-mixin@15.4.2","_shasum":"81f5b25e9e77732eddafe298ce2dfe2ede50133c","_resolved":"file:build/packages/react-addons-linked-state-mixin.tgz","_from":"build/packages/react-addons-linked-state-mixin.tgz","scripts":{},"_npmVersion":"3.10.8","_nodeVersion":"6.3.1","_npmUser":{"name":"gaearon","email":"dan.abramov@gmail.com"},"dist":{"shasum":"81f5b25e9e77732eddafe298ce2dfe2ede50133c","tarball":"https://registry.npmjs.org/react-addons-linked-state-mixin/-/react-addons-linked-state-mixin-15.4.2.tgz"},"maintainers":[{"name":"fb","email":"opensource+npm@fb.com"},{"name":"gaearon","email":"dan.abramov@gmail.com"},{"name":"graue","email":"scott@oceanbase.org"},{"name":"sebmarkbage","email":"sebastian@calyptus.eu"},{"name":"spicyj","email":"ben@benalpert.com"},{"name":"tomocchino","email":"tomocchino@gmail.com"},{"name":"zpao","email":"paul@oshannessy.com"}],"_npmOperationalInternal":{"host":"packages-12-west.internal.npmjs.com","tmp":"tmp/react-addons-linked-state-mixin-15.4.2.tgz_1483733741626_0.30144884740002453"},"directories":{}},"16.0.0-alpha":{"name":"react-addons-linked-state-mixin","version":"16.0.0-alpha","main":"index.js","repository":{"type":"git","url":"git+https://github.com/facebook/react.git"},"keywords":["react","react-addon"],"license":"BSD-3-Clause","dependencies":{"fbjs":"^0.8.4","object-assign":"^4.1.0"},"peerDependencies":{"react":"^16.0.0-alpha"},"files":["LICENSE","PATENTS","README.md","index.js"],"description":"This package provides the React LinkedStateMixin add-on.","bugs":{"url":"https://github.com/facebook/react/issues"},"homepage":"https://github.com/facebook/react#readme","_id":"react-addons-linked-state-mixin@16.0.0-alpha","_shasum":"f100506b112bc842932efba74835c03c87d619b1","_resolved":"file:build/packages/react-addons-linked-state-mixin.tgz","_from":"build/packages/react-addons-linked-state-mixin.tgz","scripts":{},"_npmVersion":"3.10.8","_nodeVersion":"6.9.1","_npmUser":{"name":"brianvaughn","email":"briandavidvaughn@gmail.com"},"dist":{"shasum":"f100506b112bc842932efba74835c03c87d619b1","tarball":"https://registry.npmjs.org/react-addons-linked-state-mixin/-/react-addons-linked-state-mixin-16.0.0-alpha.tgz"},"maintainers":[{"name":"brianvaughn","email":"briandavidvaughn@gmail.com"},{"name":"fb","email":"opensource+npm@fb.com"},{"name":"gaearon","email":"dan.abramov@gmail.com"},{"name":"sebmarkbage","email":"sebastian@calyptus.eu"},{"name":"spicyj","email":"ben@benalpert.com"},{"name":"tomocchino","email":"tomocchino@gmail.com"},{"name":"zpao","email":"paul@oshannessy.com"}],"_npmOperationalInternal":{"host":"packages-12-west.internal.npmjs.com","tmp":"tmp/react-addons-linked-state-mixin-16.0.0-alpha.tgz_1484008033498_0.9947072707582265"},"directories":{}},"16.0.0-alpha.0":{"name":"react-addons-linked-state-mixin","version":"16.0.0-alpha.0","main":"index.js","repository":{"type":"git","url":"git+https://github.com/facebook/react.git"},"keywords":["react","react-addon"],"license":"BSD-3-Clause","dependencies":{"fbjs":"^0.8.4","object-assign":"^4.1.0"},"peerDependencies":{"react":"^16.0.0-alpha.0"},"files":["LICENSE","PATENTS","README.md","index.js"],"description":"This package provides the React LinkedStateMixin add-on.","bugs":{"url":"https://github.com/facebook/react/issues"},"homepage":"https://github.com/facebook/react#readme","_id":"react-addons-linked-state-mixin@16.0.0-alpha.0","_shasum":"8af5999f635dc794dc88541d95ebb9b5225d2a12","_resolved":"file:packages/react-addons-linked-state-mixin.tgz","_from":"packages/react-addons-linked-state-mixin.tgz","scripts":{},"_npmVersion":"3.10.8","_nodeVersion":"6.9.1","_npmUser":{"name":"brianvaughn","email":"briandavidvaughn@gmail.com"},"dist":{"shasum":"8af5999f635dc794dc88541d95ebb9b5225d2a12","tarball":"https://registry.npmjs.org/react-addons-linked-state-mixin/-/react-addons-linked-state-mixin-16.0.0-alpha.0.tgz"},"maintainers":[{"name":"brianvaughn","email":"briandavidvaughn@gmail.com"},{"name":"fb","email":"opensource+npm@fb.com"},{"name":"gaearon","email":"dan.abramov@gmail.com"},{"name":"sebmarkbage","email":"sebastian@calyptus.eu"},{"name":"spicyj","email":"ben@benalpert.com"},{"name":"tomocchino","email":"tomocchino@gmail.com"},{"name":"zpao","email":"paul@oshannessy.com"}],"_npmOperationalInternal":{"host":"packages-18-east.internal.npmjs.com","tmp":"tmp/react-addons-linked-state-mixin-16.0.0-alpha.0.tgz_1485374668576_0.4840043541043997"},"directories":{}},"16.0.0-alpha.2":{"name":"react-addons-linked-state-mixin","version":"16.0.0-alpha.2","main":"index.js","repository":{"type":"git","url":"git+https://github.com/facebook/react.git"},"keywords":["react","react-addon"],"license":"BSD-3-Clause","dependencies":{"fbjs":"^0.8.9","object-assign":"^4.1.0"},"peerDependencies":{"react":"^16.0.0-alpha.2"},"files":["LICENSE","PATENTS","README.md","index.js"],"description":"This package provides the React LinkedStateMixin add-on.","bugs":{"url":"https://github.com/facebook/react/issues"},"homepage":"https://github.com/facebook/react#readme","_id":"react-addons-linked-state-mixin@16.0.0-alpha.2","_shasum":"740042e4fc9f9367cab268f5f722d5afcd6f9687","_resolved":"file:build/packages/react-addons-linked-state-mixin.tgz","_from":"build/packages/react-addons-linked-state-mixin.tgz","scripts":{},"_npmVersion":"3.10.3","_nodeVersion":"6.3.1","_npmUser":{"name":"gaearon","email":"dan.abramov@gmail.com"},"dist":{"shasum":"740042e4fc9f9367cab268f5f722d5afcd6f9687","tarball":"https://registry.npmjs.org/react-addons-linked-state-mixin/-/react-addons-linked-state-mixin-16.0.0-alpha.2.tgz"},"maintainers":[{"name":"brianvaughn","email":"briandavidvaughn@gmail.com"},{"name":"fb","email":"opensource+npm@fb.com"},{"name":"gaearon","email":"dan.abramov@gmail.com"},{"name":"sebmarkbage","email":"sebastian@calyptus.eu"},{"name":"spicyj","email":"ben@benalpert.com"},{"name":"tomocchino","email":"tomocchino@gmail.com"},{"name":"zpao","email":"paul@oshannessy.com"}],"_npmOperationalInternal":{"host":"packages-18-east.internal.npmjs.com","tmp":"tmp/react-addons-linked-state-mixin-16.0.0-alpha.2.tgz_1486656963426_0.37628147890791297"},"directories":{}},"16.0.0-alpha.3":{"name":"react-addons-linked-state-mixin","version":"16.0.0-alpha.3","main":"index.js","repository":{"type":"git","url":"git+https://github.com/facebook/react.git"},"keywords":["react","react-addon"],"license":"BSD-3-Clause","dependencies":{"fbjs":"^0.8.9","object-assign":"^4.1.0"},"peerDependencies":{"react":"^16.0.0-alpha.3"},"files":["LICENSE","PATENTS","README.md","index.js"],"description":"This package provides the React LinkedStateMixin add-on.","bugs":{"url":"https://github.com/facebook/react/issues"},"homepage":"https://github.com/facebook/react#readme","_id":"react-addons-linked-state-mixin@16.0.0-alpha.3","_shasum":"a04cd8376d8562cdbb7f0253901e0a1528543a75","_resolved":"file:build/packages/react-addons-linked-state-mixin.tgz","_from":"build/packages/react-addons-linked-state-mixin.tgz","scripts":{},"_npmVersion":"3.10.10","_nodeVersion":"6.10.0","_npmUser":{"name":"acdlite","email":"acdlite@me.com"},"dist":{"shasum":"a04cd8376d8562cdbb7f0253901e0a1528543a75","tarball":"https://registry.npmjs.org/react-addons-linked-state-mixin/-/react-addons-linked-state-mixin-16.0.0-alpha.3.tgz"},"maintainers":[{"name":"acdlite","email":"acdlite@me.com"},{"name":"brianvaughn","email":"briandavidvaughn@gmail.com"},{"name":"fb","email":"opensource+npm@fb.com"},{"name":"gaearon","email":"dan.abramov@gmail.com"},{"name":"sebmarkbage","email":"sebastian@calyptus.eu"},{"name":"spicyj","email":"ben@benalpert.com"},{"name":"tomocchino","email":"tomocchino@gmail.com"},{"name":"zpao","email":"paul@oshannessy.com"}],"_npmOperationalInternal":{"host":"packages-12-west.internal.npmjs.com","tmp":"tmp/react-addons-linked-state-mixin-16.0.0-alpha.3.tgz_1487893944369_0.6845926195383072"},"directories":{}}},"readme":"# react-addons-linked-state-mixin\n\nThis package provides the React LinkedStateMixin add-on.\n\nSee <https://facebook.github.io/react/docs/two-way-binding-helpers.html> for more information.","maintainers":[{"name":"acdlite","email":"acdlite@me.com"},{"name":"brianvaughn","email":"briandavidvaughn@gmail.com"},{"name":"fb","email":"opensource+npm@fb.com"},{"name":"gaearon","email":"dan.abramov@gmail.com"},{"name":"sebmarkbage","email":"sebastian@calyptus.eu"},{"name":"spicyj","email":"ben@benalpert.com"},{"name":"tomocchino","email":"tomocchino@gmail.com"},{"name":"zpao","email":"paul@oshannessy.com"}],"time":{"modified":"2017-02-23T23:52:24.591Z","created":"2015-07-03T08:49:21.990Z","0.14.0-beta1":"2015-07-03T08:49:21.990Z","0.14.0-beta2":"2015-08-02T04:41:37.184Z","0.14.0-beta3":"2015-08-03T21:34:12.668Z","0.14.0-rc1":"2015-09-10T16:03:24.772Z","0.14.0":"2015-10-07T17:30:01.049Z","0.14.1":"2015-10-28T21:35:13.025Z","0.14.2":"2015-11-02T19:54:38.105Z","0.14.3":"2015-11-19T02:24:55.369Z","0.14.4":"2015-12-29T21:59:23.138Z","0.14.5":"2015-12-29T22:40:34.102Z","0.14.6":"2016-01-06T23:53:20.234Z","0.15.0-alpha.1":"2016-01-21T04:15:25.121Z","0.14.7":"2016-01-28T19:57:32.397Z","15.0.0-rc.1":"2016-03-08T01:07:40.995Z","15.0.0-rc.2":"2016-03-16T22:16:48.181Z","0.14.8":"2016-03-29T16:20:29.211Z","15.0.0":"2016-04-07T21:25:50.059Z","15.0.1":"2016-04-08T18:24:09.907Z","15.0.2-alpha.1":"2016-04-20T18:16:56.528Z","15.0.2-alpha.2":"2016-04-21T22:21:49.171Z","15.0.2-alpha.3":"2016-04-25T20:03:29.064Z","15.0.2-alpha.4":"2016-04-28T07:11:45.283Z","15.0.2":"2016-04-30T00:38:02.305Z","15.0.3-alpha.1":"2016-05-03T19:40:03.693Z","15.0.3-alpha.2":"2016-05-10T04:37:26.829Z","15.1.0-alpha.1":"2016-05-10T05:27:55.191Z","15.1.0":"2016-05-20T23:05:58.785Z","15.2.0-rc.1":"2016-06-15T01:29:43.160Z","15.2.0-rc.2":"2016-07-01T06:31:36.761Z","15.2.0":"2016-07-01T18:51:48.353Z","15.2.1":"2016-07-08T22:30:48.133Z","15.3.0-rc.1":"2016-07-13T18:58:02.049Z","15.3.0-rc.2":"2016-07-13T21:01:38.610Z","15.3.0-rc.3":"2016-07-21T22:58:49.991Z","15.3.0":"2016-07-29T18:38:00.154Z","15.3.1-rc.1":"2016-08-12T23:35:02.749Z","15.3.1-rc.2":"2016-08-15T22:56:00.298Z","15.3.1":"2016-08-19T18:49:55.986Z","15.3.2-rc.1":"2016-09-15T23:43:16.860Z","15.3.2":"2016-09-19T17:46:36.808Z","15.4.0-rc.1":"2016-10-04T22:35:16.467Z","15.4.0-rc.2":"2016-10-05T22:50:34.389Z","15.4.0-rc.3":"2016-10-14T19:13:25.582Z","15.4.0-rc.4":"2016-10-14T22:02:37.740Z","15.4.0":"2016-11-16T14:32:29.164Z","15.4.1":"2016-11-23T01:58:55.103Z","15.4.2":"2017-01-06T20:15:43.557Z","16.0.0-alpha":"2017-01-10T00:27:13.719Z","16.0.0-alpha.0":"2017-01-25T20:04:30.356Z","16.0.0-alpha.2":"2017-02-09T16:16:04.034Z","16.0.0-alpha.3":"2017-02-23T23:52:24.591Z"},"license":"BSD-3-Clause","readmeFilename":"README.md","users":{"agat":true,"dongxu":true,"princetoad":true},"homepage":"https://github.com/facebook/react#readme","keywords":["react","react-addon"],"repository":{"type":"git","url":"git+https://github.com/facebook/react.git"},"bugs":{"url":"https://github.com/facebook/react/issues"},"_attachments":{},"_etag":"W/\"58af75b8-12217\"","_lastModified":"Thu, 23 Feb 2017 23:52:24 GMT"}