{"_id":"wrappy","_rev":"9-0853f6aada0d0a3d47cfa040357a0b2e","name":"wrappy","description":"Callback wrapping utility","dist-tags":{"latest":"1.0.2"},"versions":{"1.0.0":{"name":"wrappy","version":"1.0.0","description":"Callback wrapping utility","main":"wrappy.js","directories":{"test":"test"},"dependencies":{},"devDependencies":{"tap":"^0.4.12"},"scripts":{"test":"tap test/*.js"},"repository":{"type":"git","url":"https://github.com/npm/wrappy"},"author":{"name":"Isaac Z. Schlueter","email":"i@izs.me","url":"http://blog.izs.me/"},"license":"ISC","bugs":{"url":"https://github.com/npm/wrappy/issues"},"homepage":"https://github.com/npm/wrappy","gitHead":"2a0cf2a39be2ebb4a53f2f87db739d98f2a5ebc5","_id":"wrappy@1.0.0","_shasum":"8aae4fc6b4cd6be32a4553985bcf32b3ee131e4e","_from":".","_npmVersion":"2.0.0","_nodeVersion":"0.10.31","_npmUser":{"name":"isaacs","email":"i@izs.me"},"maintainers":[{"name":"isaacs","email":"i@izs.me"}],"dist":{"shasum":"8aae4fc6b4cd6be32a4553985bcf32b3ee131e4e","tarball":"https://registry.npmjs.org/wrappy/-/wrappy-1.0.0.tgz"}},"1.0.1":{"name":"wrappy","version":"1.0.1","description":"Callback wrapping utility","main":"wrappy.js","directories":{"test":"test"},"dependencies":{},"devDependencies":{"tap":"^0.4.12"},"scripts":{"test":"tap test/*.js"},"repository":{"type":"git","url":"https://github.com/npm/wrappy"},"author":{"name":"Isaac Z. Schlueter","email":"i@izs.me","url":"http://blog.izs.me/"},"license":"ISC","bugs":{"url":"https://github.com/npm/wrappy/issues"},"homepage":"https://github.com/npm/wrappy","gitHead":"006a8cbac6b99988315834c207896eed71fd069a","_id":"wrappy@1.0.1","_shasum":"1e65969965ccbc2db4548c6b84a6f2c5aedd4739","_from":".","_npmVersion":"2.0.0","_nodeVersion":"0.10.31","_npmUser":{"name":"isaacs","email":"i@izs.me"},"maintainers":[{"name":"isaacs","email":"i@izs.me"}],"dist":{"shasum":"1e65969965ccbc2db4548c6b84a6f2c5aedd4739","tarball":"https://registry.npmjs.org/wrappy/-/wrappy-1.0.1.tgz"}},"1.0.2":{"name":"wrappy","version":"1.0.2","description":"Callback wrapping utility","main":"wrappy.js","files":["wrappy.js"],"directories":{"test":"test"},"dependencies":{},"devDependencies":{"tap":"^2.3.1"},"scripts":{"test":"tap --coverage test/*.js"},"repository":{"type":"git","url":"git+https://github.com/npm/wrappy.git"},"author":{"name":"Isaac Z. Schlueter","email":"i@izs.me","url":"http://blog.izs.me/"},"license":"ISC","bugs":{"url":"https://github.com/npm/wrappy/issues"},"homepage":"https://github.com/npm/wrappy","gitHead":"71d91b6dc5bdeac37e218c2cf03f9ab55b60d214","_id":"wrappy@1.0.2","_shasum":"b5243d8f3ec1aa35f1364605bc0d1036e30ab69f","_from":".","_npmVersion":"3.9.1","_nodeVersion":"5.10.1","_npmUser":{"name":"zkat","email":"kat@sykosomatic.org"},"dist":{"shasum":"b5243d8f3ec1aa35f1364605bc0d1036e30ab69f","tarball":"https://registry.npmjs.org/wrappy/-/wrappy-1.0.2.tgz"},"maintainers":[{"name":"isaacs","email":"i@izs.me"},{"name":"zkat","email":"kat@sykosomatic.org"}],"_npmOperationalInternal":{"host":"packages-16-east.internal.npmjs.com","tmp":"tmp/wrappy-1.0.2.tgz_1463527848281_0.037129373755306005"}}},"readme":"# wrappy\n\nCallback wrapping utility\n\n## USAGE\n\n```javascript\nvar wrappy = require(\"wrappy\")\n\n// var wrapper = wrappy(wrapperFunction)\n\n// make sure a cb is called only once\n// See also: http://npm.im/once for this specific use case\nvar once = wrappy(function (cb) {\n  var called = false\n  return function () {\n    if (called) return\n    called = true\n    return cb.apply(this, arguments)\n  }\n})\n\nfunction printBoo () {\n  console.log('boo')\n}\n// has some rando property\nprintBoo.iAmBooPrinter = true\n\nvar onlyPrintOnce = once(printBoo)\n\nonlyPrintOnce() // prints 'boo'\nonlyPrintOnce() // does nothing\n\n// random property is retained!\nassert.equal(onlyPrintOnce.iAmBooPrinter, true)\n```\n","maintainers":[{"name":"isaacs","email":"i@izs.me"},{"name":"zkat","email":"kat@sykosomatic.org"}],"time":{"modified":"2016-11-01T18:48:39.879Z","created":"2014-09-18T22:59:23.410Z","1.0.0":"2014-09-18T22:59:23.410Z","1.0.1":"2014-09-18T23:13:15.838Z","1.0.2":"2016-05-17T23:30:52.415Z"},"homepage":"https://github.com/npm/wrappy","repository":{"type":"git","url":"git+https://github.com/npm/wrappy.git"},"author":{"name":"Isaac Z. Schlueter","email":"i@izs.me","url":"http://blog.izs.me/"},"bugs":{"url":"https://github.com/npm/wrappy/issues"},"license":"ISC","readmeFilename":"README.md","users":{"program247365":true,"klap-webdevelopment":true,"mojaray2k":true},"_attachments":{},"_etag":"W/\"5818e387-11a5\"","_lastModified":"Tue, 01 Nov 2016 18:48:39 GMT"}