{"_id":"gherkin","_rev":"166-2200762ca56fd13f409d27d7ad8293e0","name":"gherkin","description":"Gherkin parser","dist-tags":{"latest":"4.1.1"},"versions":{"2.3.4":{"name":"gherkin","description":"A fast Gherkin lexer/parser based on the Ragel State Machine Compiler.","keywords":["testing","bdd","cucumber","gherkin","tests"],"version":"2.3.4","homepage":"http://github.com/aslakhellesoy/gherkin","author":{"name":"Aslak Hellesøy","email":"aslak.hellesoy@gmail.com"},"contributors":[{"name":"Aslak Hellesøy","email":"aslak.hellesoy@gmail.com"}],"repository":{"type":"git","url":"git://github.com/aslakhellesoy/gherkin.git"},"bugs":{"email":"cukes@googlegroups.com","url":"http://github.com/aslakhellesoy/gherkin/issues"},"directories":{"lib":"./lib"},"main":"./lib/gherkin","engines":{"node":"0.4 || 0.5"},"licenses":[{"type":"MIT","url":"http://github.com/isaacs/npm/raw/master/LICENSE"}],"dependencies":{},"devDependencies":{},"_id":"gherkin@2.3.4","_engineSupported":true,"_npmVersion":"1.0.1rc5","_nodeVersion":"v0.4.5","_defaultsLoaded":true,"dist":{"shasum":"45c37eaf6e6fea1e9808d620e8df1459cf28de8f","tarball":"https://registry.npmjs.org/gherkin/-/gherkin-2.3.4.tgz"}},"2.3.6":{"name":"gherkin","description":"A fast Gherkin lexer/parser based on the Ragel State Machine Compiler.","keywords":["testing","bdd","cucumber","gherkin","tests"],"version":"2.3.6","homepage":"http://github.com/aslakhellesoy/gherkin","author":{"name":"Aslak Hellesøy","email":"aslak.hellesoy@gmail.com"},"contributors":[{"name":"Aslak Hellesøy","email":"aslak.hellesoy@gmail.com"}],"repository":{"type":"git","url":"git://github.com/aslakhellesoy/gherkin.git"},"bugs":{"email":"cukes@googlegroups.com","url":"http://github.com/aslakhellesoy/gherkin/issues"},"directories":{"lib":"./lib"},"main":"./lib/gherkin","engines":{"node":"0.4 || 0.5"},"licenses":[{"type":"MIT","url":"http://github.com/isaacs/npm/raw/master/LICENSE"}],"_id":"gherkin@2.3.6","_engineSupported":true,"_npmVersion":"0.3.18","_nodeVersion":"v0.4.6","dist":{"shasum":"6da9fafd36408775bea085401d9d10165b7284e0","tarball":"https://registry.npmjs.org/gherkin/-/gherkin-2.3.6.tgz"}},"2.3.7":{"name":"gherkin","description":"A fast Gherkin lexer/parser based on the Ragel State Machine Compiler.","keywords":["testing","bdd","cucumber","gherkin","tests"],"version":"2.3.7","homepage":"http://github.com/aslakhellesoy/gherkin","author":{"name":"Aslak Hellesøy","email":"aslak.hellesoy@gmail.com"},"contributors":[{"name":"Aslak Hellesøy","email":"aslak.hellesoy@gmail.com"}],"repository":{"type":"git","url":"git://github.com/aslakhellesoy/gherkin.git"},"bugs":{"email":"cukes@googlegroups.com","url":"http://github.com/aslakhellesoy/gherkin/issues"},"directories":{"lib":"./lib"},"main":"./lib/gherkin","engines":{"node":"0.4 || 0.5"},"licenses":[{"type":"MIT","url":"http://github.com/aslakhellesoy/gherkin/raw/master/LICENSE"}],"dependencies":{},"devDependencies":{},"_id":"gherkin@2.3.7","_engineSupported":true,"_npmVersion":"1.0.3","_nodeVersion":"v0.4.7","_defaultsLoaded":true,"dist":{"shasum":"0ae7009ad8626ff7e27339406647f2dcc6f48b53","tarball":"https://registry.npmjs.org/gherkin/-/gherkin-2.3.7.tgz"},"scripts":{}},"2.3.8":{"name":"gherkin","description":"A fast Gherkin lexer/parser based on the Ragel State Machine Compiler.","keywords":["testing","bdd","cucumber","gherkin","tests"],"version":"2.3.8","homepage":"http://github.com/aslakhellesoy/gherkin","author":{"name":"Aslak Hellesøy","email":"aslak.hellesoy@gmail.com"},"contributors":[{"name":"Aslak Hellesøy","email":"aslak.hellesoy@gmail.com"}],"repository":{"type":"git","url":"git://github.com/aslakhellesoy/gherkin.git"},"bugs":{"email":"cukes@googlegroups.com","url":"http://github.com/aslakhellesoy/gherkin/issues"},"directories":{"lib":"./lib"},"main":"./lib/gherkin","engines":{"node":"0.4 || 0.5"},"licenses":[{"type":"MIT","url":"http://github.com/aslakhellesoy/gherkin/raw/master/LICENSE"}],"dependencies":{},"devDependencies":{},"_id":"gherkin@2.3.8","_engineSupported":true,"_npmVersion":"1.0.6","_nodeVersion":"v0.4.7","_defaultsLoaded":true,"dist":{"shasum":"07ce0a60f63388efa1eb92ab6205fee6ef353cd2","tarball":"https://registry.npmjs.org/gherkin/-/gherkin-2.3.8.tgz"},"scripts":{}},"2.3.9":{"name":"gherkin","description":"A fast Gherkin lexer/parser based on the Ragel State Machine Compiler.","keywords":["testing","bdd","cucumber","gherkin","tests"],"version":"2.3.9","homepage":"http://github.com/aslakhellesoy/gherkin","author":{"name":"Aslak Hellesøy","email":"aslak.hellesoy@gmail.com"},"contributors":[{"name":"Aslak Hellesøy","email":"aslak.hellesoy@gmail.com"}],"repository":{"type":"git","url":"git://github.com/aslakhellesoy/gherkin.git"},"bugs":{"email":"cukes@googlegroups.com","url":"http://github.com/aslakhellesoy/gherkin/issues"},"directories":{"lib":"./lib"},"main":"./lib/gherkin","engines":{"node":"0.4 || 0.5"},"licenses":[{"type":"MIT","url":"http://github.com/aslakhellesoy/gherkin/raw/master/LICENSE"}],"dependencies":{},"devDependencies":{},"_id":"gherkin@2.3.9","_engineSupported":true,"_npmVersion":"1.0.6","_nodeVersion":"v0.4.7","_defaultsLoaded":true,"dist":{"shasum":"9d7e595eeb6bcdd6b92dc5f44c0c90d42571ff5d","tarball":"https://registry.npmjs.org/gherkin/-/gherkin-2.3.9.tgz"},"scripts":{}},"2.3.10":{"name":"gherkin","description":"A fast Gherkin lexer/parser based on the Ragel State Machine Compiler.","keywords":["testing","bdd","cucumber","gherkin","tests"],"version":"2.3.10","homepage":"http://github.com/cucumber/gherkin","author":{"name":"Aslak Hellesøy","email":"aslak.hellesoy@gmail.com"},"contributors":[{"name":"Aslak Hellesøy","email":"aslak.hellesoy@gmail.com"}],"repository":{"type":"git","url":"git://github.com/cucumber/gherkin.git"},"bugs":{"email":"cukes@googlegroups.com","url":"http://github.com/cucumber/gherkin/issues"},"directories":{"lib":"./lib"},"main":"./lib/gherkin","engines":{"node":"0.4 || 0.5"},"licenses":[{"type":"MIT","url":"http://github.com/cucumber/gherkin/raw/master/LICENSE"}],"dependencies":{},"devDependencies":{},"_id":"gherkin@2.3.10","_engineSupported":true,"_npmVersion":"1.0.6","_nodeVersion":"v0.4.8","_defaultsLoaded":true,"dist":{"shasum":"855cb1ac8711461a9e5ee56f3c2a07dfa0a3c321","tarball":"https://registry.npmjs.org/gherkin/-/gherkin-2.3.10.tgz"},"scripts":{}},"2.4.0":{"name":"gherkin","description":"A fast Gherkin lexer/parser based on the Ragel State Machine Compiler.","keywords":["testing","bdd","cucumber","gherkin","tests"],"version":"2.4.0","homepage":"http://github.com/cucumber/gherkin","author":{"name":"Aslak Hellesøy","email":"aslak.hellesoy@gmail.com"},"contributors":[{"name":"Aslak Hellesøy","email":"aslak.hellesoy@gmail.com"}],"repository":{"type":"git","url":"git://github.com/cucumber/gherkin.git"},"bugs":{"email":"cukes@googlegroups.com","url":"http://github.com/cucumber/gherkin/issues"},"directories":{"lib":"./lib"},"main":"./lib/gherkin","engines":{"node":"0.4 || 0.5"},"licenses":[{"type":"MIT","url":"http://github.com/cucumber/gherkin/raw/master/LICENSE"}],"dependencies":{},"devDependencies":{},"_id":"gherkin@2.4.0","_engineSupported":true,"_npmVersion":"1.0.6","_nodeVersion":"v0.4.8","_defaultsLoaded":true,"dist":{"shasum":"705aed58dd39187a0588a4acf2a540de58db3047","tarball":"https://registry.npmjs.org/gherkin/-/gherkin-2.4.0.tgz"},"scripts":{}},"2.4.1":{"name":"gherkin","description":"A fast Gherkin lexer/parser based on the Ragel State Machine Compiler.","keywords":["testing","bdd","cucumber","gherkin","tests"],"version":"2.4.1","homepage":"http://github.com/cucumber/gherkin","author":{"name":"Aslak Hellesøy","email":"aslak.hellesoy@gmail.com"},"contributors":[{"name":"Aslak Hellesøy","email":"aslak.hellesoy@gmail.com"}],"repository":{"type":"git","url":"git://github.com/cucumber/gherkin.git"},"bugs":{"email":"cukes@googlegroups.com","url":"http://github.com/cucumber/gherkin/issues"},"directories":{"lib":"./lib"},"main":"./lib/gherkin","engines":{"node":"0.4 || 0.5"},"licenses":[{"type":"MIT","url":"http://github.com/cucumber/gherkin/raw/master/LICENSE"}],"dependencies":{},"devDependencies":{},"_id":"gherkin@2.4.1","_engineSupported":true,"_npmVersion":"1.0.6","_nodeVersion":"v0.4.8","_defaultsLoaded":true,"dist":{"shasum":"aadc3ceb63a5ff093589a0d9e933a6fd34efa0dc","tarball":"https://registry.npmjs.org/gherkin/-/gherkin-2.4.1.tgz"},"scripts":{}},"2.4.2":{"name":"gherkin","description":"A fast Gherkin lexer/parser based on the Ragel State Machine Compiler.","keywords":["testing","bdd","cucumber","gherkin","tests"],"version":"2.4.2","homepage":"http://github.com/cucumber/gherkin","author":{"name":"Aslak Hellesøy","email":"aslak.hellesoy@gmail.com"},"contributors":[{"name":"Aslak Hellesøy","email":"aslak.hellesoy@gmail.com"}],"repository":{"type":"git","url":"git://github.com/cucumber/gherkin.git"},"bugs":{"email":"cukes@googlegroups.com","url":"http://github.com/cucumber/gherkin/issues"},"directories":{"lib":"./lib"},"main":"./lib/gherkin","engines":{"node":"0.4 || 0.5"},"licenses":[{"type":"MIT","url":"http://github.com/cucumber/gherkin/raw/master/LICENSE"}],"_npmJsonOpts":{"file":"/Users/ahellesoy/.npm/gherkin/2.4.2/package/package.json","wscript":false,"contributors":false,"serverjs":false},"_id":"gherkin@2.4.2","dependencies":{},"devDependencies":{},"_engineSupported":true,"_npmVersion":"1.0.15","_nodeVersion":"v0.4.9","_defaultsLoaded":true,"dist":{"shasum":"ec169e312c8ccd6691b3feb4c4f0ebcb90f74baa","tarball":"https://registry.npmjs.org/gherkin/-/gherkin-2.4.2.tgz"},"scripts":{}},"2.4.3":{"name":"gherkin","description":"A fast Gherkin lexer/parser based on the Ragel State Machine Compiler.","keywords":["testing","bdd","cucumber","gherkin","tests"],"version":"2.4.3","homepage":"http://github.com/cucumber/gherkin","author":{"name":"Aslak Hellesøy","email":"aslak.hellesoy@gmail.com"},"contributors":[{"name":"Aslak Hellesøy","email":"aslak.hellesoy@gmail.com"}],"repository":{"type":"git","url":"git://github.com/cucumber/gherkin.git"},"bugs":{"email":"cukes@googlegroups.com","url":"http://github.com/cucumber/gherkin/issues"},"directories":{"lib":"./lib"},"main":"./lib/gherkin","engines":{"node":"0.4 || 0.5"},"licenses":[{"type":"MIT","url":"http://github.com/cucumber/gherkin/raw/master/LICENSE"}],"_npmJsonOpts":{"file":"/Users/ahellesoy/.npm/gherkin/2.4.3/package/package.json","wscript":false,"contributors":false,"serverjs":false},"_id":"gherkin@2.4.3","dependencies":{},"devDependencies":{},"_engineSupported":true,"_npmVersion":"1.0.15","_nodeVersion":"v0.4.9","_defaultsLoaded":true,"dist":{"shasum":"96daf1dcb7f46c7461954ef2e75a7bae50d46a64","tarball":"https://registry.npmjs.org/gherkin/-/gherkin-2.4.3.tgz"},"scripts":{}},"2.4.4":{"name":"gherkin","description":"A fast Gherkin lexer/parser based on the Ragel State Machine Compiler.","keywords":["testing","bdd","cucumber","gherkin","tests"],"version":"2.4.4","homepage":"http://github.com/cucumber/gherkin","author":{"name":"Aslak Hellesøy","email":"aslak.hellesoy@gmail.com"},"contributors":[{"name":"Aslak Hellesøy","email":"aslak.hellesoy@gmail.com"}],"repository":{"type":"git","url":"git://github.com/cucumber/gherkin.git"},"bugs":{"email":"cukes@googlegroups.com","url":"http://github.com/cucumber/gherkin/issues"},"directories":{"lib":"./lib"},"main":"./lib/gherkin","engines":{"node":"0.4 || 0.5"},"licenses":[{"type":"MIT","url":"http://github.com/cucumber/gherkin/raw/master/LICENSE"}],"_npmJsonOpts":{"file":"/Users/ahellesoy/.npm/gherkin/2.4.4/package/package.json","wscript":false,"contributors":false,"serverjs":false},"_id":"gherkin@2.4.4","dependencies":{},"devDependencies":{},"_engineSupported":true,"_npmVersion":"1.0.15","_nodeVersion":"v0.4.9","_defaultsLoaded":true,"dist":{"shasum":"b2e129ec8548025c32eece73e983fdb8caa61308","tarball":"https://registry.npmjs.org/gherkin/-/gherkin-2.4.4.tgz"},"scripts":{}},"2.4.5":{"name":"gherkin","description":"A fast Gherkin lexer/parser based on the Ragel State Machine Compiler.","keywords":["testing","bdd","cucumber","gherkin","tests"],"version":"2.4.5","homepage":"http://github.com/cucumber/gherkin","author":{"name":"Aslak Hellesøy","email":"aslak.hellesoy@gmail.com"},"contributors":[{"name":"Aslak Hellesøy","email":"aslak.hellesoy@gmail.com"}],"repository":{"type":"git","url":"git://github.com/cucumber/gherkin.git"},"bugs":{"email":"cukes@googlegroups.com","url":"http://github.com/cucumber/gherkin/issues"},"directories":{"lib":"./lib"},"main":"./lib/gherkin","engines":{"node":"0.4 || 0.5"},"licenses":[{"type":"MIT","url":"http://github.com/cucumber/gherkin/raw/master/LICENSE"}],"_npmJsonOpts":{"file":"/Users/ahellesoy/.npm/gherkin/2.4.5/package/package.json","wscript":false,"contributors":false,"serverjs":false},"_id":"gherkin@2.4.5","dependencies":{},"devDependencies":{},"_engineSupported":true,"_npmVersion":"1.0.15","_nodeVersion":"v0.4.9","_defaultsLoaded":true,"dist":{"shasum":"e8b1df496a868601a7aca30802640d4ea7b6ef98","tarball":"https://registry.npmjs.org/gherkin/-/gherkin-2.4.5.tgz"},"scripts":{}},"2.4.6":{"name":"gherkin","description":"A fast Gherkin lexer/parser based on the Ragel State Machine Compiler.","keywords":["testing","bdd","cucumber","gherkin","tests"],"version":"2.4.6","homepage":"http://github.com/cucumber/gherkin","author":{"name":"Aslak Hellesøy","email":"aslak.hellesoy@gmail.com"},"contributors":[{"name":"Aslak Hellesøy","email":"aslak.hellesoy@gmail.com"}],"repository":{"type":"git","url":"git://github.com/cucumber/gherkin.git"},"bugs":{"email":"cukes@googlegroups.com","url":"http://github.com/cucumber/gherkin/issues"},"directories":{"lib":"./lib"},"main":"./lib/gherkin","engines":{"node":"0.4 || 0.5"},"licenses":[{"type":"MIT","url":"http://github.com/cucumber/gherkin/raw/master/LICENSE"}],"_npmJsonOpts":{"file":"/Users/ahellesoy/.npm/gherkin/2.4.6/package/package.json","wscript":false,"contributors":false,"serverjs":false},"_id":"gherkin@2.4.6","dependencies":{},"devDependencies":{},"_engineSupported":true,"_npmVersion":"1.0.15","_nodeVersion":"v0.4.9","_defaultsLoaded":true,"dist":{"shasum":"3039a4c78a43b375510c3ca96a53bd843cbf57eb","tarball":"https://registry.npmjs.org/gherkin/-/gherkin-2.4.6.tgz"},"scripts":{},"maintainers":[{"name":"aslakhellesoy","email":"aslak.hellesoy@gmail.com"}]},"2.4.7":{"name":"gherkin","description":"A fast Gherkin lexer/parser based on the Ragel State Machine Compiler.","keywords":["testing","bdd","cucumber","gherkin","tests"],"version":"2.4.7","homepage":"http://github.com/cucumber/gherkin","author":{"name":"Aslak Hellesøy","email":"aslak.hellesoy@gmail.com"},"contributors":[{"name":"Aslak Hellesøy","email":"aslak.hellesoy@gmail.com"}],"repository":{"type":"git","url":"git://github.com/cucumber/gherkin.git"},"bugs":{"email":"cukes@googlegroups.com","url":"http://github.com/cucumber/gherkin/issues"},"directories":{"lib":"./lib"},"main":"./lib/gherkin","engines":{"node":"0.4 || 0.5"},"licenses":[{"type":"MIT","url":"http://github.com/cucumber/gherkin/raw/master/LICENSE"}],"_npmJsonOpts":{"file":"/Users/ahellesoy/.npm/gherkin/2.4.7/package/package.json","wscript":false,"contributors":false,"serverjs":false},"_id":"gherkin@2.4.7","dependencies":{},"devDependencies":{},"_engineSupported":true,"_npmVersion":"1.0.15","_nodeVersion":"v0.4.9","_defaultsLoaded":true,"dist":{"shasum":"05efca9852ae914149ce5b9bc80341e67a690563","tarball":"https://registry.npmjs.org/gherkin/-/gherkin-2.4.7.tgz"},"scripts":{},"maintainers":[{"name":"aslakhellesoy","email":"aslak.hellesoy@gmail.com"}]},"2.4.8":{"name":"gherkin","description":"A fast Gherkin lexer/parser based on the Ragel State Machine Compiler.","keywords":["testing","bdd","cucumber","gherkin","tests"],"version":"2.4.8","homepage":"http://github.com/cucumber/gherkin","author":{"name":"Aslak Hellesøy","email":"aslak.hellesoy@gmail.com"},"contributors":[{"name":"Aslak Hellesøy","email":"aslak.hellesoy@gmail.com"}],"repository":{"type":"git","url":"git://github.com/cucumber/gherkin.git"},"bugs":{"email":"cukes@googlegroups.com","url":"http://github.com/cucumber/gherkin/issues"},"directories":{"lib":"./lib"},"main":"./lib/gherkin","engines":{"node":"0.4 || 0.5"},"licenses":[{"type":"MIT","url":"http://github.com/cucumber/gherkin/raw/master/LICENSE"}],"_npmJsonOpts":{"file":"/Users/ahellesoy/.npm/gherkin/2.4.8/package/package.json","wscript":false,"contributors":false,"serverjs":false},"_id":"gherkin@2.4.8","dependencies":{},"devDependencies":{},"_engineSupported":true,"_npmVersion":"1.0.15","_nodeVersion":"v0.4.9","_defaultsLoaded":true,"dist":{"shasum":"04fc72cd3973c91f842718f1fdc2d1fdc020f329","tarball":"https://registry.npmjs.org/gherkin/-/gherkin-2.4.8.tgz"},"scripts":{},"maintainers":[{"name":"aslakhellesoy","email":"aslak.hellesoy@gmail.com"}]},"2.4.9":{"name":"gherkin","description":"A fast Gherkin lexer/parser based on the Ragel State Machine Compiler.","keywords":["testing","bdd","cucumber","gherkin","tests"],"version":"2.4.9","homepage":"http://github.com/cucumber/gherkin","author":{"name":"Aslak Hellesøy","email":"aslak.hellesoy@gmail.com"},"contributors":[{"name":"Aslak Hellesøy","email":"aslak.hellesoy@gmail.com"}],"repository":{"type":"git","url":"git://github.com/cucumber/gherkin.git"},"bugs":{"email":"cukes@googlegroups.com","url":"http://github.com/cucumber/gherkin/issues"},"directories":{"lib":"./lib"},"main":"./lib/gherkin","engines":{"node":"0.4 || 0.5"},"licenses":[{"type":"MIT","url":"http://github.com/cucumber/gherkin/raw/master/LICENSE"}],"_npmJsonOpts":{"file":"/Users/ahellesoy/.npm/gherkin/2.4.9/package/package.json","wscript":false,"contributors":false,"serverjs":false},"_id":"gherkin@2.4.9","dependencies":{},"devDependencies":{},"_engineSupported":true,"_npmVersion":"1.0.15","_nodeVersion":"v0.4.9","_defaultsLoaded":true,"dist":{"shasum":"bbc8dbd1db944c966bdff74fb0f25dba15ca14a3","tarball":"https://registry.npmjs.org/gherkin/-/gherkin-2.4.9.tgz"},"scripts":{},"maintainers":[{"name":"aslakhellesoy","email":"aslak.hellesoy@gmail.com"}]},"2.4.10":{"name":"gherkin","description":"A fast Gherkin lexer/parser based on the Ragel State Machine Compiler.","keywords":["testing","bdd","cucumber","gherkin","tests"],"version":"2.4.10","homepage":"http://github.com/cucumber/gherkin","author":{"name":"Aslak Hellesøy","email":"aslak.hellesoy@gmail.com"},"contributors":[{"name":"Aslak Hellesøy","email":"aslak.hellesoy@gmail.com"}],"repository":{"type":"git","url":"git://github.com/cucumber/gherkin.git"},"bugs":{"email":"cukes@googlegroups.com","url":"http://github.com/cucumber/gherkin/issues"},"directories":{"lib":"./lib"},"main":"./lib/gherkin","engines":{"node":"0.4 || 0.5"},"licenses":[{"type":"MIT","url":"http://github.com/cucumber/gherkin/raw/master/LICENSE"}],"_npmJsonOpts":{"file":"/Users/ahellesoy/.npm/gherkin/2.4.10/package/package.json","wscript":false,"contributors":false,"serverjs":false},"_id":"gherkin@2.4.10","dependencies":{},"devDependencies":{},"_engineSupported":true,"_npmVersion":"1.0.15","_nodeVersion":"v0.4.9","_defaultsLoaded":true,"dist":{"shasum":"4d972de41db952c592fb3ddd2adb88be8b0835b7","tarball":"https://registry.npmjs.org/gherkin/-/gherkin-2.4.10.tgz"},"scripts":{},"maintainers":[{"name":"aslakhellesoy","email":"aslak.hellesoy@gmail.com"}]},"2.4.11":{"name":"gherkin","description":"A fast Gherkin lexer/parser based on the Ragel State Machine Compiler.","keywords":["testing","bdd","cucumber","gherkin","tests"],"version":"2.4.11","homepage":"http://github.com/cucumber/gherkin","author":{"name":"Aslak Hellesøy","email":"aslak.hellesoy@gmail.com"},"contributors":[{"name":"Aslak Hellesøy","email":"aslak.hellesoy@gmail.com"}],"repository":{"type":"git","url":"git://github.com/cucumber/gherkin.git"},"bugs":{"email":"cukes@googlegroups.com","url":"http://github.com/cucumber/gherkin/issues"},"directories":{"lib":"./lib"},"main":"./lib/gherkin","engines":{"node":"0.4 || 0.5"},"licenses":[{"type":"MIT","url":"http://github.com/cucumber/gherkin/raw/master/LICENSE"}],"_npmJsonOpts":{"file":"/Users/ahellesoy/.npm/gherkin/2.4.11/package/package.json","wscript":false,"contributors":false,"serverjs":false},"_id":"gherkin@2.4.11","dependencies":{},"devDependencies":{},"_engineSupported":true,"_npmVersion":"1.0.15","_nodeVersion":"v0.4.9","_defaultsLoaded":true,"dist":{"shasum":"48f9c0014df44ccbee714acdbd9fd2a7f236bc52","tarball":"https://registry.npmjs.org/gherkin/-/gherkin-2.4.11.tgz"},"scripts":{},"maintainers":[{"name":"aslakhellesoy","email":"aslak.hellesoy@gmail.com"}]},"2.4.13":{"name":"gherkin","description":"A fast Gherkin lexer/parser based on the Ragel State Machine Compiler.","keywords":["testing","bdd","cucumber","gherkin","tests"],"version":"2.4.13","homepage":"http://github.com/cucumber/gherkin","author":{"name":"Aslak Hellesøy","email":"aslak.hellesoy@gmail.com"},"contributors":[{"name":"Aslak Hellesøy","email":"aslak.hellesoy@gmail.com"}],"repository":{"type":"git","url":"git://github.com/cucumber/gherkin.git"},"bugs":{"email":"cukes@googlegroups.com","url":"http://github.com/cucumber/gherkin/issues"},"directories":{"lib":"./lib"},"main":"./lib/gherkin","engines":{"node":"0.4 || 0.5"},"licenses":[{"type":"MIT","url":"http://github.com/cucumber/gherkin/raw/master/LICENSE"}],"_npmJsonOpts":{"file":"/Users/ahellesoy/.npm/gherkin/2.4.13/package/package.json","wscript":false,"contributors":false,"serverjs":false},"_id":"gherkin@2.4.13","dependencies":{},"devDependencies":{},"_engineSupported":true,"_npmVersion":"1.0.15","_nodeVersion":"v0.4.9","_defaultsLoaded":true,"dist":{"shasum":"a78dcee4403594da1760b48550e80f4e3e9b8f9b","tarball":"https://registry.npmjs.org/gherkin/-/gherkin-2.4.13.tgz"},"scripts":{},"maintainers":[{"name":"aslakhellesoy","email":"aslak.hellesoy@gmail.com"}]},"2.4.14":{"name":"gherkin","description":"A fast Gherkin lexer/parser based on the Ragel State Machine Compiler.","keywords":["testing","bdd","cucumber","gherkin","tests"],"version":"2.4.14","homepage":"http://github.com/cucumber/gherkin","author":{"name":"Aslak Hellesøy","email":"aslak.hellesoy@gmail.com"},"contributors":[{"name":"Aslak Hellesøy","email":"aslak.hellesoy@gmail.com"}],"repository":{"type":"git","url":"git://github.com/cucumber/gherkin.git"},"bugs":{"email":"cukes@googlegroups.com","url":"http://github.com/cucumber/gherkin/issues"},"directories":{"lib":"./lib"},"main":"./lib/gherkin","engines":{"node":"0.4 || 0.5"},"licenses":[{"type":"MIT","url":"http://github.com/cucumber/gherkin/raw/master/LICENSE"}],"_npmJsonOpts":{"file":"/Users/ahellesoy/.npm/gherkin/2.4.14/package/package.json","wscript":false,"contributors":false,"serverjs":false},"_id":"gherkin@2.4.14","dependencies":{},"devDependencies":{},"_engineSupported":true,"_npmVersion":"1.0.15","_nodeVersion":"v0.4.9","_defaultsLoaded":true,"dist":{"shasum":"5bcdeb70ddf57c6f66ff833796f48f72486e1ca5","tarball":"https://registry.npmjs.org/gherkin/-/gherkin-2.4.14.tgz"},"scripts":{},"maintainers":[{"name":"aslakhellesoy","email":"aslak.hellesoy@gmail.com"}]},"2.4.15":{"name":"gherkin","description":"A fast Gherkin lexer/parser based on the Ragel State Machine Compiler.","keywords":["testing","bdd","cucumber","gherkin","tests"],"version":"2.4.15","homepage":"http://github.com/cucumber/gherkin","author":{"name":"Aslak Hellesøy","email":"aslak.hellesoy@gmail.com"},"contributors":[{"name":"Aslak Hellesøy","email":"aslak.hellesoy@gmail.com"}],"repository":{"type":"git","url":"git://github.com/cucumber/gherkin.git"},"bugs":{"email":"cukes@googlegroups.com","url":"http://github.com/cucumber/gherkin/issues"},"directories":{"lib":"./lib"},"main":"./lib/gherkin","engines":{"node":"0.4 || 0.5"},"licenses":[{"type":"MIT","url":"http://github.com/cucumber/gherkin/raw/master/LICENSE"}],"_npmJsonOpts":{"file":"/Users/ahellesoy/.npm/gherkin/2.4.15/package/package.json","wscript":false,"contributors":false,"serverjs":false},"_id":"gherkin@2.4.15","dependencies":{},"devDependencies":{},"_engineSupported":true,"_npmVersion":"1.0.15","_nodeVersion":"v0.4.9","_defaultsLoaded":true,"dist":{"shasum":"d766fa3bbaa6d56f32827fd5e84452824be73c39","tarball":"https://registry.npmjs.org/gherkin/-/gherkin-2.4.15.tgz"},"scripts":{},"maintainers":[{"name":"aslakhellesoy","email":"aslak.hellesoy@gmail.com"}]},"2.4.16":{"name":"gherkin","description":"A fast Gherkin lexer/parser based on the Ragel State Machine Compiler.","keywords":["testing","bdd","cucumber","gherkin","tests"],"version":"2.4.16","homepage":"http://github.com/cucumber/gherkin","author":{"name":"Aslak Hellesøy","email":"aslak.hellesoy@gmail.com"},"contributors":[{"name":"Aslak Hellesøy","email":"aslak.hellesoy@gmail.com"}],"repository":{"type":"git","url":"git://github.com/cucumber/gherkin.git"},"bugs":{"email":"cukes@googlegroups.com","url":"http://github.com/cucumber/gherkin/issues"},"directories":{"lib":"./lib"},"main":"./lib/gherkin","engines":{"node":"0.4 || 0.5"},"licenses":[{"type":"MIT","url":"http://github.com/cucumber/gherkin/raw/master/LICENSE"}],"_npmJsonOpts":{"file":"/Users/ahellesoy/.npm/gherkin/2.4.16/package/package.json","wscript":false,"contributors":false,"serverjs":false},"_id":"gherkin@2.4.16","dependencies":{},"devDependencies":{},"_engineSupported":true,"_npmVersion":"1.0.15","_nodeVersion":"v0.4.9","_defaultsLoaded":true,"dist":{"shasum":"ca6096d4348c85e18e525c5f5e0de79bbcc88736","tarball":"https://registry.npmjs.org/gherkin/-/gherkin-2.4.16.tgz"},"scripts":{},"maintainers":[{"name":"aslakhellesoy","email":"aslak.hellesoy@gmail.com"}]},"2.4.17":{"name":"gherkin","description":"A fast Gherkin lexer/parser based on the Ragel State Machine Compiler.","keywords":["testing","bdd","cucumber","gherkin","tests"],"version":"2.4.17","homepage":"http://github.com/cucumber/gherkin","author":{"name":"Aslak Hellesøy","email":"aslak.hellesoy@gmail.com"},"contributors":[{"name":"Aslak Hellesøy","email":"aslak.hellesoy@gmail.com"}],"repository":{"type":"git","url":"git://github.com/cucumber/gherkin.git"},"bugs":{"email":"cukes@googlegroups.com","url":"http://github.com/cucumber/gherkin/issues"},"directories":{"lib":"./lib"},"main":"./lib/gherkin","engines":{"node":"0.4 || 0.5"},"licenses":[{"type":"MIT","url":"http://github.com/cucumber/gherkin/raw/master/LICENSE"}],"_npmJsonOpts":{"file":"/Users/ahellesoy/.npm/gherkin/2.4.17/package/package.json","wscript":false,"contributors":false,"serverjs":false},"_id":"gherkin@2.4.17","dependencies":{},"devDependencies":{},"_engineSupported":true,"_npmVersion":"1.0.15","_nodeVersion":"v0.4.9","_defaultsLoaded":true,"dist":{"shasum":"2384de818b036f4c75a3fc6e850266d3ae85ff17","tarball":"https://registry.npmjs.org/gherkin/-/gherkin-2.4.17.tgz"},"scripts":{},"maintainers":[{"name":"aslakhellesoy","email":"aslak.hellesoy@gmail.com"}]},"2.4.18":{"name":"gherkin","description":"A fast Gherkin lexer/parser based on the Ragel State Machine Compiler.","keywords":["testing","bdd","cucumber","gherkin","tests"],"version":"2.4.18","homepage":"http://github.com/cucumber/gherkin","author":{"name":"Aslak Hellesøy","email":"aslak.hellesoy@gmail.com"},"contributors":[{"name":"Aslak Hellesøy","email":"aslak.hellesoy@gmail.com"}],"repository":{"type":"git","url":"git://github.com/cucumber/gherkin.git"},"bugs":{"email":"cukes@googlegroups.com","url":"http://github.com/cucumber/gherkin/issues"},"directories":{"lib":"./lib"},"main":"./lib/gherkin","engines":{"node":"0.4 || 0.5"},"licenses":[{"type":"MIT","url":"http://github.com/cucumber/gherkin/raw/master/LICENSE"}],"_npmJsonOpts":{"file":"/Users/ahellesoy/.npm/gherkin/2.4.18/package/package.json","wscript":false,"contributors":false,"serverjs":false},"_id":"gherkin@2.4.18","dependencies":{},"devDependencies":{},"_engineSupported":true,"_npmVersion":"1.0.15","_nodeVersion":"v0.4.9","_defaultsLoaded":true,"dist":{"shasum":"e0ebfff23105f1257eae7ce30f410f6beb3007af","tarball":"https://registry.npmjs.org/gherkin/-/gherkin-2.4.18.tgz"},"scripts":{},"maintainers":[{"name":"aslakhellesoy","email":"aslak.hellesoy@gmail.com"}]},"2.4.19":{"name":"gherkin","description":"A fast Gherkin lexer/parser based on the Ragel State Machine Compiler.","keywords":["testing","bdd","cucumber","gherkin","tests"],"version":"2.4.19","homepage":"http://github.com/cucumber/gherkin","author":{"name":"Aslak Hellesøy","email":"aslak.hellesoy@gmail.com"},"contributors":[{"name":"Aslak Hellesøy","email":"aslak.hellesoy@gmail.com"}],"repository":{"type":"git","url":"git://github.com/cucumber/gherkin.git"},"bugs":{"email":"cukes@googlegroups.com","url":"http://github.com/cucumber/gherkin/issues"},"directories":{"lib":"./lib"},"main":"./lib/gherkin","engines":{"node":"0.4 || 0.5"},"licenses":[{"type":"MIT","url":"http://github.com/cucumber/gherkin/raw/master/LICENSE"}],"_npmJsonOpts":{"file":"/Users/ahellesoy/.npm/gherkin/2.4.19/package/package.json","wscript":false,"contributors":false,"serverjs":false},"_id":"gherkin@2.4.19","dependencies":{},"devDependencies":{},"_engineSupported":true,"_npmVersion":"1.0.15","_nodeVersion":"v0.4.9","_defaultsLoaded":true,"dist":{"shasum":"fa38c83237f4210b19955b74fb273ca1cbc4c5f3","tarball":"https://registry.npmjs.org/gherkin/-/gherkin-2.4.19.tgz"},"scripts":{},"maintainers":[{"name":"aslakhellesoy","email":"aslak.hellesoy@gmail.com"}]},"2.4.20":{"name":"gherkin","description":"A fast Gherkin lexer/parser based on the Ragel State Machine Compiler.","keywords":["testing","bdd","cucumber","gherkin","tests"],"version":"2.4.20","homepage":"http://github.com/cucumber/gherkin","author":{"name":"Aslak Hellesøy","email":"aslak.hellesoy@gmail.com"},"contributors":[{"name":"Aslak Hellesøy","email":"aslak.hellesoy@gmail.com"}],"repository":{"type":"git","url":"git://github.com/cucumber/gherkin.git"},"bugs":{"email":"cukes@googlegroups.com","url":"http://github.com/cucumber/gherkin/issues"},"directories":{"lib":"./lib"},"main":"./lib/gherkin","engines":{"node":"0.4 || 0.5"},"licenses":[{"type":"MIT","url":"http://github.com/cucumber/gherkin/raw/master/LICENSE"}],"_npmJsonOpts":{"file":"/Users/ahellesoy/.npm/gherkin/2.4.20/package/package.json","wscript":false,"contributors":false,"serverjs":false},"_id":"gherkin@2.4.20","dependencies":{},"devDependencies":{},"_engineSupported":true,"_npmVersion":"1.0.15","_nodeVersion":"v0.4.9","_defaultsLoaded":true,"dist":{"shasum":"d3010f1eaeec153d26616dae133d536376ebcf32","tarball":"https://registry.npmjs.org/gherkin/-/gherkin-2.4.20.tgz"},"scripts":{},"maintainers":[{"name":"aslakhellesoy","email":"aslak.hellesoy@gmail.com"}]},"2.4.21":{"name":"gherkin","description":"A fast Gherkin lexer/parser based on the Ragel State Machine Compiler.","keywords":["testing","bdd","cucumber","gherkin","tests"],"version":"2.4.21","homepage":"http://github.com/cucumber/gherkin","author":{"name":"Aslak Hellesøy","email":"aslak.hellesoy@gmail.com"},"contributors":[{"name":"Aslak Hellesøy","email":"aslak.hellesoy@gmail.com"}],"repository":{"type":"git","url":"git://github.com/cucumber/gherkin.git"},"bugs":{"email":"cukes@googlegroups.com","url":"http://github.com/cucumber/gherkin/issues"},"directories":{"lib":"./lib"},"main":"./lib/gherkin","engines":{"node":"0.4 || 0.5"},"licenses":[{"type":"MIT","url":"http://github.com/cucumber/gherkin/raw/master/LICENSE"}],"_npmJsonOpts":{"file":"/Users/ahellesoy/.npm/gherkin/2.4.21/package/package.json","wscript":false,"contributors":false,"serverjs":false},"_id":"gherkin@2.4.21","dependencies":{},"devDependencies":{},"_engineSupported":true,"_npmVersion":"1.0.15","_nodeVersion":"v0.4.9","_defaultsLoaded":true,"dist":{"shasum":"8a4a63f79bce128a0834ec2a24b6694d700f5976","tarball":"https://registry.npmjs.org/gherkin/-/gherkin-2.4.21.tgz"},"scripts":{},"maintainers":[{"name":"aslakhellesoy","email":"aslak.hellesoy@gmail.com"}]},"2.5.0":{"name":"gherkin","description":"A fast Gherkin lexer/parser based on the Ragel State Machine Compiler.","keywords":["testing","bdd","cucumber","gherkin","tests"],"version":"2.5.0","homepage":"http://github.com/cucumber/gherkin","author":{"name":"Aslak Hellesøy","email":"aslak.hellesoy@gmail.com"},"contributors":[{"name":"Aslak Hellesøy","email":"aslak.hellesoy@gmail.com"}],"repository":{"type":"git","url":"git://github.com/cucumber/gherkin.git"},"bugs":{"email":"cukes@googlegroups.com","url":"http://github.com/cucumber/gherkin/issues"},"directories":{"lib":"./lib"},"main":"./lib/gherkin","engines":{"node":"0.4 || 0.5"},"licenses":[{"type":"MIT","url":"http://github.com/cucumber/gherkin/raw/master/LICENSE"}],"_npmJsonOpts":{"file":"/Users/ahellesoy/.npm/gherkin/2.5.0/package/package.json","wscript":false,"contributors":false,"serverjs":false},"_id":"gherkin@2.5.0","dependencies":{},"devDependencies":{},"_engineSupported":true,"_npmVersion":"1.0.15","_nodeVersion":"v0.4.9","_defaultsLoaded":true,"dist":{"shasum":"6ea60be567a5803c3d51a4bc5b5506b64a24ec83","tarball":"https://registry.npmjs.org/gherkin/-/gherkin-2.5.0.tgz"},"scripts":{},"maintainers":[{"name":"aslakhellesoy","email":"aslak.hellesoy@gmail.com"}]},"2.5.1":{"name":"gherkin","description":"A fast Gherkin lexer/parser based on the Ragel State Machine Compiler.","keywords":["testing","bdd","cucumber","gherkin","tests"],"version":"2.5.1","homepage":"http://github.com/cucumber/gherkin","author":{"name":"Aslak Hellesøy","email":"aslak.hellesoy@gmail.com"},"contributors":[{"name":"Aslak Hellesøy","email":"aslak.hellesoy@gmail.com"}],"repository":{"type":"git","url":"git://github.com/cucumber/gherkin.git"},"bugs":{"email":"cukes@googlegroups.com","url":"http://github.com/cucumber/gherkin/issues"},"directories":{"lib":"./lib"},"main":"./lib/gherkin","engines":{"node":"0.4 || 0.5"},"licenses":[{"type":"MIT","url":"http://github.com/cucumber/gherkin/raw/master/LICENSE"}],"_npmJsonOpts":{"file":"/Users/ahellesoy/.npm/gherkin/2.5.1/package/package.json","wscript":false,"contributors":false,"serverjs":false},"_id":"gherkin@2.5.1","dependencies":{},"devDependencies":{},"_engineSupported":true,"_npmVersion":"1.0.15","_nodeVersion":"v0.4.9","_defaultsLoaded":true,"dist":{"shasum":"867e219a3b1e242e136ae409c8feb34bea27b618","tarball":"https://registry.npmjs.org/gherkin/-/gherkin-2.5.1.tgz"},"scripts":{},"maintainers":[{"name":"aslakhellesoy","email":"aslak.hellesoy@gmail.com"}]},"2.5.2":{"name":"gherkin","description":"A fast Gherkin lexer/parser based on the Ragel State Machine Compiler.","keywords":["testing","bdd","cucumber","gherkin","tests"],"version":"2.5.2","homepage":"http://github.com/cucumber/gherkin","author":{"name":"Aslak Hellesøy","email":"aslak.hellesoy@gmail.com"},"contributors":[{"name":"Aslak Hellesøy","email":"aslak.hellesoy@gmail.com"}],"repository":{"type":"git","url":"git://github.com/cucumber/gherkin.git"},"bugs":{"email":"cukes@googlegroups.com","url":"http://github.com/cucumber/gherkin/issues"},"directories":{"lib":"./lib"},"main":"./lib/gherkin","engines":{"node":"0.4 || 0.5"},"licenses":[{"type":"MIT","url":"http://github.com/cucumber/gherkin/raw/master/LICENSE"}],"_npmJsonOpts":{"file":"/Users/ahellesoy/.npm/gherkin/2.5.2/package/package.json","wscript":false,"contributors":false,"serverjs":false},"_id":"gherkin@2.5.2","dependencies":{},"devDependencies":{},"_engineSupported":true,"_npmVersion":"1.0.30","_nodeVersion":"v0.5.7","_defaultsLoaded":true,"dist":{"shasum":"f79aa58f6e9970e3558ef2b30c678cd7907cab37","tarball":"https://registry.npmjs.org/gherkin/-/gherkin-2.5.2.tgz"},"maintainers":[{"name":"aslakhellesoy","email":"aslak.hellesoy@gmail.com"}]},"2.5.3":{"name":"gherkin","description":"A fast Gherkin lexer/parser based on the Ragel State Machine Compiler.","keywords":["testing","bdd","cucumber","gherkin","tests"],"version":"2.5.3","homepage":"http://github.com/cucumber/gherkin","author":{"name":"Aslak Hellesøy","email":"aslak.hellesoy@gmail.com"},"contributors":[{"name":"Aslak Hellesøy","email":"aslak.hellesoy@gmail.com"}],"repository":{"type":"git","url":"git://github.com/cucumber/gherkin.git"},"bugs":{"email":"cukes@googlegroups.com","url":"http://github.com/cucumber/gherkin/issues"},"directories":{"lib":"./lib"},"main":"./lib/gherkin","engines":{"node":"0.4 || 0.5"},"licenses":[{"type":"MIT","url":"http://github.com/cucumber/gherkin/raw/master/LICENSE"}],"_npmJsonOpts":{"file":"/Users/ahellesoy/.npm/gherkin/2.5.3/package/package.json","wscript":false,"contributors":false,"serverjs":false},"_id":"gherkin@2.5.3","dependencies":{},"devDependencies":{},"_engineSupported":true,"_npmVersion":"1.0.30","_nodeVersion":"v0.5.7","_defaultsLoaded":true,"dist":{"shasum":"838eebfc9679546c8a1c48dc4e705ae87f34f4db","tarball":"https://registry.npmjs.org/gherkin/-/gherkin-2.5.3.tgz"},"maintainers":[{"name":"aslakhellesoy","email":"aslak.hellesoy@gmail.com"}]},"2.5.4":{"name":"gherkin","description":"A fast Gherkin lexer/parser based on the Ragel State Machine Compiler.","keywords":["testing","bdd","cucumber","gherkin","tests"],"version":"2.5.4","homepage":"http://github.com/cucumber/gherkin","author":{"name":"Aslak Hellesøy","email":"aslak.hellesoy@gmail.com"},"contributors":[{"name":"Aslak Hellesøy","email":"aslak.hellesoy@gmail.com"}],"repository":{"type":"git","url":"git://github.com/cucumber/gherkin.git"},"bugs":{"email":"cukes@googlegroups.com","url":"http://github.com/cucumber/gherkin/issues"},"directories":{"lib":"./lib"},"main":"./lib/gherkin","engines":{"node":"0.4 || 0.5"},"licenses":[{"type":"MIT","url":"http://github.com/cucumber/gherkin/raw/master/LICENSE"}],"_npmJsonOpts":{"file":"/Users/ahellesoy/.npm/gherkin/2.5.4/package/package.json","wscript":false,"contributors":false,"serverjs":false},"_id":"gherkin@2.5.4","dependencies":{},"devDependencies":{},"_engineSupported":true,"_npmVersion":"1.0.30","_nodeVersion":"v0.5.7","_defaultsLoaded":true,"dist":{"shasum":"cf9a6a2100911511461ae203509b3dee62125225","tarball":"https://registry.npmjs.org/gherkin/-/gherkin-2.5.4.tgz"},"maintainers":[{"name":"aslakhellesoy","email":"aslak.hellesoy@gmail.com"}]},"2.6.0":{"name":"gherkin","description":"A fast Gherkin lexer/parser based on the Ragel State Machine Compiler.","keywords":["testing","bdd","cucumber","gherkin","tests"],"version":"2.6.0","homepage":"http://github.com/cucumber/gherkin","author":{"name":"Aslak Hellesøy","email":"aslak.hellesoy@gmail.com"},"contributors":[{"name":"Aslak Hellesøy","email":"aslak.hellesoy@gmail.com"}],"repository":{"type":"git","url":"git://github.com/cucumber/gherkin.git"},"bugs":{"email":"cukes@googlegroups.com","url":"http://github.com/cucumber/gherkin/issues"},"directories":{"lib":"./lib"},"main":"./lib/gherkin","engines":{"node":"0.4 || 0.5"},"licenses":[{"type":"MIT","url":"http://github.com/cucumber/gherkin/raw/master/LICENSE"}],"_npmUser":{"name":"aslakhellesoy","email":"aslak.hellesoy@gmail.com"},"_id":"gherkin@2.6.0","dependencies":{},"devDependencies":{},"_engineSupported":true,"_npmVersion":"1.0.103","_nodeVersion":"v0.5.10","_defaultsLoaded":true,"dist":{"shasum":"0a99688660ecef90bb5c8025bcb93af5c941e855","tarball":"https://registry.npmjs.org/gherkin/-/gherkin-2.6.0.tgz"},"maintainers":[{"name":"aslakhellesoy","email":"aslak.hellesoy@gmail.com"}]},"2.6.1":{"name":"gherkin","description":"A fast Gherkin lexer/parser based on the Ragel State Machine Compiler.","keywords":["testing","bdd","cucumber","gherkin","tests"],"version":"2.6.1","homepage":"http://github.com/cucumber/gherkin","author":{"name":"Aslak Hellesøy","email":"aslak.hellesoy@gmail.com"},"contributors":[{"name":"Aslak Hellesøy","email":"aslak.hellesoy@gmail.com"}],"repository":{"type":"git","url":"git://github.com/cucumber/gherkin.git"},"bugs":{"email":"cukes@googlegroups.com","url":"http://github.com/cucumber/gherkin/issues"},"directories":{"lib":"./lib"},"main":"./lib/gherkin","engines":{"node":"0.4 || 0.5"},"licenses":[{"type":"MIT","url":"http://github.com/cucumber/gherkin/raw/master/LICENSE"}],"_npmUser":{"name":"aslakhellesoy","email":"aslak.hellesoy@gmail.com"},"_id":"gherkin@2.6.1","dependencies":{},"devDependencies":{},"_engineSupported":true,"_npmVersion":"1.0.103","_nodeVersion":"v0.5.10","_defaultsLoaded":true,"dist":{"shasum":"a694ec31525bfc456bce57bfeb22db3d3cc6e0ef","tarball":"https://registry.npmjs.org/gherkin/-/gherkin-2.6.1.tgz"},"maintainers":[{"name":"aslakhellesoy","email":"aslak.hellesoy@gmail.com"}]},"2.6.2":{"name":"gherkin","description":"A fast Gherkin lexer/parser based on the Ragel State Machine Compiler.","keywords":["testing","bdd","cucumber","gherkin","tests"],"version":"2.6.2","homepage":"http://github.com/cucumber/gherkin","author":{"name":"Aslak Hellesøy","email":"aslak.hellesoy@gmail.com"},"contributors":[{"name":"Aslak Hellesøy","email":"aslak.hellesoy@gmail.com"}],"repository":{"type":"git","url":"git://github.com/cucumber/gherkin.git"},"bugs":{"email":"cukes@googlegroups.com","url":"http://github.com/cucumber/gherkin/issues"},"directories":{"lib":"./lib"},"main":"./lib/gherkin","engines":{"node":"0.4 || 0.5"},"licenses":[{"type":"MIT","url":"http://github.com/cucumber/gherkin/raw/master/LICENSE"}],"_npmUser":{"name":"aslakhellesoy","email":"aslak.hellesoy@gmail.com"},"_id":"gherkin@2.6.2","dependencies":{},"devDependencies":{},"_engineSupported":true,"_npmVersion":"1.0.103","_nodeVersion":"v0.5.10","_defaultsLoaded":true,"dist":{"shasum":"f430fc71bd62624169c5ab30509d7f2bd5fc2120","tarball":"https://registry.npmjs.org/gherkin/-/gherkin-2.6.2.tgz"},"maintainers":[{"name":"aslakhellesoy","email":"aslak.hellesoy@gmail.com"}]},"2.6.3":{"name":"gherkin","description":"A fast Gherkin lexer/parser based on the Ragel State Machine Compiler.","keywords":["testing","bdd","cucumber","gherkin","tests"],"version":"2.6.3","homepage":"http://github.com/cucumber/gherkin","author":{"name":"Aslak Hellesøy","email":"aslak.hellesoy@gmail.com"},"contributors":[{"name":"Aslak Hellesøy","email":"aslak.hellesoy@gmail.com"}],"repository":{"type":"git","url":"git://github.com/cucumber/gherkin.git"},"bugs":{"email":"cukes@googlegroups.com","url":"http://github.com/cucumber/gherkin/issues"},"directories":{"lib":"./lib"},"main":"./lib/gherkin","engines":{"node":"0.4 || 0.5"},"licenses":[{"type":"MIT","url":"http://github.com/cucumber/gherkin/raw/master/LICENSE"}],"devDependencies":{"uglify-js":"1.1.1"},"_npmUser":{"name":"aslakhellesoy","email":"aslak.hellesoy@gmail.com"},"_id":"gherkin@2.6.3","dependencies":{},"_engineSupported":true,"_npmVersion":"1.0.103","_nodeVersion":"v0.4.12","_defaultsLoaded":true,"dist":{"shasum":"fbb7b62aae42a2f9c27b724a486f3dc4131f1876","tarball":"https://registry.npmjs.org/gherkin/-/gherkin-2.6.3.tgz"},"maintainers":[{"name":"aslakhellesoy","email":"aslak.hellesoy@gmail.com"}]},"2.6.4":{"name":"gherkin","description":"A fast Gherkin lexer/parser based on the Ragel State Machine Compiler.","keywords":["testing","bdd","cucumber","gherkin","tests"],"version":"2.6.4","homepage":"http://github.com/cucumber/gherkin","author":{"name":"Aslak Hellesøy","email":"aslak.hellesoy@gmail.com"},"contributors":[{"name":"Aslak Hellesøy","email":"aslak.hellesoy@gmail.com"}],"repository":{"type":"git","url":"git://github.com/cucumber/gherkin.git"},"bugs":{"email":"cukes@googlegroups.com","url":"http://github.com/cucumber/gherkin/issues"},"directories":{"lib":"./lib"},"main":"./lib/gherkin","licenses":[{"type":"MIT","url":"http://github.com/cucumber/gherkin/raw/master/LICENSE"}],"devDependencies":{"uglify-js":"1.1.1"},"_npmUser":{"name":"aslakhellesoy","email":"aslak.hellesoy@gmail.com"},"_id":"gherkin@2.6.4","dependencies":{},"engines":{"node":"*"},"_engineSupported":true,"_npmVersion":"1.0.103","_nodeVersion":"v0.4.12","_defaultsLoaded":true,"dist":{"shasum":"22118305d41589cbd093f6664a969f7f4738994c","tarball":"https://registry.npmjs.org/gherkin/-/gherkin-2.6.4.tgz"},"maintainers":[{"name":"aslakhellesoy","email":"aslak.hellesoy@gmail.com"}]},"2.6.5":{"name":"gherkin","description":"A fast Gherkin lexer/parser based on the Ragel State Machine Compiler.","keywords":["testing","bdd","cucumber","gherkin","tests"],"version":"2.6.5","homepage":"http://github.com/cucumber/gherkin","author":{"name":"Aslak Hellesøy","email":"aslak.hellesoy@gmail.com"},"contributors":[{"name":"Aslak Hellesøy","email":"aslak.hellesoy@gmail.com"}],"repository":{"type":"git","url":"git://github.com/cucumber/gherkin.git"},"bugs":{"email":"cukes@googlegroups.com","url":"http://github.com/cucumber/gherkin/issues"},"directories":{"lib":"./lib"},"main":"./lib/gherkin","licenses":[{"type":"MIT","url":"http://github.com/cucumber/gherkin/raw/master/LICENSE"}],"devDependencies":{"uglify-js":"1.1.1"},"_npmUser":{"name":"aslakhellesoy","email":"aslak.hellesoy@gmail.com"},"_id":"gherkin@2.6.5","dependencies":{},"engines":{"node":"*"},"_engineSupported":true,"_npmVersion":"1.0.105","_nodeVersion":"v0.6.1","_defaultsLoaded":true,"dist":{"shasum":"357e4b8b49d4d0e4f329b42da4b97461629e8f53","tarball":"https://registry.npmjs.org/gherkin/-/gherkin-2.6.5.tgz"},"maintainers":[{"name":"aslakhellesoy","email":"aslak.hellesoy@gmail.com"}]},"2.6.6":{"name":"gherkin","description":"A fast Gherkin lexer/parser based on the Ragel State Machine Compiler.","keywords":["testing","bdd","cucumber","gherkin","tests"],"version":"2.6.6","homepage":"http://github.com/cucumber/gherkin","author":{"name":"Aslak Hellesøy","email":"aslak.hellesoy@gmail.com"},"contributors":[{"name":"Aslak Hellesøy","email":"aslak.hellesoy@gmail.com"}],"repository":{"type":"git","url":"git://github.com/cucumber/gherkin.git"},"bugs":{"email":"cukes@googlegroups.com","url":"http://github.com/cucumber/gherkin/issues"},"directories":{"lib":"./lib"},"main":"./lib/gherkin","licenses":[{"type":"MIT","url":"http://github.com/cucumber/gherkin/raw/master/LICENSE"}],"devDependencies":{"uglify-js":"1.1.1"},"_npmUser":{"name":"aslakhellesoy","email":"aslak.hellesoy@gmail.com"},"_id":"gherkin@2.6.6","dependencies":{},"engines":{"node":"*"},"_engineSupported":true,"_npmVersion":"1.0.105","_nodeVersion":"v0.6.1","_defaultsLoaded":true,"dist":{"shasum":"f96f4a0910e18729144be025ec46ec04239e3e66","tarball":"https://registry.npmjs.org/gherkin/-/gherkin-2.6.6.tgz"},"maintainers":[{"name":"aslakhellesoy","email":"aslak.hellesoy@gmail.com"}]},"2.6.7":{"name":"gherkin","description":"A fast Gherkin lexer/parser based on the Ragel State Machine Compiler.","keywords":["testing","bdd","cucumber","gherkin","tests"],"version":"2.6.7","homepage":"http://github.com/cucumber/gherkin","author":{"name":"Aslak Hellesøy","email":"aslak.hellesoy@gmail.com"},"contributors":[{"name":"Aslak Hellesøy","email":"aslak.hellesoy@gmail.com"}],"repository":{"type":"git","url":"git://github.com/cucumber/gherkin.git"},"bugs":{"email":"cukes@googlegroups.com","url":"http://github.com/cucumber/gherkin/issues"},"directories":{"lib":"./lib"},"main":"./lib/gherkin","licenses":[{"type":"MIT","url":"http://github.com/cucumber/gherkin/raw/master/LICENSE"}],"devDependencies":{"uglify-js":"1.1.1"},"_npmUser":{"name":"aslakhellesoy","email":"aslak.hellesoy@gmail.com"},"_id":"gherkin@2.6.7","dependencies":{},"engines":{"node":"*"},"_engineSupported":true,"_npmVersion":"1.0.105","_nodeVersion":"v0.6.1","_defaultsLoaded":true,"dist":{"shasum":"b927e0e6d318f82b4b5141acbbc531ab71eba581","tarball":"https://registry.npmjs.org/gherkin/-/gherkin-2.6.7.tgz"},"maintainers":[{"name":"aslakhellesoy","email":"aslak.hellesoy@gmail.com"}]},"2.6.8":{"name":"gherkin","description":"A fast Gherkin lexer/parser based on the Ragel State Machine Compiler.","keywords":["testing","bdd","cucumber","gherkin","tests"],"version":"2.6.8","homepage":"http://github.com/cucumber/gherkin","author":{"name":"Aslak Hellesøy","email":"aslak.hellesoy@gmail.com"},"contributors":[{"name":"Aslak Hellesøy","email":"aslak.hellesoy@gmail.com"}],"repository":{"type":"git","url":"git://github.com/cucumber/gherkin.git"},"bugs":{"email":"cukes@googlegroups.com","url":"http://github.com/cucumber/gherkin/issues"},"directories":{"lib":"./lib"},"main":"./lib/gherkin","licenses":[{"type":"MIT","url":"http://github.com/cucumber/gherkin/raw/master/LICENSE"}],"devDependencies":{"uglify-js":"1.1.1"},"_npmUser":{"name":"aslakhellesoy","email":"aslak.hellesoy@gmail.com"},"_id":"gherkin@2.6.8","dependencies":{},"engines":{"node":"*"},"_engineSupported":true,"_npmVersion":"1.0.105","_nodeVersion":"v0.6.1","_defaultsLoaded":true,"dist":{"shasum":"b6be8a72834d34431f97fd9f7fa2afb1db6f23e7","tarball":"https://registry.npmjs.org/gherkin/-/gherkin-2.6.8.tgz"},"maintainers":[{"name":"aslakhellesoy","email":"aslak.hellesoy@gmail.com"}]},"2.6.9":{"name":"gherkin","description":"A fast Gherkin lexer/parser based on the Ragel State Machine Compiler.","keywords":["testing","bdd","cucumber","gherkin","tests"],"version":"2.6.9","homepage":"http://github.com/cucumber/gherkin","author":{"name":"Aslak Hellesøy","email":"aslak.hellesoy@gmail.com"},"contributors":[{"name":"Aslak Hellesøy","email":"aslak.hellesoy@gmail.com"}],"repository":{"type":"git","url":"git://github.com/cucumber/gherkin.git"},"bugs":{"email":"cukes@googlegroups.com","url":"http://github.com/cucumber/gherkin/issues"},"directories":{"lib":"./lib"},"main":"./lib/gherkin","licenses":[{"type":"MIT","url":"http://github.com/cucumber/gherkin/raw/master/LICENSE"}],"devDependencies":{"uglify-js":"1.1.1"},"_npmUser":{"name":"aslakhellesoy","email":"aslak.hellesoy@gmail.com"},"_id":"gherkin@2.6.9","dependencies":{},"engines":{"node":"*"},"_engineSupported":true,"_npmVersion":"1.0.105","_nodeVersion":"v0.6.1","_defaultsLoaded":true,"dist":{"shasum":"55607da3eab581e3a0e89afc7070c3b6503e2217","tarball":"https://registry.npmjs.org/gherkin/-/gherkin-2.6.9.tgz"},"maintainers":[{"name":"aslakhellesoy","email":"aslak.hellesoy@gmail.com"}]},"2.7.1":{"name":"gherkin","description":"A fast Gherkin lexer/parser based on the Ragel State Machine Compiler.","keywords":["testing","bdd","cucumber","gherkin","tests"],"version":"2.7.1","homepage":"http://github.com/cucumber/gherkin","author":{"name":"Aslak Hellesøy","email":"aslak.hellesoy@gmail.com"},"contributors":[{"name":"Aslak Hellesøy","email":"aslak.hellesoy@gmail.com"}],"repository":{"type":"git","url":"git://github.com/cucumber/gherkin.git"},"bugs":{"email":"cukes@googlegroups.com","url":"http://github.com/cucumber/gherkin/issues"},"directories":{"lib":"./lib"},"main":"./lib/gherkin","licenses":[{"type":"MIT","url":"http://github.com/cucumber/gherkin/raw/master/LICENSE"}],"devDependencies":{"uglify-js":"1.1.1"},"_npmUser":{"name":"aslakhellesoy","email":"aslak.hellesoy@gmail.com"},"_id":"gherkin@2.7.1","dependencies":{},"engines":{"node":"*"},"_engineSupported":true,"_npmVersion":"1.0.105","_nodeVersion":"v0.6.1","_defaultsLoaded":true,"dist":{"shasum":"91cc66c2294c5ca05ad5415e12941769a29241af","tarball":"https://registry.npmjs.org/gherkin/-/gherkin-2.7.1.tgz"},"maintainers":[{"name":"aslakhellesoy","email":"aslak.hellesoy@gmail.com"}]},"2.7.2":{"name":"gherkin","description":"A fast Gherkin lexer/parser based on the Ragel State Machine Compiler.","keywords":["testing","bdd","cucumber","gherkin","tests"],"version":"2.7.2","homepage":"http://github.com/cucumber/gherkin","author":{"name":"Aslak Hellesøy","email":"aslak.hellesoy@gmail.com"},"contributors":[{"name":"Aslak Hellesøy","email":"aslak.hellesoy@gmail.com"}],"repository":{"type":"git","url":"git://github.com/cucumber/gherkin.git"},"bugs":{"email":"cukes@googlegroups.com","url":"http://github.com/cucumber/gherkin/issues"},"directories":{"lib":"./lib"},"main":"./lib/gherkin","licenses":[{"type":"MIT","url":"http://github.com/cucumber/gherkin/raw/master/LICENSE"}],"devDependencies":{"uglify-js":"1.1.1"},"_npmUser":{"name":"aslakhellesoy","email":"aslak.hellesoy@gmail.com"},"_id":"gherkin@2.7.2","dependencies":{},"engines":{"node":"*"},"_engineSupported":true,"_npmVersion":"1.0.105","_nodeVersion":"v0.6.1","_defaultsLoaded":true,"dist":{"shasum":"435abfcb9c7bf725b7cf3e42ad22cd966f14828a","tarball":"https://registry.npmjs.org/gherkin/-/gherkin-2.7.2.tgz"},"maintainers":[{"name":"aslakhellesoy","email":"aslak.hellesoy@gmail.com"}]},"2.7.3":{"name":"gherkin","description":"A fast Gherkin lexer/parser based on the Ragel State Machine Compiler.","keywords":["testing","bdd","cucumber","gherkin","tests"],"version":"2.7.3","homepage":"http://github.com/cucumber/gherkin","author":{"name":"Aslak Hellesøy","email":"aslak.hellesoy@gmail.com"},"contributors":[{"name":"Aslak Hellesøy","email":"aslak.hellesoy@gmail.com"}],"repository":{"type":"git","url":"git://github.com/cucumber/gherkin.git"},"bugs":{"email":"cukes@googlegroups.com","url":"http://github.com/cucumber/gherkin/issues"},"directories":{"lib":"./lib"},"main":"./lib/gherkin","licenses":[{"type":"MIT","url":"http://github.com/cucumber/gherkin/raw/master/LICENSE"}],"devDependencies":{"uglify-js":"1.1.1"},"_npmUser":{"name":"aslakhellesoy","email":"aslak.hellesoy@gmail.com"},"_id":"gherkin@2.7.3","dependencies":{},"engines":{"node":"*"},"_engineSupported":true,"_npmVersion":"1.0.105","_nodeVersion":"v0.6.1","_defaultsLoaded":true,"dist":{"shasum":"7145b3ce37b9da1d769dfd145a0e30be38b2f924","tarball":"https://registry.npmjs.org/gherkin/-/gherkin-2.7.3.tgz"},"maintainers":[{"name":"aslakhellesoy","email":"aslak.hellesoy@gmail.com"}]},"2.7.4":{"name":"gherkin","description":"A fast Gherkin lexer/parser based on the Ragel State Machine Compiler.","keywords":["testing","bdd","cucumber","gherkin","tests"],"version":"2.7.4","homepage":"http://github.com/cucumber/gherkin","author":{"name":"Aslak Hellesøy","email":"aslak.hellesoy@gmail.com"},"contributors":[{"name":"Aslak Hellesøy","email":"aslak.hellesoy@gmail.com"}],"repository":{"type":"git","url":"git://github.com/cucumber/gherkin.git"},"bugs":{"email":"cukes@googlegroups.com","url":"http://github.com/cucumber/gherkin/issues"},"directories":{"lib":"./lib"},"main":"./lib/gherkin","licenses":[{"type":"MIT","url":"http://github.com/cucumber/gherkin/raw/master/LICENSE"}],"devDependencies":{"uglify-js":"1.1.1"},"_npmUser":{"name":"aslakhellesoy","email":"aslak.hellesoy@gmail.com"},"_id":"gherkin@2.7.4","dependencies":{},"engines":{"node":"*"},"_engineSupported":true,"_npmVersion":"1.0.105","_nodeVersion":"v0.6.1","_defaultsLoaded":true,"dist":{"shasum":"c6538a7d7c741b648b18e2476b1ee3cd4561eb32","tarball":"https://registry.npmjs.org/gherkin/-/gherkin-2.7.4.tgz"},"maintainers":[{"name":"aslakhellesoy","email":"aslak.hellesoy@gmail.com"}]},"2.7.5":{"name":"gherkin","description":"A fast Gherkin lexer/parser based on the Ragel State Machine Compiler.","keywords":["testing","bdd","cucumber","gherkin","tests"],"version":"2.7.5","homepage":"http://github.com/cucumber/gherkin","author":{"name":"Aslak Hellesøy","email":"aslak.hellesoy@gmail.com"},"contributors":[{"name":"Aslak Hellesøy","email":"aslak.hellesoy@gmail.com"}],"repository":{"type":"git","url":"git://github.com/cucumber/gherkin.git"},"bugs":{"email":"cukes@googlegroups.com","url":"http://github.com/cucumber/gherkin/issues"},"directories":{"lib":"./lib"},"main":"./lib/gherkin","licenses":[{"type":"MIT","url":"http://github.com/cucumber/gherkin/raw/master/LICENSE"}],"devDependencies":{"uglify-js":"1.1.1"},"_npmUser":{"name":"aslakhellesoy","email":"aslak.hellesoy@gmail.com"},"_id":"gherkin@2.7.5","dependencies":{},"engines":{"node":"*"},"_engineSupported":true,"_npmVersion":"1.0.105","_nodeVersion":"v0.6.1","_defaultsLoaded":true,"dist":{"shasum":"68e41ea9e06a12307b20d770fb0228202e285c8e","tarball":"https://registry.npmjs.org/gherkin/-/gherkin-2.7.5.tgz"},"maintainers":[{"name":"aslakhellesoy","email":"aslak.hellesoy@gmail.com"}]},"2.7.6":{"name":"gherkin","description":"A fast Gherkin lexer/parser based on the Ragel State Machine Compiler.","keywords":["testing","bdd","cucumber","gherkin","tests"],"version":"2.7.6","homepage":"http://github.com/cucumber/gherkin","author":{"name":"Aslak Hellesøy","email":"aslak.hellesoy@gmail.com"},"contributors":[{"name":"Aslak Hellesøy","email":"aslak.hellesoy@gmail.com"}],"repository":{"type":"git","url":"git://github.com/cucumber/gherkin.git"},"bugs":{"email":"cukes@googlegroups.com","url":"http://github.com/cucumber/gherkin/issues"},"directories":{"lib":"./lib"},"main":"./lib/gherkin","licenses":[{"type":"MIT","url":"http://github.com/cucumber/gherkin/raw/master/LICENSE"}],"devDependencies":{"uglify-js":"1.1.1"},"_npmUser":{"name":"aslakhellesoy","email":"aslak.hellesoy@gmail.com"},"_id":"gherkin@2.7.6","dependencies":{},"engines":{"node":"*"},"_engineSupported":true,"_npmVersion":"1.0.105","_nodeVersion":"v0.6.1","_defaultsLoaded":true,"dist":{"shasum":"d0b16694b9b389f7c1fc82e61a0ffb77f6f25e5a","tarball":"https://registry.npmjs.org/gherkin/-/gherkin-2.7.6.tgz"},"maintainers":[{"name":"aslakhellesoy","email":"aslak.hellesoy@gmail.com"}]},"2.7.7":{"name":"gherkin","description":"A fast Gherkin lexer/parser based on the Ragel State Machine Compiler.","keywords":["testing","bdd","cucumber","gherkin","tests"],"version":"2.7.7","homepage":"http://github.com/cucumber/gherkin","author":{"name":"Aslak Hellesøy","email":"aslak.hellesoy@gmail.com"},"contributors":[{"name":"Aslak Hellesøy","email":"aslak.hellesoy@gmail.com"}],"repository":{"type":"git","url":"git://github.com/cucumber/gherkin.git"},"bugs":{"email":"cukes@googlegroups.com","url":"http://github.com/cucumber/gherkin/issues"},"directories":{"lib":"./lib"},"main":"./lib/gherkin","licenses":[{"type":"MIT","url":"http://github.com/cucumber/gherkin/raw/master/LICENSE"}],"devDependencies":{"uglify-js":"1.1.1"},"_npmUser":{"name":"aslakhellesoy","email":"aslak.hellesoy@gmail.com"},"_id":"gherkin@2.7.7","dependencies":{},"engines":{"node":"*"},"_engineSupported":true,"_npmVersion":"1.0.105","_nodeVersion":"v0.6.1","_defaultsLoaded":true,"dist":{"shasum":"4d2ecfa903fb4994e4813e3d864812429193c9af","tarball":"https://registry.npmjs.org/gherkin/-/gherkin-2.7.7.tgz"},"maintainers":[{"name":"aslakhellesoy","email":"aslak.hellesoy@gmail.com"}]},"2.8.0":{"name":"gherkin","description":"A fast Gherkin lexer/parser based on the Ragel State Machine Compiler.","keywords":["testing","bdd","cucumber","gherkin","tests"],"version":"2.8.0","homepage":"http://github.com/cucumber/gherkin","author":{"name":"Aslak Hellesøy","email":"aslak.hellesoy@gmail.com"},"contributors":[{"name":"Aslak Hellesøy","email":"aslak.hellesoy@gmail.com"}],"repository":{"type":"git","url":"git://github.com/cucumber/gherkin.git"},"bugs":{"email":"cukes@googlegroups.com","url":"http://github.com/cucumber/gherkin/issues"},"directories":{"lib":"./lib"},"main":"./lib/gherkin","licenses":[{"type":"MIT","url":"http://github.com/cucumber/gherkin/raw/master/LICENSE"}],"devDependencies":{"uglify-js":"1.1.1"},"_npmUser":{"name":"aslakhellesoy","email":"aslak.hellesoy@gmail.com"},"_id":"gherkin@2.8.0","dependencies":{},"optionalDependencies":{},"engines":{"node":"*"},"_engineSupported":true,"_npmVersion":"1.1.0-3","_nodeVersion":"v0.6.10","_defaultsLoaded":true,"dist":{"shasum":"46333de7b4ba3650dcd4599bbe5eb4e50db20576","tarball":"https://registry.npmjs.org/gherkin/-/gherkin-2.8.0.tgz"},"maintainers":[{"name":"aslakhellesoy","email":"aslak.hellesoy@gmail.com"}]},"2.9.0":{"name":"gherkin","description":"A fast Gherkin lexer/parser based on the Ragel State Machine Compiler.","keywords":["testing","bdd","cucumber","gherkin","tests"],"version":"2.9.0","homepage":"http://github.com/cucumber/gherkin","author":{"name":"Aslak Hellesøy","email":"aslak.hellesoy@gmail.com"},"contributors":[{"name":"Aslak Hellesøy","email":"aslak.hellesoy@gmail.com"}],"repository":{"type":"git","url":"git://github.com/cucumber/gherkin.git"},"bugs":{"email":"cukes@googlegroups.com","url":"http://github.com/cucumber/gherkin/issues"},"directories":{"lib":"./lib"},"main":"./lib/gherkin","licenses":[{"type":"MIT","url":"http://github.com/cucumber/gherkin/raw/master/LICENSE"}],"devDependencies":{"uglify-js":"1.1.1"},"_npmUser":{"name":"aslakhellesoy","email":"aslak.hellesoy@gmail.com"},"_id":"gherkin@2.9.0","dependencies":{},"optionalDependencies":{},"engines":{"node":"*"},"_engineSupported":true,"_npmVersion":"1.1.0-3","_nodeVersion":"v0.6.10","_defaultsLoaded":true,"dist":{"shasum":"7bd7ba3533e388dec124fa06e40db6a7197d936d","tarball":"https://registry.npmjs.org/gherkin/-/gherkin-2.9.0.tgz"},"maintainers":[{"name":"aslakhellesoy","email":"aslak.hellesoy@gmail.com"}]},"2.9.1":{"name":"gherkin","description":"A fast Gherkin lexer/parser based on the Ragel State Machine Compiler.","keywords":["testing","bdd","cucumber","gherkin","tests"],"version":"2.9.1","homepage":"http://github.com/cucumber/gherkin","author":{"name":"Aslak Hellesøy","email":"aslak.hellesoy@gmail.com"},"contributors":[{"name":"Aslak Hellesøy","email":"aslak.hellesoy@gmail.com"}],"repository":{"type":"git","url":"git://github.com/cucumber/gherkin.git"},"bugs":{"email":"cukes@googlegroups.com","url":"http://github.com/cucumber/gherkin/issues"},"directories":{"lib":"./lib"},"main":"./lib/gherkin","licenses":[{"type":"MIT","url":"http://github.com/cucumber/gherkin/raw/master/LICENSE"}],"devDependencies":{"uglify-js":"1.2.5"},"_npmUser":{"name":"aslakhellesoy","email":"aslak.hellesoy@gmail.com"},"_id":"gherkin@2.9.1","dependencies":{},"optionalDependencies":{},"engines":{"node":"*"},"_engineSupported":true,"_npmVersion":"1.1.9","_nodeVersion":"v0.6.12","_defaultsLoaded":true,"dist":{"shasum":"bd5f890e12ac9ee0bc8d156ab0d57900d519e6a7","tarball":"https://registry.npmjs.org/gherkin/-/gherkin-2.9.1.tgz"},"maintainers":[{"name":"aslakhellesoy","email":"aslak.hellesoy@gmail.com"}]},"2.9.2":{"name":"gherkin","description":"A fast Gherkin lexer/parser based on the Ragel State Machine Compiler.","keywords":["testing","bdd","cucumber","gherkin","tests"],"version":"2.9.2","homepage":"http://github.com/cucumber/gherkin","author":{"name":"Aslak Hellesøy","email":"aslak.hellesoy@gmail.com"},"contributors":[{"name":"Aslak Hellesøy","email":"aslak.hellesoy@gmail.com"}],"repository":{"type":"git","url":"git://github.com/cucumber/gherkin.git"},"bugs":{"email":"cukes@googlegroups.com","url":"http://github.com/cucumber/gherkin/issues"},"directories":{"lib":"./lib"},"main":"./lib/gherkin","licenses":[{"type":"MIT","url":"http://github.com/cucumber/gherkin/raw/master/LICENSE"}],"devDependencies":{"uglify-js":"1.2.5"},"_npmUser":{"name":"aslakhellesoy","email":"aslak.hellesoy@gmail.com"},"_id":"gherkin@2.9.2","dependencies":{},"optionalDependencies":{},"engines":{"node":"*"},"_engineSupported":true,"_npmVersion":"1.1.9","_nodeVersion":"v0.6.12","_defaultsLoaded":true,"dist":{"shasum":"399bb93c25e16f3ea4348db1e61d7201749e1854","tarball":"https://registry.npmjs.org/gherkin/-/gherkin-2.9.2.tgz"},"maintainers":[{"name":"aslakhellesoy","email":"aslak.hellesoy@gmail.com"}]},"2.9.3":{"name":"gherkin","description":"A fast Gherkin lexer/parser based on the Ragel State Machine Compiler.","keywords":["testing","bdd","cucumber","gherkin","tests"],"version":"2.9.3","homepage":"http://github.com/cucumber/gherkin","author":{"name":"Aslak Hellesøy","email":"aslak.hellesoy@gmail.com"},"contributors":[{"name":"Aslak Hellesøy","email":"aslak.hellesoy@gmail.com"}],"repository":{"type":"git","url":"git://github.com/cucumber/gherkin.git"},"bugs":{"email":"cukes@googlegroups.com","url":"http://github.com/cucumber/gherkin/issues"},"directories":{"lib":"./lib"},"main":"./lib/gherkin","licenses":[{"type":"MIT","url":"http://github.com/cucumber/gherkin/raw/master/LICENSE"}],"devDependencies":{"uglify-js":"1.2.5"},"_npmUser":{"name":"aslakhellesoy","email":"aslak.hellesoy@gmail.com"},"_id":"gherkin@2.9.3","dependencies":{},"optionalDependencies":{},"engines":{"node":"*"},"_engineSupported":true,"_npmVersion":"1.1.9","_nodeVersion":"v0.6.12","_defaultsLoaded":true,"dist":{"shasum":"9b1c0d66ae0f9464099d59bfa182b7ade1b49fc5","tarball":"https://registry.npmjs.org/gherkin/-/gherkin-2.9.3.tgz"},"maintainers":[{"name":"aslakhellesoy","email":"aslak.hellesoy@gmail.com"}]},"2.10.0":{"name":"gherkin","description":"A fast Gherkin lexer/parser based on the Ragel State Machine Compiler.","keywords":["testing","bdd","cucumber","gherkin","tests"],"version":"2.10.0","homepage":"http://github.com/cucumber/gherkin","author":{"name":"Aslak Hellesøy","email":"aslak.hellesoy@gmail.com"},"contributors":[{"name":"Aslak Hellesøy","email":"aslak.hellesoy@gmail.com"}],"repository":{"type":"git","url":"git://github.com/cucumber/gherkin.git"},"bugs":{"email":"cukes@googlegroups.com","url":"http://github.com/cucumber/gherkin/issues"},"directories":{"lib":"./lib"},"main":"./lib/gherkin","licenses":[{"type":"MIT","url":"http://github.com/cucumber/gherkin/raw/master/LICENSE"}],"devDependencies":{"uglify-js":"1.2.5"},"_npmUser":{"name":"aslakhellesoy","email":"aslak.hellesoy@gmail.com"},"_id":"gherkin@2.10.0","dependencies":{},"optionalDependencies":{},"engines":{"node":"*"},"_engineSupported":true,"_npmVersion":"1.1.21","_nodeVersion":"v0.6.17","_defaultsLoaded":true,"dist":{"shasum":"2c8d1b9aafc19bfb979950dd9d26c47759a2bbc3","tarball":"https://registry.npmjs.org/gherkin/-/gherkin-2.10.0.tgz"},"maintainers":[{"name":"aslakhellesoy","email":"aslak.hellesoy@gmail.com"}]},"2.11.0":{"name":"gherkin","description":"A fast Gherkin lexer/parser based on the Ragel State Machine Compiler.","keywords":["testing","bdd","cucumber","gherkin","tests"],"version":"2.11.0","homepage":"http://github.com/cucumber/gherkin","author":{"name":"Aslak Hellesøy","email":"aslak.hellesoy@gmail.com"},"contributors":[{"name":"Aslak Hellesøy","email":"aslak.hellesoy@gmail.com"}],"repository":{"type":"git","url":"git://github.com/cucumber/gherkin.git"},"bugs":{"email":"cukes@googlegroups.com","url":"http://github.com/cucumber/gherkin/issues"},"directories":{"lib":"./lib"},"main":"./lib/gherkin","licenses":[{"type":"MIT","url":"http://github.com/cucumber/gherkin/raw/master/LICENSE"}],"devDependencies":{"uglify-js":"1.2.5"},"_npmUser":{"name":"aslakhellesoy","email":"aslak.hellesoy@gmail.com"},"_id":"gherkin@2.11.0","dependencies":{},"optionalDependencies":{},"engines":{"node":"*"},"_engineSupported":true,"_npmVersion":"1.1.21","_nodeVersion":"v0.6.17","_defaultsLoaded":true,"dist":{"shasum":"8f926ebffb08b77b592762709e1b3fc7ce56e3a9","tarball":"https://registry.npmjs.org/gherkin/-/gherkin-2.11.0.tgz"},"maintainers":[{"name":"aslakhellesoy","email":"aslak.hellesoy@gmail.com"}]},"2.11.1":{"name":"gherkin","description":"A fast Gherkin lexer/parser based on the Ragel State Machine Compiler.","keywords":["testing","bdd","cucumber","gherkin","tests"],"version":"2.11.1","homepage":"http://github.com/cucumber/gherkin","author":{"name":"Aslak Hellesøy","email":"aslak.hellesoy@gmail.com"},"contributors":[{"name":"Aslak Hellesøy","email":"aslak.hellesoy@gmail.com"}],"repository":{"type":"git","url":"git://github.com/cucumber/gherkin.git"},"bugs":{"email":"cukes@googlegroups.com","url":"http://github.com/cucumber/gherkin/issues"},"directories":{"lib":"./lib"},"main":"./lib/gherkin","licenses":[{"type":"MIT","url":"http://github.com/cucumber/gherkin/raw/master/LICENSE"}],"devDependencies":{"uglify-js":"1.2.5"},"_npmUser":{"name":"aslakhellesoy","email":"aslak.hellesoy@gmail.com"},"_id":"gherkin@2.11.1","dependencies":{},"optionalDependencies":{},"engines":{"node":"*"},"_engineSupported":true,"_npmVersion":"1.1.21","_nodeVersion":"v0.6.17","_defaultsLoaded":true,"dist":{"shasum":"cc239df30609b497f671f2ba8e5c8bc25139018d","tarball":"https://registry.npmjs.org/gherkin/-/gherkin-2.11.1.tgz"},"maintainers":[{"name":"aslakhellesoy","email":"aslak.hellesoy@gmail.com"}]},"2.11.2":{"name":"gherkin","description":"A fast Gherkin lexer/parser based on the Ragel State Machine Compiler.","keywords":["testing","bdd","cucumber","gherkin","tests"],"version":"2.11.2","homepage":"http://github.com/cucumber/gherkin","author":{"name":"Aslak Hellesøy","email":"aslak.hellesoy@gmail.com"},"contributors":[{"name":"Aslak Hellesøy","email":"aslak.hellesoy@gmail.com"}],"repository":{"type":"git","url":"git://github.com/cucumber/gherkin.git"},"bugs":{"email":"cukes@googlegroups.com","url":"http://github.com/cucumber/gherkin/issues"},"directories":{"lib":"./lib"},"main":"./lib/gherkin","licenses":[{"type":"MIT","url":"http://github.com/cucumber/gherkin/raw/master/LICENSE"}],"devDependencies":{"uglify-js":"1.3.3"},"_npmUser":{"name":"aslakhellesoy","email":"aslak.hellesoy@gmail.com"},"_id":"gherkin@2.11.2","dependencies":{},"optionalDependencies":{},"engines":{"node":"*"},"_engineSupported":true,"_npmVersion":"1.1.21","_nodeVersion":"v0.6.17","_defaultsLoaded":true,"dist":{"shasum":"54e13b4722e2b2a8b53651fd9acc85b649b60e17","tarball":"https://registry.npmjs.org/gherkin/-/gherkin-2.11.2.tgz"},"maintainers":[{"name":"aslakhellesoy","email":"aslak.hellesoy@gmail.com"}]},"2.11.3":{"name":"gherkin","description":"A fast Gherkin lexer/parser based on the Ragel State Machine Compiler.","keywords":["testing","bdd","cucumber","gherkin","tests"],"version":"2.11.3","homepage":"http://github.com/cucumber/gherkin","author":{"name":"Aslak Hellesøy","email":"aslak.hellesoy@gmail.com"},"contributors":[{"name":"Aslak Hellesøy","email":"aslak.hellesoy@gmail.com"}],"repository":{"type":"git","url":"git://github.com/cucumber/gherkin.git"},"bugs":{"mail":"cukes@googlegroups.com","url":"http://github.com/cucumber/gherkin/issues"},"directories":{"lib":"./lib"},"main":"./lib/gherkin","licenses":[{"type":"MIT","url":"http://github.com/cucumber/gherkin/raw/master/LICENSE"}],"devDependencies":{"uglify-js":"1.3.3"},"_id":"gherkin@2.11.3","dist":{"shasum":"55f44ed0e4c3c0a210f9baa7d9c799fabe79e907","tarball":"https://registry.npmjs.org/gherkin/-/gherkin-2.11.3.tgz"},"_npmVersion":"1.1.62","_npmUser":{"name":"aslakhellesoy","email":"aslak.hellesoy@gmail.com"},"maintainers":[{"name":"aslakhellesoy","email":"aslak.hellesoy@gmail.com"}]},"2.11.4":{"name":"gherkin","description":"A fast Gherkin lexer/parser based on the Ragel State Machine Compiler.","keywords":["testing","bdd","cucumber","gherkin","tests"],"version":"2.11.4","homepage":"http://github.com/cucumber/gherkin","author":{"name":"Aslak Hellesøy","email":"aslak.hellesoy@gmail.com"},"contributors":[{"name":"Aslak Hellesøy","email":"aslak.hellesoy@gmail.com"}],"repository":{"type":"git","url":"git://github.com/cucumber/gherkin.git"},"bugs":{"mail":"cukes@googlegroups.com","url":"http://github.com/cucumber/gherkin/issues"},"directories":{"lib":"./lib"},"main":"./lib/gherkin","licenses":[{"type":"MIT","url":"http://github.com/cucumber/gherkin/raw/master/LICENSE"}],"devDependencies":{"uglify-js":"1.3.3"},"_id":"gherkin@2.11.4","dist":{"shasum":"0556b130dc51bb3076379f182280ff7d8ffed1e9","tarball":"https://registry.npmjs.org/gherkin/-/gherkin-2.11.4.tgz"},"_npmVersion":"1.1.62","_npmUser":{"name":"aslakhellesoy","email":"aslak.hellesoy@gmail.com"},"maintainers":[{"name":"aslakhellesoy","email":"aslak.hellesoy@gmail.com"}]},"2.11.5":{"name":"gherkin","description":"A fast Gherkin lexer/parser based on the Ragel State Machine Compiler.","keywords":["testing","bdd","cucumber","gherkin","tests"],"version":"2.11.5","homepage":"http://github.com/cucumber/gherkin","author":{"name":"Aslak Hellesøy","email":"aslak.hellesoy@gmail.com"},"contributors":[{"name":"Aslak Hellesøy","email":"aslak.hellesoy@gmail.com"}],"repository":{"type":"git","url":"git://github.com/cucumber/gherkin.git"},"bugs":{"mail":"cukes@googlegroups.com","url":"http://github.com/cucumber/gherkin/issues"},"directories":{"lib":"./lib"},"main":"./lib/gherkin","licenses":[{"type":"MIT","url":"http://github.com/cucumber/gherkin/raw/master/LICENSE"}],"devDependencies":{"uglify-js":"1.3.3"},"_id":"gherkin@2.11.5","dist":{"shasum":"b699c15ea1ea6041561e93ae0add82331e73b7da","tarball":"https://registry.npmjs.org/gherkin/-/gherkin-2.11.5.tgz"},"_npmVersion":"1.1.62","_npmUser":{"name":"aslakhellesoy","email":"aslak.hellesoy@gmail.com"},"maintainers":[{"name":"aslakhellesoy","email":"aslak.hellesoy@gmail.com"}]},"2.11.6":{"name":"gherkin","description":"A fast Gherkin lexer/parser based on the Ragel State Machine Compiler.","keywords":["testing","bdd","cucumber","gherkin","tests"],"version":"2.11.6","homepage":"http://github.com/cucumber/gherkin","author":{"name":"Aslak Hellesøy","email":"aslak.hellesoy@gmail.com"},"contributors":[{"name":"Aslak Hellesøy","email":"aslak.hellesoy@gmail.com"}],"repository":{"type":"git","url":"git://github.com/cucumber/gherkin.git"},"bugs":{"mail":"cukes@googlegroups.com","url":"http://github.com/cucumber/gherkin/issues"},"directories":{"lib":"./lib"},"main":"./lib/gherkin","licenses":[{"type":"MIT","url":"http://github.com/cucumber/gherkin/raw/master/LICENSE"}],"devDependencies":{"uglify-js":"1.3.4"},"_id":"gherkin@2.11.6","dist":{"shasum":"a07bf98b0eb2e9c015cd6243b0a83c02bbaf30d4","tarball":"https://registry.npmjs.org/gherkin/-/gherkin-2.11.6.tgz"},"_npmVersion":"1.1.62","_npmUser":{"name":"aslakhellesoy","email":"aslak.hellesoy@gmail.com"},"maintainers":[{"name":"aslakhellesoy","email":"aslak.hellesoy@gmail.com"}]},"2.11.7":{"name":"gherkin","description":"A fast Gherkin lexer/parser based on the Ragel State Machine Compiler.","keywords":["testing","bdd","cucumber","gherkin","tests"],"version":"2.11.7","homepage":"http://github.com/cucumber/gherkin","author":{"name":"Aslak Hellesøy","email":"aslak.hellesoy@gmail.com"},"contributors":[{"name":"Aslak Hellesøy","email":"aslak.hellesoy@gmail.com"}],"repository":{"type":"git","url":"git://github.com/cucumber/gherkin.git"},"bugs":{"mail":"cukes@googlegroups.com","url":"http://github.com/cucumber/gherkin/issues"},"directories":{"lib":"./lib"},"main":"./lib/gherkin","licenses":[{"type":"MIT","url":"http://github.com/cucumber/gherkin/raw/master/LICENSE"}],"devDependencies":{"uglify-js":"1.3.4"},"_id":"gherkin@2.11.7","dist":{"shasum":"6c282a587d1db9612bc0407ec1a5e3a59b396451","tarball":"https://registry.npmjs.org/gherkin/-/gherkin-2.11.7.tgz"},"_from":".","_npmVersion":"1.2.14","_npmUser":{"name":"os97673","email":"os97673@gmail.com"},"maintainers":[{"name":"aslakhellesoy","email":"aslak.hellesoy@gmail.com"},{"name":"os97673","email":"os97673@gmail.com"}]},"2.11.8":{"name":"gherkin","description":"A fast Gherkin lexer/parser based on the Ragel State Machine Compiler.","keywords":["testing","bdd","cucumber","gherkin","tests"],"version":"2.11.8","homepage":"http://github.com/cucumber/gherkin","author":{"name":"Aslak Hellesøy","email":"aslak.hellesoy@gmail.com"},"contributors":[{"name":"Aslak Hellesøy","email":"aslak.hellesoy@gmail.com"}],"repository":{"type":"git","url":"git://github.com/cucumber/gherkin.git"},"bugs":{"mail":"cukes@googlegroups.com","url":"http://github.com/cucumber/gherkin/issues"},"directories":{"lib":"./lib"},"main":"./lib/gherkin","licenses":[{"type":"MIT","url":"http://github.com/cucumber/gherkin/raw/master/LICENSE"}],"devDependencies":{"uglify-js":"1.3.4"},"_id":"gherkin@2.11.8","dist":{"shasum":"b0a4f676648488262578b76d47bdf65156f5dc36","tarball":"https://registry.npmjs.org/gherkin/-/gherkin-2.11.8.tgz"},"_from":".","_npmVersion":"1.2.2","_npmUser":{"name":"aslakhellesoy","email":"aslak.hellesoy@gmail.com"},"maintainers":[{"name":"aslakhellesoy","email":"aslak.hellesoy@gmail.com"},{"name":"os97673","email":"os97673@gmail.com"}]},"2.12.0":{"name":"gherkin","description":"A fast Gherkin lexer/parser based on the Ragel State Machine Compiler.","keywords":["testing","bdd","cucumber","gherkin","tests"],"version":"2.12.0","homepage":"http://github.com/cucumber/gherkin","author":{"name":"Aslak Hellesøy","email":"aslak.hellesoy@gmail.com"},"contributors":[{"name":"Aslak Hellesøy","email":"aslak.hellesoy@gmail.com"}],"repository":{"type":"git","url":"git://github.com/cucumber/gherkin.git"},"bugs":{"mail":"cukes@googlegroups.com","url":"http://github.com/cucumber/gherkin/issues"},"directories":{"lib":"./lib"},"main":"./lib/gherkin","licenses":[{"type":"MIT","url":"http://github.com/cucumber/gherkin/raw/master/LICENSE"}],"devDependencies":{"uglify-js":"1.3.4"},"_id":"gherkin@2.12.0","dist":{"shasum":"ff942f2a9ead30fe3bdb50a29b90f5ed9ed146e6","tarball":"https://registry.npmjs.org/gherkin/-/gherkin-2.12.0.tgz"},"_from":".","_npmVersion":"1.2.14","_npmUser":{"name":"os97673","email":"os97673@gmail.com"},"maintainers":[{"name":"aslakhellesoy","email":"aslak.hellesoy@gmail.com"},{"name":"os97673","email":"os97673@gmail.com"}]},"2.12.1":{"name":"gherkin","description":"A fast Gherkin lexer/parser based on the Ragel State Machine Compiler.","keywords":["testing","bdd","cucumber","gherkin","tests"],"version":"2.12.1","homepage":"http://github.com/cucumber/gherkin","author":{"name":"Aslak Hellesøy","email":"aslak.hellesoy@gmail.com"},"contributors":[{"name":"Aslak Hellesøy","email":"aslak.hellesoy@gmail.com"}],"repository":{"type":"git","url":"git://github.com/cucumber/gherkin.git"},"bugs":{"url":"http://github.com/cucumber/gherkin/issues"},"directories":{"lib":"./lib"},"main":"./lib/gherkin","licenses":[{"type":"MIT","url":"http://github.com/cucumber/gherkin/raw/master/LICENSE"}],"devDependencies":{"uglify-js":"1.3.5"},"_id":"gherkin@2.12.1","dist":{"shasum":"5ab0825eed4ef5dc50b3982c0843c57013a6e995","tarball":"https://registry.npmjs.org/gherkin/-/gherkin-2.12.1.tgz"},"_from":".","_npmVersion":"1.3.5","_npmUser":{"name":"aslakhellesoy","email":"aslak.hellesoy@gmail.com"},"maintainers":[{"name":"aslakhellesoy","email":"aslak.hellesoy@gmail.com"},{"name":"os97673","email":"os97673@gmail.com"},{"name":"beepdog","email":"dkowis@shlrm.org"}]},"2.12.2":{"name":"gherkin","description":"A fast Gherkin lexer/parser based on the Ragel State Machine Compiler.","keywords":["testing","bdd","cucumber","gherkin","tests"],"version":"2.12.2","homepage":"http://github.com/cucumber/gherkin","author":{"name":"Aslak Hellesøy","email":"aslak.hellesoy@gmail.com"},"contributors":[{"name":"Aslak Hellesøy","email":"aslak.hellesoy@gmail.com"}],"repository":{"type":"git","url":"git://github.com/cucumber/gherkin.git"},"bugs":{"url":"http://github.com/cucumber/gherkin/issues"},"directories":{"lib":"./lib"},"main":"./lib/gherkin","licenses":[{"type":"MIT","url":"http://github.com/cucumber/gherkin/raw/master/LICENSE"}],"devDependencies":{"uglify-js":"2.4.0"},"_id":"gherkin@2.12.2","dist":{"shasum":"3c74547e466134a0ef83f614b1adfc489b70dc62","tarball":"https://registry.npmjs.org/gherkin/-/gherkin-2.12.2.tgz"},"_from":".","_npmVersion":"1.3.8","_npmUser":{"name":"aslakhellesoy","email":"aslak.hellesoy@gmail.com"},"maintainers":[{"name":"aslakhellesoy","email":"aslak.hellesoy@gmail.com"},{"name":"os97673","email":"os97673@gmail.com"},{"name":"beepdog","email":"dkowis@shlrm.org"}]},"3.0.0":{"name":"gherkin","version":"3.0.0","description":"Gherkin parser","main":"index.js","scripts":{"test":"mocha"},"repository":{"type":"git","url":"https://github.com/cucumber/gherkin3"},"keywords":["gherkin","cucumber"],"author":{"name":"Aslak Hellesøy"},"license":"MIT","bugs":{"url":"https://github.com/cucumber/gherkin3/issues"},"homepage":"https://github.com/cucumber/gherkin3","devDependencies":{"bower":"^1.4.1","browserify":"^10.2.6","mocha":"^2.2.5","mversion":"^1.10.0","uglify-js":"^2.4.23"},"dependencies":{"tea-error":"^0.1.0"},"gitHead":"8be1d96c6ca479ace6fa763a16d0fc0966dd4844","_id":"gherkin@3.0.0","_shasum":"ee5e3a4f637de98304d89bce90e33e843e3a31ff","_from":".","_npmVersion":"2.7.4","_nodeVersion":"0.12.2","_npmUser":{"name":"aslakhellesoy","email":"aslak.hellesoy@gmail.com"},"dist":{"shasum":"ee5e3a4f637de98304d89bce90e33e843e3a31ff","tarball":"https://registry.npmjs.org/gherkin/-/gherkin-3.0.0.tgz"},"maintainers":[{"name":"aslakhellesoy","email":"aslak.hellesoy@gmail.com"},{"name":"os97673","email":"os97673@gmail.com"},{"name":"beepdog","email":"dkowis@shlrm.org"}],"directories":{}},"3.1.0":{"name":"gherkin","version":"3.1.0","description":"Gherkin parser","main":"index.js","scripts":{"test":"mocha"},"repository":{"type":"git","url":"https://github.com/cucumber/gherkin-javascript"},"keywords":["gherkin","cucumber"],"author":{"name":"Aslak Hellesøy"},"license":"MIT","bugs":{"url":"https://github.com/cucumber/gherkin3/issues"},"homepage":"https://github.com/cucumber/gherkin3","devDependencies":{"bower":"^1.4.1","browserify":"^11.0.1","mocha":"^2.2.5","mversion":"^1.10.0","uglify-js":"^2.4.24"},"gitHead":"868b666f6e24080c456edafb0032eebd1cedecdc","_id":"gherkin@3.1.0","_shasum":"ccb609026696abc14fc57aeb97616b3bdf21eb65","_from":".","_npmVersion":"2.7.4","_nodeVersion":"0.12.2","_npmUser":{"name":"aslakhellesoy","email":"aslak.hellesoy@gmail.com"},"dist":{"shasum":"ccb609026696abc14fc57aeb97616b3bdf21eb65","tarball":"https://registry.npmjs.org/gherkin/-/gherkin-3.1.0.tgz"},"maintainers":[{"name":"aslakhellesoy","email":"aslak.hellesoy@gmail.com"},{"name":"os97673","email":"os97673@gmail.com"},{"name":"beepdog","email":"dkowis@shlrm.org"}],"directories":{}},"3.1.1":{"name":"gherkin","version":"3.1.1","description":"Gherkin parser","main":"index.js","scripts":{"test":"mocha"},"repository":{"type":"git","url":"https://github.com/cucumber/gherkin-javascript"},"keywords":["gherkin","cucumber"],"author":{"name":"Aslak Hellesøy"},"license":"MIT","bugs":{"url":"https://github.com/cucumber/gherkin3/issues"},"homepage":"https://github.com/cucumber/gherkin3","devDependencies":{"bower":"^1.5.2","browserify":"^11.0.1","mocha":"^2.3.0","mversion":"^1.10.1","uglify-js":"^2.4.24"},"gitHead":"a384457082f8f919ce7b3fff064aef0e961cc404","_id":"gherkin@3.1.1","_shasum":"bf4f85684ae9ce9fdeaba80f0d5637eb8eae90cc","_from":".","_npmVersion":"2.7.4","_nodeVersion":"0.12.2","_npmUser":{"name":"aslakhellesoy","email":"aslak.hellesoy@gmail.com"},"dist":{"shasum":"bf4f85684ae9ce9fdeaba80f0d5637eb8eae90cc","tarball":"https://registry.npmjs.org/gherkin/-/gherkin-3.1.1.tgz"},"maintainers":[{"name":"aslakhellesoy","email":"aslak.hellesoy@gmail.com"},{"name":"os97673","email":"os97673@gmail.com"},{"name":"beepdog","email":"dkowis@shlrm.org"}],"directories":{}},"3.1.2":{"name":"gherkin","version":"3.1.2","description":"Gherkin parser","main":"index.js","scripts":{"test":"mocha"},"repository":{"type":"git","url":"git+https://github.com/cucumber/gherkin-javascript.git"},"keywords":["gherkin","cucumber"],"author":{"name":"Aslak Hellesøy"},"license":"MIT","bugs":{"url":"https://github.com/cucumber/gherkin3/issues"},"homepage":"https://github.com/cucumber/gherkin3","devDependencies":{"bower":"^1.5.3","browserify":"^11.2.0","mocha":"^2.3.3","mversion":"^1.10.1","uglify-js":"^2.4.24"},"gitHead":"a1ac1d2861b0812792ad9fc06898a2147ad9b5c6","_id":"gherkin@3.1.2","_shasum":"dee7b3d72d564ff9afdcee815cf30d428c77244b","_from":".","_npmVersion":"2.14.2","_nodeVersion":"4.0.0","_npmUser":{"name":"aslakhellesoy","email":"aslak.hellesoy@gmail.com"},"dist":{"shasum":"dee7b3d72d564ff9afdcee815cf30d428c77244b","tarball":"https://registry.npmjs.org/gherkin/-/gherkin-3.1.2.tgz"},"maintainers":[{"name":"aslakhellesoy","email":"aslak.hellesoy@gmail.com"},{"name":"os97673","email":"os97673@gmail.com"},{"name":"beepdog","email":"dkowis@shlrm.org"}],"directories":{}},"3.2.0":{"name":"gherkin","version":"3.2.0","description":"Gherkin parser","main":"index.js","scripts":{"test":"mocha"},"repository":{"type":"git","url":"git+https://github.com/cucumber/gherkin-javascript.git"},"keywords":["gherkin","cucumber"],"author":{"name":"Aslak Hellesøy"},"license":"MIT","bugs":{"url":"https://github.com/cucumber/gherkin/issues"},"homepage":"https://github.com/cucumber/gherkin","devDependencies":{"bower":"^1.7.2","browserify":"^12.0.2","mocha":"^2.3.4","mversion":"^1.10.1","uglify-js":"^2.6.1"},"gitHead":"0c7f664b913c4604e4eac79dc98d3a39c78bdcae","_id":"gherkin@3.2.0","_shasum":"d2093db91fc99784c90149371cf1f7fc31d0d032","_from":".","_npmVersion":"3.3.12","_nodeVersion":"5.3.0","_npmUser":{"name":"aslakhellesoy","email":"aslak.hellesoy@gmail.com"},"dist":{"shasum":"d2093db91fc99784c90149371cf1f7fc31d0d032","tarball":"https://registry.npmjs.org/gherkin/-/gherkin-3.2.0.tgz"},"maintainers":[{"name":"aslakhellesoy","email":"aslak.hellesoy@gmail.com"},{"name":"os97673","email":"os97673@gmail.com"},{"name":"beepdog","email":"dkowis@shlrm.org"}],"directories":{}},"4.0.0":{"name":"gherkin","version":"4.0.0","description":"Gherkin parser","main":"index.js","scripts":{"test":"mocha"},"repository":{"type":"git","url":"git+https://github.com/cucumber/gherkin-javascript.git"},"keywords":["gherkin","cucumber"],"author":{"name":"Aslak Hellesøy"},"license":"MIT","bugs":{"url":"https://github.com/cucumber/gherkin/issues"},"homepage":"https://github.com/cucumber/gherkin","devDependencies":{"browserify":"^13.0.0","mocha":"^2.3.4","uglify-js":"^2.6.1"},"gitHead":"2d574f1e97d953a4218f10bee74510bff5f838a1","_id":"gherkin@4.0.0","_shasum":"79dce04d1223ea43b4862a76be5ce8f89c12c32c","_from":".","_npmVersion":"3.8.3","_nodeVersion":"5.10.1","_npmUser":{"name":"aslakhellesoy","email":"aslak.hellesoy@gmail.com"},"dist":{"shasum":"79dce04d1223ea43b4862a76be5ce8f89c12c32c","tarball":"https://registry.npmjs.org/gherkin/-/gherkin-4.0.0.tgz"},"maintainers":[{"name":"aslakhellesoy","email":"aslak.hellesoy@gmail.com"},{"name":"os97673","email":"os97673@gmail.com"},{"name":"beepdog","email":"dkowis@shlrm.org"}],"_npmOperationalInternal":{"host":"packages-12-west.internal.npmjs.com","tmp":"tmp/gherkin-4.0.0.tgz_1460277126408_0.9906025682576001"},"directories":{}},"4.1.0":{"name":"gherkin","version":"4.1.0","description":"Gherkin parser","main":"index.js","scripts":{"test":"mocha"},"repository":{"type":"git","url":"git+https://github.com/cucumber/gherkin-javascript.git"},"keywords":["gherkin","cucumber"],"author":{"name":"Aslak Hellesøy"},"license":"MIT","bugs":{"url":"https://github.com/cucumber/gherkin/issues"},"homepage":"https://github.com/cucumber/gherkin","devDependencies":{"browserify":"^14.1.0","mocha":"^3.0.2","uglify-js":"^2.7.3"},"gitHead":"bed8db206bc368a06c5939febf5c481ceb8a5c65","_id":"gherkin@4.1.0","_shasum":"da7dff8ba3a1f9950a94d9305bc2b612ecda24e4","_from":".","_npmVersion":"4.1.2","_nodeVersion":"7.7.3","_npmUser":{"name":"aslakhellesoy","email":"aslak.hellesoy@gmail.com"},"dist":{"shasum":"da7dff8ba3a1f9950a94d9305bc2b612ecda24e4","tarball":"https://registry.npmjs.org/gherkin/-/gherkin-4.1.0.tgz"},"maintainers":[{"name":"aslakhellesoy","email":"aslak.hellesoy@gmail.com"},{"name":"os97673","email":"os97673@gmail.com"},{"name":"beepdog","email":"dkowis@shlrm.org"}],"_npmOperationalInternal":{"host":"packages-18-east.internal.npmjs.com","tmp":"tmp/gherkin-4.1.0.tgz_1489678015506_0.346279384335503"},"directories":{}},"4.1.1":{"name":"gherkin","version":"4.1.1","description":"Gherkin parser","main":"index.js","bin":{"gherkin-javascript":"bin/gherkin"},"scripts":{"test":"mocha"},"repository":{"type":"git","url":"git+https://github.com/cucumber/gherkin-javascript.git"},"keywords":["gherkin","cucumber"],"author":{"name":"Aslak Hellesøy"},"license":"MIT","bugs":{"url":"https://github.com/cucumber/gherkin/issues"},"homepage":"https://github.com/cucumber/gherkin","devDependencies":{"browserify":"^14.1.0","mocha":"^3.0.2","uglify-js":"^2.7.3"},"gitHead":"3bc33b875dc646552135d064ea884031ed736213","_id":"gherkin@4.1.1","_shasum":"f2d1b88c1b92fe1c04275c66c21be8a9d85cfa44","_from":".","_npmVersion":"4.1.2","_nodeVersion":"7.7.3","_npmUser":{"name":"aslakhellesoy","email":"aslak.hellesoy@gmail.com"},"dist":{"shasum":"f2d1b88c1b92fe1c04275c66c21be8a9d85cfa44","tarball":"https://registry.npmjs.org/gherkin/-/gherkin-4.1.1.tgz"},"maintainers":[{"name":"aslakhellesoy","email":"aslak.hellesoy@gmail.com"},{"name":"os97673","email":"os97673@gmail.com"},{"name":"beepdog","email":"dkowis@shlrm.org"}],"_npmOperationalInternal":{"host":"packages-12-west.internal.npmjs.com","tmp":"tmp/gherkin-4.1.1.tgz_1489709682224_0.1627778490073979"},"directories":{}}},"maintainers":[{"name":"aslakhellesoy","email":"aslak.hellesoy@gmail.com"},{"name":"os97673","email":"os97673@gmail.com"},{"name":"beepdog","email":"dkowis@shlrm.org"}],"time":{"modified":"2017-03-17T00:14:44.766Z","created":"2011-04-19T05:14:25.302Z","2.3.4":"2011-04-19T05:14:25.921Z","2.3.6":"2011-04-19T23:36:55.236Z","2.3.7":"2011-05-02T14:10:45.742Z","2.3.8":"2011-05-16T22:12:06.053Z","2.3.9":"2011-05-23T22:15:12.230Z","2.3.10":"2011-05-30T18:48:21.079Z","2.4.0":"2011-06-05T20:18:45.805Z","2.4.1":"2011-06-19T23:12:46.512Z","2.4.2":"2011-07-08T06:52:56.144Z","2.4.3":"2011-07-09T21:16:37.763Z","2.4.4":"2011-07-10T02:11:28.235Z","2.4.5":"2011-07-10T02:28:01.337Z","2.4.6":"2011-08-07T11:30:20.557Z","2.4.7":"2011-08-17T00:39:06.525Z","2.4.8":"2011-08-17T01:11:10.375Z","2.4.9":"2011-08-17T10:09:49.816Z","2.4.10":"2011-08-17T10:34:27.393Z","2.4.11":"2011-08-17T10:51:52.737Z","2.4.13":"2011-08-20T12:33:49.312Z","2.4.14":"2011-08-20T15:11:30.974Z","2.4.15":"2011-08-23T21:59:56.482Z","2.4.16":"2011-08-25T21:00:03.915Z","2.4.17":"2011-09-04T21:31:53.902Z","2.4.18":"2011-09-05T07:57:16.016Z","2.4.19":"2011-09-16T22:29:25.688Z","2.4.20":"2011-09-16T22:41:08.787Z","2.4.21":"2011-09-16T23:30:08.009Z","2.5.0":"2011-09-22T19:37:47.330Z","2.5.1":"2011-09-23T19:23:27.347Z","2.5.2":"2011-10-13T15:13:39.671Z","2.5.3":"2011-10-18T18:21:25.679Z","2.5.4":"2011-10-20T07:44:29.238Z","2.6.0":"2011-10-30T22:24:02.181Z","2.6.1":"2011-10-30T23:29:25.749Z","2.6.2":"2011-10-31T23:11:50.839Z","2.6.3":"2011-11-11T15:16:57.848Z","2.6.4":"2011-11-12T15:27:22.282Z","2.6.5":"2011-11-15T18:59:50.286Z","2.6.6":"2011-11-19T10:03:41.977Z","2.6.7":"2011-11-22T09:45:10.066Z","2.6.8":"2011-11-23T22:11:10.165Z","2.6.9":"2011-12-03T21:45:50.150Z","2.7.1":"2011-12-10T16:40:50.666Z","2.7.2":"2012-01-05T00:05:33.820Z","2.7.3":"2012-01-12T15:16:43.337Z","2.7.4":"2012-01-20T22:35:26.509Z","2.7.5":"2012-01-25T13:55:24.123Z","2.7.6":"2012-01-25T14:40:15.368Z","2.7.7":"2012-02-08T08:46:20.232Z","2.8.0":"2012-02-18T02:07:54.067Z","2.9.0":"2012-02-20T01:02:34.298Z","2.9.1":"2012-03-16T22:37:01.602Z","2.9.2":"2012-03-26T21:14:19.359Z","2.9.3":"2012-03-26T21:39:42.667Z","2.10.0":"2012-05-07T20:12:32.079Z","2.11.0":"2012-06-08T00:12:41.677Z","2.11.1":"2012-06-23T09:15:00.153Z","2.11.2":"2012-08-17T23:35:51.400Z","2.11.3":"2012-10-08T11:18:30.579Z","2.11.4":"2012-10-09T01:01:13.694Z","2.11.5":"2012-10-14T18:26:40.948Z","2.11.6":"2013-01-29T23:54:43.429Z","2.11.7":"2013-04-05T20:20:08.415Z","2.11.8":"2013-04-09T20:02:32.898Z","2.12.0":"2013-04-21T08:54:51.262Z","2.12.1":"2013-08-10T23:28:50.658Z","2.12.2":"2013-10-12T15:56:05.965Z","3.0.0":"2015-07-16T22:47:58.162Z","3.1.0":"2015-08-16T15:17:39.107Z","3.1.1":"2015-09-03T09:44:07.988Z","3.1.2":"2015-10-03T23:40:18.633Z","3.2.0":"2016-01-12T16:09:47.398Z","4.0.0":"2016-04-10T08:32:08.723Z","4.1.0":"2017-03-16T15:26:56.220Z","4.1.1":"2017-03-17T00:14:44.766Z"},"author":{"name":"Aslak Hellesøy"},"repository":{"type":"git","url":"git+https://github.com/cucumber/gherkin-javascript.git"},"readme":"[![Build Status](https://secure.travis-ci.org/cucumber/gherkin-javascript.svg)](http://travis-ci.org/cucumber/gherkin-javascript)\n\nGherkin parser/compiler for JavaScript. Please see [Gherkin](https://github.com/cucumber/gherkin) for details.\n","homepage":"https://github.com/cucumber/gherkin","keywords":["gherkin","cucumber"],"bugs":{"url":"https://github.com/cucumber/gherkin/issues"},"license":"MIT","readmeFilename":"README.md","users":{"danielpacak":true},"_attachments":{},"_etag":"W/\"58cb2a74-16318\"","_lastModified":"Fri, 17 Mar 2017 00:14:44 GMT"}