{"_id":"react-dom","_rev":"190-806308d7128a8431f592bed534ccae6b","name":"react-dom","description":"React package for working with the DOM.","dist-tags":{"latest":"15.4.2","next":"16.0.0-alpha.4"},"versions":{"0.1.0":{"name":"react-dom","version":"0.1.0","description":"DOM is a `React.DOM` wrapper with — subjectively — more sanity and awesome helpers","author":{"name":"Etienne Lemay","email":"etienne@heliom.ca"},"repository":{"type":"git","url":"https://github.com/EtienneLem/react-dom.git"},"homepage":"https://github.com/EtienneLem/react-dom","bugs":{"url":"https://github.com/EtienneLem/react-dom/issues"},"license":"MIT","keywords":["react","dom"],"main":"react-dom.js","devDependencies":{"jasmine-node":"2.0.0-beta4","react":"0.10.0","uglify-js":"2.4.13","colors":"0.6.2"},"scripts":{"test":"jasmine-node ./spec"},"_id":"react-dom@0.1.0","dist":{"shasum":"6c821d418caed4f8ed39424cf0fad36f03fb35c4","tarball":"https://registry.npmjs.org/react-dom/-/react-dom-0.1.0.tgz"},"_from":".","_npmVersion":"1.4.3","_npmUser":{"name":"EtienneLem","email":"etienne@heliom.ca"},"maintainers":[{"name":"EtienneLem","email":"etienne@heliom.ca"}],"deprecated":"The old react-dom package has been deprecated. Until React v0.14 is officially released, please installed react-dom with npm install react-dom@latest.","directories":{}},"0.14.0-beta1":{"name":"react-dom","version":"0.14.0-beta1","description":"React package for working with the DOM.","main":"index.js","repository":{"type":"git","url":"git+https://github.com/facebook/react.git"},"keywords":["react"],"license":"BSD-3-Clause","bugs":{"url":"https://github.com/facebook/react/issues"},"homepage":"https://github.com/facebook/react/tree/master/npm-react-dom","dependencies":{"react":"^0.14.0-beta1"},"scripts":{"start":"node server.js"},"_id":"react-dom@0.14.0-beta1","_shasum":"a008dd5eeb41c60a11e77738eb43c00d7ff390b8","_resolved":"file:build/packages/react-dom.tgz","_from":"build/packages/react-dom.tgz","_npmVersion":"2.2.0","_nodeVersion":"0.10.35","_npmUser":{"name":"spicyj","email":"ben@benalpert.com"},"maintainers":[{"name":"spicyj","email":"ben@benalpert.com"},{"name":"zpao","email":"paul@oshannessy.com"}],"dist":{"shasum":"a008dd5eeb41c60a11e77738eb43c00d7ff390b8","tarball":"https://registry.npmjs.org/react-dom/-/react-dom-0.14.0-beta1.tgz"},"directories":{}},"0.14.0-beta2":{"name":"react-dom","version":"0.14.0-beta2","description":"React package for working with the DOM.","main":"index.js","repository":{"type":"git","url":"git+https://github.com/facebook/react.git"},"keywords":["react"],"license":"BSD-3-Clause","bugs":{"url":"https://github.com/facebook/react/issues"},"homepage":"https://github.com/facebook/react/tree/master/npm-react-dom","dependencies":{"fbjs":"0.1.0-alpha.4","react":"^0.14.0-beta2"},"scripts":{"start":"node server.js"},"_id":"react-dom@0.14.0-beta2","_shasum":"6376465678604bf925158ce0068c5f5524f00d21","_resolved":"file:build/packages/react-dom.tgz","_from":"build/packages/react-dom.tgz","_npmVersion":"2.13.2","_nodeVersion":"0.10.40","_npmUser":{"name":"zpao","email":"paul@oshannessy.com"},"maintainers":[{"name":"spicyj","email":"ben@benalpert.com"},{"name":"zpao","email":"paul@oshannessy.com"}],"dist":{"shasum":"6376465678604bf925158ce0068c5f5524f00d21","tarball":"https://registry.npmjs.org/react-dom/-/react-dom-0.14.0-beta2.tgz"},"directories":{}},"0.14.0-beta3":{"name":"react-dom","version":"0.14.0-beta3","description":"React package for working with the DOM.","main":"index.js","repository":{"type":"git","url":"git+https://github.com/facebook/react.git"},"keywords":["react"],"license":"BSD-3-Clause","bugs":{"url":"https://github.com/facebook/react/issues"},"homepage":"https://github.com/facebook/react/tree/master/npm-react-dom","dependencies":{"fbjs":"0.1.0-alpha.4","react":"^0.14.0-beta3"},"scripts":{"start":"node server.js"},"_id":"react-dom@0.14.0-beta3","_shasum":"548dd048f39c71f1092ed942eb119ba37bf1b7e3","_resolved":"file:build/packages/react-dom.tgz","_from":"build/packages/react-dom.tgz","_npmVersion":"2.13.2","_nodeVersion":"0.10.40","_npmUser":{"name":"zpao","email":"paul@oshannessy.com"},"maintainers":[{"name":"spicyj","email":"ben@benalpert.com"},{"name":"zpao","email":"paul@oshannessy.com"}],"dist":{"shasum":"548dd048f39c71f1092ed942eb119ba37bf1b7e3","tarball":"https://registry.npmjs.org/react-dom/-/react-dom-0.14.0-beta3.tgz"},"directories":{}},"0.14.0-rc1":{"name":"react-dom","version":"0.14.0-rc1","description":"React package for working with the DOM.","main":"index.js","repository":{"type":"git","url":"git+https://github.com/facebook/react.git"},"keywords":["react"],"license":"BSD-3-Clause","bugs":{"url":"https://github.com/facebook/react/issues"},"homepage":"https://github.com/facebook/react/tree/master/npm-react-dom","dependencies":{"react":"^0.14.0-rc1"},"scripts":{"start":"node server.js"},"_id":"react-dom@0.14.0-rc1","_shasum":"84a71d326d9326951bf562cdbea75330bd9be638","_resolved":"file:build/packages/react-dom.tgz","_from":"build/packages/react-dom.tgz","_npmVersion":"2.2.0","_nodeVersion":"0.10.35","_npmUser":{"name":"spicyj","email":"ben@benalpert.com"},"maintainers":[{"name":"spicyj","email":"ben@benalpert.com"},{"name":"zpao","email":"paul@oshannessy.com"}],"dist":{"shasum":"84a71d326d9326951bf562cdbea75330bd9be638","tarball":"https://registry.npmjs.org/react-dom/-/react-dom-0.14.0-rc1.tgz"},"directories":{}},"0.14.0":{"name":"react-dom","version":"0.14.0","description":"React package for working with the DOM.","main":"index.js","repository":{"type":"git","url":"git+https://github.com/facebook/react.git"},"keywords":["react"],"license":"BSD-3-Clause","bugs":{"url":"https://github.com/facebook/react/issues"},"homepage":"https://github.com/facebook/react/tree/master/npm-react-dom","dependencies":{"react":"^0.14.0"},"scripts":{"start":"node server.js"},"_id":"react-dom@0.14.0","_shasum":"fc2e792ab27d88db009a76ecbcfd5611368a849e","_resolved":"file:build/packages/react-dom.tgz","_from":"build/packages/react-dom.tgz","_npmVersion":"2.14.3","_nodeVersion":"4.1.0","_npmUser":{"name":"zpao","email":"paul@oshannessy.com"},"maintainers":[{"name":"spicyj","email":"ben@benalpert.com"},{"name":"zpao","email":"paul@oshannessy.com"}],"dist":{"shasum":"fc2e792ab27d88db009a76ecbcfd5611368a849e","tarball":"https://registry.npmjs.org/react-dom/-/react-dom-0.14.0.tgz"},"directories":{}},"0.14.1":{"name":"react-dom","version":"0.14.1","description":"React package for working with the DOM.","main":"index.js","repository":{"type":"git","url":"git+https://github.com/facebook/react.git"},"keywords":["react"],"license":"BSD-3-Clause","bugs":{"url":"https://github.com/facebook/react/issues"},"homepage":"https://github.com/facebook/react/tree/master/npm-react-dom","dependencies":{"react":"^0.14.1"},"scripts":{"start":"node server.js"},"_id":"react-dom@0.14.1","_shasum":"9c2e416d9703cd8dcdbae41f76caa3b0eb3ad664","_resolved":"file:build/packages/react-dom.tgz","_from":"build/packages/react-dom.tgz","_npmVersion":"2.14.8","_nodeVersion":"4.2.0","_npmUser":{"name":"zpao","email":"paul@oshannessy.com"},"maintainers":[{"name":"spicyj","email":"ben@benalpert.com"},{"name":"zpao","email":"paul@oshannessy.com"}],"dist":{"shasum":"9c2e416d9703cd8dcdbae41f76caa3b0eb3ad664","tarball":"https://registry.npmjs.org/react-dom/-/react-dom-0.14.1.tgz"},"directories":{}},"0.14.2":{"name":"react-dom","version":"0.14.2","description":"React package for working with the DOM.","main":"index.js","repository":{"type":"git","url":"git+https://github.com/facebook/react.git"},"keywords":["react"],"license":"BSD-3-Clause","bugs":{"url":"https://github.com/facebook/react/issues"},"homepage":"https://github.com/facebook/react/tree/master/npm-react-dom","peerDependencies":{"react":"^0.14.2"},"scripts":{"start":"node server.js"},"_id":"react-dom@0.14.2","_shasum":"ba979850dca2513f99cf9fb3fb574ad9de3dab84","_resolved":"file:build/packages/react-dom.tgz","_from":"build/packages/react-dom.tgz","_npmVersion":"2.14.9","_nodeVersion":"4.2.0","_npmUser":{"name":"zpao","email":"paul@oshannessy.com"},"maintainers":[{"name":"spicyj","email":"ben@benalpert.com"},{"name":"zpao","email":"paul@oshannessy.com"}],"dist":{"shasum":"ba979850dca2513f99cf9fb3fb574ad9de3dab84","tarball":"https://registry.npmjs.org/react-dom/-/react-dom-0.14.2.tgz"},"directories":{}},"0.14.3":{"name":"react-dom","version":"0.14.3","description":"React package for working with the DOM.","main":"index.js","repository":{"type":"git","url":"git+https://github.com/facebook/react.git"},"keywords":["react"],"license":"BSD-3-Clause","bugs":{"url":"https://github.com/facebook/react/issues"},"homepage":"https://github.com/facebook/react/tree/master/npm-react-dom","peerDependencies":{"react":"^0.14.3"},"scripts":{"start":"node server.js"},"_id":"react-dom@0.14.3","_shasum":"b3f0aeeed1a433b20c5458e34439a51916818628","_resolved":"file:build/packages/react-dom.tgz","_from":"build/packages/react-dom.tgz","_npmVersion":"2.14.7","_nodeVersion":"4.2.2","_npmUser":{"name":"zpao","email":"paul@oshannessy.com"},"maintainers":[{"name":"spicyj","email":"ben@benalpert.com"},{"name":"zpao","email":"paul@oshannessy.com"}],"dist":{"shasum":"b3f0aeeed1a433b20c5458e34439a51916818628","tarball":"https://registry.npmjs.org/react-dom/-/react-dom-0.14.3.tgz"},"directories":{}},"0.14.4":{"name":"react-dom","version":"0.14.4","description":"React package for working with the DOM.","main":"index.js","repository":{"type":"git","url":"git+https://github.com/facebook/react.git"},"keywords":["react"],"license":"BSD-3-Clause","bugs":{"url":"https://github.com/facebook/react/issues"},"homepage":"https://github.com/facebook/react/tree/master/npm-react-dom","peerDependencies":{"react":"^0.14.4"},"scripts":{"start":"node server.js"},"_id":"react-dom@0.14.4","_shasum":"d0064c711fbc90c744385fd6fba045c62ed93c9d","_resolved":"file:build/packages/react-dom.tgz","_from":"build/packages/react-dom.tgz","_npmVersion":"2.14.4","_nodeVersion":"4.1.0","_npmUser":{"name":"spicyj","email":"ben@benalpert.com"},"maintainers":[{"name":"spicyj","email":"ben@benalpert.com"},{"name":"zpao","email":"paul@oshannessy.com"}],"dist":{"shasum":"d0064c711fbc90c744385fd6fba045c62ed93c9d","tarball":"https://registry.npmjs.org/react-dom/-/react-dom-0.14.4.tgz"},"directories":{}},"0.14.5":{"name":"react-dom","version":"0.14.5","description":"React package for working with the DOM.","main":"index.js","repository":{"type":"git","url":"git+https://github.com/facebook/react.git"},"keywords":["react"],"license":"BSD-3-Clause","bugs":{"url":"https://github.com/facebook/react/issues"},"homepage":"https://github.com/facebook/react/tree/master/npm-react-dom","peerDependencies":{"react":"^0.14.5"},"scripts":{"start":"node server.js"},"_id":"react-dom@0.14.5","_shasum":"f0018bee7a941b2236d89ebe64b02adf15512002","_resolved":"file:build/packages/react-dom.tgz","_from":"build/packages/react-dom.tgz","_npmVersion":"2.14.4","_nodeVersion":"4.1.0","_npmUser":{"name":"spicyj","email":"ben@benalpert.com"},"maintainers":[{"name":"spicyj","email":"ben@benalpert.com"},{"name":"zpao","email":"paul@oshannessy.com"}],"dist":{"shasum":"f0018bee7a941b2236d89ebe64b02adf15512002","tarball":"https://registry.npmjs.org/react-dom/-/react-dom-0.14.5.tgz"},"directories":{}},"0.14.6":{"name":"react-dom","version":"0.14.6","description":"React package for working with the DOM.","main":"index.js","repository":{"type":"git","url":"git+https://github.com/facebook/react.git"},"keywords":["react"],"license":"BSD-3-Clause","bugs":{"url":"https://github.com/facebook/react/issues"},"homepage":"https://github.com/facebook/react/tree/master/npm-react-dom","peerDependencies":{"react":"^0.14.6"},"scripts":{"start":"node server.js"},"_id":"react-dom@0.14.6","_shasum":"46d4e3243884f277e89ce8759131e8a16ac23e65","_resolved":"file:build/packages/react-dom.tgz","_from":"build/packages/react-dom.tgz","_npmVersion":"2.14.15","_nodeVersion":"4.2.2","_npmUser":{"name":"zpao","email":"paul@oshannessy.com"},"maintainers":[{"name":"spicyj","email":"ben@benalpert.com"},{"name":"zpao","email":"paul@oshannessy.com"}],"dist":{"shasum":"46d4e3243884f277e89ce8759131e8a16ac23e65","tarball":"https://registry.npmjs.org/react-dom/-/react-dom-0.14.6.tgz"},"directories":{}},"0.15.0-alpha.1":{"name":"react-dom","version":"0.15.0-alpha.1","description":"React package for working with the DOM.","main":"index.js","repository":{"type":"git","url":"git+https://github.com/facebook/react.git"},"keywords":["react"],"license":"BSD-3-Clause","bugs":{"url":"https://github.com/facebook/react/issues"},"homepage":"https://github.com/facebook/react/tree/master/npm-react-dom","peerDependencies":{"react":"^0.15.0-alpha.1"},"scripts":{"start":"node server.js"},"_id":"react-dom@0.15.0-alpha.1","_shasum":"0104a450f753a834946b99ead6ed6170f5da25b6","_resolved":"file:build/packages/react-dom.tgz","_from":"build/packages/react-dom.tgz","_npmVersion":"2.14.15","_nodeVersion":"4.2.2","_npmUser":{"name":"zpao","email":"paul@oshannessy.com"},"maintainers":[{"name":"spicyj","email":"ben@benalpert.com"},{"name":"zpao","email":"paul@oshannessy.com"}],"dist":{"shasum":"0104a450f753a834946b99ead6ed6170f5da25b6","tarball":"https://registry.npmjs.org/react-dom/-/react-dom-0.15.0-alpha.1.tgz"},"directories":{}},"0.14.7":{"name":"react-dom","version":"0.14.7","description":"React package for working with the DOM.","main":"index.js","repository":{"type":"git","url":"git+https://github.com/facebook/react.git"},"keywords":["react"],"license":"BSD-3-Clause","bugs":{"url":"https://github.com/facebook/react/issues"},"homepage":"https://facebook.github.io/react/","dependencies":{},"peerDependencies":{"react":"^0.14.7"},"scripts":{"start":"node server.js"},"_id":"react-dom@0.14.7","_shasum":"973c302110b3a680c9afe69d07c623b9c0952d82","_resolved":"file:build/packages/react-dom.tgz","_from":"build/packages/react-dom.tgz","_npmVersion":"2.14.12","_nodeVersion":"4.2.6","_npmUser":{"name":"graue","email":"scott@oceanbase.org"},"dist":{"shasum":"973c302110b3a680c9afe69d07c623b9c0952d82","tarball":"https://registry.npmjs.org/react-dom/-/react-dom-0.14.7.tgz"},"maintainers":[{"name":"graue","email":"scott@oceanbase.org"},{"name":"spicyj","email":"ben@benalpert.com"},{"name":"zpao","email":"paul@oshannessy.com"}],"directories":{}},"15.0.0-rc.1":{"name":"react-dom","version":"15.0.0-rc.1","description":"React package for working with the DOM.","main":"index.js","repository":{"type":"git","url":"git+https://github.com/facebook/react.git"},"keywords":["react"],"license":"BSD-3-Clause","bugs":{"url":"https://github.com/facebook/react/issues"},"homepage":"https://facebook.github.io/react/","dependencies":{},"peerDependencies":{"react":"^15.0.0-rc.1"},"scripts":{"start":"node server.js"},"_id":"react-dom@15.0.0-rc.1","_shasum":"3d4edb346860eafae6d91ec906a4c230119962c3","_resolved":"file:build/packages/react-dom.tgz","_from":"build/packages/react-dom.tgz","_npmVersion":"2.14.12","_nodeVersion":"4.3.0","_npmUser":{"name":"zpao","email":"paul@oshannessy.com"},"maintainers":[{"name":"graue","email":"scott@oceanbase.org"},{"name":"spicyj","email":"ben@benalpert.com"},{"name":"zpao","email":"paul@oshannessy.com"}],"dist":{"shasum":"3d4edb346860eafae6d91ec906a4c230119962c3","tarball":"https://registry.npmjs.org/react-dom/-/react-dom-15.0.0-rc.1.tgz"},"_npmOperationalInternal":{"host":"packages-12-west.internal.npmjs.com","tmp":"tmp/react-dom-15.0.0-rc.1.tgz_1457399248218_0.8456978918984532"},"directories":{}},"15.0.0-rc.2":{"name":"react-dom","version":"15.0.0-rc.2","description":"React package for working with the DOM.","main":"index.js","repository":{"type":"git","url":"git+https://github.com/facebook/react.git"},"keywords":["react"],"license":"BSD-3-Clause","bugs":{"url":"https://github.com/facebook/react/issues"},"homepage":"https://facebook.github.io/react/","dependencies":{},"peerDependencies":{"react":"^15.0.0-rc.2"},"scripts":{"start":"node server.js"},"_id":"react-dom@15.0.0-rc.2","_shasum":"abb4fa8963dc9f9c4d1bcb1674389711caa3d398","_resolved":"file:build/packages/react-dom.tgz","_from":"build/packages/react-dom.tgz","_npmVersion":"3.8.1","_nodeVersion":"5.1.1","_npmUser":{"name":"gaearon","email":"dan.abramov@gmail.com"},"dist":{"shasum":"abb4fa8963dc9f9c4d1bcb1674389711caa3d398","tarball":"https://registry.npmjs.org/react-dom/-/react-dom-15.0.0-rc.2.tgz"},"maintainers":[{"name":"gaearon","email":"dan.abramov@gmail.com"},{"name":"graue","email":"scott@oceanbase.org"},{"name":"sebmarkbage","email":"sebastian@calyptus.eu"},{"name":"spicyj","email":"ben@benalpert.com"},{"name":"zpao","email":"paul@oshannessy.com"}],"_npmOperationalInternal":{"host":"packages-12-west.internal.npmjs.com","tmp":"tmp/react-dom-15.0.0-rc.2.tgz_1458166763454_0.7732546178158373"},"directories":{}},"0.14.8":{"name":"react-dom","version":"0.14.8","description":"React package for working with the DOM.","main":"index.js","repository":{"type":"git","url":"git+https://github.com/facebook/react.git"},"keywords":["react"],"license":"BSD-3-Clause","bugs":{"url":"https://github.com/facebook/react/issues"},"homepage":"https://facebook.github.io/react/","dependencies":{},"peerDependencies":{"react":"^0.14.8"},"scripts":{"start":"node server.js"},"_id":"react-dom@0.14.8","_shasum":"0f1c547514263f771bd31814a739e5306575069e","_resolved":"file:build/packages/react-dom.tgz","_from":"build/packages/react-dom.tgz","_npmVersion":"2.14.7","_nodeVersion":"4.2.1","_npmUser":{"name":"gaearon","email":"dan.abramov@gmail.com"},"dist":{"shasum":"0f1c547514263f771bd31814a739e5306575069e","tarball":"https://registry.npmjs.org/react-dom/-/react-dom-0.14.8.tgz"},"maintainers":[{"name":"gaearon","email":"dan.abramov@gmail.com"},{"name":"graue","email":"scott@oceanbase.org"},{"name":"sebmarkbage","email":"sebastian@calyptus.eu"},{"name":"spicyj","email":"ben@benalpert.com"},{"name":"zpao","email":"paul@oshannessy.com"}],"_npmOperationalInternal":{"host":"packages-16-east.internal.npmjs.com","tmp":"tmp/react-dom-0.14.8.tgz_1459268390053_0.8757442627102137"},"directories":{}},"15.0.0":{"name":"react-dom","version":"15.0.0","description":"React package for working with the DOM.","main":"index.js","repository":{"type":"git","url":"git+https://github.com/facebook/react.git"},"keywords":["react"],"license":"BSD-3-Clause","bugs":{"url":"https://github.com/facebook/react/issues"},"homepage":"https://facebook.github.io/react/","dependencies":{},"peerDependencies":{"react":"^15.0.0"},"scripts":{"start":"node server.js"},"_id":"react-dom@15.0.0","_shasum":"49a91a663d8ff9f699eb4997f0027ead8abe0d44","_resolved":"file:build/packages/react-dom.tgz","_from":"build/packages/react-dom.tgz","_npmVersion":"2.15.3","_nodeVersion":"4.4.0","_npmUser":{"name":"zpao","email":"paul@oshannessy.com"},"maintainers":[{"name":"gaearon","email":"dan.abramov@gmail.com"},{"name":"graue","email":"scott@oceanbase.org"},{"name":"sebmarkbage","email":"sebastian@calyptus.eu"},{"name":"spicyj","email":"ben@benalpert.com"},{"name":"zpao","email":"paul@oshannessy.com"}],"dist":{"shasum":"49a91a663d8ff9f699eb4997f0027ead8abe0d44","tarball":"https://registry.npmjs.org/react-dom/-/react-dom-15.0.0.tgz"},"_npmOperationalInternal":{"host":"packages-12-west.internal.npmjs.com","tmp":"tmp/react-dom-15.0.0.tgz_1460064344208_0.7453324194066226"},"directories":{}},"15.0.1":{"name":"react-dom","version":"15.0.1","description":"React package for working with the DOM.","main":"index.js","repository":{"type":"git","url":"git+https://github.com/facebook/react.git"},"keywords":["react"],"license":"BSD-3-Clause","bugs":{"url":"https://github.com/facebook/react/issues"},"homepage":"https://facebook.github.io/react/","dependencies":{},"peerDependencies":{"react":"^15.0.1"},"scripts":{"start":"node server.js"},"_id":"react-dom@15.0.1","_shasum":"33c67f557b43ab27a6ba3ec3200321681921c48d","_resolved":"file:build/packages/react-dom.tgz","_from":"build/packages/react-dom.tgz","_npmVersion":"2.15.0","_nodeVersion":"4.4.2","_npmUser":{"name":"zpao","email":"paul@oshannessy.com"},"maintainers":[{"name":"gaearon","email":"dan.abramov@gmail.com"},{"name":"graue","email":"scott@oceanbase.org"},{"name":"sebmarkbage","email":"sebastian@calyptus.eu"},{"name":"spicyj","email":"ben@benalpert.com"},{"name":"zpao","email":"paul@oshannessy.com"}],"dist":{"shasum":"33c67f557b43ab27a6ba3ec3200321681921c48d","tarball":"https://registry.npmjs.org/react-dom/-/react-dom-15.0.1.tgz"},"_npmOperationalInternal":{"host":"packages-12-west.internal.npmjs.com","tmp":"tmp/react-dom-15.0.1.tgz_1460139843335_0.14761509280651808"},"directories":{}},"15.0.2-alpha.1":{"name":"react-dom","version":"15.0.2-alpha.1","description":"React package for working with the DOM.","main":"index.js","repository":{"type":"git","url":"git+https://github.com/facebook/react.git"},"keywords":["react"],"license":"BSD-3-Clause","bugs":{"url":"https://github.com/facebook/react/issues"},"homepage":"https://facebook.github.io/react/","dependencies":{},"peerDependencies":{"react":"^15.0.2-alpha.1"},"scripts":{"start":"node server.js"},"_id":"react-dom@15.0.2-alpha.1","_shasum":"872a03e463beb41b62d5970ee67e791da1c35d5d","_resolved":"file:build/packages/react-dom.tgz","_from":"build/packages/react-dom.tgz","_npmVersion":"2.15.3","_nodeVersion":"4.4.2","_npmUser":{"name":"zpao","email":"paul@oshannessy.com"},"maintainers":[{"name":"gaearon","email":"dan.abramov@gmail.com"},{"name":"graue","email":"scott@oceanbase.org"},{"name":"sebmarkbage","email":"sebastian@calyptus.eu"},{"name":"spicyj","email":"ben@benalpert.com"},{"name":"zpao","email":"paul@oshannessy.com"}],"dist":{"shasum":"872a03e463beb41b62d5970ee67e791da1c35d5d","tarball":"https://registry.npmjs.org/react-dom/-/react-dom-15.0.2-alpha.1.tgz"},"_npmOperationalInternal":{"host":"packages-12-west.internal.npmjs.com","tmp":"tmp/react-dom-15.0.2-alpha.1.tgz_1461176240821_0.19873908162117004"},"directories":{}},"15.0.2-alpha.2":{"name":"react-dom","version":"15.0.2-alpha.2","description":"React package for working with the DOM.","main":"index.js","repository":{"type":"git","url":"git+https://github.com/facebook/react.git"},"keywords":["react"],"license":"BSD-3-Clause","bugs":{"url":"https://github.com/facebook/react/issues"},"homepage":"https://facebook.github.io/react/","dependencies":{},"peerDependencies":{"react":"^15.0.2-alpha.2"},"scripts":{"start":"node server.js"},"_id":"react-dom@15.0.2-alpha.2","_shasum":"cdfe435d05b6bacc1e6f9abde356bc0b20098ce4","_resolved":"file:build/packages/react-dom.tgz","_from":"build/packages/react-dom.tgz","_npmVersion":"2.14.19","_nodeVersion":"4.1.0","_npmUser":{"name":"spicyj","email":"ben@benalpert.com"},"maintainers":[{"name":"gaearon","email":"dan.abramov@gmail.com"},{"name":"graue","email":"scott@oceanbase.org"},{"name":"sebmarkbage","email":"sebastian@calyptus.eu"},{"name":"spicyj","email":"ben@benalpert.com"},{"name":"zpao","email":"paul@oshannessy.com"}],"dist":{"shasum":"cdfe435d05b6bacc1e6f9abde356bc0b20098ce4","tarball":"https://registry.npmjs.org/react-dom/-/react-dom-15.0.2-alpha.2.tgz"},"_npmOperationalInternal":{"host":"packages-12-west.internal.npmjs.com","tmp":"tmp/react-dom-15.0.2-alpha.2.tgz_1461277323635_0.5002606643829495"},"directories":{}},"15.0.2-alpha.3":{"name":"react-dom","version":"15.0.2-alpha.3","description":"React package for working with the DOM.","main":"index.js","repository":{"type":"git","url":"git+https://github.com/facebook/react.git"},"keywords":["react"],"license":"BSD-3-Clause","bugs":{"url":"https://github.com/facebook/react/issues"},"homepage":"https://facebook.github.io/react/","dependencies":{},"peerDependencies":{"react":"^15.0.2-alpha.3"},"scripts":{"start":"node server.js"},"_id":"react-dom@15.0.2-alpha.3","_shasum":"37335f91b914b5ab603bd8ba8e5f1e3141a8bd3e","_resolved":"file:build/packages/react-dom.tgz","_from":"build/packages/react-dom.tgz","_npmVersion":"2.15.3","_nodeVersion":"4.4.2","_npmUser":{"name":"zpao","email":"paul@oshannessy.com"},"maintainers":[{"name":"gaearon","email":"dan.abramov@gmail.com"},{"name":"graue","email":"scott@oceanbase.org"},{"name":"sebmarkbage","email":"sebastian@calyptus.eu"},{"name":"spicyj","email":"ben@benalpert.com"},{"name":"zpao","email":"paul@oshannessy.com"}],"dist":{"shasum":"37335f91b914b5ab603bd8ba8e5f1e3141a8bd3e","tarball":"https://registry.npmjs.org/react-dom/-/react-dom-15.0.2-alpha.3.tgz"},"_npmOperationalInternal":{"host":"packages-16-east.internal.npmjs.com","tmp":"tmp/react-dom-15.0.2-alpha.3.tgz_1461614631521_0.2638078455347568"},"directories":{}},"15.0.2-alpha.4":{"name":"react-dom","version":"15.0.2-alpha.4","description":"React package for working with the DOM.","main":"index.js","repository":{"type":"git","url":"git+https://github.com/facebook/react.git"},"keywords":["react"],"license":"BSD-3-Clause","bugs":{"url":"https://github.com/facebook/react/issues"},"homepage":"https://facebook.github.io/react/","dependencies":{},"peerDependencies":{"react":"^15.0.2-alpha.4"},"scripts":{"start":"node server.js"},"_id":"react-dom@15.0.2-alpha.4","_shasum":"9f90af3b43a885b7e26acf68ba571a4915ec6f75","_resolved":"file:build/packages/react-dom.tgz","_from":"build/packages/react-dom.tgz","_npmVersion":"2.15.3","_nodeVersion":"4.4.2","_npmUser":{"name":"zpao","email":"paul@oshannessy.com"},"maintainers":[{"name":"gaearon","email":"dan.abramov@gmail.com"},{"name":"graue","email":"scott@oceanbase.org"},{"name":"sebmarkbage","email":"sebastian@calyptus.eu"},{"name":"spicyj","email":"ben@benalpert.com"},{"name":"zpao","email":"paul@oshannessy.com"}],"dist":{"shasum":"9f90af3b43a885b7e26acf68ba571a4915ec6f75","tarball":"https://registry.npmjs.org/react-dom/-/react-dom-15.0.2-alpha.4.tgz"},"_npmOperationalInternal":{"host":"packages-12-west.internal.npmjs.com","tmp":"tmp/react-dom-15.0.2-alpha.4.tgz_1461827524935_0.9299324578605592"},"directories":{}},"15.0.2":{"name":"react-dom","version":"15.0.2","description":"React package for working with the DOM.","main":"index.js","repository":{"type":"git","url":"git+https://github.com/facebook/react.git"},"keywords":["react"],"license":"BSD-3-Clause","bugs":{"url":"https://github.com/facebook/react/issues"},"homepage":"https://facebook.github.io/react/","dependencies":{},"peerDependencies":{"react":"^15.0.2"},"scripts":{"start":"node server.js"},"_id":"react-dom@15.0.2","_shasum":"f8a20ac1bc2da9eb494fce3b44c3ec19d0951e27","_resolved":"file:build/packages/react-dom.tgz","_from":"build/packages/react-dom.tgz","_npmVersion":"2.15.1","_nodeVersion":"4.4.3","_npmUser":{"name":"zpao","email":"paul@oshannessy.com"},"maintainers":[{"name":"gaearon","email":"dan.abramov@gmail.com"},{"name":"graue","email":"scott@oceanbase.org"},{"name":"sebmarkbage","email":"sebastian@calyptus.eu"},{"name":"spicyj","email":"ben@benalpert.com"},{"name":"zpao","email":"paul@oshannessy.com"}],"dist":{"shasum":"f8a20ac1bc2da9eb494fce3b44c3ec19d0951e27","tarball":"https://registry.npmjs.org/react-dom/-/react-dom-15.0.2.tgz"},"_npmOperationalInternal":{"host":"packages-16-east.internal.npmjs.com","tmp":"tmp/react-dom-15.0.2.tgz_1461976699566_0.6056196035351604"},"directories":{}},"15.0.3-alpha.1":{"name":"react-dom","version":"15.0.3-alpha.1","description":"React package for working with the DOM.","main":"index.js","repository":{"type":"git","url":"git+https://github.com/facebook/react.git"},"keywords":["react"],"license":"BSD-3-Clause","bugs":{"url":"https://github.com/facebook/react/issues"},"homepage":"https://facebook.github.io/react/","dependencies":{},"peerDependencies":{"react":"^15.0.3-alpha.1"},"scripts":{"start":"node server.js"},"_id":"react-dom@15.0.3-alpha.1","_shasum":"d4ddac83991b9e01884e613605b4e999f5b6a31f","_resolved":"file:build/packages/react-dom.tgz","_from":"build/packages/react-dom.tgz","_npmVersion":"2.15.1","_nodeVersion":"4.4.3","_npmUser":{"name":"zpao","email":"paul@oshannessy.com"},"maintainers":[{"name":"gaearon","email":"dan.abramov@gmail.com"},{"name":"graue","email":"scott@oceanbase.org"},{"name":"sebmarkbage","email":"sebastian@calyptus.eu"},{"name":"spicyj","email":"ben@benalpert.com"},{"name":"zpao","email":"paul@oshannessy.com"}],"dist":{"shasum":"d4ddac83991b9e01884e613605b4e999f5b6a31f","tarball":"https://registry.npmjs.org/react-dom/-/react-dom-15.0.3-alpha.1.tgz"},"_npmOperationalInternal":{"host":"packages-12-west.internal.npmjs.com","tmp":"tmp/react-dom-15.0.3-alpha.1.tgz_1462304424938_0.958863329840824"},"directories":{}},"15.0.3-alpha.2":{"name":"react-dom","version":"15.0.3-alpha.2","description":"React package for working with the DOM.","main":"index.js","repository":{"type":"git","url":"git+https://github.com/facebook/react.git"},"keywords":["react"],"license":"BSD-3-Clause","bugs":{"url":"https://github.com/facebook/react/issues"},"homepage":"https://facebook.github.io/react/","dependencies":{},"peerDependencies":{"react":"^15.0.3-alpha.2"},"scripts":{"start":"node server.js"},"_id":"react-dom@15.0.3-alpha.2","_shasum":"df4e216dd9f9bc10365697baf7aad1b585b1b579","_resolved":"file:build/packages/react-dom.tgz","_from":"build/packages/react-dom.tgz","_npmVersion":"2.15.1","_nodeVersion":"4.4.3","_npmUser":{"name":"zpao","email":"paul@oshannessy.com"},"maintainers":[{"name":"gaearon","email":"dan.abramov@gmail.com"},{"name":"graue","email":"scott@oceanbase.org"},{"name":"sebmarkbage","email":"sebastian@calyptus.eu"},{"name":"spicyj","email":"ben@benalpert.com"},{"name":"zpao","email":"paul@oshannessy.com"}],"dist":{"shasum":"df4e216dd9f9bc10365697baf7aad1b585b1b579","tarball":"https://registry.npmjs.org/react-dom/-/react-dom-15.0.3-alpha.2.tgz"},"_npmOperationalInternal":{"host":"packages-16-east.internal.npmjs.com","tmp":"tmp/react-dom-15.0.3-alpha.2.tgz_1462855075711_0.8020870140753686"},"directories":{}},"15.1.0-alpha.1":{"name":"react-dom","version":"15.1.0-alpha.1","description":"React package for working with the DOM.","main":"index.js","repository":{"type":"git","url":"git+https://github.com/facebook/react.git"},"keywords":["react"],"license":"BSD-3-Clause","bugs":{"url":"https://github.com/facebook/react/issues"},"homepage":"https://facebook.github.io/react/","dependencies":{},"peerDependencies":{"react":"^15.1.0-alpha.1"},"scripts":{"start":"node server.js"},"_id":"react-dom@15.1.0-alpha.1","_shasum":"eea28251915d5c6479c12dd51b0b775da3abdfab","_resolved":"file:build/packages/react-dom.tgz","_from":"build/packages/react-dom.tgz","_npmVersion":"2.15.1","_nodeVersion":"4.4.3","_npmUser":{"name":"zpao","email":"paul@oshannessy.com"},"maintainers":[{"name":"gaearon","email":"dan.abramov@gmail.com"},{"name":"graue","email":"scott@oceanbase.org"},{"name":"sebmarkbage","email":"sebastian@calyptus.eu"},{"name":"spicyj","email":"ben@benalpert.com"},{"name":"zpao","email":"paul@oshannessy.com"}],"dist":{"shasum":"eea28251915d5c6479c12dd51b0b775da3abdfab","tarball":"https://registry.npmjs.org/react-dom/-/react-dom-15.1.0-alpha.1.tgz"},"_npmOperationalInternal":{"host":"packages-16-east.internal.npmjs.com","tmp":"tmp/react-dom-15.1.0-alpha.1.tgz_1462858107556_0.014126174617558718"},"directories":{}},"15.1.0":{"name":"react-dom","version":"15.1.0","description":"React package for working with the DOM.","main":"index.js","repository":{"type":"git","url":"git+https://github.com/facebook/react.git"},"keywords":["react"],"license":"BSD-3-Clause","bugs":{"url":"https://github.com/facebook/react/issues"},"homepage":"https://facebook.github.io/react/","dependencies":{},"peerDependencies":{"react":"^15.1.0"},"scripts":{"start":"node server.js"},"_id":"react-dom@15.1.0","_shasum":"d0c2b24c8b47a41a2b9ec766662d4e686f353153","_resolved":"file:build/packages/react-dom.tgz","_from":"build/packages/react-dom.tgz","_npmVersion":"2.15.1","_nodeVersion":"4.4.3","_npmUser":{"name":"zpao","email":"paul@oshannessy.com"},"maintainers":[{"name":"gaearon","email":"dan.abramov@gmail.com"},{"name":"graue","email":"scott@oceanbase.org"},{"name":"sebmarkbage","email":"sebastian@calyptus.eu"},{"name":"spicyj","email":"ben@benalpert.com"},{"name":"zpao","email":"paul@oshannessy.com"}],"dist":{"shasum":"d0c2b24c8b47a41a2b9ec766662d4e686f353153","tarball":"https://registry.npmjs.org/react-dom/-/react-dom-15.1.0.tgz"},"_npmOperationalInternal":{"host":"packages-12-west.internal.npmjs.com","tmp":"tmp/react-dom-15.1.0.tgz_1463785579139_0.1863514157012105"},"directories":{}},"15.2.0-rc.1":{"name":"react-dom","version":"15.2.0-rc.1","description":"React package for working with the DOM.","main":"index.js","repository":{"type":"git","url":"git+https://github.com/facebook/react.git"},"keywords":["react"],"license":"BSD-3-Clause","bugs":{"url":"https://github.com/facebook/react/issues"},"homepage":"https://facebook.github.io/react/","dependencies":{},"peerDependencies":{"react":"^15.2.0-rc.1"},"scripts":{"start":"node server.js"},"_id":"react-dom@15.2.0-rc.1","_shasum":"e0d6cf5fa044c4cbcf041f0b901775ca28298764","_resolved":"file:build/packages/react-dom.tgz","_from":"build/packages/react-dom.tgz","_npmVersion":"2.15.5","_nodeVersion":"4.4.5","_npmUser":{"name":"zpao","email":"paul@oshannessy.com"},"maintainers":[{"name":"gaearon","email":"dan.abramov@gmail.com"},{"name":"graue","email":"scott@oceanbase.org"},{"name":"sebmarkbage","email":"sebastian@calyptus.eu"},{"name":"spicyj","email":"ben@benalpert.com"},{"name":"zpao","email":"paul@oshannessy.com"}],"dist":{"shasum":"e0d6cf5fa044c4cbcf041f0b901775ca28298764","tarball":"https://registry.npmjs.org/react-dom/-/react-dom-15.2.0-rc.1.tgz"},"_npmOperationalInternal":{"host":"packages-16-east.internal.npmjs.com","tmp":"tmp/react-dom-15.2.0-rc.1.tgz_1465954205984_0.23762806924059987"},"directories":{}},"15.2.0-rc.2":{"name":"react-dom","version":"15.2.0-rc.2","description":"React package for working with the DOM.","main":"index.js","repository":{"type":"git","url":"git+https://github.com/facebook/react.git"},"keywords":["react"],"license":"BSD-3-Clause","bugs":{"url":"https://github.com/facebook/react/issues"},"homepage":"https://facebook.github.io/react/","dependencies":{},"peerDependencies":{"react":"^15.2.0-rc.2"},"scripts":{"start":"node server.js"},"_id":"react-dom@15.2.0-rc.2","_shasum":"cb4f4b72b0186d2195285043578666c0e69c9e6c","_resolved":"file:build/packages/react-dom.tgz","_from":"build/packages/react-dom.tgz","_npmVersion":"2.15.5","_nodeVersion":"4.4.5","_npmUser":{"name":"zpao","email":"paul@oshannessy.com"},"maintainers":[{"name":"gaearon","email":"dan.abramov@gmail.com"},{"name":"graue","email":"scott@oceanbase.org"},{"name":"sebmarkbage","email":"sebastian@calyptus.eu"},{"name":"spicyj","email":"ben@benalpert.com"},{"name":"zpao","email":"paul@oshannessy.com"}],"dist":{"shasum":"cb4f4b72b0186d2195285043578666c0e69c9e6c","tarball":"https://registry.npmjs.org/react-dom/-/react-dom-15.2.0-rc.2.tgz"},"_npmOperationalInternal":{"host":"packages-12-west.internal.npmjs.com","tmp":"tmp/react-dom-15.2.0-rc.2.tgz_1467354722454_0.136842803331092"},"directories":{}},"15.2.0":{"name":"react-dom","version":"15.2.0","description":"React package for working with the DOM.","main":"index.js","repository":{"type":"git","url":"git+https://github.com/facebook/react.git"},"keywords":["react"],"license":"BSD-3-Clause","bugs":{"url":"https://github.com/facebook/react/issues"},"homepage":"https://facebook.github.io/react/","dependencies":{},"peerDependencies":{"react":"^15.2.0"},"scripts":{"start":"node server.js"},"_id":"react-dom@15.2.0","_shasum":"cc9b9a2f51e460d6a727c7b23058fe94f42c874c","_resolved":"file:build/packages/react-dom.tgz","_from":"build/packages/react-dom.tgz","_npmVersion":"2.15.5","_nodeVersion":"4.4.5","_npmUser":{"name":"zpao","email":"paul@oshannessy.com"},"maintainers":[{"name":"gaearon","email":"dan.abramov@gmail.com"},{"name":"graue","email":"scott@oceanbase.org"},{"name":"sebmarkbage","email":"sebastian@calyptus.eu"},{"name":"spicyj","email":"ben@benalpert.com"},{"name":"zpao","email":"paul@oshannessy.com"}],"dist":{"shasum":"cc9b9a2f51e460d6a727c7b23058fe94f42c874c","tarball":"https://registry.npmjs.org/react-dom/-/react-dom-15.2.0.tgz"},"_npmOperationalInternal":{"host":"packages-16-east.internal.npmjs.com","tmp":"tmp/react-dom-15.2.0.tgz_1467399135416_0.5253081950359046"},"directories":{}},"15.2.1":{"name":"react-dom","version":"15.2.1","description":"React package for working with the DOM.","main":"index.js","repository":{"type":"git","url":"git+https://github.com/facebook/react.git"},"keywords":["react"],"license":"BSD-3-Clause","bugs":{"url":"https://github.com/facebook/react/issues"},"homepage":"https://facebook.github.io/react/","dependencies":{},"peerDependencies":{"react":"^15.2.1"},"scripts":{"start":"node server.js"},"_id":"react-dom@15.2.1","_shasum":"dc942a5268f955e180158c9d4d2609fec9388ff0","_resolved":"file:build/packages/react-dom.tgz","_from":"build/packages/react-dom.tgz","_npmVersion":"2.15.5","_nodeVersion":"4.4.5","_npmUser":{"name":"zpao","email":"paul@oshannessy.com"},"maintainers":[{"name":"gaearon","email":"dan.abramov@gmail.com"},{"name":"graue","email":"scott@oceanbase.org"},{"name":"sebmarkbage","email":"sebastian@calyptus.eu"},{"name":"spicyj","email":"ben@benalpert.com"},{"name":"zpao","email":"paul@oshannessy.com"}],"dist":{"shasum":"dc942a5268f955e180158c9d4d2609fec9388ff0","tarball":"https://registry.npmjs.org/react-dom/-/react-dom-15.2.1.tgz"},"_npmOperationalInternal":{"host":"packages-12-west.internal.npmjs.com","tmp":"tmp/react-dom-15.2.1.tgz_1468017065864_0.8788268391508609"},"directories":{}},"15.3.0-rc.1":{"name":"react-dom","version":"15.3.0-rc.1","description":"React package for working with the DOM.","main":"index.js","repository":{"type":"git","url":"git+https://github.com/facebook/react.git"},"keywords":["react"],"license":"BSD-3-Clause","bugs":{"url":"https://github.com/facebook/react/issues"},"homepage":"https://facebook.github.io/react/","dependencies":{},"peerDependencies":{"react":"^15.3.0-rc.1"},"scripts":{"start":"node server.js"},"_id":"react-dom@15.3.0-rc.1","_shasum":"e2f43cc147725ff45fbe5639cb2ebbf137bfe84e","_resolved":"file:build/packages/react-dom.tgz","_from":"build/packages/react-dom.tgz","_npmVersion":"3.9.6","_nodeVersion":"6.2.0","_npmUser":{"name":"zpao","email":"paul@oshannessy.com"},"maintainers":[{"name":"gaearon","email":"dan.abramov@gmail.com"},{"name":"graue","email":"scott@oceanbase.org"},{"name":"sebmarkbage","email":"sebastian@calyptus.eu"},{"name":"spicyj","email":"ben@benalpert.com"},{"name":"zpao","email":"paul@oshannessy.com"}],"dist":{"shasum":"e2f43cc147725ff45fbe5639cb2ebbf137bfe84e","tarball":"https://registry.npmjs.org/react-dom/-/react-dom-15.3.0-rc.1.tgz"},"_npmOperationalInternal":{"host":"packages-12-west.internal.npmjs.com","tmp":"tmp/react-dom-15.3.0-rc.1.tgz_1468436306652_0.3014015706721693"},"directories":{}},"15.3.0-rc.2":{"name":"react-dom","version":"15.3.0-rc.2","description":"React package for working with the DOM.","main":"index.js","repository":{"type":"git","url":"git+https://github.com/facebook/react.git"},"keywords":["react"],"license":"BSD-3-Clause","bugs":{"url":"https://github.com/facebook/react/issues"},"homepage":"https://facebook.github.io/react/","dependencies":{},"peerDependencies":{"react":"^15.3.0-rc.2"},"scripts":{"start":"node server.js"},"_id":"react-dom@15.3.0-rc.2","_shasum":"c8caac9560b881abd4a2593980e7dfbde2b1b8c6","_resolved":"file:build/packages/react-dom.tgz","_from":"build/packages/react-dom.tgz","_npmVersion":"3.9.6","_nodeVersion":"6.2.0","_npmUser":{"name":"zpao","email":"paul@oshannessy.com"},"maintainers":[{"name":"gaearon","email":"dan.abramov@gmail.com"},{"name":"graue","email":"scott@oceanbase.org"},{"name":"sebmarkbage","email":"sebastian@calyptus.eu"},{"name":"spicyj","email":"ben@benalpert.com"},{"name":"zpao","email":"paul@oshannessy.com"}],"dist":{"shasum":"c8caac9560b881abd4a2593980e7dfbde2b1b8c6","tarball":"https://registry.npmjs.org/react-dom/-/react-dom-15.3.0-rc.2.tgz"},"_npmOperationalInternal":{"host":"packages-16-east.internal.npmjs.com","tmp":"tmp/react-dom-15.3.0-rc.2.tgz_1468443723532_0.40137659502215683"},"directories":{}},"15.3.0-rc.3":{"name":"react-dom","version":"15.3.0-rc.3","description":"React package for working with the DOM.","main":"index.js","repository":{"type":"git","url":"git+https://github.com/facebook/react.git"},"keywords":["react"],"license":"BSD-3-Clause","bugs":{"url":"https://github.com/facebook/react/issues"},"homepage":"https://facebook.github.io/react/","dependencies":{},"peerDependencies":{"react":"^15.3.0-rc.3"},"scripts":{"start":"node server.js"},"_id":"react-dom@15.3.0-rc.3","_shasum":"29864a63b14ecf38ef5740f2d6156866d9fe1987","_resolved":"file:build/packages/react-dom.tgz","_from":"build/packages/react-dom.tgz","_npmVersion":"3.9.6","_nodeVersion":"6.2.0","_npmUser":{"name":"zpao","email":"paul@oshannessy.com"},"maintainers":[{"name":"gaearon","email":"dan.abramov@gmail.com"},{"name":"graue","email":"scott@oceanbase.org"},{"name":"sebmarkbage","email":"sebastian@calyptus.eu"},{"name":"spicyj","email":"ben@benalpert.com"},{"name":"zpao","email":"paul@oshannessy.com"}],"dist":{"shasum":"29864a63b14ecf38ef5740f2d6156866d9fe1987","tarball":"https://registry.npmjs.org/react-dom/-/react-dom-15.3.0-rc.3.tgz"},"_npmOperationalInternal":{"host":"packages-16-east.internal.npmjs.com","tmp":"tmp/react-dom-15.3.0-rc.3.tgz_1469141947218_0.42605880298651755"},"directories":{}},"15.3.0":{"name":"react-dom","version":"15.3.0","description":"React package for working with the DOM.","main":"index.js","repository":{"type":"git","url":"git+https://github.com/facebook/react.git"},"keywords":["react"],"license":"BSD-3-Clause","bugs":{"url":"https://github.com/facebook/react/issues"},"homepage":"https://facebook.github.io/react/","dependencies":{},"peerDependencies":{"react":"^15.3.0"},"scripts":{"start":"node server.js"},"_id":"react-dom@15.3.0","_shasum":"24a6a3df67969656b8a8225fd0d7fcb939d28bdd","_resolved":"file:build/packages/react-dom.tgz","_from":"build/packages/react-dom.tgz","_npmVersion":"3.9.6","_nodeVersion":"6.2.0","_npmUser":{"name":"zpao","email":"paul@oshannessy.com"},"maintainers":[{"name":"fb","email":"opensource+npm@fb.com"},{"name":"gaearon","email":"dan.abramov@gmail.com"},{"name":"graue","email":"scott@oceanbase.org"},{"name":"sebmarkbage","email":"sebastian@calyptus.eu"},{"name":"spicyj","email":"ben@benalpert.com"},{"name":"zpao","email":"paul@oshannessy.com"}],"dist":{"shasum":"24a6a3df67969656b8a8225fd0d7fcb939d28bdd","tarball":"https://registry.npmjs.org/react-dom/-/react-dom-15.3.0.tgz"},"_npmOperationalInternal":{"host":"packages-12-west.internal.npmjs.com","tmp":"tmp/react-dom-15.3.0.tgz_1469817492868_0.942254323977977"},"directories":{}},"15.3.1-rc.1":{"name":"react-dom","version":"15.3.1-rc.1","description":"React package for working with the DOM.","main":"index.js","repository":{"type":"git","url":"git+https://github.com/facebook/react.git"},"keywords":["react"],"license":"BSD-3-Clause","bugs":{"url":"https://github.com/facebook/react/issues"},"homepage":"https://facebook.github.io/react/","dependencies":{},"peerDependencies":{"react":"^15.3.1-rc.1"},"files":["LICENSE","PATENTS","README.md","dist/","index.js","server.js"],"scripts":{"start":"node server.js"},"_id":"react-dom@15.3.1-rc.1","_shasum":"f6b3809b3e2a9a10a62175a82c0c2cc8fb06916d","_resolved":"file:build/packages/react-dom.tgz","_from":"build/packages/react-dom.tgz","_npmVersion":"2.15.5","_nodeVersion":"4.4.5","_npmUser":{"name":"zpao","email":"paul@oshannessy.com"},"maintainers":[{"name":"fb","email":"opensource+npm@fb.com"},{"name":"gaearon","email":"dan.abramov@gmail.com"},{"name":"graue","email":"scott@oceanbase.org"},{"name":"sebmarkbage","email":"sebastian@calyptus.eu"},{"name":"spicyj","email":"ben@benalpert.com"},{"name":"zpao","email":"paul@oshannessy.com"}],"dist":{"shasum":"f6b3809b3e2a9a10a62175a82c0c2cc8fb06916d","tarball":"https://registry.npmjs.org/react-dom/-/react-dom-15.3.1-rc.1.tgz"},"_npmOperationalInternal":{"host":"packages-12-west.internal.npmjs.com","tmp":"tmp/react-dom-15.3.1-rc.1.tgz_1471044919680_0.46068282099440694"},"directories":{}},"15.3.1-rc.2":{"name":"react-dom","version":"15.3.1-rc.2","description":"React package for working with the DOM.","main":"index.js","repository":{"type":"git","url":"git+https://github.com/facebook/react.git"},"keywords":["react"],"license":"BSD-3-Clause","bugs":{"url":"https://github.com/facebook/react/issues"},"homepage":"https://facebook.github.io/react/","dependencies":{},"peerDependencies":{"react":"^15.3.1-rc.2"},"files":["LICENSE","PATENTS","README.md","dist/","index.js","server.js"],"scripts":{"start":"node server.js"},"_id":"react-dom@15.3.1-rc.2","_shasum":"3771828474cbf1ca4f2dab5065fa1c61315c4913","_resolved":"file:build/packages/react-dom.tgz","_from":"build/packages/react-dom.tgz","_npmVersion":"2.15.5","_nodeVersion":"4.4.5","_npmUser":{"name":"zpao","email":"paul@oshannessy.com"},"maintainers":[{"name":"fb","email":"opensource+npm@fb.com"},{"name":"gaearon","email":"dan.abramov@gmail.com"},{"name":"graue","email":"scott@oceanbase.org"},{"name":"sebmarkbage","email":"sebastian@calyptus.eu"},{"name":"spicyj","email":"ben@benalpert.com"},{"name":"zpao","email":"paul@oshannessy.com"}],"dist":{"shasum":"3771828474cbf1ca4f2dab5065fa1c61315c4913","tarball":"https://registry.npmjs.org/react-dom/-/react-dom-15.3.1-rc.2.tgz"},"_npmOperationalInternal":{"host":"packages-16-east.internal.npmjs.com","tmp":"tmp/react-dom-15.3.1-rc.2.tgz_1471301779244_0.6211496945470572"},"directories":{}},"15.3.1":{"name":"react-dom","version":"15.3.1","description":"React package for working with the DOM.","main":"index.js","repository":{"type":"git","url":"git+https://github.com/facebook/react.git"},"keywords":["react"],"license":"BSD-3-Clause","bugs":{"url":"https://github.com/facebook/react/issues"},"homepage":"https://facebook.github.io/react/","dependencies":{},"peerDependencies":{"react":"^15.3.1"},"files":["LICENSE","PATENTS","README.md","dist/","index.js","server.js"],"scripts":{"start":"node server.js"},"_id":"react-dom@15.3.1","_shasum":"6d42cd2b64c8c5e0b693f3ffaec301e6e627e24e","_resolved":"file:build/packages/react-dom.tgz","_from":"build/packages/react-dom.tgz","_npmVersion":"2.15.5","_nodeVersion":"4.4.5","_npmUser":{"name":"zpao","email":"paul@oshannessy.com"},"maintainers":[{"name":"fb","email":"opensource+npm@fb.com"},{"name":"gaearon","email":"dan.abramov@gmail.com"},{"name":"graue","email":"scott@oceanbase.org"},{"name":"sebmarkbage","email":"sebastian@calyptus.eu"},{"name":"spicyj","email":"ben@benalpert.com"},{"name":"zpao","email":"paul@oshannessy.com"}],"dist":{"shasum":"6d42cd2b64c8c5e0b693f3ffaec301e6e627e24e","tarball":"https://registry.npmjs.org/react-dom/-/react-dom-15.3.1.tgz"},"_npmOperationalInternal":{"host":"packages-12-west.internal.npmjs.com","tmp":"tmp/react-dom-15.3.1.tgz_1471632613890_0.979504783404991"},"directories":{}},"15.3.2-rc.1":{"name":"react-dom","version":"15.3.2-rc.1","description":"React package for working with the DOM.","main":"index.js","repository":{"type":"git","url":"git+https://github.com/facebook/react.git"},"keywords":["react"],"license":"BSD-3-Clause","bugs":{"url":"https://github.com/facebook/react/issues"},"homepage":"https://facebook.github.io/react/","dependencies":{},"peerDependencies":{"react":"^15.3.2-rc.1"},"files":["LICENSE","PATENTS","README.md","dist/","index.js","server.js"],"scripts":{"start":"node server.js"},"_id":"react-dom@15.3.2-rc.1","_shasum":"ef51d9353982b6702086a7b45f551851c57618f9","_resolved":"file:build/packages/react-dom.tgz","_from":"build/packages/react-dom.tgz","_npmVersion":"3.10.3","_nodeVersion":"6.5.0","_npmUser":{"name":"zpao","email":"paul@oshannessy.com"},"maintainers":[{"name":"fb","email":"opensource+npm@fb.com"},{"name":"gaearon","email":"dan.abramov@gmail.com"},{"name":"graue","email":"scott@oceanbase.org"},{"name":"sebmarkbage","email":"sebastian@calyptus.eu"},{"name":"spicyj","email":"ben@benalpert.com"},{"name":"zpao","email":"paul@oshannessy.com"}],"dist":{"shasum":"ef51d9353982b6702086a7b45f551851c57618f9","tarball":"https://registry.npmjs.org/react-dom/-/react-dom-15.3.2-rc.1.tgz"},"_npmOperationalInternal":{"host":"packages-16-east.internal.npmjs.com","tmp":"tmp/react-dom-15.3.2-rc.1.tgz_1473983012960_0.35608154558576643"},"directories":{}},"15.3.2":{"name":"react-dom","version":"15.3.2","description":"React package for working with the DOM.","main":"index.js","repository":{"type":"git","url":"git+https://github.com/facebook/react.git"},"keywords":["react"],"license":"BSD-3-Clause","bugs":{"url":"https://github.com/facebook/react/issues"},"homepage":"https://facebook.github.io/react/","dependencies":{},"peerDependencies":{"react":"^15.3.2"},"files":["LICENSE","PATENTS","README.md","dist/","index.js","server.js"],"scripts":{"start":"node server.js"},"_id":"react-dom@15.3.2","_shasum":"c46b0aa5380d7b838e7a59c4a7beff2ed315531f","_resolved":"file:build/packages/react-dom.tgz","_from":"build/packages/react-dom.tgz","_npmVersion":"3.10.3","_nodeVersion":"6.5.0","_npmUser":{"name":"zpao","email":"paul@oshannessy.com"},"maintainers":[{"name":"fb","email":"opensource+npm@fb.com"},{"name":"gaearon","email":"dan.abramov@gmail.com"},{"name":"graue","email":"scott@oceanbase.org"},{"name":"sebmarkbage","email":"sebastian@calyptus.eu"},{"name":"spicyj","email":"ben@benalpert.com"},{"name":"zpao","email":"paul@oshannessy.com"}],"dist":{"shasum":"c46b0aa5380d7b838e7a59c4a7beff2ed315531f","tarball":"https://registry.npmjs.org/react-dom/-/react-dom-15.3.2.tgz"},"_npmOperationalInternal":{"host":"packages-12-west.internal.npmjs.com","tmp":"tmp/react-dom-15.3.2.tgz_1474307217444_0.7416605225298554"},"directories":{}},"15.4.0-rc.1":{"name":"react-dom","version":"15.4.0-rc.1","description":"React package for working with the DOM.","main":"index.js","repository":{"type":"git","url":"git+https://github.com/facebook/react.git"},"keywords":["react"],"license":"BSD-3-Clause","bugs":{"url":"https://github.com/facebook/react/issues"},"homepage":"https://facebook.github.io/react/","dependencies":{"fbjs":"^0.8.1","loose-envify":"^1.1.0","object-assign":"^4.1.0"},"peerDependencies":{"react":"^15.4.0-rc.1"},"files":["LICENSE","PATENTS","README.md","dist/","lib/","index.js","server.js"],"browserify":{"transform":["loose-envify"]},"scripts":{"start":"node server.js"},"_id":"react-dom@15.4.0-rc.1","_shasum":"b19c1a16290d435bfdd3dade2c0642b245f59b24","_resolved":"file:build/packages/react-dom.tgz","_from":"build/packages/react-dom.tgz","_npmVersion":"3.10.3","_nodeVersion":"6.7.0","_npmUser":{"name":"zpao","email":"paul@oshannessy.com"},"maintainers":[{"name":"fb","email":"opensource+npm@fb.com"},{"name":"gaearon","email":"dan.abramov@gmail.com"},{"name":"graue","email":"scott@oceanbase.org"},{"name":"sebmarkbage","email":"sebastian@calyptus.eu"},{"name":"spicyj","email":"ben@benalpert.com"},{"name":"zpao","email":"paul@oshannessy.com"}],"dist":{"shasum":"b19c1a16290d435bfdd3dade2c0642b245f59b24","tarball":"https://registry.npmjs.org/react-dom/-/react-dom-15.4.0-rc.1.tgz"},"_npmOperationalInternal":{"host":"packages-12-west.internal.npmjs.com","tmp":"tmp/react-dom-15.4.0-rc.1.tgz_1475620537380_0.3098792328964919"},"directories":{}},"15.4.0-rc.2":{"name":"react-dom","version":"15.4.0-rc.2","description":"React package for working with the DOM.","main":"index.js","repository":{"type":"git","url":"git+https://github.com/facebook/react.git"},"keywords":["react"],"license":"BSD-3-Clause","bugs":{"url":"https://github.com/facebook/react/issues"},"homepage":"https://facebook.github.io/react/","dependencies":{"fbjs":"^0.8.1","loose-envify":"^1.1.0","object-assign":"^4.1.0"},"peerDependencies":{"react":"^15.4.0-rc.2"},"files":["LICENSE","PATENTS","README.md","dist/","lib/","index.js","server.js"],"browserify":{"transform":["loose-envify"]},"scripts":{"start":"node server.js"},"_id":"react-dom@15.4.0-rc.2","_shasum":"a9dd33a076d0db4ab77101a4b3add4b8378b29de","_resolved":"file:build/packages/react-dom.tgz","_from":"build/packages/react-dom.tgz","_npmVersion":"3.10.3","_nodeVersion":"6.7.0","_npmUser":{"name":"zpao","email":"paul@oshannessy.com"},"maintainers":[{"name":"fb","email":"opensource+npm@fb.com"},{"name":"gaearon","email":"dan.abramov@gmail.com"},{"name":"graue","email":"scott@oceanbase.org"},{"name":"sebmarkbage","email":"sebastian@calyptus.eu"},{"name":"spicyj","email":"ben@benalpert.com"},{"name":"zpao","email":"paul@oshannessy.com"}],"dist":{"shasum":"a9dd33a076d0db4ab77101a4b3add4b8378b29de","tarball":"https://registry.npmjs.org/react-dom/-/react-dom-15.4.0-rc.2.tgz"},"_npmOperationalInternal":{"host":"packages-12-west.internal.npmjs.com","tmp":"tmp/react-dom-15.4.0-rc.2.tgz_1475707857341_0.00034499261528253555"},"directories":{}},"15.4.0-rc.3":{"name":"react-dom","version":"15.4.0-rc.3","description":"React package for working with the DOM.","main":"index.js","repository":{"type":"git","url":"git+https://github.com/facebook/react.git"},"keywords":["react"],"license":"BSD-3-Clause","bugs":{"url":"https://github.com/facebook/react/issues"},"homepage":"https://facebook.github.io/react/","dependencies":{"fbjs":"^0.8.1","loose-envify":"^1.1.0","object-assign":"^4.1.0"},"peerDependencies":{"react":"^15.4.0-rc.3"},"files":["LICENSE","PATENTS","README.md","dist/","lib/","index.js","server.js"],"browserify":{"transform":["loose-envify"]},"scripts":{"start":"node server.js"},"_id":"react-dom@15.4.0-rc.3","_shasum":"01f71014a907bb66dd1a103a5e33b06665755327","_resolved":"file:packages/react-dom.tgz","_from":"packages/react-dom.tgz","_npmVersion":"3.10.3","_nodeVersion":"6.3.1","_npmUser":{"name":"gaearon","email":"dan.abramov@gmail.com"},"dist":{"shasum":"01f71014a907bb66dd1a103a5e33b06665755327","tarball":"https://registry.npmjs.org/react-dom/-/react-dom-15.4.0-rc.3.tgz"},"maintainers":[{"name":"fb","email":"opensource+npm@fb.com"},{"name":"gaearon","email":"dan.abramov@gmail.com"},{"name":"graue","email":"scott@oceanbase.org"},{"name":"sebmarkbage","email":"sebastian@calyptus.eu"},{"name":"spicyj","email":"ben@benalpert.com"},{"name":"zpao","email":"paul@oshannessy.com"}],"_npmOperationalInternal":{"host":"packages-16-east.internal.npmjs.com","tmp":"tmp/react-dom-15.4.0-rc.3.tgz_1476472461910_0.6667447746731341"},"directories":{}},"15.4.0-rc.4":{"name":"react-dom","version":"15.4.0-rc.4","description":"React package for working with the DOM.","main":"index.js","repository":{"type":"git","url":"git+https://github.com/facebook/react.git"},"keywords":["react"],"license":"BSD-3-Clause","bugs":{"url":"https://github.com/facebook/react/issues"},"homepage":"https://facebook.github.io/react/","dependencies":{"fbjs":"^0.8.1","loose-envify":"^1.1.0","object-assign":"^4.1.0"},"peerDependencies":{"react":"^15.4.0-rc.4"},"files":["LICENSE","PATENTS","README.md","dist/","lib/","index.js","server.js"],"browserify":{"transform":["loose-envify"]},"scripts":{"start":"node server.js"},"_id":"react-dom@15.4.0-rc.4","_shasum":"e95bbe99d47aeefd60bad9a0502ca926283d960a","_from":".","_npmVersion":"3.10.3","_nodeVersion":"6.6.0","_npmUser":{"name":"sebmarkbage","email":"sebastian@calyptus.eu"},"maintainers":[{"name":"fb","email":"opensource+npm@fb.com"},{"name":"gaearon","email":"dan.abramov@gmail.com"},{"name":"graue","email":"scott@oceanbase.org"},{"name":"sebmarkbage","email":"sebastian@calyptus.eu"},{"name":"spicyj","email":"ben@benalpert.com"},{"name":"zpao","email":"paul@oshannessy.com"}],"dist":{"shasum":"e95bbe99d47aeefd60bad9a0502ca926283d960a","tarball":"https://registry.npmjs.org/react-dom/-/react-dom-15.4.0-rc.4.tgz"},"_npmOperationalInternal":{"host":"packages-12-west.internal.npmjs.com","tmp":"tmp/react-dom-15.4.0-rc.4.tgz_1476482409291_0.7534566151443869"},"directories":{}},"15.4.0":{"name":"react-dom","version":"15.4.0","description":"React package for working with the DOM.","main":"index.js","repository":{"type":"git","url":"git+https://github.com/facebook/react.git"},"keywords":["react"],"license":"BSD-3-Clause","bugs":{"url":"https://github.com/facebook/react/issues"},"homepage":"https://facebook.github.io/react/","dependencies":{"fbjs":"^0.8.1","loose-envify":"^1.1.0","object-assign":"^4.1.0"},"peerDependencies":{"react":"^15.4.0"},"files":["LICENSE","PATENTS","README.md","dist/","lib/","index.js","server.js"],"browserify":{"transform":["loose-envify"]},"scripts":{"start":"node server.js"},"_id":"react-dom@15.4.0","_shasum":"6a97a69000966570db48c746bc4b7b0ca50d1534","_resolved":"file:build/packages/react-dom.tgz","_from":"build/packages/react-dom.tgz","_npmVersion":"3.10.8","_nodeVersion":"6.9.1","_npmUser":{"name":"tomocchino","email":"tomocchino@gmail.com"},"dist":{"shasum":"6a97a69000966570db48c746bc4b7b0ca50d1534","tarball":"https://registry.npmjs.org/react-dom/-/react-dom-15.4.0.tgz"},"maintainers":[{"name":"fb","email":"opensource+npm@fb.com"},{"name":"gaearon","email":"dan.abramov@gmail.com"},{"name":"graue","email":"scott@oceanbase.org"},{"name":"sebmarkbage","email":"sebastian@calyptus.eu"},{"name":"spicyj","email":"ben@benalpert.com"},{"name":"tomocchino","email":"tomocchino@gmail.com"},{"name":"zpao","email":"paul@oshannessy.com"}],"_npmOperationalInternal":{"host":"packages-18-east.internal.npmjs.com","tmp":"tmp/react-dom-15.4.0.tgz_1479306774757_0.8015152509324253"},"directories":{}},"15.4.1":{"name":"react-dom","version":"15.4.1","description":"React package for working with the DOM.","main":"index.js","repository":{"type":"git","url":"git+https://github.com/facebook/react.git"},"keywords":["react"],"license":"BSD-3-Clause","bugs":{"url":"https://github.com/facebook/react/issues"},"homepage":"https://facebook.github.io/react/","dependencies":{"fbjs":"^0.8.1","loose-envify":"^1.1.0","object-assign":"^4.1.0"},"peerDependencies":{"react":"^15.4.1"},"files":["LICENSE","PATENTS","README.md","dist/","lib/","index.js","server.js"],"browserify":{"transform":["loose-envify"]},"scripts":{"start":"node server.js"},"_id":"react-dom@15.4.1","_shasum":"d54c913261aaedb17adc20410d029dcc18a1344a","_resolved":"file:build/packages/react-dom.tgz","_from":"build/packages/react-dom.tgz","_npmVersion":"3.10.8","_nodeVersion":"6.9.0","_npmUser":{"name":"spicyj","email":"ben@benalpert.com"},"maintainers":[{"name":"fb","email":"opensource+npm@fb.com"},{"name":"gaearon","email":"dan.abramov@gmail.com"},{"name":"graue","email":"scott@oceanbase.org"},{"name":"sebmarkbage","email":"sebastian@calyptus.eu"},{"name":"spicyj","email":"ben@benalpert.com"},{"name":"tomocchino","email":"tomocchino@gmail.com"},{"name":"zpao","email":"paul@oshannessy.com"}],"dist":{"shasum":"d54c913261aaedb17adc20410d029dcc18a1344a","tarball":"https://registry.npmjs.org/react-dom/-/react-dom-15.4.1.tgz"},"_npmOperationalInternal":{"host":"packages-18-east.internal.npmjs.com","tmp":"tmp/react-dom-15.4.1.tgz_1479866345994_0.5994439113419503"},"directories":{}},"15.4.2":{"name":"react-dom","version":"15.4.2","description":"React package for working with the DOM.","main":"index.js","repository":{"type":"git","url":"git+https://github.com/facebook/react.git"},"keywords":["react"],"license":"BSD-3-Clause","bugs":{"url":"https://github.com/facebook/react/issues"},"homepage":"https://facebook.github.io/react/","dependencies":{"fbjs":"^0.8.1","loose-envify":"^1.1.0","object-assign":"^4.1.0"},"peerDependencies":{"react":"^15.4.2"},"files":["LICENSE","PATENTS","README.md","dist/","lib/","index.js","server.js"],"browserify":{"transform":["loose-envify"]},"scripts":{"start":"node server.js"},"_id":"react-dom@15.4.2","_shasum":"015363f05b0a1fd52ae9efdd3a0060d90695208f","_resolved":"file:build/packages/react-dom.tgz","_from":"build/packages/react-dom.tgz","_npmVersion":"3.10.8","_nodeVersion":"6.3.1","_npmUser":{"name":"gaearon","email":"dan.abramov@gmail.com"},"dist":{"shasum":"015363f05b0a1fd52ae9efdd3a0060d90695208f","tarball":"https://registry.npmjs.org/react-dom/-/react-dom-15.4.2.tgz"},"maintainers":[{"name":"fb","email":"opensource+npm@fb.com"},{"name":"gaearon","email":"dan.abramov@gmail.com"},{"name":"graue","email":"scott@oceanbase.org"},{"name":"sebmarkbage","email":"sebastian@calyptus.eu"},{"name":"spicyj","email":"ben@benalpert.com"},{"name":"tomocchino","email":"tomocchino@gmail.com"},{"name":"zpao","email":"paul@oshannessy.com"}],"_npmOperationalInternal":{"host":"packages-12-west.internal.npmjs.com","tmp":"tmp/react-dom-15.4.2.tgz_1483733768418_0.5142030897550285"},"directories":{}},"16.0.0-alpha":{"name":"react-dom","version":"16.0.0-alpha","description":"React package for working with the DOM.","main":"index.js","repository":{"type":"git","url":"git+https://github.com/facebook/react.git"},"keywords":["react"],"license":"BSD-3-Clause","bugs":{"url":"https://github.com/facebook/react/issues"},"homepage":"https://facebook.github.io/react/","dependencies":{"fbjs":"^0.8.4","loose-envify":"^1.1.0","object-assign":"^4.1.0"},"peerDependencies":{"react":"^16.0.0-alpha"},"files":["LICENSE","PATENTS","README.md","dist/","lib/","index.js","server.js"],"browserify":{"transform":["loose-envify"]},"scripts":{"start":"node server.js"},"_id":"react-dom@16.0.0-alpha","_shasum":"51c7e7c0d34342a29614e3a91f3905625fc134af","_resolved":"file:build/packages/react-dom.tgz","_from":"build/packages/react-dom.tgz","_npmVersion":"3.10.8","_nodeVersion":"6.9.1","_npmUser":{"name":"brianvaughn","email":"briandavidvaughn@gmail.com"},"dist":{"shasum":"51c7e7c0d34342a29614e3a91f3905625fc134af","tarball":"https://registry.npmjs.org/react-dom/-/react-dom-16.0.0-alpha.tgz"},"maintainers":[{"name":"brianvaughn","email":"briandavidvaughn@gmail.com"},{"name":"fb","email":"opensource+npm@fb.com"},{"name":"gaearon","email":"dan.abramov@gmail.com"},{"name":"sebmarkbage","email":"sebastian@calyptus.eu"},{"name":"spicyj","email":"ben@benalpert.com"},{"name":"tomocchino","email":"tomocchino@gmail.com"},{"name":"zpao","email":"paul@oshannessy.com"}],"_npmOperationalInternal":{"host":"packages-12-west.internal.npmjs.com","tmp":"tmp/react-dom-16.0.0-alpha.tgz_1484008051724_0.10438701952807605"},"directories":{}},"16.0.0-alpha.0":{"name":"react-dom","version":"16.0.0-alpha.0","description":"React package for working with the DOM.","main":"index.js","repository":{"type":"git","url":"git+https://github.com/facebook/react.git"},"keywords":["react"],"license":"BSD-3-Clause","bugs":{"url":"https://github.com/facebook/react/issues"},"homepage":"https://facebook.github.io/react/","dependencies":{"fbjs":"^0.8.4","loose-envify":"^1.1.0","object-assign":"^4.1.0"},"peerDependencies":{"react":"^16.0.0-alpha.0"},"files":["LICENSE","PATENTS","README.md","dist/","lib/","index.js","server.js"],"browserify":{"transform":["loose-envify"]},"scripts":{"start":"node server.js"},"_id":"react-dom@16.0.0-alpha.0","_shasum":"80ea996b10d0f49cf280eacc9c7b1738c6de29aa","_resolved":"file:packages/react-dom.tgz","_from":"packages/react-dom.tgz","_npmVersion":"3.10.8","_nodeVersion":"6.9.1","_npmUser":{"name":"brianvaughn","email":"briandavidvaughn@gmail.com"},"dist":{"shasum":"80ea996b10d0f49cf280eacc9c7b1738c6de29aa","tarball":"https://registry.npmjs.org/react-dom/-/react-dom-16.0.0-alpha.0.tgz"},"maintainers":[{"name":"brianvaughn","email":"briandavidvaughn@gmail.com"},{"name":"fb","email":"opensource+npm@fb.com"},{"name":"gaearon","email":"dan.abramov@gmail.com"},{"name":"sebmarkbage","email":"sebastian@calyptus.eu"},{"name":"spicyj","email":"ben@benalpert.com"},{"name":"tomocchino","email":"tomocchino@gmail.com"},{"name":"zpao","email":"paul@oshannessy.com"}],"_npmOperationalInternal":{"host":"packages-12-west.internal.npmjs.com","tmp":"tmp/react-dom-16.0.0-alpha.0.tgz_1485374689453_0.008099786471575499"},"directories":{}},"16.0.0-alpha.2":{"name":"react-dom","version":"16.0.0-alpha.2","description":"React package for working with the DOM.","main":"index.js","repository":{"type":"git","url":"git+https://github.com/facebook/react.git"},"keywords":["react"],"license":"BSD-3-Clause","bugs":{"url":"https://github.com/facebook/react/issues"},"homepage":"https://facebook.github.io/react/","dependencies":{"fbjs":"^0.8.9","loose-envify":"^1.1.0","object-assign":"^4.1.0"},"peerDependencies":{"react":"^16.0.0-alpha.2"},"files":["LICENSE","PATENTS","README.md","dist/","lib/","index.js","server.js"],"browserify":{"transform":["loose-envify"]},"scripts":{"start":"node server.js"},"_id":"react-dom@16.0.0-alpha.2","_shasum":"b2c916b0b0d8b34567967bdb945f55827a571c29","_resolved":"file:build/packages/react-dom.tgz","_from":"build/packages/react-dom.tgz","_npmVersion":"3.10.3","_nodeVersion":"6.3.1","_npmUser":{"name":"gaearon","email":"dan.abramov@gmail.com"},"dist":{"shasum":"b2c916b0b0d8b34567967bdb945f55827a571c29","tarball":"https://registry.npmjs.org/react-dom/-/react-dom-16.0.0-alpha.2.tgz"},"maintainers":[{"name":"brianvaughn","email":"briandavidvaughn@gmail.com"},{"name":"fb","email":"opensource+npm@fb.com"},{"name":"gaearon","email":"dan.abramov@gmail.com"},{"name":"sebmarkbage","email":"sebastian@calyptus.eu"},{"name":"spicyj","email":"ben@benalpert.com"},{"name":"tomocchino","email":"tomocchino@gmail.com"},{"name":"zpao","email":"paul@oshannessy.com"}],"_npmOperationalInternal":{"host":"packages-18-east.internal.npmjs.com","tmp":"tmp/react-dom-16.0.0-alpha.2.tgz_1486656985673_0.4703085436485708"},"directories":{}},"16.0.0-alpha.3":{"name":"react-dom","version":"16.0.0-alpha.3","description":"React package for working with the DOM.","main":"index.js","repository":{"type":"git","url":"git+https://github.com/facebook/react.git"},"keywords":["react"],"license":"BSD-3-Clause","bugs":{"url":"https://github.com/facebook/react/issues"},"homepage":"https://facebook.github.io/react/","dependencies":{"fbjs":"^0.8.9","loose-envify":"^1.1.0","object-assign":"^4.1.0"},"peerDependencies":{"react":"^16.0.0-alpha.3"},"files":["LICENSE","PATENTS","README.md","dist/","lib/","index.js","server.js"],"browserify":{"transform":["loose-envify"]},"scripts":{"start":"node server.js"},"_id":"react-dom@16.0.0-alpha.3","_shasum":"9cf304ea4bcdafe026f29ec2e71373316ec597ab","_resolved":"file:build/packages/react-dom.tgz","_from":"build/packages/react-dom.tgz","_npmVersion":"3.10.10","_nodeVersion":"6.10.0","_npmUser":{"name":"acdlite","email":"acdlite@me.com"},"dist":{"shasum":"9cf304ea4bcdafe026f29ec2e71373316ec597ab","tarball":"https://registry.npmjs.org/react-dom/-/react-dom-16.0.0-alpha.3.tgz"},"maintainers":[{"name":"acdlite","email":"acdlite@me.com"},{"name":"brianvaughn","email":"briandavidvaughn@gmail.com"},{"name":"fb","email":"opensource+npm@fb.com"},{"name":"gaearon","email":"dan.abramov@gmail.com"},{"name":"sebmarkbage","email":"sebastian@calyptus.eu"},{"name":"spicyj","email":"ben@benalpert.com"},{"name":"tomocchino","email":"tomocchino@gmail.com"},{"name":"zpao","email":"paul@oshannessy.com"}],"_npmOperationalInternal":{"host":"packages-12-west.internal.npmjs.com","tmp":"tmp/react-dom-16.0.0-alpha.3.tgz_1487893953751_0.648889419157058"},"directories":{}},"16.0.0-alpha.4":{"name":"react-dom","version":"16.0.0-alpha.4","description":"React package for working with the DOM.","main":"index.js","repository":{"type":"git","url":"git+https://github.com/facebook/react.git"},"keywords":["react"],"license":"BSD-3-Clause","bugs":{"url":"https://github.com/facebook/react/issues"},"homepage":"https://facebook.github.io/react/","dependencies":{"fbjs":"^0.8.9","loose-envify":"^1.1.0","object-assign":"^4.1.0"},"peerDependencies":{"react":"^16.0.0-alpha.4"},"files":["LICENSE","PATENTS","README.md","dist/","lib/","index.js","server.js"],"browserify":{"transform":["loose-envify"]},"scripts":{"start":"node server.js"},"_id":"react-dom@16.0.0-alpha.4","_shasum":"feb5782eea58d945afcb0bed110deda9df75818a","_resolved":"file:packages/react-dom.tgz","_from":"packages/react-dom.tgz","_npmVersion":"3.10.8","_nodeVersion":"6.9.0","_npmUser":{"name":"spicyj","email":"ben@benalpert.com"},"maintainers":[{"name":"acdlite","email":"acdlite@me.com"},{"name":"brianvaughn","email":"briandavidvaughn@gmail.com"},{"name":"fb","email":"opensource+npm@fb.com"},{"name":"gaearon","email":"dan.abramov@gmail.com"},{"name":"sebmarkbage","email":"sebastian@calyptus.eu"},{"name":"spicyj","email":"ben@benalpert.com"},{"name":"tomocchino","email":"tomocchino@gmail.com"},{"name":"zpao","email":"paul@oshannessy.com"}],"dist":{"shasum":"feb5782eea58d945afcb0bed110deda9df75818a","tarball":"https://registry.npmjs.org/react-dom/-/react-dom-16.0.0-alpha.4.tgz"},"_npmOperationalInternal":{"host":"packages-18-east.internal.npmjs.com","tmp":"tmp/react-dom-16.0.0-alpha.4.tgz_1489420671644_0.07928068120963871"},"directories":{}}},"readme":"# `react-dom`\n\nThis package serves as the entry point of the DOM-related rendering paths. It is intended to be paired with the isomorphic React, which will be shipped as `react` to npm.\n\n## Installation\n\n```sh\nnpm install react react-dom\n```\n\n## Usage\n\n### In the browser\n\n```js\nvar React = require('react');\nvar ReactDOM = require('react-dom');\n\nclass MyComponent extends React.Component {\n  render() {\n    return <div>Hello World</div>;\n  }\n}\n\nReactDOM.render(<MyComponent />, node);\n```\n\n### On the server\n\n```js\nvar React = require('react');\nvar ReactDOMServer = require('react-dom/server');\n\nclass MyComponent extends React.Component {\n  render() {\n    return <div>Hello World</div>;\n  }\n}\n\nReactDOMServer.renderToString(<MyComponent />);\n```\n\n## API\n\n### `react-dom`\n\n- `findDOMNode`\n- `render`\n- `unmountComponentAtNode`\n\n### `react-dom/server`\n\n- `renderToString`\n- `renderToStaticMarkup`\n","maintainers":[{"name":"acdlite","email":"acdlite@me.com"},{"name":"brianvaughn","email":"briandavidvaughn@gmail.com"},{"name":"fb","email":"opensource+npm@fb.com"},{"name":"gaearon","email":"dan.abramov@gmail.com"},{"name":"sebmarkbage","email":"sebastian@calyptus.eu"},{"name":"spicyj","email":"ben@benalpert.com"},{"name":"tomocchino","email":"tomocchino@gmail.com"},{"name":"zpao","email":"paul@oshannessy.com"}],"time":{"modified":"2017-03-14T19:16:05.249Z","created":"2014-05-06T18:59:36.160Z","0.1.0":"2014-05-06T18:59:36.160Z","0.14.0-beta1":"2015-07-03T08:47:36.859Z","0.14.0-beta2":"2015-07-31T05:32:31.129Z","0.14.0-beta3":"2015-08-03T21:33:53.540Z","0.14.0-rc1":"2015-09-10T16:02:13.157Z","0.14.0":"2015-10-07T17:29:35.289Z","0.14.1":"2015-10-28T21:36:05.173Z","0.14.2":"2015-11-02T19:55:14.560Z","0.14.3":"2015-11-19T02:26:48.974Z","0.14.4":"2015-12-29T22:00:13.038Z","0.14.5":"2015-12-29T22:40:03.262Z","0.14.6":"2016-01-06T23:52:52.338Z","0.15.0-alpha.1":"2016-01-21T04:16:19.791Z","0.14.7":"2016-01-28T19:59:21.186Z","15.0.0-rc.1":"2016-03-08T01:07:30.431Z","15.0.0-rc.2":"2016-03-16T22:19:25.716Z","0.14.8":"2016-03-29T16:19:51.077Z","15.0.0":"2016-04-07T21:25:44.824Z","15.0.1":"2016-04-08T18:24:03.871Z","15.0.2-alpha.1":"2016-04-20T18:17:21.275Z","15.0.2-alpha.2":"2016-04-21T22:22:04.168Z","15.0.2-alpha.3":"2016-04-25T20:03:54.772Z","15.0.2-alpha.4":"2016-04-28T07:12:05.405Z","15.0.2":"2016-04-30T00:38:21.736Z","15.0.3-alpha.1":"2016-05-03T19:40:25.441Z","15.0.3-alpha.2":"2016-05-10T04:37:56.938Z","15.1.0-alpha.1":"2016-05-10T05:28:28.727Z","15.1.0":"2016-05-20T23:06:19.582Z","15.2.0-rc.1":"2016-06-15T01:30:10.969Z","15.2.0-rc.2":"2016-07-01T06:32:02.930Z","15.2.0":"2016-07-01T18:52:18.934Z","15.2.1":"2016-07-08T22:31:06.338Z","15.3.0-rc.1":"2016-07-13T18:58:27.198Z","15.3.0-rc.2":"2016-07-13T21:02:06.521Z","15.3.0-rc.3":"2016-07-21T22:59:10.004Z","15.3.0":"2016-07-29T18:38:13.089Z","15.3.1-rc.1":"2016-08-12T23:35:19.931Z","15.3.1-rc.2":"2016-08-15T22:56:22.608Z","15.3.1":"2016-08-19T18:50:14.130Z","15.3.2-rc.1":"2016-09-15T23:43:35.377Z","15.3.2":"2016-09-19T17:46:57.685Z","15.4.0-rc.1":"2016-10-04T22:35:37.609Z","15.4.0-rc.2":"2016-10-05T22:50:57.582Z","15.4.0-rc.3":"2016-10-14T19:14:23.429Z","15.4.0-rc.4":"2016-10-14T22:00:09.527Z","15.4.0":"2016-11-16T14:32:55.418Z","15.4.1":"2016-11-23T01:59:08.303Z","15.4.2":"2017-01-06T20:16:11.024Z","16.0.0-alpha":"2017-01-10T00:27:31.952Z","16.0.0-alpha.0":"2017-01-25T20:04:49.683Z","16.0.0-alpha.2":"2017-02-09T16:16:26.330Z","16.0.0-alpha.3":"2017-02-23T23:52:33.985Z","16.0.0-alpha.4":"2017-03-13T15:57:52.301Z"},"homepage":"https://facebook.github.io/react/","keywords":["react"],"repository":{"type":"git","url":"git+https://github.com/facebook/react.git"},"bugs":{"url":"https://github.com/facebook/react/issues"},"license":"BSD-3-Clause","readmeFilename":"README.md","users":{"arkanciscan":true,"koulmomo":true,"markthethomas":true,"stefanof":true,"nelix":true,"vbv":true,"davidchubbs":true,"almccann":true,"panlw":true,"urbantumbleweed":true,"wkaifang":true,"wwayne":true,"digitalextremist":true,"samar":true,"philipjc":true,"leonardorb":true,"mathieuancelin":true,"ambdxtrch":true,"arayzou":true,"evan2x":true,"rhaynel":true,"daniele_cammarata":true,"foto":true,"brandonccx":true,"kerwyn":true,"travm":true,"bsnote":true,"jolyon":true,"kay.sackey":true,"sobear":true,"kratyk":true,"ongmin":true,"cfleschhut":true,"brien-crean":true,"highlanderkev":true,"richie_south":true,"konamgil":true,"ajaegle":true,"qqcome110":true,"modao":true,"kytart":true,"zhouanbo":true,"mikeljames":true,"freebird":true,"princetoad":true,"rokeyzki":true,"alexandesigner":true,"asm2hex":true,"ferchoriverar":true,"dskecse":true,"pmasa":true,"kaapex":true,"gaboesquivel":true,"josejaguirre":true,"alexjsdev":true,"shore12358":true,"saravntbe":true,"fabrianibrahim":true,"dr2009":true,"septs":true,"fsgdez":true,"digitalblake":true,"leocreatini":true,"scotchulous":true,"razr9":true,"onufrienko":true,"akarem":true,"tedyhy":true,"tonyseek":true,"enzoferey":true,"bogdanvlviv":true,"natforyou":true,"v3rron":true,"pris54":true,"davidjsalazarmoreno":true,"easimonenko":true,"tmurngon":true,"mswanson1524":true,"morogasper":true,"romelperez":true,"coderaiser":true,"langri-sha":true,"federico-garcia":true,"timjk":true,"qddegtya":true,"rylan_yan":true,"wearevilla":true,"atulmy":true,"tcrowe":true,"hyteer":true,"npmlincq":true,"evdokimovm":true,"kevinagin":true,"chinawolf_wyp":true,"nate-river":true,"abpeinado":true,"chrisakakay":true,"oandrelopes":true},"_attachments":{},"_etag":"W/\"58c84175-120ea\"","_lastModified":"Tue, 14 Mar 2017 19:16:05 GMT"}