{"_id":"winston","_rev":"532-072c72a6be7335ffaae86c27c13a29a8","name":"winston","description":"A multi-transport async logging library for Node.js","dist-tags":{"latest":"2.3.1"},"versions":{"0.2.11":{"name":"winston","description":"A multi-transport async logging library for Node.js","version":"0.2.11","author":{"name":"Charlie Robbins","email":"charlie.robbins@gmail.com"},"contributors":[{"name":"Matthew Bergman","email":"mzbphoto@gmail.com"}],"repository":{"type":"git","url":"git://github.com/indexzero/winston.git"},"keywords":["logging","sysadmin","tools"],"dependencies":{"colors":"0.x.x","eyes":"0.1.x","loggly":"0.3.x","riak-js":">= 0.4.0rc2","mongodb":"0.9.x"},"devDependencies":{"vows":"0.5.x"},"main":"./lib/winston","scripts":{"test":"vows test/*-test.js --spec"},"engines":{"node":">= 0.4.0"},"_id":"winston@0.2.11","_engineSupported":true,"_npmVersion":"1.0.6","_nodeVersion":"v0.4.8","_defaultsLoaded":true,"dist":{"shasum":"596c131ac552a2194b37ba622ded9f887131599c","tarball":"https://registry.npmjs.org/winston/-/winston-0.2.11.tgz"},"directories":{}},"0.3.3":{"name":"winston","description":"A multi-transport async logging library for Node.js","version":"0.3.3","author":{"name":"Charlie Robbins","email":"charlie.robbins@gmail.com"},"contributors":[{"name":"Matthew Bergman","email":"mzbphoto@gmail.com"},{"name":"Marak Squires","email":"marak@nodejitsu.com"}],"repository":{"type":"git","url":"git://github.com/indexzero/winston.git"},"keywords":["logging","sysadmin","tools"],"dependencies":{"colors":"0.x.x","eyes":"0.1.x","loggly":"0.3.x","pkginfo":"0.2.x"},"devDependencies":{"vows":"0.5.x"},"main":"./lib/winston","scripts":{"test":"vows test/*-test.js --spec"},"engines":{"node":">= 0.4.0"},"_npmJsonOpts":{"file":"/Users/Charlie/.npm/winston/0.3.3/package/package.json","wscript":false,"contributors":false,"serverjs":false},"_id":"winston@0.3.3","_engineSupported":true,"_npmVersion":"1.0.18","_nodeVersion":"v0.4.10","_defaultsLoaded":true,"dist":{"shasum":"e4b38e7117e5cc91dc632a2338efbbbdcdf72034","tarball":"https://registry.npmjs.org/winston/-/winston-0.3.3.tgz"},"directories":{}},"0.3.4":{"name":"winston","description":"A multi-transport async logging library for Node.js","version":"0.3.4","author":{"name":"Charlie Robbins","email":"charlie.robbins@gmail.com"},"contributors":[{"name":"Matthew Bergman","email":"mzbphoto@gmail.com"},{"name":"Marak Squires","email":"marak@nodejitsu.com"}],"repository":{"type":"git","url":"git://github.com/indexzero/winston.git"},"keywords":["logging","sysadmin","tools"],"dependencies":{"colors":"0.x.x","eyes":"0.1.x","loggly":"0.3.x","pkginfo":"0.2.x"},"devDependencies":{"vows":"0.5.x"},"main":"./lib/winston","scripts":{"test":"vows test/*-test.js --spec"},"engines":{"node":">= 0.4.0"},"_npmJsonOpts":{"file":"/Users/Charlie/.npm/winston/0.3.4/package/package.json","wscript":false,"contributors":false,"serverjs":false},"_id":"winston@0.3.4","_engineSupported":true,"_npmVersion":"1.0.22","_nodeVersion":"v0.4.10","_defaultsLoaded":true,"dist":{"shasum":"bade1b45c944731970d8df9fb1d1927b0fbcf697","tarball":"https://registry.npmjs.org/winston/-/winston-0.3.4.tgz"},"maintainers":[{"name":"indexzero","email":"charlie.robbins@gmail.com"}],"directories":{}},"0.3.5":{"name":"winston","description":"A multi-transport async logging library for Node.js","version":"0.3.5","author":{"name":"Charlie Robbins","email":"charlie.robbins@gmail.com"},"contributors":[{"name":"Matthew Bergman","email":"mzbphoto@gmail.com"},{"name":"Marak Squires","email":"marak@nodejitsu.com"}],"repository":{"type":"git","url":"git://github.com/indexzero/winston.git"},"keywords":["logging","sysadmin","tools"],"dependencies":{"colors":"0.x.x","eyes":"0.1.x","loggly":"0.3.x","pkginfo":"0.2.x"},"devDependencies":{"vows":"0.5.x"},"main":"./lib/winston","scripts":{"test":"vows test/*-test.js --spec"},"engines":{"node":">= 0.4.0"},"_npmJsonOpts":{"file":"/Users/Charlie/.npm/winston/0.3.5/package/package.json","wscript":false,"contributors":false,"serverjs":false},"_id":"winston@0.3.5","_engineSupported":true,"_npmVersion":"1.0.23","_nodeVersion":"v0.4.10","_defaultsLoaded":true,"dist":{"shasum":"04d3fc80b7049872c065ee8a912c0fd3f5199668","tarball":"https://registry.npmjs.org/winston/-/winston-0.3.5.tgz"},"maintainers":[{"name":"indexzero","email":"charlie.robbins@gmail.com"}],"directories":{}},"0.4.0":{"name":"winston","description":"A multi-transport async logging library for Node.js","version":"0.4.0","author":{"name":"Charlie Robbins","email":"charlie.robbins@gmail.com"},"contributors":[{"name":"Matthew Bergman","email":"mzbphoto@gmail.com"},{"name":"Marak Squires","email":"marak@nodejitsu.com"}],"repository":{"type":"git","url":"git://github.com/indexzero/winston.git"},"keywords":["logging","sysadmin","tools"],"dependencies":{"async":"0.1.x","colors":"0.x.x","eyes":"0.1.x","loggly":"0.3.x >=0.3.7","pkginfo":"0.2.x","stack-trace":"0.0.x"},"devDependencies":{"vows":"0.5.x >=0.5.11"},"main":"./lib/winston","scripts":{"test":"vows test/*-test.js --spec"},"engines":{"node":">= 0.4.0"},"_npmJsonOpts":{"file":"/Users/Charlie/.npm/winston/0.4.0/package/package.json","wscript":false,"contributors":false,"serverjs":false},"_id":"winston@0.4.0","_engineSupported":true,"_npmVersion":"1.0.23","_nodeVersion":"v0.4.10","_defaultsLoaded":true,"dist":{"shasum":"c66bffffbb94b0c5d5173871fc26aa485be01a28","tarball":"https://registry.npmjs.org/winston/-/winston-0.4.0.tgz"},"maintainers":[{"name":"indexzero","email":"charlie.robbins@gmail.com"}],"directories":{}},"0.4.1":{"name":"winston","description":"A multi-transport async logging library for Node.js","version":"0.4.1","author":{"name":"Charlie Robbins","email":"charlie.robbins@gmail.com"},"contributors":[{"name":"Matthew Bergman","email":"mzbphoto@gmail.com"},{"name":"Marak Squires","email":"marak@nodejitsu.com"}],"repository":{"type":"git","url":"git://github.com/indexzero/winston.git"},"keywords":["logging","sysadmin","tools"],"dependencies":{"async":"0.1.x","colors":"0.x.x","eyes":"0.1.x","loggly":"0.3.x >=0.3.7","pkginfo":"0.2.x","stack-trace":"0.0.x"},"devDependencies":{"vows":"0.5.x >=0.5.11"},"main":"./lib/winston","scripts":{"test":"vows test/*-test.js --spec --isolate"},"engines":{"node":">= 0.4.0"},"_npmJsonOpts":{"file":"/Users/Charlie/.npm/winston/0.4.1/package/package.json","wscript":false,"contributors":false,"serverjs":false},"_id":"winston@0.4.1","_engineSupported":true,"_npmVersion":"1.0.23","_nodeVersion":"v0.4.11","_defaultsLoaded":true,"dist":{"shasum":"ed47572fc787a266d4c65fcf14151e0298907b95","tarball":"https://registry.npmjs.org/winston/-/winston-0.4.1.tgz"},"maintainers":[{"name":"indexzero","email":"charlie.robbins@gmail.com"}],"directories":{}},"0.5.0":{"name":"winston","description":"A multi-transport async logging library for Node.js","version":"0.5.0","author":{"name":"Charlie Robbins","email":"charlie.robbins@gmail.com"},"contributors":[{"name":"Matthew Bergman","email":"mzbphoto@gmail.com"},{"name":"Marak Squires","email":"marak@nodejitsu.com"}],"repository":{"type":"git","url":"git://github.com/indexzero/winston.git"},"keywords":["logging","sysadmin","tools"],"dependencies":{"async":"0.1.x","colors":"0.x.x","eyes":"0.1.x","loggly":"0.3.x >=0.3.7","pkginfo":"0.2.x","stack-trace":"0.0.x"},"devDependencies":{"vows":"0.5.x >=0.5.11"},"main":"./lib/winston","scripts":{"test":"vows --spec --isolate"},"engines":{"node":">= 0.4.0"},"_npmJsonOpts":{"file":"/Users/Charlie/.npm/winston/0.5.0/package/package.json","wscript":false,"contributors":false,"serverjs":false},"_id":"winston@0.5.0","_engineSupported":true,"_npmVersion":"1.0.23","_nodeVersion":"v0.4.11","_defaultsLoaded":true,"dist":{"shasum":"38269506eaf446ecb8808295ea1d3da05010ab82","tarball":"https://registry.npmjs.org/winston/-/winston-0.5.0.tgz"},"maintainers":[{"name":"indexzero","email":"charlie.robbins@gmail.com"}],"directories":{}},"0.5.1":{"name":"winston","description":"A multi-transport async logging library for Node.js","version":"0.5.1","author":{"name":"Charlie Robbins","email":"charlie.robbins@gmail.com"},"contributors":[{"name":"Matthew Bergman","email":"mzbphoto@gmail.com"},{"name":"Marak Squires","email":"marak@nodejitsu.com"}],"repository":{"type":"git","url":"git://github.com/indexzero/winston.git"},"keywords":["logging","sysadmin","tools"],"dependencies":{"async":"0.1.x","colors":"0.x.x","eyes":"0.1.x","loggly":"0.3.x >=0.3.7","pkginfo":"0.2.x","stack-trace":"0.0.x"},"devDependencies":{"vows":"0.5.x >=0.5.11"},"main":"./lib/winston","scripts":{"test":"vows --spec --isolate"},"engines":{"node":">= 0.4.0"},"_npmJsonOpts":{"file":"/Users/Charlie/.npm/winston/0.5.1/package/package.json","wscript":false,"contributors":false,"serverjs":false},"_id":"winston@0.5.1","_engineSupported":true,"_npmVersion":"1.0.23","_nodeVersion":"v0.4.11","_defaultsLoaded":true,"dist":{"shasum":"2b2f40cdbf469b60f1885cc549757c4b9973e5ea","tarball":"https://registry.npmjs.org/winston/-/winston-0.5.1.tgz"},"maintainers":[{"name":"indexzero","email":"charlie.robbins@gmail.com"}],"directories":{}},"0.5.2":{"name":"winston","description":"A multi-transport async logging library for Node.js","version":"0.5.2","author":{"name":"Charlie Robbins","email":"charlie.robbins@gmail.com"},"contributors":[{"name":"Matthew Bergman","email":"mzbphoto@gmail.com"},{"name":"Marak Squires","email":"marak@nodejitsu.com"}],"repository":{"type":"git","url":"git://github.com/indexzero/winston.git"},"keywords":["logging","sysadmin","tools"],"dependencies":{"async":"0.1.x","colors":"0.x.x","eyes":"0.1.x","loggly":"0.3.x >=0.3.7","pkginfo":"0.2.x","stack-trace":"0.0.x"},"devDependencies":{"vows":"0.5.x >=0.5.11"},"main":"./lib/winston","scripts":{"test":"vows --spec --isolate"},"engines":{"node":">= 0.4.0"},"_npmJsonOpts":{"file":"/Users/Charlie/.npm/winston/0.5.2/package/package.json","wscript":false,"contributors":false,"serverjs":false},"_id":"winston@0.5.2","_engineSupported":true,"_npmVersion":"1.0.23","_nodeVersion":"v0.4.11","_defaultsLoaded":true,"dist":{"shasum":"5adcbf0a8a872e3b3584a11b1173765329b00765","tarball":"https://registry.npmjs.org/winston/-/winston-0.5.2.tgz"},"maintainers":[{"name":"indexzero","email":"charlie.robbins@gmail.com"}],"directories":{}},"0.5.3":{"name":"winston","description":"A multi-transport async logging library for Node.js","version":"0.5.3","author":{"name":"Charlie Robbins","email":"charlie.robbins@gmail.com"},"contributors":[{"name":"Matthew Bergman","email":"mzbphoto@gmail.com"},{"name":"Marak Squires","email":"marak@nodejitsu.com"}],"repository":{"type":"git","url":"git://github.com/indexzero/winston.git"},"keywords":["logging","sysadmin","tools"],"dependencies":{"async":"0.1.x","colors":"0.x.x","eyes":"0.1.x","loggly":"0.3.x >=0.3.7","pkginfo":"0.2.x","stack-trace":"0.0.x"},"devDependencies":{"vows":"0.5.x >=0.5.11"},"main":"./lib/winston","scripts":{"test":"vows --spec --isolate"},"engines":{"node":">= 0.4.0"},"_npmJsonOpts":{"file":"/Users/Charlie/.npm/winston/0.5.3/package/package.json","wscript":false,"contributors":false,"serverjs":false},"_id":"winston@0.5.3","_engineSupported":true,"_npmVersion":"1.0.23","_nodeVersion":"v0.4.11","_defaultsLoaded":true,"dist":{"shasum":"2b40e4eaacfe76b27e0c0436e626aa820da5990e","tarball":"https://registry.npmjs.org/winston/-/winston-0.5.3.tgz"},"maintainers":[{"name":"indexzero","email":"charlie.robbins@gmail.com"}],"directories":{}},"0.5.4":{"name":"winston","description":"A multi-transport async logging library for Node.js","version":"0.5.4","author":{"name":"Charlie Robbins","email":"charlie.robbins@gmail.com"},"contributors":[{"name":"Matthew Bergman","email":"mzbphoto@gmail.com"},{"name":"Marak Squires","email":"marak@nodejitsu.com"}],"repository":{"type":"git","url":"git://github.com/indexzero/winston.git"},"keywords":["logging","sysadmin","tools"],"dependencies":{"async":"0.1.x","colors":"0.x.x","eyes":"0.1.x","loggly":"0.3.x >=0.3.7","pkginfo":"0.2.x","stack-trace":"0.0.x"},"devDependencies":{"vows":"0.5.x >=0.5.11"},"main":"./lib/winston","scripts":{"test":"vows --spec --isolate"},"engines":{"node":">= 0.4.0"},"_npmJsonOpts":{"file":"/Users/Charlie/.npm/winston/0.5.4/package/package.json","wscript":false,"contributors":false,"serverjs":false},"_id":"winston@0.5.4","_engineSupported":true,"_npmVersion":"1.0.23","_nodeVersion":"v0.4.11","_defaultsLoaded":true,"dist":{"shasum":"e6d5fbfe6549a8a3e39900ad68967bc74c1c1586","tarball":"https://registry.npmjs.org/winston/-/winston-0.5.4.tgz"},"maintainers":[{"name":"indexzero","email":"charlie.robbins@gmail.com"}],"directories":{}},"0.5.5":{"name":"winston","description":"A multi-transport async logging library for Node.js","version":"0.5.5","author":{"name":"Charlie Robbins","email":"charlie.robbins@gmail.com"},"contributors":[{"name":"Matthew Bergman","email":"mzbphoto@gmail.com"},{"name":"Marak Squires","email":"marak@nodejitsu.com"}],"repository":{"type":"git","url":"git://github.com/indexzero/winston.git"},"keywords":["logging","sysadmin","tools"],"dependencies":{"async":"0.1.x","colors":"0.x.x","eyes":"0.1.x","loggly":"0.3.x >=0.3.7","pkginfo":"0.2.x","stack-trace":"0.0.x"},"devDependencies":{"vows":"0.5.x >=0.5.11"},"main":"./lib/winston","scripts":{"test":"vows --spec --isolate"},"engines":{"node":">= 0.4.0"},"_npmJsonOpts":{"file":"/Users/Charlie/.npm/winston/0.5.5/package/package.json","wscript":false,"contributors":false,"serverjs":false},"_id":"winston@0.5.5","_engineSupported":true,"_npmVersion":"1.0.23","_nodeVersion":"v0.4.11","_defaultsLoaded":true,"dist":{"shasum":"f4f859ea6d7cb38cb2f4496b4fa5ea12050e5c92","tarball":"https://registry.npmjs.org/winston/-/winston-0.5.5.tgz"},"maintainers":[{"name":"indexzero","email":"charlie.robbins@gmail.com"}],"directories":{}},"0.5.6":{"name":"winston","description":"A multi-transport async logging library for Node.js","version":"0.5.6","author":{"name":"Charlie Robbins","email":"charlie.robbins@gmail.com"},"contributors":[{"name":"Matthew Bergman","email":"mzbphoto@gmail.com"},{"name":"Marak Squires","email":"marak@nodejitsu.com"}],"repository":{"type":"git","url":"git://github.com/indexzero/winston.git"},"keywords":["logging","sysadmin","tools"],"dependencies":{"async":"0.1.x","colors":"0.x.x","eyes":"0.1.x","loggly":"0.3.x >=0.3.7","pkginfo":"0.2.x","stack-trace":"0.0.x"},"devDependencies":{"vows":"0.5.x >=0.5.11"},"main":"./lib/winston","scripts":{"test":"vows --spec --isolate"},"engines":{"node":">= 0.4.0"},"_npmJsonOpts":{"file":"/Users/Charlie/.npm/winston/0.5.6/package/package.json","wscript":false,"contributors":false,"serverjs":false},"_id":"winston@0.5.6","_engineSupported":true,"_npmVersion":"1.0.23","_nodeVersion":"v0.4.11","_defaultsLoaded":true,"dist":{"shasum":"0f4bae04ebe00c8bfd0a351797c3d2ce0416d033","tarball":"https://registry.npmjs.org/winston/-/winston-0.5.6.tgz"},"maintainers":[{"name":"indexzero","email":"charlie.robbins@gmail.com"}],"directories":{}},"0.5.7":{"name":"winston","description":"A multi-transport async logging library for Node.js","version":"0.5.7","author":{"name":"Charlie Robbins","email":"charlie.robbins@gmail.com"},"contributors":[{"name":"Matthew Bergman","email":"mzbphoto@gmail.com"},{"name":"Marak Squires","email":"marak@nodejitsu.com"}],"repository":{"type":"git","url":"git://github.com/indexzero/winston.git"},"keywords":["logging","sysadmin","tools"],"dependencies":{"async":"0.1.x","colors":"0.x.x","eyes":"0.1.x","loggly":"0.3.x >=0.3.7","pkginfo":"0.2.x","stack-trace":"0.0.x"},"devDependencies":{"vows":"0.5.x >=0.5.11"},"main":"./lib/winston","scripts":{"test":"vows --spec --isolate"},"engines":{"node":">= 0.4.0"},"_npmUser":{"name":"indexzero","email":"charlie.robbins@gmail.com"},"_id":"winston@0.5.7","_engineSupported":true,"_npmVersion":"1.0.106","_nodeVersion":"v0.4.12","_defaultsLoaded":true,"dist":{"shasum":"50597e0e6860eef9f9716a709b2857aab817e51c","tarball":"https://registry.npmjs.org/winston/-/winston-0.5.7.tgz"},"maintainers":[{"name":"indexzero","email":"charlie.robbins@gmail.com"}],"directories":{}},"0.5.8":{"name":"winston","description":"A multi-transport async logging library for Node.js","version":"0.5.8","author":{"name":"Charlie Robbins","email":"charlie.robbins@gmail.com"},"contributors":[{"name":"Matthew Bergman","email":"mzbphoto@gmail.com"},{"name":"Marak Squires","email":"marak@nodejitsu.com"}],"repository":{"type":"git","url":"git://github.com/indexzero/winston.git"},"keywords":["logging","sysadmin","tools"],"dependencies":{"async":"0.1.x","colors":"0.x.x","eyes":"0.1.x","loggly":"0.3.x >=0.3.7","pkginfo":"0.2.x","stack-trace":"0.0.x"},"devDependencies":{"vows":"0.5.x >=0.5.11"},"main":"./lib/winston","scripts":{"test":"vows --spec --isolate"},"engines":{"node":">= 0.4.0"},"_npmUser":{"name":"indexzero","email":"charlie.robbins@gmail.com"},"_id":"winston@0.5.8","_engineSupported":true,"_npmVersion":"1.0.106","_nodeVersion":"v0.4.12","_defaultsLoaded":true,"dist":{"shasum":"8a2f068613f25975d810d7f5dd45df141d67edb9","tarball":"https://registry.npmjs.org/winston/-/winston-0.5.8.tgz"},"maintainers":[{"name":"indexzero","email":"charlie.robbins@gmail.com"}],"directories":{}},"0.5.9":{"name":"winston","description":"A multi-transport async logging library for Node.js","version":"0.5.9","author":{"name":"Charlie Robbins","email":"charlie.robbins@gmail.com"},"contributors":[{"name":"Matthew Bergman","email":"mzbphoto@gmail.com"},{"name":"Marak Squires","email":"marak@nodejitsu.com"}],"repository":{"type":"git","url":"git://github.com/indexzero/winston.git"},"keywords":["logging","sysadmin","tools"],"dependencies":{"async":"0.1.x","colors":"0.x.x","eyes":"0.1.x","loggly":"0.3.x >=0.3.7","pkginfo":"0.2.x","stack-trace":"0.0.x"},"devDependencies":{"vows":"0.5.x >=0.5.11"},"main":"./lib/winston","scripts":{"test":"vows --spec --isolate"},"engines":{"node":">= 0.4.0"},"_npmUser":{"name":"indexzero","email":"charlie.robbins@gmail.com"},"_id":"winston@0.5.9","_engineSupported":true,"_npmVersion":"1.0.106","_nodeVersion":"v0.4.12","_defaultsLoaded":true,"dist":{"shasum":"3160f86b2298781599ef061bac742752e7cc3c3a","tarball":"https://registry.npmjs.org/winston/-/winston-0.5.9.tgz"},"maintainers":[{"name":"indexzero","email":"charlie.robbins@gmail.com"}],"directories":{}},"0.5.10":{"name":"winston","description":"A multi-transport async logging library for Node.js","version":"0.5.10","author":{"name":"Charlie Robbins","email":"charlie.robbins@gmail.com"},"contributors":[{"name":"Matthew Bergman","email":"mzbphoto@gmail.com"},{"name":"Marak Squires","email":"marak@nodejitsu.com"}],"repository":{"type":"git","url":"git://github.com/flatiron/winston.git"},"keywords":["logging","sysadmin","tools"],"dependencies":{"async":"0.1.x","colors":"0.x.x","eyes":"0.1.x","loggly":"0.3.x >=0.3.7","pkginfo":"0.2.x","stack-trace":"0.0.x"},"devDependencies":{"vows":"0.6.x"},"main":"./lib/winston","scripts":{"test":"vows --spec --isolate"},"engines":{"node":">= 0.4.0"},"_npmUser":{"name":"indexzero","email":"charlie.robbins@gmail.com"},"_id":"winston@0.5.10","optionalDependencies":{},"_engineSupported":true,"_npmVersion":"1.1.1","_nodeVersion":"v0.6.10","_defaultsLoaded":true,"dist":{"shasum":"34167c79a07d2757f11407f766150acf97de9b70","tarball":"https://registry.npmjs.org/winston/-/winston-0.5.10.tgz"},"maintainers":[{"name":"indexzero","email":"charlie.robbins@gmail.com"}],"directories":{}},"0.5.11":{"name":"winston","description":"A multi-transport async logging library for Node.js","version":"0.5.11","author":{"name":"Charlie Robbins","email":"charlie.robbins@gmail.com"},"contributors":[{"name":"Matthew Bergman","email":"mzbphoto@gmail.com"},{"name":"Marak Squires","email":"marak@nodejitsu.com"}],"repository":{"type":"git","url":"git://github.com/flatiron/winston.git"},"keywords":["logging","sysadmin","tools"],"dependencies":{"async":"0.1.x","colors":"0.x.x","eyes":"0.1.x","loggly":"0.3.x >=0.3.7","pkginfo":"0.2.x","stack-trace":"0.0.x"},"devDependencies":{"vows":"0.6.x"},"main":"./lib/winston","scripts":{"test":"vows --spec --isolate"},"engines":{"node":">= 0.4.0"},"_npmUser":{"name":"marak","email":"marak.squires@gmail.com"},"_id":"winston@0.5.11","optionalDependencies":{},"_engineSupported":true,"_npmVersion":"1.1.10","_nodeVersion":"v0.6.12","_defaultsLoaded":true,"dist":{"shasum":"9d84ead981a497a92ddf76616137abef661c414f","tarball":"https://registry.npmjs.org/winston/-/winston-0.5.11.tgz"},"maintainers":[{"name":"indexzero","email":"charlie.robbins@gmail.com"},{"name":"marak","email":"marak.squires@gmail.com"}],"directories":{}},"0.6.1":{"name":"winston","description":"A multi-transport async logging library for Node.js","version":"0.6.1","author":{"name":"Nodejitsu Inc.","email":"info@nodejitsu.com"},"maintainers":[{"name":"indexzero","email":"charlie.robbins@gmail.com"},{"name":"marak","email":"marak.squires@gmail.com"},{"name":"mmalecki","email":"me@mmalecki.com"},{"name":"chjj","email":"chjjeffrey@gmail.com"}],"repository":{"type":"git","url":"git://github.com/flatiron/winston.git"},"keywords":["logging","sysadmin","tools"],"dependencies":{"async":"0.1.x","colors":"0.x.x","eyes":"0.1.x","pkginfo":"0.2.x","stack-trace":"0.0.x","cycle":"1.0.x","request":"2.9.x"},"devDependencies":{"vows":"0.6.x"},"main":"./lib/winston","scripts":{"test":"vows --spec --isolate"},"engines":{"node":">= 0.4.0"},"_npmUser":{"name":"chjj","email":"chjjeffrey@gmail.com"},"_id":"winston@0.6.1","optionalDependencies":{},"_engineSupported":true,"_npmVersion":"1.1.21","_nodeVersion":"v0.6.18","_defaultsLoaded":true,"dist":{"shasum":"22bfc4c995e307bf61603c0df5f3abbb319f7495","tarball":"https://registry.npmjs.org/winston/-/winston-0.6.1.tgz"},"directories":{}},"0.6.2":{"name":"winston","description":"A multi-transport async logging library for Node.js","version":"0.6.2","author":{"name":"Nodejitsu Inc.","email":"info@nodejitsu.com"},"maintainers":[{"name":"indexzero","email":"charlie.robbins@gmail.com"},{"name":"marak","email":"marak.squires@gmail.com"},{"name":"mmalecki","email":"me@mmalecki.com"},{"name":"chjj","email":"chjjeffrey@gmail.com"}],"repository":{"type":"git","url":"git://github.com/flatiron/winston.git"},"keywords":["logging","sysadmin","tools"],"dependencies":{"async":"0.1.x","colors":"0.x.x","cycle":"1.0.x","eyes":"0.1.x","pkginfo":"0.2.x","request":"2.9.x","stack-trace":"0.0.x"},"devDependencies":{"vows":"0.6.x"},"main":"./lib/winston","scripts":{"test":"vows --spec --isolate"},"engines":{"node":">= 0.4.0"},"_npmUser":{"name":"indexzero","email":"charlie.robbins@gmail.com"},"_id":"winston@0.6.2","optionalDependencies":{},"_engineSupported":true,"_npmVersion":"1.1.2","_nodeVersion":"v0.8.1","_defaultsLoaded":true,"dist":{"shasum":"4144fe2586cdc19a612bf8c035590132c9064bd2","tarball":"https://registry.npmjs.org/winston/-/winston-0.6.2.tgz"},"directories":{}},"0.7.0":{"name":"winston","description":"A multi-transport async logging library for Node.js","version":"0.7.0","author":{"name":"Nodejitsu Inc.","email":"info@nodejitsu.com"},"maintainers":[{"name":"indexzero","email":"charlie.robbins@gmail.com"},{"name":"mmalecki","email":"me@mmalecki.com"},{"name":"chjj","email":"chjjeffrey@gmail.com"},{"name":"V1","email":"info@3rd-Eden.com"}],"repository":{"type":"git","url":"https://github.com/flatiron/winston.git"},"keywords":["logging","sysadmin","tools"],"dependencies":{"async":"0.2.x","colors":"0.6.x","cycle":"1.0.x","eyes":"0.1.x","pkginfo":"0.3.x","request":"2.16.x","stack-trace":"0.0.x"},"devDependencies":{"vows":"0.7.x"},"main":"./lib/winston","scripts":{"test":"vows --spec --isolate"},"engines":{"node":">= 0.6.0"},"_id":"winston@0.7.0","dist":{"shasum":"6dc5c097897df706ea4eb555adcfd08c050b15e6","tarball":"https://registry.npmjs.org/winston/-/winston-0.7.0.tgz"},"_from":".","_npmVersion":"1.2.14","_npmUser":{"name":"indexzero","email":"charlie.robbins@gmail.com"},"directories":{}},"0.7.1":{"name":"winston","description":"A multi-transport async logging library for Node.js","version":"0.7.1","author":{"name":"Nodejitsu Inc.","email":"info@nodejitsu.com"},"maintainers":[{"name":"indexzero","email":"charlie.robbins@gmail.com"},{"name":"mmalecki","email":"me@mmalecki.com"},{"name":"chjj","email":"chjjeffrey@gmail.com"},{"name":"V1","email":"info@3rd-Eden.com"}],"repository":{"type":"git","url":"https://github.com/flatiron/winston.git"},"keywords":["logging","sysadmin","tools"],"dependencies":{"async":"0.2.x","colors":"0.6.x","cycle":"1.0.x","eyes":"0.1.x","pkginfo":"0.3.x","request":"2.16.x","stack-trace":"0.0.x"},"devDependencies":{"vows":"0.7.x"},"main":"./lib/winston","scripts":{"test":"vows --spec --isolate"},"engines":{"node":">= 0.6.0"},"_id":"winston@0.7.1","dist":{"shasum":"e291ab24eddbf79ea40ff532619277a0d30b0eb3","tarball":"https://registry.npmjs.org/winston/-/winston-0.7.1.tgz"},"_from":".","_npmVersion":"1.2.14","_npmUser":{"name":"indexzero","email":"charlie.robbins@gmail.com"},"directories":{}},"0.7.2":{"name":"winston","description":"A multi-transport async logging library for Node.js","version":"0.7.2","author":{"name":"Nodejitsu Inc.","email":"info@nodejitsu.com"},"maintainers":[{"name":"indexzero","email":"charlie.robbins@gmail.com"},{"name":"mmalecki","email":"me@mmalecki.com"},{"name":"chjj","email":"chjjeffrey@gmail.com"},{"name":"V1","email":"info@3rd-Eden.com"}],"repository":{"type":"git","url":"https://github.com/flatiron/winston.git"},"keywords":["logging","sysadmin","tools"],"dependencies":{"async":"0.2.x","colors":"0.6.x","cycle":"1.0.x","eyes":"0.1.x","pkginfo":"0.3.x","request":"2.16.x","stack-trace":"0.0.x"},"devDependencies":{"vows":"0.7.x"},"main":"./lib/winston","scripts":{"test":"vows --spec --isolate"},"engines":{"node":">= 0.6.0"},"bugs":{"url":"https://github.com/flatiron/winston/issues"},"_id":"winston@0.7.2","dist":{"shasum":"2570ae1aa1d8a9401e8d5a88362e1cf936550ceb","tarball":"https://registry.npmjs.org/winston/-/winston-0.7.2.tgz"},"_from":".","_npmVersion":"1.2.24","_npmUser":{"name":"mmalecki","email":"me@mmalecki.com"},"directories":{}},"0.7.3":{"name":"winston","description":"A multi-transport async logging library for Node.js","version":"0.7.3","author":{"name":"Nodejitsu Inc.","email":"info@nodejitsu.com"},"maintainers":[{"name":"indexzero","email":"charlie.robbins@gmail.com"},{"name":"mmalecki","email":"me@mmalecki.com"},{"name":"chjj","email":"chjjeffrey@gmail.com"},{"name":"V1","email":"info@3rd-Eden.com"}],"repository":{"type":"git","url":"https://github.com/flatiron/winston.git"},"keywords":["logging","sysadmin","tools"],"dependencies":{"async":"0.2.x","colors":"0.6.x","cycle":"1.0.x","eyes":"0.1.x","pkginfo":"0.3.x","request":"2.16.x","stack-trace":"0.0.x"},"devDependencies":{"vows":"0.7.x"},"main":"./lib/winston","scripts":{"test":"vows --spec --isolate"},"engines":{"node":">= 0.6.0"},"licenses":[{"type":"MIT","url":"https://raw.github.com/flatiron/winston/master/LICENSE"}],"bugs":{"url":"https://github.com/flatiron/winston/issues"},"homepage":"https://github.com/flatiron/winston","_id":"winston@0.7.3","dist":{"shasum":"7ae313ba73fcdc2ecb4aa2f9cd446e8298677266","tarball":"https://registry.npmjs.org/winston/-/winston-0.7.3.tgz"},"_from":".","_npmVersion":"1.4.4","_npmUser":{"name":"indexzero","email":"charlie.robbins@gmail.com"},"directories":{}},"0.8.0":{"name":"winston","description":"A multi-transport async logging library for Node.js","version":"0.8.0","author":{"name":"Nodejitsu Inc.","email":"info@nodejitsu.com"},"maintainers":[{"name":"indexzero","email":"charlie.robbins@gmail.com"},{"name":"chjj","email":"chjjeffrey@gmail.com"},{"name":"V1","email":"info@3rd-Eden.com"},{"name":"jcrugzz","email":"jcrugzz@gmail.com"}],"repository":{"type":"git","url":"https://github.com/flatiron/winston.git"},"keywords":["logging","sysadmin","tools"],"dependencies":{"async":"0.2.x","colors":"0.6.x","cycle":"1.0.x","eyes":"0.1.x","pkginfo":"0.3.x","stack-trace":"0.0.x"},"devDependencies":{"vows":"0.7.x"},"main":"./lib/winston","scripts":{"test":"vows --spec --isolate"},"engines":{"node":">= 0.6.0"},"licenses":[{"type":"MIT","url":"https://raw.github.com/flatiron/winston/master/LICENSE"}],"gitHead":"5ff2673ea37f0122436248968f1e886a14f42c77","bugs":{"url":"https://github.com/flatiron/winston/issues"},"homepage":"https://github.com/flatiron/winston","_id":"winston@0.8.0","_shasum":"61d0830fa699706212206b0a2b5ca69a93043668","_from":".","_npmVersion":"1.4.23","_npmUser":{"name":"jcrugzz","email":"jcrugzz@gmail.com"},"dist":{"shasum":"61d0830fa699706212206b0a2b5ca69a93043668","tarball":"https://registry.npmjs.org/winston/-/winston-0.8.0.tgz"},"directories":{}},"0.8.1":{"name":"winston","description":"A multi-transport async logging library for Node.js","version":"0.8.1","author":{"name":"Nodejitsu Inc.","email":"info@nodejitsu.com"},"maintainers":[{"name":"indexzero","email":"charlie.robbins@gmail.com"},{"name":"chjj","email":"chjjeffrey@gmail.com"},{"name":"V1","email":"info@3rd-Eden.com"},{"name":"jcrugzz","email":"jcrugzz@gmail.com"}],"repository":{"type":"git","url":"https://github.com/flatiron/winston.git"},"keywords":["logging","sysadmin","tools"],"dependencies":{"async":"0.2.x","colors":"0.6.x","cycle":"1.0.x","eyes":"0.1.x","pkginfo":"0.3.x","stack-trace":"0.0.x"},"devDependencies":{"vows":"0.7.x"},"main":"./lib/winston","scripts":{"test":"vows --spec --isolate"},"engines":{"node":">= 0.6.0"},"licenses":[{"type":"MIT","url":"https://raw.github.com/flatiron/winston/master/LICENSE"}],"gitHead":"733d86f8b2e0ad4962343a18335a08c7ca53241e","bugs":{"url":"https://github.com/flatiron/winston/issues"},"homepage":"https://github.com/flatiron/winston","_id":"winston@0.8.1","_shasum":"86bc9ec6c02aefe5c6dfdb88f3aff1b19d629216","_from":".","_npmVersion":"2.0.2","_nodeVersion":"0.10.32","_npmUser":{"name":"indexzero","email":"charlie.robbins@gmail.com"},"dist":{"shasum":"86bc9ec6c02aefe5c6dfdb88f3aff1b19d629216","tarball":"https://registry.npmjs.org/winston/-/winston-0.8.1.tgz"},"directories":{}},"0.8.2":{"name":"winston","description":"A multi-transport async logging library for Node.js","version":"0.8.2","author":{"name":"Nodejitsu Inc.","email":"info@nodejitsu.com"},"maintainers":[{"name":"indexzero","email":"charlie.robbins@gmail.com"},{"name":"chjj","email":"chjjeffrey@gmail.com"},{"name":"V1","email":"info@3rd-Eden.com"},{"name":"jcrugzz","email":"jcrugzz@gmail.com"}],"repository":{"type":"git","url":"https://github.com/flatiron/winston.git"},"keywords":["logging","sysadmin","tools"],"dependencies":{"async":"0.2.x","colors":"0.6.x","cycle":"1.0.x","eyes":"0.1.x","isstream":"0.1.x","pkginfo":"0.3.x","stack-trace":"0.0.x"},"devDependencies":{"vows":"0.7.x"},"main":"./lib/winston","scripts":{"test":"vows --spec --isolate"},"engines":{"node":">= 0.6.0"},"licenses":[{"type":"MIT","url":"https://raw.github.com/flatiron/winston/master/LICENSE"}],"gitHead":"6281760fa743144c23f62e3bb3b9e793ef1633b7","bugs":{"url":"https://github.com/flatiron/winston/issues"},"homepage":"https://github.com/flatiron/winston","_id":"winston@0.8.2","_shasum":"1af036705152aa7ea62b60c11df4d21614e845b8","_from":".","_npmVersion":"2.1.6","_nodeVersion":"0.10.32","_npmUser":{"name":"jcrugzz","email":"jcrugzz@gmail.com"},"dist":{"shasum":"1af036705152aa7ea62b60c11df4d21614e845b8","tarball":"https://registry.npmjs.org/winston/-/winston-0.8.2.tgz"},"directories":{}},"0.8.3":{"name":"winston","description":"A multi-transport async logging library for Node.js","version":"0.8.3","author":{"name":"Nodejitsu Inc.","email":"info@nodejitsu.com"},"maintainers":[{"name":"indexzero","email":"charlie.robbins@gmail.com"},{"name":"chjj","email":"chjjeffrey@gmail.com"},{"name":"V1","email":"info@3rd-Eden.com"},{"name":"jcrugzz","email":"jcrugzz@gmail.com"}],"repository":{"type":"git","url":"https://github.com/flatiron/winston.git"},"keywords":["logging","sysadmin","tools"],"dependencies":{"async":"0.2.x","colors":"0.6.x","cycle":"1.0.x","eyes":"0.1.x","isstream":"0.1.x","pkginfo":"0.3.x","stack-trace":"0.0.x"},"devDependencies":{"vows":"0.7.x"},"main":"./lib/winston","scripts":{"test":"vows --spec --isolate"},"engines":{"node":">= 0.6.0"},"licenses":[{"type":"MIT","url":"https://raw.github.com/flatiron/winston/master/LICENSE"}],"gitHead":"d12b2688d7d82557a5f5d490217e3c516bb661cb","bugs":{"url":"https://github.com/flatiron/winston/issues"},"homepage":"https://github.com/flatiron/winston","_id":"winston@0.8.3","_shasum":"64b6abf4cd01adcaefd5009393b1d8e8bec19db0","_from":".","_npmVersion":"2.1.6","_nodeVersion":"0.10.32","_npmUser":{"name":"jcrugzz","email":"jcrugzz@gmail.com"},"dist":{"shasum":"64b6abf4cd01adcaefd5009393b1d8e8bec19db0","tarball":"https://registry.npmjs.org/winston/-/winston-0.8.3.tgz"},"directories":{}},"0.9.0":{"name":"winston","description":"A multi-transport async logging library for Node.js","version":"0.9.0","author":{"name":"Nodejitsu Inc.","email":"info@nodejitsu.com"},"maintainers":[{"name":"indexzero","email":"charlie.robbins@gmail.com"},{"name":"chjj","email":"chjjeffrey@gmail.com"},{"name":"jcrugzz","email":"jcrugzz@gmail.com"},{"name":"pose","email":"albertopose@gmail.com"},{"name":"v1","email":"info@3rd-Eden.com"},{"name":"3rdeden","email":"npm@3rd-Eden.com"}],"repository":{"type":"git","url":"https://github.com/flatiron/winston.git"},"keywords":["logging","sysadmin","tools"],"dependencies":{"async":"0.9.x","colors":"1.0.x","cycle":"1.0.x","eyes":"0.1.x","isstream":"0.1.x","pkginfo":"0.3.x","stack-trace":"0.0.x"},"devDependencies":{"hock":"1.x.x","std-mocks":"~1.0.0","vows":"0.7.x"},"main":"./lib/winston","scripts":{"test":"vows --spec --isolate"},"engines":{"node":">= 0.8.0"},"licenses":[{"type":"MIT","url":"https://raw.github.com/flatiron/winston/master/LICENSE"}],"gitHead":"bcd8b0d3fb5063aa9416e5a6edcb371ca34efd6e","bugs":{"url":"https://github.com/flatiron/winston/issues"},"homepage":"https://github.com/flatiron/winston","_id":"winston@0.9.0","_shasum":"b5726e6c42291e305e36286ce7ae9f3b74a527a8","_from":".","_npmVersion":"2.2.0","_nodeVersion":"0.10.33","_npmUser":{"name":"indexzero","email":"charlie.robbins@gmail.com"},"dist":{"shasum":"b5726e6c42291e305e36286ce7ae9f3b74a527a8","tarball":"https://registry.npmjs.org/winston/-/winston-0.9.0.tgz"},"directories":{}},"1.0.0":{"name":"winston","description":"A multi-transport async logging library for Node.js","version":"1.0.0","author":{"name":"Nodejitsu Inc.","email":"info@nodejitsu.com"},"maintainers":[{"name":"indexzero","email":"charlie.robbins@gmail.com"},{"name":"chjj","email":"chjjeffrey@gmail.com"},{"name":"jcrugzz","email":"jcrugzz@gmail.com"},{"name":"pose","email":"albertopose@gmail.com"},{"name":"v1","email":"info@3rd-Eden.com"},{"name":"3rdeden","email":"npm@3rd-Eden.com"}],"repository":{"type":"git","url":"https://github.com/winstonjs/winston.git"},"keywords":["logging","sysadmin","tools"],"dependencies":{"async":"0.9.x","colors":"1.0.x","cycle":"1.0.x","eyes":"0.1.x","isstream":"0.1.x","pkginfo":"0.3.x","stack-trace":"0.0.x"},"devDependencies":{"hock":"1.x.x","std-mocks":"~1.0.0","vows":"0.7.x"},"main":"./lib/winston","scripts":{"test":"vows --spec --isolate"},"engines":{"node":">= 0.8.0"},"licenses":[{"type":"MIT","url":"https://raw.github.com/winstonjs/winston/master/LICENSE"}],"gitHead":"e915acb2cb0819ae6669703938e887ff4c6f6a20","bugs":{"url":"https://github.com/winstonjs/winston/issues"},"homepage":"https://github.com/winstonjs/winston","_id":"winston@1.0.0","_shasum":"30e36e0041fc0a864b0029565719e4dc41d026a4","_from":".","_npmVersion":"2.6.1","_nodeVersion":"0.10.36","_npmUser":{"name":"indexzero","email":"charlie.robbins@gmail.com"},"dist":{"shasum":"30e36e0041fc0a864b0029565719e4dc41d026a4","tarball":"https://registry.npmjs.org/winston/-/winston-1.0.0.tgz"},"directories":{}},"1.0.1":{"name":"winston","description":"A multi-transport async logging library for Node.js","version":"1.0.1","author":{"name":"Nodejitsu Inc.","email":"info@nodejitsu.com"},"maintainers":[{"name":"indexzero","email":"charlie.robbins@gmail.com"},{"name":"chjj","email":"chjjeffrey@gmail.com"},{"name":"jcrugzz","email":"jcrugzz@gmail.com"},{"name":"pose","email":"albertopose@gmail.com"},{"name":"v1","email":"info@3rd-Eden.com"},{"name":"3rdeden","email":"npm@3rd-Eden.com"}],"repository":{"type":"git","url":"https://github.com/winstonjs/winston.git"},"keywords":["logging","sysadmin","tools"],"dependencies":{"async":"0.9.x","colors":"1.0.x","cycle":"1.0.x","eyes":"0.1.x","isstream":"0.1.x","pkginfo":"0.3.x","stack-trace":"0.0.x"},"devDependencies":{"hock":"1.x.x","std-mocks":"~1.0.0","vows":"0.7.x"},"main":"./lib/winston","scripts":{"test":"vows --spec --isolate"},"engines":{"node":">= 0.8.0"},"license":"MIT","gitHead":"cc5d04dd1139cd9d7f567feb511fb08dacf738dd","bugs":{"url":"https://github.com/winstonjs/winston/issues"},"homepage":"https://github.com/winstonjs/winston","_id":"winston@1.0.1","_shasum":"4c6f5a1167ebc516ac29b76e4eadb873c15289a4","_from":".","_npmVersion":"2.7.5","_nodeVersion":"0.10.38","_npmUser":{"name":"indexzero","email":"charlie.robbins@gmail.com"},"dist":{"shasum":"4c6f5a1167ebc516ac29b76e4eadb873c15289a4","tarball":"https://registry.npmjs.org/winston/-/winston-1.0.1.tgz"},"directories":{}},"1.0.2":{"name":"winston","description":"A multi-transport async logging library for Node.js","version":"1.0.2","author":{"name":"Nodejitsu Inc.","email":"info@nodejitsu.com"},"maintainers":[{"name":"indexzero","email":"charlie.robbins@gmail.com"},{"name":"chjj","email":"chjjeffrey@gmail.com"},{"name":"jcrugzz","email":"jcrugzz@gmail.com"},{"name":"pose","email":"albertopose@gmail.com"},{"name":"v1","email":"info@3rd-Eden.com"},{"name":"3rdeden","email":"npm@3rd-Eden.com"}],"repository":{"type":"git","url":"git+https://github.com/winstonjs/winston.git"},"keywords":["logging","sysadmin","tools"],"dependencies":{"async":"~1.0.0","colors":"1.0.x","cycle":"1.0.x","eyes":"0.1.x","isstream":"0.1.x","pkginfo":"0.3.x","stack-trace":"0.0.x"},"devDependencies":{"hock":"1.x.x","std-mocks":"~1.0.0","vows":"0.7.x"},"main":"./lib/winston","scripts":{"test":"vows --spec --isolate"},"engines":{"node":">= 0.8.0"},"license":"MIT","gitHead":"1223d420f72cbdc064a94c98cc09a97db5866e7a","bugs":{"url":"https://github.com/winstonjs/winston/issues"},"homepage":"https://github.com/winstonjs/winston#readme","_id":"winston@1.0.2","_shasum":"351c58e2323f8a4ca29a45195aa9aa3b4c35d76f","_from":".","_npmVersion":"2.14.5","_nodeVersion":"0.12.7","_npmUser":{"name":"indexzero","email":"charlie.robbins@gmail.com"},"dist":{"shasum":"351c58e2323f8a4ca29a45195aa9aa3b4c35d76f","tarball":"https://registry.npmjs.org/winston/-/winston-1.0.2.tgz"},"directories":{}},"1.1.0":{"name":"winston","description":"A multi-transport async logging library for Node.js","version":"1.1.0","author":{"name":"Charlie Robbins","email":"charlie.robbins@gmail.com"},"maintainers":[{"name":"indexzero","email":"charlie.robbins@gmail.com"},{"name":"chjj","email":"chjjeffrey@gmail.com"},{"name":"jcrugzz","email":"jcrugzz@gmail.com"},{"name":"pose","email":"albertopose@gmail.com"},{"name":"v1","email":"info@3rd-Eden.com"},{"name":"3rdeden","email":"npm@3rd-Eden.com"}],"repository":{"type":"git","url":"git+https://github.com/winstonjs/winston.git"},"keywords":["logging","sysadmin","tools"],"dependencies":{"async":"~1.0.0","colors":"1.0.x","cycle":"1.0.x","eyes":"0.1.x","isstream":"0.1.x","pkginfo":"0.3.x","stack-trace":"0.0.x"},"devDependencies":{"hock":"1.x.x","std-mocks":"~1.0.0","vows":"0.7.x"},"main":"./lib/winston","scripts":{"test":"vows --spec --isolate"},"engines":{"node":">= 0.8.0"},"license":"MIT","gitHead":"fb12093fa769fafc58971d3315c1096e54b40b03","bugs":{"url":"https://github.com/winstonjs/winston/issues"},"homepage":"https://github.com/winstonjs/winston#readme","_id":"winston@1.1.0","_shasum":"8e86ff561ccea5007711712159c21ed057209011","_from":".","_npmVersion":"2.14.1","_nodeVersion":"0.10.38","_npmUser":{"name":"indexzero","email":"charlie.robbins@gmail.com"},"dist":{"shasum":"8e86ff561ccea5007711712159c21ed057209011","tarball":"https://registry.npmjs.org/winston/-/winston-1.1.0.tgz"},"directories":{}},"1.1.1":{"name":"winston","description":"A multi-transport async logging library for Node.js","version":"1.1.1","author":{"name":"Charlie Robbins","email":"charlie.robbins@gmail.com"},"maintainers":[{"name":"indexzero","email":"charlie.robbins@gmail.com"},{"name":"chjj","email":"chjjeffrey@gmail.com"},{"name":"jcrugzz","email":"jcrugzz@gmail.com"},{"name":"pose","email":"albertopose@gmail.com"},{"name":"v1","email":"info@3rd-Eden.com"},{"name":"3rdeden","email":"npm@3rd-Eden.com"}],"repository":{"type":"git","url":"git+https://github.com/winstonjs/winston.git"},"keywords":["logging","sysadmin","tools"],"dependencies":{"async":"~1.0.0","colors":"1.0.x","cycle":"1.0.x","eyes":"0.1.x","isstream":"0.1.x","pkginfo":"0.3.x","stack-trace":"0.0.x"},"devDependencies":{"hock":"1.x.x","std-mocks":"~1.0.0","vows":"0.7.x"},"main":"./lib/winston","scripts":{"test":"vows --spec --isolate"},"engines":{"node":">= 0.8.0"},"license":"MIT","gitHead":"f3d0c820bbcc32877a0dc7c31c629fb6a44c5cf4","bugs":{"url":"https://github.com/winstonjs/winston/issues"},"homepage":"https://github.com/winstonjs/winston#readme","_id":"winston@1.1.1","_shasum":"9f1887afb92cc0f23459d20de2a185b5ae11a9b0","_from":".","_npmVersion":"2.14.7","_nodeVersion":"4.2.1","_npmUser":{"name":"jcrugzz","email":"jcrugzz@gmail.com"},"dist":{"shasum":"9f1887afb92cc0f23459d20de2a185b5ae11a9b0","tarball":"https://registry.npmjs.org/winston/-/winston-1.1.1.tgz"},"directories":{}},"1.1.2":{"name":"winston","description":"A multi-transport async logging library for Node.js","version":"1.1.2","author":{"name":"Charlie Robbins","email":"charlie.robbins@gmail.com"},"maintainers":[{"name":"indexzero","email":"charlie.robbins@gmail.com"},{"name":"chjj","email":"chjjeffrey@gmail.com"},{"name":"jcrugzz","email":"jcrugzz@gmail.com"},{"name":"pose","email":"albertopose@gmail.com"},{"name":"v1","email":"info@3rd-Eden.com"},{"name":"3rdeden","email":"npm@3rd-Eden.com"}],"repository":{"type":"git","url":"git+https://github.com/winstonjs/winston.git"},"keywords":["logging","sysadmin","tools"],"dependencies":{"async":"~1.0.0","colors":"1.0.x","cycle":"1.0.x","eyes":"0.1.x","isstream":"0.1.x","pkginfo":"0.3.x","stack-trace":"0.0.x"},"devDependencies":{"hock":"1.x.x","std-mocks":"~1.0.0","vows":"0.7.x"},"main":"./lib/winston","scripts":{"test":"vows --spec --isolate"},"engines":{"node":">= 0.8.0"},"license":"MIT","gitHead":"2064bfe3b0f3da77c798d248a1609dbc24ff077e","bugs":{"url":"https://github.com/winstonjs/winston/issues"},"homepage":"https://github.com/winstonjs/winston#readme","_id":"winston@1.1.2","_shasum":"68edd769ff79d4f9528cf0e5d80021aade67480c","_from":".","_npmVersion":"2.14.5","_nodeVersion":"0.12.7","_npmUser":{"name":"indexzero","email":"charlie.robbins@gmail.com"},"dist":{"shasum":"68edd769ff79d4f9528cf0e5d80021aade67480c","tarball":"https://registry.npmjs.org/winston/-/winston-1.1.2.tgz"},"directories":{}},"2.0.0":{"name":"winston","description":"A multi-transport async logging library for Node.js","version":"2.0.0","author":{"name":"Charlie Robbins","email":"charlie.robbins@gmail.com"},"maintainers":[{"name":"indexzero","email":"charlie.robbins@gmail.com"},{"name":"chjj","email":"chjjeffrey@gmail.com"},{"name":"jcrugzz","email":"jcrugzz@gmail.com"},{"name":"pose","email":"albertopose@gmail.com"},{"name":"v1","email":"info@3rd-Eden.com"},{"name":"3rdeden","email":"npm@3rd-Eden.com"}],"repository":{"type":"git","url":"git+https://github.com/winstonjs/winston.git"},"keywords":["winston","logging","sysadmin","tools"],"dependencies":{"async":"~1.0.0","colors":"1.0.x","cycle":"1.0.x","eyes":"0.1.x","isstream":"0.1.x","pkginfo":"0.3.x","stack-trace":"0.0.x"},"devDependencies":{"hock":"1.x.x","std-mocks":"~1.0.0","vows":"0.7.x"},"main":"./lib/winston","scripts":{"test":"vows --spec --isolate"},"engines":{"node":">= 0.8.0"},"license":"MIT","gitHead":"020409b656230914337081f89db684fb6346f408","bugs":{"url":"https://github.com/winstonjs/winston/issues"},"homepage":"https://github.com/winstonjs/winston#readme","_id":"winston@2.0.0","_shasum":"d3ad5dc2db5ce716ff1825b9283cbfbb6f481aee","_from":".","_npmVersion":"2.14.5","_nodeVersion":"0.12.7","_npmUser":{"name":"indexzero","email":"charlie.robbins@gmail.com"},"dist":{"shasum":"d3ad5dc2db5ce716ff1825b9283cbfbb6f481aee","tarball":"https://registry.npmjs.org/winston/-/winston-2.0.0.tgz"},"directories":{}},"2.0.1":{"name":"winston","description":"A multi-transport async logging library for Node.js","version":"2.0.1","author":{"name":"Charlie Robbins","email":"charlie.robbins@gmail.com"},"maintainers":[{"name":"indexzero","email":"charlie.robbins@gmail.com"},{"name":"chjj","email":"chjjeffrey@gmail.com"},{"name":"jcrugzz","email":"jcrugzz@gmail.com"},{"name":"pose","email":"albertopose@gmail.com"},{"name":"v1","email":"info@3rd-Eden.com"},{"name":"3rdeden","email":"npm@3rd-Eden.com"}],"repository":{"type":"git","url":"git+https://github.com/winstonjs/winston.git"},"keywords":["winston","logging","sysadmin","tools"],"dependencies":{"async":"~1.0.0","colors":"1.0.x","cycle":"1.0.x","eyes":"0.1.x","isstream":"0.1.x","pkginfo":"0.3.x","stack-trace":"0.0.x"},"devDependencies":{"hock":"1.x.x","std-mocks":"~1.0.0","vows":"0.7.x"},"main":"./lib/winston","scripts":{"test":"vows --spec --isolate"},"engines":{"node":">= 0.8.0"},"license":"MIT","gitHead":"8a549b720888c9166ffd4e0f09ac25f93e337aa2","bugs":{"url":"https://github.com/winstonjs/winston/issues"},"homepage":"https://github.com/winstonjs/winston#readme","_id":"winston@2.0.1","_shasum":"999d682648f0b24ae4a3096d774409c5bb86d87c","_from":".","_npmVersion":"2.14.1","_nodeVersion":"0.10.38","_npmUser":{"name":"indexzero","email":"charlie.robbins@gmail.com"},"dist":{"shasum":"999d682648f0b24ae4a3096d774409c5bb86d87c","tarball":"https://registry.npmjs.org/winston/-/winston-2.0.1.tgz"},"directories":{}},"2.1.0":{"name":"winston","description":"A multi-transport async logging library for Node.js","version":"2.1.0","author":{"name":"Charlie Robbins","email":"charlie.robbins@gmail.com"},"maintainers":[{"name":"indexzero","email":"charlie.robbins@gmail.com"},{"name":"chjj","email":"chjjeffrey@gmail.com"},{"name":"jcrugzz","email":"jcrugzz@gmail.com"},{"name":"pose","email":"albertopose@gmail.com"},{"name":"v1","email":"info@3rd-Eden.com"},{"name":"3rdeden","email":"npm@3rd-Eden.com"}],"repository":{"type":"git","url":"git+https://github.com/winstonjs/winston.git"},"keywords":["winston","logging","sysadmin","tools"],"dependencies":{"async":"~1.0.0","colors":"1.0.x","cycle":"1.0.x","eyes":"0.1.x","isstream":"0.1.x","pkginfo":"0.3.x","stack-trace":"0.0.x"},"devDependencies":{"hock":"1.x.x","std-mocks":"~1.0.0","vows":"0.7.x"},"main":"./lib/winston","scripts":{"test":"vows --spec --isolate"},"engines":{"node":">= 0.8.0"},"license":"MIT","gitHead":"edbf0d2c6c57c6712ffce772f16bd1a2124e68f3","bugs":{"url":"https://github.com/winstonjs/winston/issues"},"homepage":"https://github.com/winstonjs/winston#readme","_id":"winston@2.1.0","_shasum":"34688215cc8dbb784838b9aa626e73aee44fe4b6","_from":".","_npmVersion":"2.14.5","_nodeVersion":"0.12.7","_npmUser":{"name":"indexzero","email":"charlie.robbins@gmail.com"},"dist":{"shasum":"34688215cc8dbb784838b9aa626e73aee44fe4b6","tarball":"https://registry.npmjs.org/winston/-/winston-2.1.0.tgz"},"directories":{}},"2.1.1":{"name":"winston","description":"A multi-transport async logging library for Node.js","version":"2.1.1","author":{"name":"Charlie Robbins","email":"charlie.robbins@gmail.com"},"maintainers":[{"name":"indexzero","email":"charlie.robbins@gmail.com"},{"name":"chjj","email":"chjjeffrey@gmail.com"},{"name":"jcrugzz","email":"jcrugzz@gmail.com"},{"name":"pose","email":"albertopose@gmail.com"},{"name":"v1","email":"info@3rd-Eden.com"},{"name":"3rdeden","email":"npm@3rd-Eden.com"}],"repository":{"type":"git","url":"git+https://github.com/winstonjs/winston.git"},"keywords":["winston","logging","sysadmin","tools"],"dependencies":{"async":"~1.0.0","colors":"1.0.x","cycle":"1.0.x","eyes":"0.1.x","isstream":"0.1.x","pkginfo":"0.3.x","stack-trace":"0.0.x"},"devDependencies":{"cross-spawn-async":"^2.0.0","hock":"1.x.x","std-mocks":"~1.0.0","vows":"0.7.x"},"main":"./lib/winston","scripts":{"test":"vows --spec --isolate"},"engines":{"node":">= 0.8.0"},"license":"MIT","gitHead":"69171ed1679a290e947f22a83b044b3980be3565","bugs":{"url":"https://github.com/winstonjs/winston/issues"},"homepage":"https://github.com/winstonjs/winston#readme","_id":"winston@2.1.1","_shasum":"3c9349d196207fd1bdff9d4bc43ef72510e3a12e","_from":".","_npmVersion":"2.14.5","_nodeVersion":"4.2.2","_npmUser":{"name":"indexzero","email":"charlie.robbins@gmail.com"},"dist":{"shasum":"3c9349d196207fd1bdff9d4bc43ef72510e3a12e","tarball":"https://registry.npmjs.org/winston/-/winston-2.1.1.tgz"},"directories":{}},"2.2.0":{"name":"winston","description":"A multi-transport async logging library for Node.js","version":"2.2.0","author":{"name":"Charlie Robbins","email":"charlie.robbins@gmail.com"},"maintainers":[{"name":"indexzero","email":"charlie.robbins@gmail.com"},{"name":"chjj","email":"chjjeffrey@gmail.com"},{"name":"jcrugzz","email":"jcrugzz@gmail.com"},{"name":"pose","email":"albertopose@gmail.com"},{"name":"v1","email":"info@3rd-Eden.com"},{"name":"3rdeden","email":"npm@3rd-Eden.com"}],"repository":{"type":"git","url":"git+https://github.com/winstonjs/winston.git"},"keywords":["winston","logging","sysadmin","tools"],"dependencies":{"async":"~1.0.0","colors":"1.0.x","cycle":"1.0.x","eyes":"0.1.x","isstream":"0.1.x","pkginfo":"0.3.x","stack-trace":"0.0.x"},"devDependencies":{"cross-spawn-async":"^2.0.0","hock":"1.x.x","std-mocks":"~1.0.0","vows":"0.7.x"},"main":"./lib/winston","scripts":{"test":"vows --spec --isolate"},"engines":{"node":">= 0.10.0"},"license":"MIT","gitHead":"b44062612f63211d047c67050fef5b7624682fb6","bugs":{"url":"https://github.com/winstonjs/winston/issues"},"homepage":"https://github.com/winstonjs/winston#readme","_id":"winston@2.2.0","_shasum":"2c853dd87ab552a8e8485d72cbbf9a2286f029b7","_from":".","_npmVersion":"3.7.3","_nodeVersion":"4.2.2","_npmUser":{"name":"indexzero","email":"charlie.robbins@gmail.com"},"dist":{"shasum":"2c853dd87ab552a8e8485d72cbbf9a2286f029b7","tarball":"https://registry.npmjs.org/winston/-/winston-2.2.0.tgz"},"_npmOperationalInternal":{"host":"packages-9-west.internal.npmjs.com","tmp":"tmp/winston-2.2.0.tgz_1456439000097_0.023458356503397226"},"directories":{}},"2.3.0":{"name":"winston","description":"A multi-transport async logging library for Node.js","version":"2.3.0","author":{"name":"Charlie Robbins","email":"charlie.robbins@gmail.com"},"maintainers":[{"name":"indexzero","email":"charlie.robbins@gmail.com"},{"name":"chjj","email":"chjjeffrey@gmail.com"},{"name":"jcrugzz","email":"jcrugzz@gmail.com"},{"name":"pose","email":"albertopose@gmail.com"},{"name":"v1","email":"info@3rd-Eden.com"},{"name":"3rdeden","email":"npm@3rd-Eden.com"}],"repository":{"type":"git","url":"git+https://github.com/winstonjs/winston.git"},"keywords":["winston","logging","sysadmin","tools"],"dependencies":{"async":"~1.0.0","colors":"1.0.x","cycle":"1.0.x","eyes":"0.1.x","isstream":"0.1.x","stack-trace":"0.0.x"},"devDependencies":{"cross-spawn-async":"^2.0.0","hock":"1.x.x","std-mocks":"~1.0.0","vows":"0.7.x"},"main":"./lib/winston","scripts":{"test":"vows --spec --isolate"},"engines":{"node":">= 0.10.0"},"license":"MIT","gitHead":"739d8023c87183261dcae6ecc92c5b87a5eac961","bugs":{"url":"https://github.com/winstonjs/winston/issues"},"homepage":"https://github.com/winstonjs/winston#readme","_id":"winston@2.3.0","_shasum":"207faaab6fccf3fe493743dd2b03dbafc7ceb78c","_from":".","_npmVersion":"3.9.0","_nodeVersion":"4.4.4","_npmUser":{"name":"indexzero","email":"charlie.robbins@gmail.com"},"dist":{"shasum":"207faaab6fccf3fe493743dd2b03dbafc7ceb78c","tarball":"https://registry.npmjs.org/winston/-/winston-2.3.0.tgz"},"_npmOperationalInternal":{"host":"packages-12-west.internal.npmjs.com","tmp":"tmp/winston-2.3.0.tgz_1478060833954_0.4984084344469011"},"directories":{}},"2.3.1":{"name":"winston","description":"A multi-transport async logging library for Node.js","version":"2.3.1","author":{"name":"Charlie Robbins","email":"charlie.robbins@gmail.com"},"maintainers":[{"name":"indexzero","email":"charlie.robbins@gmail.com"},{"name":"chjj","email":"chjjeffrey@gmail.com"},{"name":"jcrugzz","email":"jcrugzz@gmail.com"},{"name":"pose","email":"albertopose@gmail.com"},{"name":"v1","email":"info@3rd-Eden.com"},{"name":"3rdeden","email":"npm@3rd-Eden.com"}],"repository":{"type":"git","url":"git+https://github.com/winstonjs/winston.git"},"keywords":["winston","logging","sysadmin","tools"],"dependencies":{"async":"~1.0.0","colors":"1.0.x","cycle":"1.0.x","eyes":"0.1.x","isstream":"0.1.x","stack-trace":"0.0.x"},"devDependencies":{"cross-spawn-async":"^2.0.0","hock":"1.x.x","std-mocks":"~1.0.0","vows":"0.7.x"},"main":"./lib/winston","scripts":{"test":"vows --spec --isolate"},"engines":{"node":">= 0.10.0"},"license":"MIT","gitHead":"fba37b44f7875ba7c460df81fad27d6a941ed213","bugs":{"url":"https://github.com/winstonjs/winston/issues"},"homepage":"https://github.com/winstonjs/winston#readme","_id":"winston@2.3.1","_shasum":"0b48420d978c01804cf0230b648861598225a119","_from":".","_npmVersion":"3.10.5","_nodeVersion":"4.7.2","_npmUser":{"name":"indexzero","email":"charlie.robbins@gmail.com"},"dist":{"shasum":"0b48420d978c01804cf0230b648861598225a119","tarball":"https://registry.npmjs.org/winston/-/winston-2.3.1.tgz"},"_npmOperationalInternal":{"host":"packages-18-east.internal.npmjs.com","tmp":"tmp/winston-2.3.1.tgz_1484937497945_0.36467634653672576"},"directories":{}}},"maintainers":[{"name":"indexzero","email":"charlie.robbins@gmail.com"},{"name":"chjj","email":"chjjeffrey@gmail.com"},{"name":"jcrugzz","email":"jcrugzz@gmail.com"},{"name":"pose","email":"albertopose@gmail.com"},{"name":"v1","email":"info@3rd-Eden.com"},{"name":"3rdeden","email":"npm@3rd-Eden.com"}],"time":{"modified":"2017-03-13T14:46:15.280Z","created":"2011-01-18T20:45:37.131Z","0.1.0":"2011-01-18T20:45:38.390Z","0.1.1":"2011-01-21T23:13:54.329Z","0.1.2":"2011-01-23T08:06:43.393Z","0.1.3":"2011-01-25T03:38:16.585Z","0.1.4":"2011-01-29T18:39:11.805Z","0.2.0":"2011-02-02T20:27:37.640Z","0.2.1":"2011-02-07T06:01:46.325Z","0.2.2":"2011-02-16T09:42:58.012Z","0.2.3":"2011-02-18T00:56:53.038Z","0.2.4":"2011-03-04T04:57:49.832Z","0.2.5":"2011-03-05T20:47:10.687Z","0.2.6":"2011-03-27T21:27:26.947Z","0.2.7":"2011-04-10T01:08:45.046Z","0.2.8":"2011-05-20T01:46:40.672Z","0.2.9":"2011-05-20T02:32:21.372Z","0.2.10":"2011-05-29T03:58:23.814Z","0.2.11":"2011-05-30T02:03:04.360Z","0.3.0":"2011-06-07T09:31:50.865Z","0.3.1":"2011-06-08T07:31:24.555Z","0.3.2":"2011-06-24T03:22:24.882Z","0.3.3":"2011-07-24T05:51:41.205Z","0.3.4":"2011-08-04T06:17:10.075Z","0.3.5":"2011-08-09T14:59:56.544Z","0.4.0":"2011-08-22T10:33:34.512Z","0.4.1":"2011-09-11T05:00:42.302Z","0.5.0":"2011-09-12T17:31:47.276Z","0.5.1":"2011-09-13T09:35:25.860Z","0.5.2":"2011-09-15T05:14:00.793Z","0.5.3":"2011-09-23T19:27:10.866Z","0.5.4":"2011-10-07T23:53:50.549Z","0.5.5":"2011-10-09T19:29:17.799Z","0.5.6":"2011-10-22T06:12:53.069Z","0.5.7":"2011-11-20T20:53:45.416Z","0.5.8":"2011-11-30T07:02:21.061Z","0.5.9":"2011-12-02T09:44:54.777Z","0.5.10":"2012-02-22T05:21:53.531Z","0.5.11":"2012-03-23T23:59:42.494Z","0.6.1":"2012-05-31T19:27:44.116Z","0.6.2":"2012-07-08T07:02:22.663Z","0.7.0":"2013-04-21T05:57:56.796Z","0.7.1":"2013-04-21T10:39:21.275Z","0.7.2":"2013-06-14T15:12:35.844Z","0.7.3":"2014-03-25T05:31:53.165Z","0.8.0":"2014-09-15T19:43:37.312Z","0.8.1":"2014-10-06T20:37:40.790Z","0.8.2":"2014-11-04T22:05:29.713Z","0.8.3":"2014-11-04T23:45:58.648Z","0.9.0":"2015-02-03T18:53:28.304Z","1.0.0":"2015-04-07T23:02:53.645Z","1.0.1":"2015-06-27T01:50:07.404Z","1.0.2":"2015-09-25T22:01:50.066Z","1.1.0":"2015-10-09T15:08:35.400Z","1.1.1":"2015-10-18T17:26:00.110Z","1.1.2":"2015-10-29T09:00:24.773Z","2.0.0":"2015-10-30T01:30:42.064Z","2.0.1":"2015-11-03T07:36:35.149Z","2.1.0":"2015-11-04T06:01:39.648Z","2.1.1":"2015-11-18T21:52:04.196Z","2.2.0":"2016-02-25T22:23:20.901Z","2.3.0":"2016-11-02T04:27:16.329Z","2.3.1":"2017-01-20T18:38:19.965Z"},"author":{"name":"Charlie Robbins","email":"charlie.robbins@gmail.com"},"repository":{"type":"git","url":"git+https://github.com/winstonjs/winston.git"},"users":{"vasc":true,"mikl":true,"blakmatrix":true,"fgribreau":true,"mstaessen":true,"konklone":true,"megadrive":true,"booyaa":true,"antonnguyen":true,"grancalavera":true,"john.pinch":true,"spekkionu":true,"einfallstoll":true,"havvy":true,"denisix":true,"tcrowe":true,"cedrickchee":true,"eins78":true,"vegera":true,"cilindrox":true,"leesei":true,"dhenderson":true,"mgesmundo":true,"rosterloh":true,"christtseng":true,"redbe4rd":true,"zhangskills":true,"gabeio":true,"hut":true,"kricis":true,"juriwiens":true,"owaz":true,"rannmann":true,"chaowi":true,"dizlexik":true,"zckrs":true,"sitnin":true,"dselmanovic":true,"ajohnstone":true,"alexios3d":true,"elrolito":true,"eldersantos":true,"fill":true,"anilcs0405":true,"thebearingedge":true,"henryfour":true,"formix":true,"jdpagley":true,"russt":true,"colwob":true,"yasinaydin":true,"sasquatch":true,"martinhecher":true,"dgarlitt":true,"pingjiang":true,"ivangaravito":true,"lewisbrown":true,"wangyinchuan":true,"kappuccino":true,"gdbtek":true,"shahzaib":true,"chzhewl":true,"masonwan":true,"r3nya":true,"robftw":true,"meme":true,"hagb4rd":true,"andreaspag":true,"zerodi":true,"prabhash1785":true,"456wyc":true,"erincinci":true,"tchcxp":true,"seanjh":true,"pdostal":true,"arefm":true,"tomjamescn":true,"tophsic":true,"roberkules":true,"savostin":true,"michaelchance":true,"jsumners":true,"phoenix-xsy":true,"mp2526":true,"itonyyo":true,"j3kz":true,"skozz":true,"softwind":true,"markmedown":true,"moimikey":true,"godion":true,"monolithed":true,"mukundbhudia":true,"ferrari":true,"dac2205":true,"mnova":true,"loki2302":true,"junjiansyu":true,"damianof":true,"jeseab":true,"ishitcno1":true,"maxoumask":true,"sanjaychaudhari":true,"glebec":true,"forrert":true,"parkerproject":true,"mastayoda":true,"sharp":true,"xiaokaike":true,"cestrensem":true,"estliberitas":true,"ocd_lionel":true,"makenova":true,"jueb":true,"bpatel":true,"wangnan0610":true,"waitfish":true,"thecodeparadox":true,"nex":true,"andriecool":true,"drossman":true,"macdaddy":true,"buzuli":true,"kurt.pattyn":true,"chinaqstar":true,"sixertoy":true,"efreak":true,"acollins-ts":true,"markthethomas":true,"stephn_r":true,"sergeymakoveev":true,"vwal":true,"isaacvitor":true,"petecemi":true,"deryk":true,"seanpowell":true,"pensierinmusica":true,"m0dred":true,"jkrenge":true,"incendiary":true,"mariusc23":true,"mihaislobozeanu":true,"windhamdavid":true,"nalindak":true,"haaaiiimmm":true,"stany":true,"pdedkov":true,"0x4c3p":true,"panlw":true,"nickeljew":true,"enriched":true,"viz":true,"ericnelson":true,"novalu":true,"itskdk":true,"algonzo":true,"hisplan":true,"alexbaumgertner":true,"amthenia":true,"dbck":true,"ngpixel":true,"ahsanshafiq":true,"lwgojustgo":true,"paragi":true,"fortis":true,"bruinebeer":true,"evanyeung":true,"figroc":true,"lijinghust":true,"tobiasnickel":true,"grantcarthew":true,"satoshiyamamoto":true,"shanemileham":true,"statico":true,"xlaoyu":true,"manumartor":true,"mikestaub":true,"garenyondem":true,"ryanlee":true,"mikemimik":true,"misterioss":true,"ruyadorno":true,"zhanghaili":true,"scytalezero":true,"shaomingquan":true,"buru1020":true,"pigiuz":true,"cdelmoral":true,"nickeltobias":true,"roman-io":true,"nashi007":true,"sibawite":true,"shan":true,"jedateach":true,"troels.trvo.dk":true,"xtat":true,"52u":true,"brend":true,"kratam":true,"vutran":true,"bethrezen":true,"ziliwesley":true,"samlaudev":true,"bhill":true,"koalaylj":true,"diwushi33":true,"holly":true,"jfernandezgersol":true,"t.tiercelin":true,"jcowgar":true,"antixrist":true,"firefox":true,"boto":true,"koskokos":true,"s3than":true,"spalger":true,"bapinney":true,"dkblay":true,"tbear79":true,"fm-96":true,"fenyot":true,"djviolin":true,"wdhif":true,"kissyid":true,"taskone":true,"hyokosdeveloper":true,"mysticatea":true,"itsakt":true,"mluberry":true,"leshik":true,"dracochou":true,"ymk":true,"sopov":true,"akarem":true,"ungurys":true,"manikantag":true,"rocket0191":true,"ivan.marquez":true,"staydan":true,"azevedo":true,"jcottam":true,"lukicdarkoo":true,"ramzesucr":true,"serioga":true,"dominik.palo":true,"amenadiel":true,"ragingsmurf":true,"neo1":true,"lintungwei":true,"sunggun":true,"soenkekluth":true,"wukaidong":true,"coolhanddev":true,"jonathas":true,"dabin":true,"tmurngon":true,"slmcassio":true,"emyann":true,"shaddyhm":true,"jmsherry":true,"tonikhil1":true,"pazzavlad":true,"calldanfeng":true,"ahmed-dinar":true,"nonemoticoner":true,"lizhiqiang":true,"joaquin.briceno":true,"amdsouza92":true,"langri-sha":true,"zorak":true,"jasonwang1888":true,"wenhsiaoyi":true,"strydom":true,"nilz3ro":true,"gerst20051":true,"davequick":true,"natarajanmca11":true,"dosevader":true,"samirdamle":true,"abdihaikal":true,"rylan_yan":true,"mrosata":true,"josealmeida":true,"gaveho":true,"crashtheuniverse":true,"kirikou93":true,"frontmoment":true,"tangweikun":true,"largepuma":true,"kunalgaurav18":true,"webmato":true,"sonanui":true,"jordan-carney":true,"anoubis":true,"mrbgit":true,"tedyhy":true,"aquiandres":true,"arbauman":true,"franksansc":true,"nicknaso":true,"good318":true,"shakakira":true,"sgvinci":true,"fredtma":true,"bobjohnson23":true,"vchouhan":true,"fengbeijing":true,"miloc":true,"zixinliango":true,"mrsarm":true,"mikedfunk":true,"madalozzo":true,"isa424":true,"mhaidarh":true,"gwilison":true,"kenovi":true,"roxnz":true,"thomas.li":true,"stevepsharpe":true,"danielknaust":true,"quafoo":true,"heineiuo":true,"cunningdj":true,"junos":true,"princetoad":true,"mjurincic":true},"readme":"# winston\n\n[![Join the chat at https://gitter.im/winstonjs/winston](https://badges.gitter.im/Join%20Chat.svg)](https://gitter.im/winstonjs/winston?utm_source=badge&utm_medium=badge&utm_campaign=pr-badge&utm_content=badge)\n\n[![Version npm](https://img.shields.io/npm/v/winston.svg?style=flat-square)](https://www.npmjs.com/package/winston)[![npm Downloads](https://img.shields.io/npm/dm/winston.svg?style=flat-square)](https://www.npmjs.com/package/winston)[![Build Status](https://img.shields.io/travis/winstonjs/winston/master.svg?style=flat-square)](https://travis-ci.org/winstonjs/winston)[![Dependencies](https://img.shields.io/david/winstonjs/winston.svg?style=flat-square)](https://david-dm.org/winstonjs/winston)\n\n[![NPM](https://nodei.co/npm/winston.png?downloads=true&downloadRank=true)](https://nodei.co/npm/winston/)\n\nA multi-transport async logging library for node.js. <span style=\"font-size:28px; font-weight:bold;\">&quot;CHILL WINSTON! ... I put it in the logs.&quot;</span>\n\n## Motivation\nWinston is designed to be a simple and universal logging library with support for multiple transports. A transport is essentially a storage device for your logs. Each instance of a winston logger can have multiple transports configured at different levels. For example, one may want error logs to be stored in a persistent remote location (like a database), but all logs output to the console or a local file.\n\nThere also seemed to be a lot of logging libraries out there that coupled their implementation of logging (i.e. how the logs are stored / indexed) to the API that they exposed to the programmer. This library aims to decouple those parts of the process to make it more flexible and extensible.\n\n## Installation\n\n```bashp\nnpm install winston\n```\n\n## Usage\nThere are two different ways to use winston: directly via the default logger, or by instantiating your own Logger. The former is merely intended to be a convenient shared logger to use throughout your application if you so choose.\n\n* [Logging](#logging)\n  * [Using the Default Logger](#using-the-default-logger)\n  * [Instantiating your own Logger](#instantiating-your-own-logger)\n  * [Logging with Metadata](#logging-with-metadata)\n  * [String interpolation](#string-interpolation)\n* [Transports](https://github.com/winstonjs/winston/blob/master/docs/transports.md)\n  * [Multiple transports of the same type](#multiple-transports-of-the-same-type)\n* [Profiling](#profiling)\n* [Streaming Logs](#streaming-logs)\n* [Querying Logs](#querying-logs)\n* [Exceptions](#exceptions)\n  * [Handling Uncaught Exceptions with winston](#handling-uncaught-exceptions-with-winston)\n  * [To Exit or Not to Exit](#to-exit-or-not-to-exit)\n* [Logging Levels](#logging-levels)\n  * [Using Logging Levels](#using-logging-levels)\n  * [Using Custom Logging Levels](#using-custom-logging-levels)\n* [Further Reading](#further-reading)\n  * [Events and Callbacks in Winston](#events-and-callbacks-in-winston)\n  * [Working with multiple Loggers in winston](#working-with-multiple-loggers-in-winston)\n  * [Using winston in a CLI tool](#using-winston-in-a-cli-tool)\n  * [Filters and Rewriters](#filters-and-rewriters)\n  * [Adding Custom Transports](#adding-custom-transports)\n* [Installation](#installation)\n* [Run Tests](#run-tests)\n\n\n## Logging\n\nLogging levels in `winston` conform to the severity ordering specified by [RFC5424](https://tools.ietf.org/html/rfc5424): _severity of all levels is assumed to be numerically **ascending** from most important to least important._\n\n### Using the Default Logger\nThe default logger is accessible through the winston module directly. Any method that you could call on an instance of a logger is available on the default logger:\n\n``` js\n  var winston = require('winston');\n\n  winston.log('info', 'Hello distributed log files!');\n  winston.info('Hello again distributed logs');\n\n  winston.level = 'debug';\n  winston.log('debug', 'Now my debug messages are written to console!');\n```\n\nBy default, only the Console transport is set on the default logger. You can add or remove transports via the add() and remove() methods:\n\n``` js\n  winston.add(winston.transports.File, { filename: 'somefile.log' });\n  winston.remove(winston.transports.Console);\n```\n\nOr do it with one call to configure():\n\n``` js\n  winston.configure({\n    transports: [\n      new (winston.transports.File)({ filename: 'somefile.log' })\n    ]\n  });\n```\n\nFor more documentation about working with each individual transport supported by Winston see the [Winston Transports](docs/transports.md) document.\n\n### Instantiating your own Logger\nIf you would prefer to manage the object lifetime of loggers you are free to instantiate them yourself:\n\n``` js\n  var logger = new (winston.Logger)({\n    transports: [\n      new (winston.transports.Console)(),\n      new (winston.transports.File)({ filename: 'somefile.log' })\n    ]\n  });\n```\n\nYou can work with this logger in the same way that you work with the default logger:\n\n``` js\n  //\n  // Logging\n  //\n  logger.log('info', 'Hello distributed log files!');\n  logger.info('Hello again distributed logs');\n\n  //\n  // Adding / Removing Transports\n  //   (Yes It's chainable)\n  //\n  logger\n    .add(winston.transports.File)\n    .remove(winston.transports.Console);\n```\n\nYou can also wholesale reconfigure a `winston.Logger` instance using the `configure` method:\n\n``` js\n  var logger = new winston.Logger({\n    level: 'info',\n    transports: [\n      new (winston.transports.Console)(),\n      new (winston.transports.File)({ filename: 'somefile.log' })\n    ]\n  });\n\n  //\n  // Replaces the previous transports with those in the\n  // new configuration wholesale.\n  //\n  logger.configure({\n    level: 'verbose',\n    transports: [\n      new (require('winston-daily-rotate-file'))(opts)\n    ]\n  });\n```\n\n\n### Logging with Metadata\nIn addition to logging string messages, winston will also optionally log additional JSON metadata objects. Adding metadata is simple:\n\n``` js\n  winston.log('info', 'Test Log Message', { anything: 'This is metadata' });\n```\n\nThe way these objects are stored varies from transport to transport (to best support the storage mechanisms offered). Here's a quick summary of how each transports handles metadata:\n\n1. __Console:__ Logged via util.inspect(meta)\n2. __File:__ Logged via util.inspect(meta)\n\n## Multiple transports of the same type\n\nIt is possible to use multiple transports of the same type e.g. `winston.transports.File` by passing in a custom `name` when you construct the transport.\n\n``` js\nvar logger = new (winston.Logger)({\n  transports: [\n    new (winston.transports.File)({\n      name: 'info-file',\n      filename: 'filelog-info.log',\n      level: 'info'\n    }),\n    new (winston.transports.File)({\n      name: 'error-file',\n      filename: 'filelog-error.log',\n      level: 'error'\n    })\n  ]\n});\n```\n\nIf you later want to remove one of these transports you can do so by using the string name. e.g.:\n\n``` js\nlogger.remove('info-file');\n```\n\nIn this example one could also remove by passing in the instance of the Transport itself. e.g. this is equivalent to the string example above;\n\n``` js\n// Notice it was first in the Array above\nvar infoFile = logger.transports[0];\nlogger.remove(infoFile);\n```\n\n## Profiling\nIn addition to logging messages and metadata, winston also has a simple profiling mechanism implemented for any logger:\n\n``` js\n  //\n  // Start profile of 'test'\n  // Remark: Consider using Date.now() with async operations\n  //\n  winston.profile('test');\n\n  setTimeout(function () {\n    //\n    // Stop profile of 'test'. Logging will now take place:\n    //   \"17 Jan 21:00:00 - info: test duration=1000ms\"\n    //\n    winston.profile('test');\n  }, 1000);\n```\n\nAll profile messages are set to the 'info' by default and both message and metadata are optional There are no plans in the Roadmap to make this configurable, but I'm open to suggestions / issues.\n\n### String interpolation\nThe `log` method provides the same string interpolation methods like [`util.format`][10].\n\nThis allows for the following log messages.\n``` js\nlogger.log('info', 'test message %s', 'my string');\n// info: test message my string\n\nlogger.log('info', 'test message %d', 123);\n// info: test message 123\n\nlogger.log('info', 'test message %j', {number: 123}, {});\n// info: test message {\"number\":123}\n// meta = {}\n\nlogger.log('info', 'test message %s, %s', 'first', 'second', {number: 123});\n// info: test message first, second\n// meta = {number: 123}\n\nlogger.log('info', 'test message', 'first', 'second', {number: 123});\n// info: test message first second\n// meta = {number: 123}\n\nlogger.log('info', 'test message %s, %s', 'first', 'second', {number: 123}, function(){});\n// info: test message first, second\n// meta = {number: 123}\n// callback = function(){}\n\nlogger.log('info', 'test message', 'first', 'second', {number: 123}, function(){});\n// info: test message first second\n// meta = {number: 123}\n// callback = function(){}\n```\n\n\n\n\n\n## Querying Logs\nWinston supports querying of logs with Loggly-like options. [See Loggly Search API](https://www.loggly.com/docs/api-retrieving-data/).\nSpecifically: `File`, `Couchdb`, `Redis`, `Loggly`, `Nssocket`, and `Http`.\n\n``` js\n  var options = {\n    from: new Date - 24 * 60 * 60 * 1000,\n    until: new Date,\n    limit: 10,\n    start: 0,\n    order: 'desc',\n    fields: ['message']\n  };\n\n  //\n  // Find items logged between today and yesterday.\n  //\n  winston.query(options, function (err, results) {\n    if (err) {\n      throw err;\n    }\n\n    console.log(results);\n  });\n```\n\n## Streaming Logs\nStreaming allows you to stream your logs back from your chosen transport.\n\n``` js\n  //\n  // Start at the end.\n  //\n  winston.stream({ start: -1 }).on('log', function(log) {\n    console.log(log);\n  });\n```\n\n## Exceptions\n\n### Handling Uncaught Exceptions with winston\n\nWith `winston`, it is possible to catch and log `uncaughtException` events from your process. There are two distinct ways of enabling this functionality either through the default winston logger or your own logger instance.\n\nIf you want to use this feature with the default logger simply call `.handleExceptions()` with a transport instance.\n\n``` js\n  //\n  // You can add a separate exception logger by passing it to `.handleExceptions`\n  //\n  winston.handleExceptions(new winston.transports.File({ filename: 'path/to/exceptions.log' }))\n\n  //\n  // Alternatively you can set `.handleExceptions` to true when adding transports to winston.\n  // You can use the `.humanReadableUnhandledException` option to get more readable exceptions.\n  //\n  winston.add(winston.transports.File, {\n    filename: 'path/to/all-logs.log',\n    handleExceptions: true,\n    humanReadableUnhandledException: true\n  });\n  \n  //\n  // Exceptions can also be handled by multiple transports.\n  //\n  winston.handleExceptions([ transport1, transport2, ... ]);\n```\n\n### To Exit or Not to Exit\n\nBy default, winston will exit after logging an uncaughtException. if this is not the behavior you want,\nset `exitOnError = false`\n\n``` js\n  var logger = new (winston.Logger)({ exitOnError: false });\n\n  //\n  // or, like this:\n  //\n  logger.exitOnError = false;\n```\n\nWhen working with custom logger instances, you can pass in separate transports to the `exceptionHandlers` property or set `.handleExceptions` on any transport.\n\nExample 1\n\n``` js\n  var logger = new (winston.Logger)({\n    transports: [\n      new winston.transports.File({ filename: 'path/to/all-logs.log' })\n    ],\n    exceptionHandlers: [\n      new winston.transports.File({ filename: 'path/to/exceptions.log' })\n    ]\n  });\n```\n\nExample 2\n\n``` js\nvar logger = new winston.Logger({\n  transports: [\n    new winston.transports.Console({\n      handleExceptions: true,\n      json: true\n    })\n  ],\n  exitOnError: false\n});\n```\n\nThe `exitOnError` option can also be a function to prevent exit on only certain types of errors:\n\n``` js\n  function ignoreEpipe(err) {\n    return err.code !== 'EPIPE';\n  }\n\n  var logger = new (winston.Logger)({ exitOnError: ignoreEpipe });\n\n  //\n  // or, like this:\n  //\n  logger.exitOnError = ignoreEpipe;\n```\n\n## Logging Levels\n\nEach `level` is given a specific integer priority. The higher the priority the more important the message is considered to be, and the lower the corresponding integer priority.  For example, `npm` logging levels are prioritized from 0 to 5 (highest to lowest):\n\n``` js\n{ error: 0, warn: 1, info: 2, verbose: 3, debug: 4, silly: 5 }\n```\n\nSimilarly, as specified exactly in RFC5424 the `syslog` levels are prioritized from 0 to 7 (highest to lowest).\n\n```js\n{ emerg: 0, alert: 1, crit: 2, error: 3, warning: 4, notice: 5, info: 6, debug: 7 }\n```\n\nIf you do not explicitly define the levels that `winston` should use the `npm` levels above will be used.\n\n### Using Logging Levels\nSetting the level for your logging message can be accomplished in one of two ways. You can pass a string representing the logging level to the log() method or use the level specified methods defined on every winston Logger.\n\n``` js\n  //\n  // Any logger instance\n  //\n  logger.log('silly', \"127.0.0.1 - there's no place like home\");\n  logger.log('debug', \"127.0.0.1 - there's no place like home\");\n  logger.log('verbose', \"127.0.0.1 - there's no place like home\");\n  logger.log('info', \"127.0.0.1 - there's no place like home\");\n  logger.log('warn', \"127.0.0.1 - there's no place like home\");\n  logger.log('error', \"127.0.0.1 - there's no place like home\");\n  logger.info(\"127.0.0.1 - there's no place like home\");\n  logger.warn(\"127.0.0.1 - there's no place like home\");\n  logger.error(\"127.0.0.1 - there's no place like home\");\n\n  //\n  // Default logger\n  //\n  winston.log('info', \"127.0.0.1 - there's no place like home\");\n  winston.info(\"127.0.0.1 - there's no place like home\");\n```\n\n`winston` allows you to define a `level` property on each transport which specifies the **maximum** level of messages that a transport should log. For example, using the `npm` levels you could log only `error` messages to the console and everything `info` and below to a file (which includes `error` messages):\n\n``` js\n  var logger = new (winston.Logger)({\n    transports: [\n      new (winston.transports.Console)({ level: 'error' }),\n      new (winston.transports.File)({\n        filename: 'somefile.log',\n        level: 'info'\n      })\n    ]\n  });\n```\n\nYou may also dynamically change the log level of a transport:\n\n``` js\n  var logger = new (winston.Logger)({\n    transports: [\n      new (winston.transports.Console)({ level: 'warn' }),\n      new (winston.transports.File)({ filename: 'somefile.log', level: 'error' })\n    ]\n  });\n  logger.debug(\"Will not be logged in either transport!\");\n  logger.transports.console.level = 'debug';\n  logger.transports.file.level = 'verbose';\n  logger.verbose(\"Will be logged in both transports!\");\n```\n\nAs of 0.2.0, winston supports customizable logging levels, defaulting to [npm][0] style logging levels. Changing logging levels is easy:\n\n``` js\n  //\n  // Change levels on the default winston logger\n  //\n  winston.setLevels(winston.config.syslog.levels);\n\n  //\n  // Change levels on an instance of a logger\n  //\n  logger.setLevels(winston.config.syslog.levels);\n```\n\nCalling `.setLevels` on a logger will remove all of the previous helper methods for the old levels and define helper methods for the new levels. Thus, you should be careful about the logging statements you use when changing levels. For example, if you ran this code after changing to the syslog levels:\n\n``` js\n  //\n  // Logger does not have 'silly' defined since that level is not in the syslog levels\n  //\n  logger.silly('some silly message');\n```\n\n### Using Custom Logging Levels\nIn addition to the predefined `npm` and `syslog` levels available in Winston, you can also choose to define your own:\n\n``` js\n  var myCustomLevels = {\n    levels: {\n      foo: 0,\n      bar: 1,\n      baz: 2,\n      foobar: 3\n    },\n    colors: {\n      foo: 'blue',\n      bar: 'green',\n      baz: 'yellow',\n      foobar: 'red'\n    }\n  };\n\n  var customLevelLogger = new (winston.Logger)({ levels: myCustomLevels.levels });\n  customLevelLogger.foobar('some foobar level-ed message');\n```\n\nAlthough there is slight repetition in this data structure, it enables simple encapsulation if you do not want to have colors. If you do wish to have colors, in addition to passing the levels to the Logger itself, you must make winston aware of them:\n\n``` js\n  //\n  // Make winston aware of these colors\n  //\n  winston.addColors(myCustomLevels.colors);\n```\n\nThis enables transports with the 'colorize' option set to appropriately color the output of custom levels.\n\n## Further Reading\n\n### Events and Callbacks in Winston\nEach instance of winston.Logger is also an instance of an [EventEmitter][1]. A log event will be raised each time a transport successfully logs a message:\n\n``` js\n  logger.on('logging', function (transport, level, msg, meta) {\n    // [msg] and [meta] have now been logged at [level] to [transport]\n  });\n\n  logger.info('CHILL WINSTON!', { seriously: true });\n```\n\nIt is also worth mentioning that the logger also emits an 'error' event which you should handle or suppress if you don't want unhandled exceptions:\n\n``` js\n  //\n  // Handle errors\n  //\n  logger.on('error', function (err) { /* Do Something */ });\n\n  //\n  // Or just suppress them.\n  //\n  logger.emitErrs = false;\n```\n\nEvery logging method described in the previous section also takes an optional callback which will be called only when all of the transports have logged the specified message.\n\n``` js\n  logger.info('CHILL WINSTON!', { seriously: true }, function (err, level, msg, meta) {\n    // [msg] and [meta] have now been logged at [level] to **every** transport.\n  });\n```\n\n### Working with multiple Loggers in winston\n\nOften in larger, more complex applications it is necessary to have multiple logger instances with different settings. Each logger is responsible for a different feature area (or category). This is exposed in `winston` in two ways: through `winston.loggers` and instances of `winston.Container`. In fact, `winston.loggers` is just a predefined instance of `winston.Container`:\n\n``` js\n  var winston = require('winston');\n\n  //\n  // Configure the logger for `category1`\n  //\n  winston.loggers.add('category1', {\n    console: {\n      level: 'silly',\n      colorize: true,\n      label: 'category one'\n    },\n    file: {\n      filename: '/path/to/some/file'\n    }\n  });\n\n  //\n  // Configure the logger for `category2`\n  //\n  winston.loggers.add('category2', {\n    couchdb: {\n      host: '127.0.0.1',\n      port: 5984\n    }\n  });\n```\n\nNow that your loggers are setup you can require winston _in any file in your application_ and access these pre-configured loggers:\n\n``` js\n  var winston = require('winston');\n\n  //\n  // Grab your preconfigured logger\n  //\n  var category1 = winston.loggers.get('category1');\n\n  category1.info('logging from your IoC container-based logger');\n```\n\nIf you prefer to manage the `Container` yourself you can simply instantiate one:\n\n``` js\n  var winston = require('winston'),\n      container = new winston.Container();\n\n  container.add('category1', {\n    console: {\n      level: 'silly',\n      colorize: true\n    },\n    file: {\n      filename: '/path/to/some/file'\n    }\n  });\n```\n\n### Sharing transports between Loggers in winston\n\n``` js\n  var winston = require('winston');\n\n  //\n  // Setup transports to be shared across all loggers\n  // in three ways:\n  //\n  // 1. By setting it on the default Container\n  // 2. By passing `transports` into the constructor function of winston.Container\n  // 3. By passing `transports` into the `.get()` or `.add()` methods\n  //\n\n  //\n  // 1. By setting it on the default Container\n  //\n  winston.loggers.options.transports = [\n    // Setup your shared transports here\n  ];\n\n  //\n  // 2. By passing `transports` into the constructor function of winston.Container\n  //\n  var container = new winston.Container({\n    transports: [\n      // Setup your shared transports here\n    ]\n  });\n\n  //\n  // 3. By passing `transports` into the `.get()` or `.add()` methods\n  //\n  winston.loggers.add('some-category', {\n    transports: [\n      // Setup your shared transports here\n    ]\n  });\n\n  container.add('some-category', {\n    transports: [\n      // Setup your shared transports here\n    ]\n  });\n```\n\n### Using winston in a CLI tool\nA common use-case for logging is output to a CLI tool. Winston has a special helper method which will pretty print output from your CLI tool. Here's an example from the [require-analyzer][2] written by [Nodejitsu][3]:\n\n```\n  info:   require-analyzer starting in /Users/Charlie/Nodejitsu/require-analyzer\n  info:   Found existing dependencies\n  data:   {\n  data:     colors: '0.x.x',\n  data:     eyes: '0.1.x',\n  data:     findit: '0.0.x',\n  data:     npm: '1.0.x',\n  data:     optimist: '0.2.x',\n  data:     semver: '1.0.x',\n  data:     winston: '0.2.x'\n  data:   }\n  info:   Analyzing dependencies...\n  info:   Done analyzing raw dependencies\n  info:   Retrieved packages from npm\n  warn:   No additional dependencies found\n```\n\nConfiguring output for this style is easy, just use the `.cli()` method on `winston` or an instance of `winston.Logger`:\n\n``` js\n  var winston = require('winston');\n\n  //\n  // Configure CLI output on the default logger\n  //\n  winston.cli();\n\n  //\n  // Configure CLI on an instance of winston.Logger\n  //\n  var logger = new winston.Logger({\n    transports: [\n      new (winston.transports.Console)()\n    ]\n  });\n\n  logger.cli();\n```\n\n### Filters and Rewriters\nFilters allow modifying the contents of **log messages**, and Rewriters allow modifying the contents of **log meta** e.g. to mask data that should not appear in logs.\n\nBoth filters and rewriters are simple Arrays of functions which can be provided when creating a `new winston.Logger(options)`. e.g.:\n\n``` js\nvar logger = new winston.Logger({\n  rewriters: [function (level, msg, meta) { /* etc etc */ }],\n  filters:   [function (level, msg, meta) { /* etc etc */ }]\n})\n```\n\nLike any Array they can also be modified at runtime with no adverse side-effects to the `winston` internals.\n\n``` js\nlogger.filters.push(function(level, msg, meta) {\n  return meta.production\n    ? maskCardNumbers(msg)\n    : msg;\n});\n\nlogger.info('transaction with card number 123456789012345 successful.');\n```\n\nThis may result in this output:\n\n```\ninfo: transaction with card number 123456****2345 successful.\n```\n\nWhere as for rewriters, if you wanted to sanitize the `creditCard` field of your `meta` you could:\n\n``` js\nlogger.rewriters.push(function(level, msg, meta) {\n  if (meta.creditCard) {\n    meta.creditCard = maskCardNumbers(meta.creditCard)\n  }\n\n  return meta;\n});\n\nlogger.info('transaction ok', { creditCard: 123456789012345 });\n```\n\nwhich may result in this output:\n\n```\ninfo: transaction ok creditCard=123456****2345\n```\n\nSee [log-filter-test.js](./test/log-filter-test.js), where card number masking is implemented as an example along with [log-rewriter-test.js](./test/log-rewriter-test.js)\n\n## Adding Custom Transports\nAdding a custom transport is actually pretty easy. All you need to do is accept a couple of options, set a name, implement a log() method, and add it to the set of transports exposed by winston.\n\n``` js\n  var util = require('util'),\n      winston = require('winston');\n\n  var CustomLogger = winston.transports.CustomLogger = function (options) {\n    //\n    // Name this logger\n    //\n    this.name = 'customLogger';\n\n    //\n    // Set the level from your options\n    //\n    this.level = options.level || 'info';\n\n    //\n    // Configure your storage backing as you see fit\n    //\n  };\n\n  //\n  // Inherit from `winston.Transport` so you can take advantage\n  // of the base functionality and `.handleExceptions()`.\n  //\n  util.inherits(CustomLogger, winston.Transport);\n\n  CustomLogger.prototype.log = function (level, msg, meta, callback) {\n    //\n    // Store this message and metadata, maybe use some custom logic\n    // then callback indicating success.\n    //\n    callback(null, true);\n  };\n```\n\n### Custom Log Format\nTo specify custom log format you should set formatter function for transport. Currently supported transports are: Console, File, Memory.\nOptions object will be passed to the format function. It's general properties are: timestamp, level, message, meta. Depending on the transport type may be additional properties.\n\n``` js\nvar logger = new (winston.Logger)({\n  transports: [\n    new (winston.transports.Console)({\n      timestamp: function() {\n        return Date.now();\n      },\n      formatter: function(options) {\n        // Return string will be passed to logger.\n        return options.timestamp() +' '+ options.level.toUpperCase() +' '+ (options.message ? options.message : '') +\n          (options.meta && Object.keys(options.meta).length ? '\\n\\t'+ JSON.stringify(options.meta) : '' );\n      }\n    })\n  ]\n});\nlogger.info('Data to log.');\n```\n\n### Inspirations\n1. [npm][0]\n2. [log.js][4]\n3. [socket.io][5]\n4. [node-rlog][6]\n5. [BigBrother][7]\n6. [Loggly][8]\n\n## Installation\n\n### Installing npm (node package manager)\n```\n  curl http://npmjs.org/install.sh | sh\n```\n\n### Installing winston\n```\n  [sudo] npm install winston\n```\n\n## Run Tests\nAll of the winston tests are written in [vows][9], and designed to be run with npm.\n\n``` bash\n  $ npm test\n```\n\n#### Author: [Charlie Robbins](http://twitter.com/indexzero)\n#### Contributors: [Matthew Bergman](http://github.com/fotoverite), [Marak Squires](http://github.com/marak)\n\n[0]: https://github.com/npm/npmlog/blob/master/log.js\n[1]: http://nodejs.org/docs/v0.3.5/api/events.html#events.EventEmitter\n[2]: http://github.com/nodejitsu/require-analyzer\n[3]: http://nodejitsu.com\n[4]: https://github.com/visionmedia/log.js\n[5]: http://socket.io\n[6]: https://github.com/jbrisbin/node-rlog\n[7]: https://github.com/feisty/BigBrother\n[8]: http://loggly.com\n[9]: http://vowsjs.org\n[10]: http://nodejs.org/api/util.html#util_util_format_format\n[14]: http://nodejs.org/api/stream.html#stream_class_stream_writable\n[16]: https://github.com/indexzero/winston-mongodb\n[17]: https://github.com/indexzero/winston-riak\n[18]: https://github.com/appsattic/winston-simpledb\n[19]: https://github.com/wavded/winston-mail\n[21]: https://github.com/jesseditson/winston-sns\n[22]: https://github.com/flite/winston-graylog2\n[23]: https://github.com/kenperkins/winston-papertrail\n[24]: https://github.com/jorgebay/winston-cassandra\n[25]: https://github.com/jesseditson/winston-sns\n[26]: https://github.com/inspiredjw/winston-dynamodb/\n","homepage":"https://github.com/winstonjs/winston#readme","keywords":["winston","logging","sysadmin","tools"],"bugs":{"url":"https://github.com/winstonjs/winston/issues"},"readmeFilename":"README.md","license":"MIT","_attachments":{},"_etag":"W/\"58c6b0b7-15cb5\"","_lastModified":"Mon, 13 Mar 2017 14:46:15 GMT"}