{"_id":"react-for-atom","_rev":"19-5b9fcee8362bf7577d389a62050d1079","name":"react-for-atom","description":"Require this to get a single instance of React in Atom. Addons are lazily loaded.","dist-tags":{"latest":"15.3.1-0","react-compatible-v0.14.2":"0.14.2"},"versions":{"0.0.1":{"name":"react-for-atom","version":"0.0.1","description":"Require this to get a single instance of React in Atom. Addons are lazily loaded.","main":"main.js","scripts":{"test":"echo \"Error: no test specified\" && exit 1"},"repository":{"type":"git","url":"git+https://github.com/jgebhardt/react-for-atom.git"},"author":{"name":"Jonas Gebhardt","url":"jxg@fb.com"},"bugs":{"url":"https://github.com/jgebhardt/react-for-atom/issues"},"homepage":"https://github.com/jgebhardt/react-for-atom#readme","dependencies":{"react":"0.13.2"},"gitHead":"62c3bde7a226544bdd54030979994557b4b909e0","_id":"react-for-atom@0.0.1","_shasum":"7cdc77655d3584f31b8cb3ee2cf6b5c58fd444c0","_from":".","_npmVersion":"2.9.0","_nodeVersion":"0.12.0","_npmUser":{"name":"jxg","email":"jonas@jonasgebhardt.com"},"dist":{"shasum":"7cdc77655d3584f31b8cb3ee2cf6b5c58fd444c0","tarball":"https://registry.npmjs.org/react-for-atom/-/react-for-atom-0.0.1.tgz"},"maintainers":[{"name":"jxg","email":"jonas@jonasgebhardt.com"}],"directories":{}},"0.13.2":{"name":"react-for-atom","version":"0.13.2","description":"Require this to get a single instance of React in Atom. Addons are lazily loaded.","main":"main.js","scripts":{"test":"echo \"Error: no test specified\" && exit 1"},"repository":{"type":"git","url":"git+https://github.com/jgebhardt/react-for-atom.git"},"author":{"name":"Jonas Gebhardt","url":"jxg@fb.com"},"bugs":{"url":"https://github.com/jgebhardt/react-for-atom/issues"},"homepage":"https://github.com/jgebhardt/react-for-atom#readme","dependencies":{"react":"0.13.2"},"gitHead":"db3a53e7428053e95046c46c1d791a9744779039","_id":"react-for-atom@0.13.2","_shasum":"9f4b965dc4537f902137e63d001f288e4b5d22f7","_from":".","_npmVersion":"2.9.0","_nodeVersion":"0.12.0","_npmUser":{"name":"jxg","email":"jonas@jonasgebhardt.com"},"dist":{"shasum":"9f4b965dc4537f902137e63d001f288e4b5d22f7","tarball":"https://registry.npmjs.org/react-for-atom/-/react-for-atom-0.13.2.tgz"},"maintainers":[{"name":"jxg","email":"jonas@jonasgebhardt.com"}],"directories":{}},"0.13.2-b":{"name":"react-for-atom","version":"0.13.2-b","description":"Require this to get a single instance of React in Atom. Addons are lazily loaded.","main":"main.js","scripts":{"test":"echo \"Error: no test specified\" && exit 1"},"repository":{"type":"git","url":"git+https://github.com/jgebhardt/react-for-atom.git"},"author":{"name":"Jonas Gebhardt","url":"jxg@fb.com"},"bugs":{"url":"https://github.com/jgebhardt/react-for-atom/issues"},"homepage":"https://github.com/jgebhardt/react-for-atom#readme","dependencies":{"react":"0.13.2"},"gitHead":"c084eb128d281a09298e57be28526437e709f2c7","_id":"react-for-atom@0.13.2-b","_shasum":"626d95e286df16dfbaec2810278ecd10e5837ede","_from":".","_npmVersion":"2.9.0","_nodeVersion":"0.12.0","_npmUser":{"name":"jxg","email":"jonas@jonasgebhardt.com"},"dist":{"shasum":"626d95e286df16dfbaec2810278ecd10e5837ede","tarball":"https://registry.npmjs.org/react-for-atom/-/react-for-atom-0.13.2-b.tgz"},"maintainers":[{"name":"jxg","email":"jonas@jonasgebhardt.com"}],"directories":{}},"0.13.3":{"name":"react-for-atom","version":"0.13.3","description":"Require this to get a single instance of React in Atom. Addons are lazily loaded.","main":"main.js","scripts":{"test":"echo \"Error: no test specified\" && exit 1"},"repository":{"type":"git","url":"git+https://github.com/jgebhardt/react-for-atom.git"},"author":{"name":"Jonas Gebhardt","url":"jxg@fb.com"},"bugs":{"url":"https://github.com/jgebhardt/react-for-atom/issues"},"homepage":"https://github.com/jgebhardt/react-for-atom#readme","dependencies":{"react":"0.13.2"},"gitHead":"5ffb5fb30f418c83e6ae148d2306433fcddb6dbb","_id":"react-for-atom@0.13.3","_shasum":"ed19386d78d260587e209c508c7aba861ddb9f1f","_from":".","_npmVersion":"2.9.0","_nodeVersion":"0.12.0","_npmUser":{"name":"jxg","email":"jonas@jonasgebhardt.com"},"dist":{"shasum":"ed19386d78d260587e209c508c7aba861ddb9f1f","tarball":"https://registry.npmjs.org/react-for-atom/-/react-for-atom-0.13.3.tgz"},"maintainers":[{"name":"jxg","email":"jonas@jonasgebhardt.com"}],"directories":{}},"0.13.5":{"name":"react-for-atom","version":"0.13.5","description":"Require this to get a single instance of React in Atom. Addons are lazily loaded.","main":"main.js","scripts":{"test":"echo \"Error: no test specified\" && exit 1"},"repository":{"type":"git","url":"git+https://github.com/jgebhardt/react-for-atom.git"},"author":{"name":"Jonas Gebhardt","url":"jxg@fb.com"},"bugs":{"url":"https://github.com/jgebhardt/react-for-atom/issues"},"homepage":"https://github.com/jgebhardt/react-for-atom#readme","dependencies":{"react":"0.13.2"},"gitHead":"1a3bd4c7a84ba7c57454da6230a92a9203402640","_id":"react-for-atom@0.13.5","_shasum":"e53f0321f43e8303c4b1f3d36f4d1f5cc7a5d49c","_from":".","_npmVersion":"2.9.0","_nodeVersion":"0.12.0","_npmUser":{"name":"jxg","email":"jonas@jonasgebhardt.com"},"dist":{"shasum":"e53f0321f43e8303c4b1f3d36f4d1f5cc7a5d49c","tarball":"https://registry.npmjs.org/react-for-atom/-/react-for-atom-0.13.5.tgz"},"maintainers":[{"name":"jxg","email":"jonas@jonasgebhardt.com"}],"directories":{}},"0.13.6":{"name":"react-for-atom","version":"0.13.6","description":"Require this to get a single instance of React in Atom. Addons are lazily loaded.","main":"main.js","scripts":{"test":"echo \"Error: no test specified\" && exit 1"},"repository":{"type":"git","url":"git+https://github.com/jgebhardt/react-for-atom.git"},"author":{"name":"Jonas Gebhardt","url":"jxg@fb.com"},"bugs":{"url":"https://github.com/jgebhardt/react-for-atom/issues"},"homepage":"https://github.com/jgebhardt/react-for-atom#readme","dependencies":{"react":"0.13.2"},"gitHead":"bad8197b3bb7e51186558b00a5b65afdbb4bec95","_id":"react-for-atom@0.13.6","_shasum":"6c6bd33ce737b6c7f80c2579f5d954ea4853f73f","_from":".","_npmVersion":"2.9.0","_nodeVersion":"0.12.0","_npmUser":{"name":"jxg","email":"jonas@jonasgebhardt.com"},"dist":{"shasum":"6c6bd33ce737b6c7f80c2579f5d954ea4853f73f","tarball":"https://registry.npmjs.org/react-for-atom/-/react-for-atom-0.13.6.tgz"},"maintainers":[{"name":"jxg","email":"jonas@jonasgebhardt.com"}],"directories":{}},"0.14.2":{"name":"react-for-atom","version":"0.14.2","description":"Require this to get a single instance of React in Atom. Addons are lazily loaded.","main":"main.js","scripts":{"test":"NODE_ENV=production tap test.js && NODE_ENV=development tap test.js"},"repository":{"type":"git","url":"git+https://github.com/jgebhardt/react-for-atom.git"},"license":"BSD-3-Clause","author":{"name":"Jonas Gebhardt","url":"jxg@fb.com"},"bugs":{"url":"https://github.com/jgebhardt/react-for-atom/issues"},"homepage":"https://github.com/jgebhardt/react-for-atom#readme","dependencies":{"react":"0.14.2"},"devDependencies":{"tap":"^2.2.0"},"gitHead":"17bbd535d59dd8c439d4316da34fd4f039cb8435","_id":"react-for-atom@0.14.2","_shasum":"554603ec95940baba97c8dc212a081718aaccf93","_from":".","_npmVersion":"2.11.3","_nodeVersion":"2.3.1","_npmUser":{"name":"jxg","email":"jonas@jonasgebhardt.com"},"dist":{"shasum":"554603ec95940baba97c8dc212a081718aaccf93","tarball":"https://registry.npmjs.org/react-for-atom/-/react-for-atom-0.14.2.tgz"},"maintainers":[{"name":"jxg","email":"jonas@jonasgebhardt.com"}],"directories":{}},"0.14.3":{"name":"react-for-atom","version":"0.14.3","description":"Require this to get a single instance of React in Atom. Addons are lazily loaded.","main":"main.js","scripts":{"test":"NODE_ENV=production tap test.js && NODE_ENV=development tap test.js"},"repository":{"type":"git","url":"git+https://github.com/jgebhardt/react-for-atom.git"},"license":"BSD-3-Clause","author":{"name":"Jonas Gebhardt","url":"jxg@fb.com"},"bugs":{"url":"https://github.com/jgebhardt/react-for-atom/issues"},"homepage":"https://github.com/jgebhardt/react-for-atom#readme","dependencies":{"react":"0.14.2"},"devDependencies":{"tap":"^2.2.0"},"gitHead":"f5da139990d810cab2dc0f178160f4cc0a35f019","_id":"react-for-atom@0.14.3","_shasum":"e6c6bac605b3daf9aa50268f10725b1e4dc8f312","_from":".","_npmVersion":"2.11.3","_nodeVersion":"2.3.1","_npmUser":{"name":"jxg","email":"jonas@jonasgebhardt.com"},"dist":{"shasum":"e6c6bac605b3daf9aa50268f10725b1e4dc8f312","tarball":"https://registry.npmjs.org/react-for-atom/-/react-for-atom-0.14.3.tgz"},"maintainers":[{"name":"jxg","email":"jonas@jonasgebhardt.com"}],"directories":{}},"0.14.6":{"name":"react-for-atom","version":"0.14.6","description":"Require this to get a single instance of React in Atom. Addons are lazily loaded.","main":"main.js","scripts":{"test":"NODE_ENV=production tap test.js && NODE_ENV=development tap test.js"},"repository":{"type":"git","url":"git+https://github.com/jgebhardt/react-for-atom.git"},"license":"BSD-3-Clause","author":{"name":"Jonas Gebhardt","url":"jxg@fb.com"},"bugs":{"url":"https://github.com/jgebhardt/react-for-atom/issues"},"homepage":"https://github.com/jgebhardt/react-for-atom#readme","dependencies":{"react":"0.14.6","react-addons-clone-with-props":"0.14.6","react-addons-create-fragment":"0.14.6","react-addons-css-transition-group":"0.14.6","react-addons-perf":"0.14.6","react-addons-pure-render-mixin":"0.14.6","react-addons-shallow-compare":"0.14.6","react-addons-test-utils":"0.14.6","react-addons-transition-group":"0.14.6","react-addons-update":"0.14.6","react-dom":"0.14.6"},"devDependencies":{"tap":"^2.2.0"},"gitHead":"0cfa4802a25b5044465bf019aec2cafd79d5550f","_id":"react-for-atom@0.14.6","_shasum":"69deb5a51c9f7e047967f43185e10b5a66990c2e","_from":".","_npmVersion":"2.14.7","_nodeVersion":"4.2.2","_npmUser":{"name":"fb","email":"opensource+npm@fb.com"},"dist":{"shasum":"69deb5a51c9f7e047967f43185e10b5a66990c2e","tarball":"https://registry.npmjs.org/react-for-atom/-/react-for-atom-0.14.6.tgz"},"maintainers":[{"name":"fb","email":"opensource+npm@fb.com"},{"name":"jxg","email":"jonas@jonasgebhardt.com"}],"directories":{}},"0.14.6-0":{"name":"react-for-atom","version":"0.14.6-0","description":"Require this to get a single instance of React in Atom. Addons are lazily loaded.","keywords":["atom","react"],"license":"BSD-3-Clause","author":{"name":"Jonas Gebhardt","email":"jxg@fb.com"},"files":["react-for-atom.js","react-for-atom.js.flow"],"main":"react-for-atom.js","repository":{"type":"git","url":"git+https://github.com/jgebhardt/react-for-atom.git"},"scripts":{"test":"tap test/*.js"},"dependencies":{"react":"0.14.6","react-addons-clone-with-props":"0.14.6","react-addons-create-fragment":"0.14.6","react-addons-css-transition-group":"0.14.6","react-addons-linked-state-mixin":"0.14.6","react-addons-perf":"0.14.6","react-addons-pure-render-mixin":"0.14.6","react-addons-shallow-compare":"0.14.6","react-addons-test-utils":"0.14.6","react-addons-transition-group":"0.14.6","react-addons-update":"0.14.6","react-dom":"0.14.6"},"devDependencies":{"flow-bin":"0.20.1","tap":"^2.2.0"},"gitHead":"975987b114f4ba702ddc85001c24fbc96373e8d4","bugs":{"url":"https://github.com/jgebhardt/react-for-atom/issues"},"homepage":"https://github.com/jgebhardt/react-for-atom#readme","_id":"react-for-atom@0.14.6-0","_shasum":"19d8f5a6a7f887edb73c16f2d33732341e958537","_from":".","_npmVersion":"2.14.4","_nodeVersion":"4.1.1","_npmUser":{"name":"fb","email":"opensource+npm@fb.com"},"dist":{"shasum":"19d8f5a6a7f887edb73c16f2d33732341e958537","tarball":"https://registry.npmjs.org/react-for-atom/-/react-for-atom-0.14.6-0.tgz"},"maintainers":[{"name":"fb","email":"opensource+npm@fb.com"},{"name":"jxg","email":"jonas@jonasgebhardt.com"}],"directories":{}},"0.14.7-0":{"name":"react-for-atom","version":"0.14.7-0","description":"Require this to get a single instance of React in Atom. Addons are lazily loaded.","keywords":["atom","react"],"license":"BSD-3-Clause","author":{"name":"Jonas Gebhardt","email":"jxg@fb.com"},"files":["react-for-atom.js","react-for-atom.js.flow"],"main":"react-for-atom.js","repository":{"type":"git","url":"git+https://github.com/jgebhardt/react-for-atom.git"},"scripts":{"test":"tap test/*.js"},"dependencies":{"react":"0.14.7","react-addons-clone-with-props":"0.14.7","react-addons-create-fragment":"0.14.7","react-addons-css-transition-group":"0.14.7","react-addons-linked-state-mixin":"0.14.7","react-addons-perf":"0.14.7","react-addons-pure-render-mixin":"0.14.7","react-addons-shallow-compare":"0.14.7","react-addons-test-utils":"0.14.7","react-addons-transition-group":"0.14.7","react-addons-update":"0.14.7","react-dom":"0.14.7"},"devDependencies":{"flow-bin":"0.21.0","tap":"^2.2.0"},"gitHead":"4e4ec20014a285e42da96ff0bc402fddb21cb52c","bugs":{"url":"https://github.com/jgebhardt/react-for-atom/issues"},"homepage":"https://github.com/jgebhardt/react-for-atom#readme","_id":"react-for-atom@0.14.7-0","_shasum":"9e9584c93967826117990a9970117d8b7bda7e17","_from":".","_npmVersion":"2.14.4","_nodeVersion":"4.1.1","_npmUser":{"name":"fb","email":"opensource+npm@fb.com"},"dist":{"shasum":"9e9584c93967826117990a9970117d8b7bda7e17","tarball":"https://registry.npmjs.org/react-for-atom/-/react-for-atom-0.14.7-0.tgz"},"maintainers":[{"name":"fb","email":"opensource+npm@fb.com"},{"name":"jxg","email":"jonas@jonasgebhardt.com"}],"_npmOperationalInternal":{"host":"packages-5-east.internal.npmjs.com","tmp":"tmp/react-for-atom-0.14.7-0.tgz_1454532880756_0.2068368943873793"},"directories":{}},"15.0.1-0":{"name":"react-for-atom","version":"15.0.1-0","description":"Require this to get a single instance of React in Atom. Addons are lazily loaded.","keywords":["atom","react"],"license":"BSD-3-Clause","author":{"name":"Jonas Gebhardt","email":"jxg@fb.com"},"files":["react-for-atom.js","react-for-atom.js.flow"],"main":"react-for-atom.js","repository":{"type":"git","url":"git+https://github.com/jgebhardt/react-for-atom.git"},"scripts":{"test":"tap test/*.js"},"dependencies":{"react":"15.0.1","react-addons-create-fragment":"15.0.1","react-addons-css-transition-group":"15.0.1","react-addons-linked-state-mixin":"15.0.1","react-addons-perf":"15.0.1","react-addons-pure-render-mixin":"15.0.1","react-addons-shallow-compare":"15.0.1","react-addons-test-utils":"15.0.1","react-addons-transition-group":"15.0.1","react-addons-update":"15.0.1","react-dom":"15.0.1"},"devDependencies":{"flow-bin":"0.21.0","tap":"^2.2.0"},"gitHead":"953e83a3b8ccdaf99d8f417a3352148da799fb5b","bugs":{"url":"https://github.com/jgebhardt/react-for-atom/issues"},"homepage":"https://github.com/jgebhardt/react-for-atom#readme","_id":"react-for-atom@15.0.1-0","_shasum":"6b03c800ba8bbc9baf862ee2a84db57239b10de6","_from":".","_npmVersion":"3.8.3","_nodeVersion":"5.10.1","_npmUser":{"name":"fb","email":"opensource+npm@fb.com"},"dist":{"shasum":"6b03c800ba8bbc9baf862ee2a84db57239b10de6","tarball":"https://registry.npmjs.org/react-for-atom/-/react-for-atom-15.0.1-0.tgz"},"maintainers":[{"name":"fb","email":"opensource+npm@fb.com"},{"name":"jxg","email":"jonas@jonasgebhardt.com"}],"_npmOperationalInternal":{"host":"packages-16-east.internal.npmjs.com","tmp":"tmp/react-for-atom-15.0.1-0.tgz_1460591524046_0.6987571190111339"},"directories":{}},"15.0.2-0":{"name":"react-for-atom","version":"15.0.2-0","description":"Require this to get a single instance of React in Atom. Addons are lazily loaded.","keywords":["atom","react"],"license":"BSD-3-Clause","author":{"name":"Jonas Gebhardt","email":"jxg@fb.com"},"files":["react-for-atom.js","react-for-atom.js.flow"],"main":"react-for-atom.js","repository":{"type":"git","url":"git+https://github.com/jgebhardt/react-for-atom.git"},"scripts":{"test":"tap test/*.js"},"dependencies":{"react":"15.0.2","react-addons-create-fragment":"15.0.2","react-addons-css-transition-group":"15.0.2","react-addons-linked-state-mixin":"15.0.2","react-addons-perf":"15.0.2","react-addons-pure-render-mixin":"15.0.2","react-addons-shallow-compare":"15.0.2","react-addons-test-utils":"15.0.2","react-addons-transition-group":"15.0.2","react-addons-update":"15.0.2","react-dom":"15.0.2"},"devDependencies":{"babel-core":"^5.8.38","flow-bin":"0.24.0","tap":"^5.7.1"},"gitHead":"bfe7925d0d1612d8f8c72d67fe15ccda2c052081","bugs":{"url":"https://github.com/jgebhardt/react-for-atom/issues"},"homepage":"https://github.com/jgebhardt/react-for-atom#readme","_id":"react-for-atom@15.0.2-0","_shasum":"98b282382983352ee7b0c40cf8530f5cbf299602","_from":".","_npmVersion":"3.8.6","_nodeVersion":"5.11.0","_npmUser":{"name":"fb","email":"opensource+npm@fb.com"},"dist":{"shasum":"98b282382983352ee7b0c40cf8530f5cbf299602","tarball":"https://registry.npmjs.org/react-for-atom/-/react-for-atom-15.0.2-0.tgz"},"maintainers":[{"name":"fb","email":"opensource+npm@fb.com"},{"name":"jxg","email":"jonas@jonasgebhardt.com"}],"_npmOperationalInternal":{"host":"packages-16-east.internal.npmjs.com","tmp":"tmp/react-for-atom-15.0.2-0.tgz_1462415795398_0.5803773489315063"},"directories":{}},"15.0.2-1":{"name":"react-for-atom","version":"15.0.2-1","description":"Require this to get a single instance of React in Atom. Addons are lazily loaded.","keywords":["atom","react"],"license":"BSD-3-Clause","author":{"name":"Jonas Gebhardt","email":"jxg@fb.com"},"files":["react-for-atom.js","react-for-atom.js.flow"],"main":"react-for-atom.js","repository":{"type":"git","url":"git+https://github.com/jgebhardt/react-for-atom.git"},"scripts":{"test":"NODE_ENV=development tap test/*.js && NODE_ENV=production tap test/*.js"},"dependencies":{"react":"15.0.2","react-addons-create-fragment":"15.0.2","react-addons-css-transition-group":"15.0.2","react-addons-linked-state-mixin":"15.0.2","react-addons-perf":"15.0.2","react-addons-pure-render-mixin":"15.0.2","react-addons-shallow-compare":"15.0.2","react-addons-test-utils":"15.0.2","react-addons-transition-group":"15.0.2","react-addons-update":"15.0.2","react-dom":"15.0.2"},"devDependencies":{"babel-core":"^5.8.38","flow-bin":"0.24.0","tap":"^5.7.1"},"gitHead":"72efea7ebfb563dbcf2a61383405b5758ad1cc2f","bugs":{"url":"https://github.com/jgebhardt/react-for-atom/issues"},"homepage":"https://github.com/jgebhardt/react-for-atom#readme","_id":"react-for-atom@15.0.2-1","_shasum":"d6f4a9c99c5f6fa75388a483847e3a6dcb006f53","_from":".","_npmVersion":"3.8.9","_nodeVersion":"6.2.0","_npmUser":{"name":"fb","email":"opensource+npm@fb.com"},"dist":{"shasum":"d6f4a9c99c5f6fa75388a483847e3a6dcb006f53","tarball":"https://registry.npmjs.org/react-for-atom/-/react-for-atom-15.0.2-1.tgz"},"maintainers":[{"name":"fb","email":"opensource+npm@fb.com"},{"name":"jxg","email":"jonas@jonasgebhardt.com"}],"_npmOperationalInternal":{"host":"packages-12-west.internal.npmjs.com","tmp":"tmp/react-for-atom-15.0.2-1.tgz_1464108242538_0.15528502245433629"},"directories":{}},"15.2.1-0":{"name":"react-for-atom","version":"15.2.1-0","description":"Require this to get a single instance of React in Atom. Addons are lazily loaded.","keywords":["atom","react"],"license":"BSD-3-Clause","author":{"name":"Jonas Gebhardt","email":"jxg@fb.com"},"files":["react-for-atom.js","react-for-atom.js.flow"],"main":"react-for-atom.js","repository":{"type":"git","url":"git+https://github.com/jgebhardt/react-for-atom.git"},"scripts":{"test":"NODE_ENV=development tap test/*.js && NODE_ENV=production tap test/*.js"},"dependencies":{"react":"15.2.1","react-addons-create-fragment":"15.2.1","react-addons-css-transition-group":"15.2.1","react-addons-linked-state-mixin":"15.2.1","react-addons-perf":"15.2.1","react-addons-pure-render-mixin":"15.2.1","react-addons-shallow-compare":"15.2.1","react-addons-test-utils":"15.2.1","react-addons-transition-group":"15.2.1","react-addons-update":"15.2.1","react-dom":"15.2.1"},"devDependencies":{"babel-core":"^5.8.38","flow-bin":"0.29.0","tap":"^6.2.0"},"gitHead":"746b715db29cc6d6b29371a0f1668cbff199b1ed","bugs":{"url":"https://github.com/jgebhardt/react-for-atom/issues"},"homepage":"https://github.com/jgebhardt/react-for-atom#readme","_id":"react-for-atom@15.2.1-0","_shasum":"b87405f56080f5e264a940e77683dd9b38b6e0da","_from":".","_npmVersion":"3.10.3","_nodeVersion":"6.3.0","_npmUser":{"name":"fb","email":"opensource+npm@fb.com"},"dist":{"shasum":"b87405f56080f5e264a940e77683dd9b38b6e0da","tarball":"https://registry.npmjs.org/react-for-atom/-/react-for-atom-15.2.1-0.tgz"},"maintainers":[{"name":"fb","email":"opensource+npm@fb.com"},{"name":"jxg","email":"jonas@jonasgebhardt.com"}],"_npmOperationalInternal":{"host":"packages-16-east.internal.npmjs.com","tmp":"tmp/react-for-atom-15.2.1-0.tgz_1469068402688_0.8478708213660866"},"directories":{}},"15.3.1-0":{"name":"react-for-atom","version":"15.3.1-0","description":"Require this to get a single instance of React in Atom. Addons are lazily loaded.","keywords":["atom","react"],"license":"BSD-3-Clause","author":{"name":"Jonas Gebhardt","email":"jxg@fb.com"},"files":["react-for-atom.js","react-for-atom.js.flow"],"main":"react-for-atom.js","repository":{"type":"git","url":"git+https://github.com/jgebhardt/react-for-atom.git"},"scripts":{"test":"NODE_ENV=development tap test/*.js && NODE_ENV=production tap test/*.js"},"dependencies":{"react":"15.3.1","react-addons-create-fragment":"15.3.1","react-addons-css-transition-group":"15.3.1","react-addons-linked-state-mixin":"15.3.1","react-addons-perf":"15.3.1","react-addons-pure-render-mixin":"15.3.1","react-addons-shallow-compare":"15.3.1","react-addons-test-utils":"15.3.1","react-addons-transition-group":"15.3.1","react-addons-update":"15.3.1","react-dom":"15.3.1"},"devDependencies":{"babel-core":"^5.8.38","flow-bin":"0.32.0","tap":"^6.2.0"},"gitHead":"779470b2ca98890550dcf75e73b5588aaa2094f4","bugs":{"url":"https://github.com/jgebhardt/react-for-atom/issues"},"homepage":"https://github.com/jgebhardt/react-for-atom#readme","_id":"react-for-atom@15.3.1-0","_shasum":"ca9a09ba697d8cae4cbe66ea76380cdf49d00d05","_from":".","_npmVersion":"3.10.3","_nodeVersion":"6.5.0","_npmUser":{"name":"fb","email":"opensource+npm@fb.com"},"dist":{"shasum":"ca9a09ba697d8cae4cbe66ea76380cdf49d00d05","tarball":"https://registry.npmjs.org/react-for-atom/-/react-for-atom-15.3.1-0.tgz"},"maintainers":[{"name":"fb","email":"opensource+npm@fb.com"},{"name":"jxg","email":"jonas@jonasgebhardt.com"}],"_npmOperationalInternal":{"host":"packages-12-west.internal.npmjs.com","tmp":"tmp/react-for-atom-15.3.1-0.tgz_1473777608897_0.9325874443165958"},"directories":{}}},"readme":"# react-for-atom\n\n[![Build Status](https://travis-ci.org/jgebhardt/react-for-atom.svg?branch=master)](https://travis-ci.org/jgebhardt/react-for-atom)\n\nSingleton lazy loading wrapper around [facebook/react](https://github.com/facebook/react).\n\n## A single instance of React\n\nReact does not currently co-exist well with other instances of React in the same environment (see [#3252](https://github.com/facebook/react/issues/3252), [#2402](https://github.com/facebook/react/issues/2402)).\n\nWe propose that __Atom package developers wanting to use React require this package__ instead of other variants of React. `react-for-atom` exports\n[`React`](https://www.npmjs.com/package/react), [`ReactDOM`](https://www.npmjs.com/package/react-dom), and all of [React's addons](https://facebook.github.io/react/docs/addons.html).\n\n### Using CommonJS\n\n```js\nconst {\n  createFragment,\n  CSSTransitionGroup,\n  LinkedStateMixin,\n  Perf,\n  PureRenderMixin,\n  React,\n  ReactDOM,\n  ReactDOMServer,\n  shallowCompare,\n  TestUtils,\n  TransitionGroup,\n  update,\n} = require('react-for-atom');\n\n// optional\nconst {PropTypes} = React;\n```\n\n### Using (babel transpiled) ES Modules\n\n```js\n// React is the default export\nimport React, {\n  ReactDOM,\n  TestUtils,\n  // addons...\n} from 'react-for-atom';\n\n// Or, it's also available as a named export\nimport {\n  React,\n  ReactDOM,\n  TestUtils,\n  // addons...\n} from 'react-for-atom';\n```\n\nWe plan to closely track the React release cycle in order to be able to use the latest features as well as provide access to React API warnings (in `atom --dev` mode).\n\n## Lazy loading\n\nOnly when a property is looked up on the `react-for-atom` export is that module actually `require`'d.\n\n```js\nconst ReactForAtom = require('react-for-atom');\n\n// `react` is actually required here\nconst {React} = ReactForAtom;\n\n// `TestUtils` is actually required here\nconst {TestUtils} = ReactForAtom;\n```\n\n## Versioning\n\nPrior to `0.14.6`, `react-for-atom` version numbers were loosely related to the React version in `dependencies`. From that version onward, the version of `react-for-atom` matches the React version.\n\nChanges to `react-for-atom` are reflected in pre-release versions (e.g. `0.14.6-1`). From a semver perspective, this doesn't make sense. However, because you should pin the version of `react-for-atom` anyway, this is a clear workaround for conveying React versioning info.\n","maintainers":[{"name":"fb","email":"opensource+npm@fb.com"},{"name":"jxg","email":"jonas@jonasgebhardt.com"}],"time":{"modified":"2017-02-03T00:34:20.110Z","created":"2015-05-08T22:05:12.474Z","0.0.1":"2015-05-08T22:05:12.474Z","0.13.2":"2015-05-08T22:59:48.935Z","0.13.2-b":"2015-05-11T18:39:22.554Z","0.13.3":"2015-05-19T22:49:56.807Z","0.13.5":"2015-05-19T22:57:24.624Z","0.13.6":"2015-05-19T23:10:21.175Z","0.14.2":"2015-11-11T20:43:06.029Z","0.14.3":"2015-11-11T21:12:39.233Z","0.14.6":"2016-01-22T19:54:01.238Z","0.14.6-0":"2016-01-29T18:27:14.620Z","0.14.7-0":"2016-02-03T20:54:43.158Z","15.0.1-0":"2016-04-13T23:52:07.243Z","15.0.2-0":"2016-05-05T02:36:38.264Z","15.0.2-1":"2016-05-24T16:44:02.988Z","15.2.1-0":"2016-07-21T02:33:24.423Z","15.3.1-0":"2016-09-13T14:40:10.699Z"},"homepage":"https://github.com/jgebhardt/react-for-atom#readme","repository":{"type":"git","url":"git+https://github.com/jgebhardt/react-for-atom.git"},"author":{"name":"Jonas Gebhardt","email":"jxg@fb.com"},"bugs":{"url":"https://github.com/jgebhardt/react-for-atom/issues"},"readmeFilename":"README.md","license":"BSD-3-Clause","keywords":["atom","react"],"users":{"danielbayley":true,"alimaster":true},"_attachments":{},"_etag":"W/\"5893d00c-6607\"","_lastModified":"Fri, 03 Feb 2017 00:34:20 GMT"}