{"_id":"react-addons-transition-group","_rev":"74-31ec571e01b8ed60a917846f6de05963","name":"react-addons-transition-group","description":"This package provides the React TransitionGroup add-on.","dist-tags":{"latest":"15.4.2","next":"16.0.0-alpha.3"},"versions":{"0.14.0-beta1":{"name":"react-addons-transition-group","version":"0.14.0-beta1","main":"index.js","license":"BSD-3-Clause","peerDependencies":{"react":"^0.14.0-beta1"},"description":"This package provides the React TransitionGroup add-on. See http://facebook.github.io/react/docs/addons.html for more information.","_id":"react-addons-transition-group@0.14.0-beta1","_shasum":"b2856ec68ce4086bfffe7cef9cd01629fec4015f","_resolved":"file:build/packages/react-addons-transition-group.tgz","_from":"build/packages/react-addons-transition-group.tgz","scripts":{},"_npmVersion":"2.2.0","_nodeVersion":"0.10.35","_npmUser":{"name":"spicyj","email":"ben@benalpert.com"},"maintainers":[{"name":"spicyj","email":"ben@benalpert.com"}],"dist":{"shasum":"b2856ec68ce4086bfffe7cef9cd01629fec4015f","tarball":"https://registry.npmjs.org/react-addons-transition-group/-/react-addons-transition-group-0.14.0-beta1.tgz"},"directories":{}},"0.14.0-beta2":{"name":"react-addons-transition-group","version":"0.14.0-beta2","main":"index.js","license":"BSD-3-Clause","peerDependencies":{"react":"^0.14.0-beta2"},"description":"This package provides the React TransitionGroup add-on. See http://facebook.github.io/react/docs/addons.html for more information.","_id":"react-addons-transition-group@0.14.0-beta2","_shasum":"9209f8b2022c890b585d55e8570bf896b3abc7d5","_resolved":"file:build copy/packages/react-addons-transition-group.tgz","_from":"build copy/packages/react-addons-transition-group.tgz","scripts":{},"_npmVersion":"2.13.2","_nodeVersion":"0.10.40","_npmUser":{"name":"zpao","email":"paul@oshannessy.com"},"maintainers":[{"name":"spicyj","email":"ben@benalpert.com"},{"name":"zpao","email":"paul@oshannessy.com"}],"dist":{"shasum":"9209f8b2022c890b585d55e8570bf896b3abc7d5","tarball":"https://registry.npmjs.org/react-addons-transition-group/-/react-addons-transition-group-0.14.0-beta2.tgz"},"directories":{}},"0.14.0-beta3":{"name":"react-addons-transition-group","version":"0.14.0-beta3","main":"index.js","license":"BSD-3-Clause","peerDependencies":{"react":"^0.14.0-beta3"},"description":"This package provides the React TransitionGroup add-on. See http://facebook.github.io/react/docs/addons.html for more information.","_id":"react-addons-transition-group@0.14.0-beta3","_shasum":"6a9814eb56c0d9131a3cd59e9ca0425f16e32971","_resolved":"file:build/packages/react-addons-transition-group.tgz","_from":"build/packages/react-addons-transition-group.tgz","scripts":{},"_npmVersion":"2.13.2","_nodeVersion":"0.10.40","_npmUser":{"name":"zpao","email":"paul@oshannessy.com"},"maintainers":[{"name":"spicyj","email":"ben@benalpert.com"},{"name":"zpao","email":"paul@oshannessy.com"}],"dist":{"shasum":"6a9814eb56c0d9131a3cd59e9ca0425f16e32971","tarball":"https://registry.npmjs.org/react-addons-transition-group/-/react-addons-transition-group-0.14.0-beta3.tgz"},"directories":{}},"0.14.0-rc1":{"name":"react-addons-transition-group","version":"0.14.0-rc1","main":"index.js","license":"BSD-3-Clause","peerDependencies":{"react":"^0.14.0-rc1"},"description":"This package provides the React TransitionGroup add-on. See http://facebook.github.io/react/docs/addons.html for more information.","_id":"react-addons-transition-group@0.14.0-rc1","_shasum":"e3d20cdde87ee95fa1bfedbf1fb70785a43b74d4","_resolved":"file:build/packages/react-addons-transition-group.tgz","_from":"build/packages/react-addons-transition-group.tgz","scripts":{},"_npmVersion":"2.2.0","_nodeVersion":"0.10.35","_npmUser":{"name":"spicyj","email":"ben@benalpert.com"},"maintainers":[{"name":"spicyj","email":"ben@benalpert.com"},{"name":"zpao","email":"paul@oshannessy.com"}],"dist":{"shasum":"e3d20cdde87ee95fa1bfedbf1fb70785a43b74d4","tarball":"https://registry.npmjs.org/react-addons-transition-group/-/react-addons-transition-group-0.14.0-rc1.tgz"},"directories":{}},"0.14.0":{"name":"react-addons-transition-group","version":"0.14.0","main":"index.js","license":"BSD-3-Clause","peerDependencies":{"react":"^0.14.0"},"description":"This package provides the React TransitionGroup add-on. See http://facebook.github.io/react/docs/addons.html for more information.","_id":"react-addons-transition-group@0.14.0","_shasum":"1cd325fa8a4fc18bb5df1d79aebbae9f3cd582e8","_resolved":"file:build/packages/react-addons-transition-group.tgz","_from":"build/packages/react-addons-transition-group.tgz","scripts":{},"_npmVersion":"2.14.3","_nodeVersion":"4.1.0","_npmUser":{"name":"zpao","email":"paul@oshannessy.com"},"maintainers":[{"name":"spicyj","email":"ben@benalpert.com"},{"name":"zpao","email":"paul@oshannessy.com"}],"dist":{"shasum":"1cd325fa8a4fc18bb5df1d79aebbae9f3cd582e8","tarball":"https://registry.npmjs.org/react-addons-transition-group/-/react-addons-transition-group-0.14.0.tgz"},"directories":{}},"0.14.1":{"name":"react-addons-transition-group","version":"0.14.1","main":"index.js","license":"BSD-3-Clause","peerDependencies":{"react":"^0.14.1"},"description":"This package provides the React TransitionGroup add-on. See http://facebook.github.io/react/docs/addons.html for more information.","_id":"react-addons-transition-group@0.14.1","_shasum":"7b928efb5c7f8f9830a5761dc0c7b9324f0f3e3a","_resolved":"file:build/packages/react-addons-transition-group.tgz","_from":"build/packages/react-addons-transition-group.tgz","scripts":{},"_npmVersion":"2.14.8","_nodeVersion":"4.2.0","_npmUser":{"name":"zpao","email":"paul@oshannessy.com"},"maintainers":[{"name":"spicyj","email":"ben@benalpert.com"},{"name":"zpao","email":"paul@oshannessy.com"}],"dist":{"shasum":"7b928efb5c7f8f9830a5761dc0c7b9324f0f3e3a","tarball":"https://registry.npmjs.org/react-addons-transition-group/-/react-addons-transition-group-0.14.1.tgz"},"directories":{}},"0.14.2":{"name":"react-addons-transition-group","version":"0.14.2","main":"index.js","license":"BSD-3-Clause","peerDependencies":{"react":"^0.14.2"},"description":"This package provides the React TransitionGroup add-on. See http://facebook.github.io/react/docs/addons.html for more information.","_id":"react-addons-transition-group@0.14.2","_shasum":"bd4471b1e9c779bb29a818bbb3bcc131baa9d893","_resolved":"file:build/packages/react-addons-transition-group.tgz","_from":"build/packages/react-addons-transition-group.tgz","scripts":{},"_npmVersion":"2.14.9","_nodeVersion":"4.2.0","_npmUser":{"name":"zpao","email":"paul@oshannessy.com"},"maintainers":[{"name":"spicyj","email":"ben@benalpert.com"},{"name":"zpao","email":"paul@oshannessy.com"}],"dist":{"shasum":"bd4471b1e9c779bb29a818bbb3bcc131baa9d893","tarball":"https://registry.npmjs.org/react-addons-transition-group/-/react-addons-transition-group-0.14.2.tgz"},"directories":{}},"0.14.3":{"name":"react-addons-transition-group","version":"0.14.3","main":"index.js","repository":{"type":"git","url":"git+https://github.com/facebook/react.git"},"keywords":["react","react-addon"],"license":"BSD-3-Clause","peerDependencies":{"react":"^0.14.3"},"description":"This package provides the React TransitionGroup add-on.","bugs":{"url":"https://github.com/facebook/react/issues"},"homepage":"https://github.com/facebook/react#readme","_id":"react-addons-transition-group@0.14.3","_shasum":"98776bcad59633c7ca042f72795c315c4f2f6590","_resolved":"file:build/packages/react-addons-transition-group.tgz","_from":"build/packages/react-addons-transition-group.tgz","scripts":{},"_npmVersion":"2.14.7","_nodeVersion":"4.2.2","_npmUser":{"name":"zpao","email":"paul@oshannessy.com"},"maintainers":[{"name":"spicyj","email":"ben@benalpert.com"},{"name":"zpao","email":"paul@oshannessy.com"}],"dist":{"shasum":"98776bcad59633c7ca042f72795c315c4f2f6590","tarball":"https://registry.npmjs.org/react-addons-transition-group/-/react-addons-transition-group-0.14.3.tgz"},"directories":{}},"0.14.4":{"name":"react-addons-transition-group","version":"0.14.4","main":"index.js","repository":{"type":"git","url":"git+https://github.com/facebook/react.git"},"keywords":["react","react-addon"],"license":"BSD-3-Clause","peerDependencies":{"react":"^0.14.4"},"description":"This package provides the React TransitionGroup add-on.","bugs":{"url":"https://github.com/facebook/react/issues"},"homepage":"https://github.com/facebook/react#readme","_id":"react-addons-transition-group@0.14.4","_shasum":"9d0e8c40484fa6bc6d48029b23c24fc634e30de8","_resolved":"file:build/packages/react-addons-transition-group.tgz","_from":"build/packages/react-addons-transition-group.tgz","scripts":{},"_npmVersion":"2.14.4","_nodeVersion":"4.1.0","_npmUser":{"name":"spicyj","email":"ben@benalpert.com"},"maintainers":[{"name":"spicyj","email":"ben@benalpert.com"},{"name":"zpao","email":"paul@oshannessy.com"}],"dist":{"shasum":"9d0e8c40484fa6bc6d48029b23c24fc634e30de8","tarball":"https://registry.npmjs.org/react-addons-transition-group/-/react-addons-transition-group-0.14.4.tgz"},"directories":{}},"0.14.5":{"name":"react-addons-transition-group","version":"0.14.5","main":"index.js","repository":{"type":"git","url":"git+https://github.com/facebook/react.git"},"keywords":["react","react-addon"],"license":"BSD-3-Clause","peerDependencies":{"react":"^0.14.5"},"description":"This package provides the React TransitionGroup add-on.","bugs":{"url":"https://github.com/facebook/react/issues"},"homepage":"https://github.com/facebook/react#readme","_id":"react-addons-transition-group@0.14.5","_shasum":"87e8976cb49d9149858a58704ac1146b9d384a02","_resolved":"file:build/packages/react-addons-transition-group.tgz","_from":"build/packages/react-addons-transition-group.tgz","scripts":{},"_npmVersion":"2.14.4","_nodeVersion":"4.1.0","_npmUser":{"name":"spicyj","email":"ben@benalpert.com"},"maintainers":[{"name":"spicyj","email":"ben@benalpert.com"},{"name":"zpao","email":"paul@oshannessy.com"}],"dist":{"shasum":"87e8976cb49d9149858a58704ac1146b9d384a02","tarball":"https://registry.npmjs.org/react-addons-transition-group/-/react-addons-transition-group-0.14.5.tgz"},"directories":{}},"0.14.6":{"name":"react-addons-transition-group","version":"0.14.6","main":"index.js","repository":{"type":"git","url":"git+https://github.com/facebook/react.git"},"keywords":["react","react-addon"],"license":"BSD-3-Clause","peerDependencies":{"react":"^0.14.6"},"description":"This package provides the React TransitionGroup add-on.","bugs":{"url":"https://github.com/facebook/react/issues"},"homepage":"https://github.com/facebook/react#readme","_id":"react-addons-transition-group@0.14.6","_shasum":"547b1987d1f68036588bd695c739fdb263e9d764","_resolved":"file:build/packages/react-addons-transition-group.tgz","_from":"build/packages/react-addons-transition-group.tgz","scripts":{},"_npmVersion":"2.14.15","_nodeVersion":"4.2.2","_npmUser":{"name":"zpao","email":"paul@oshannessy.com"},"maintainers":[{"name":"spicyj","email":"ben@benalpert.com"},{"name":"zpao","email":"paul@oshannessy.com"}],"dist":{"shasum":"547b1987d1f68036588bd695c739fdb263e9d764","tarball":"https://registry.npmjs.org/react-addons-transition-group/-/react-addons-transition-group-0.14.6.tgz"},"directories":{}},"0.15.0-alpha.1":{"name":"react-addons-transition-group","version":"0.15.0-alpha.1","main":"index.js","repository":{"type":"git","url":"git+https://github.com/facebook/react.git"},"keywords":["react","react-addon"],"license":"BSD-3-Clause","peerDependencies":{"react":"^0.15.0-alpha.1"},"description":"This package provides the React TransitionGroup add-on.","bugs":{"url":"https://github.com/facebook/react/issues"},"homepage":"https://github.com/facebook/react#readme","_id":"react-addons-transition-group@0.15.0-alpha.1","_shasum":"c05e8c04300a9bbfedb77874b29db565b03a6fba","_resolved":"file:build/packages/react-addons-transition-group.tgz","_from":"build/packages/react-addons-transition-group.tgz","scripts":{},"_npmVersion":"2.14.15","_nodeVersion":"4.2.2","_npmUser":{"name":"zpao","email":"paul@oshannessy.com"},"maintainers":[{"name":"spicyj","email":"ben@benalpert.com"},{"name":"zpao","email":"paul@oshannessy.com"}],"dist":{"shasum":"c05e8c04300a9bbfedb77874b29db565b03a6fba","tarball":"https://registry.npmjs.org/react-addons-transition-group/-/react-addons-transition-group-0.15.0-alpha.1.tgz"},"directories":{}},"0.14.7":{"name":"react-addons-transition-group","version":"0.14.7","main":"index.js","repository":{"type":"git","url":"git+https://github.com/facebook/react.git"},"keywords":["react","react-addon"],"license":"BSD-3-Clause","dependencies":{},"peerDependencies":{"react":"^0.14.7"},"description":"This package provides the React TransitionGroup add-on.","bugs":{"url":"https://github.com/facebook/react/issues"},"homepage":"https://github.com/facebook/react#readme","_id":"react-addons-transition-group@0.14.7","_shasum":"050746bc6c7c552847335535fbac6e8a9a7604fc","_resolved":"file:build/packages/react-addons-transition-group.tgz","_from":"build/packages/react-addons-transition-group.tgz","scripts":{},"_npmVersion":"2.14.12","_nodeVersion":"4.2.6","_npmUser":{"name":"graue","email":"scott@oceanbase.org"},"dist":{"shasum":"050746bc6c7c552847335535fbac6e8a9a7604fc","tarball":"https://registry.npmjs.org/react-addons-transition-group/-/react-addons-transition-group-0.14.7.tgz"},"maintainers":[{"name":"graue","email":"scott@oceanbase.org"},{"name":"spicyj","email":"ben@benalpert.com"},{"name":"zpao","email":"paul@oshannessy.com"}],"directories":{}},"15.0.0-rc.1":{"name":"react-addons-transition-group","version":"15.0.0-rc.1","main":"index.js","repository":{"type":"git","url":"git+https://github.com/facebook/react.git"},"keywords":["react","react-addon"],"license":"BSD-3-Clause","dependencies":{},"peerDependencies":{"react":"^15.0.0-rc.1"},"description":"This package provides the React TransitionGroup add-on.","bugs":{"url":"https://github.com/facebook/react/issues"},"homepage":"https://github.com/facebook/react#readme","_id":"react-addons-transition-group@15.0.0-rc.1","_shasum":"0d2f102002fd877547bd5e68ce2c2cea02e51b67","_resolved":"file:build/packages/react-addons-transition-group.tgz","_from":"build/packages/react-addons-transition-group.tgz","scripts":{},"_npmVersion":"2.14.12","_nodeVersion":"4.3.0","_npmUser":{"name":"zpao","email":"paul@oshannessy.com"},"maintainers":[{"name":"graue","email":"scott@oceanbase.org"},{"name":"spicyj","email":"ben@benalpert.com"},{"name":"zpao","email":"paul@oshannessy.com"}],"dist":{"shasum":"0d2f102002fd877547bd5e68ce2c2cea02e51b67","tarball":"https://registry.npmjs.org/react-addons-transition-group/-/react-addons-transition-group-15.0.0-rc.1.tgz"},"_npmOperationalInternal":{"host":"packages-12-west.internal.npmjs.com","tmp":"tmp/react-addons-transition-group-15.0.0-rc.1.tgz_1457399276734_0.35593646415509284"},"directories":{}},"15.0.0-rc.2":{"name":"react-addons-transition-group","version":"15.0.0-rc.2","main":"index.js","repository":{"type":"git","url":"git+https://github.com/facebook/react.git"},"keywords":["react","react-addon"],"license":"BSD-3-Clause","dependencies":{},"peerDependencies":{"react":"^15.0.0-rc.2"},"description":"This package provides the React TransitionGroup add-on.","bugs":{"url":"https://github.com/facebook/react/issues"},"homepage":"https://github.com/facebook/react#readme","_id":"react-addons-transition-group@15.0.0-rc.2","_shasum":"513f34d18739d49ce359c8c93d6d8b384c3d89cd","_resolved":"file:build/packages/react-addons-transition-group.tgz","_from":"build/packages/react-addons-transition-group.tgz","scripts":{},"_npmVersion":"3.8.1","_nodeVersion":"5.1.1","_npmUser":{"name":"gaearon","email":"dan.abramov@gmail.com"},"dist":{"shasum":"513f34d18739d49ce359c8c93d6d8b384c3d89cd","tarball":"https://registry.npmjs.org/react-addons-transition-group/-/react-addons-transition-group-15.0.0-rc.2.tgz"},"maintainers":[{"name":"gaearon","email":"dan.abramov@gmail.com"},{"name":"graue","email":"scott@oceanbase.org"},{"name":"sebmarkbage","email":"sebastian@calyptus.eu"},{"name":"spicyj","email":"ben@benalpert.com"},{"name":"zpao","email":"paul@oshannessy.com"}],"_npmOperationalInternal":{"host":"packages-12-west.internal.npmjs.com","tmp":"tmp/react-addons-transition-group-15.0.0-rc.2.tgz_1458166704065_0.3942974624224007"},"directories":{}},"0.14.8":{"name":"react-addons-transition-group","version":"0.14.8","main":"index.js","repository":{"type":"git","url":"git+https://github.com/facebook/react.git"},"keywords":["react","react-addon"],"license":"BSD-3-Clause","dependencies":{},"peerDependencies":{"react":"^0.14.8"},"description":"This package provides the React TransitionGroup add-on.","bugs":{"url":"https://github.com/facebook/react/issues"},"homepage":"https://github.com/facebook/react#readme","_id":"react-addons-transition-group@0.14.8","_shasum":"3864f3bcfa180e1ab36f1efebee14fb481acf042","_resolved":"file:build/packages/react-addons-transition-group.tgz","_from":"build/packages/react-addons-transition-group.tgz","scripts":{},"_npmVersion":"2.14.7","_nodeVersion":"4.2.1","_npmUser":{"name":"gaearon","email":"dan.abramov@gmail.com"},"dist":{"shasum":"3864f3bcfa180e1ab36f1efebee14fb481acf042","tarball":"https://registry.npmjs.org/react-addons-transition-group/-/react-addons-transition-group-0.14.8.tgz"},"maintainers":[{"name":"gaearon","email":"dan.abramov@gmail.com"},{"name":"graue","email":"scott@oceanbase.org"},{"name":"sebmarkbage","email":"sebastian@calyptus.eu"},{"name":"spicyj","email":"ben@benalpert.com"},{"name":"zpao","email":"paul@oshannessy.com"}],"_npmOperationalInternal":{"host":"packages-12-west.internal.npmjs.com","tmp":"tmp/react-addons-transition-group-0.14.8.tgz_1459268467807_0.7360576309729367"},"directories":{}},"15.0.0":{"name":"react-addons-transition-group","version":"15.0.0","main":"index.js","repository":{"type":"git","url":"git+https://github.com/facebook/react.git"},"keywords":["react","react-addon"],"license":"BSD-3-Clause","dependencies":{},"peerDependencies":{"react":"^15.0.0"},"description":"This package provides the React TransitionGroup add-on.","bugs":{"url":"https://github.com/facebook/react/issues"},"homepage":"https://github.com/facebook/react#readme","_id":"react-addons-transition-group@15.0.0","_shasum":"ae46b4380371972076d9c7404bb797232e2c96f0","_resolved":"file:build/packages/react-addons-transition-group.tgz","_from":"build/packages/react-addons-transition-group.tgz","scripts":{},"_npmVersion":"2.15.3","_nodeVersion":"4.4.0","_npmUser":{"name":"zpao","email":"paul@oshannessy.com"},"maintainers":[{"name":"gaearon","email":"dan.abramov@gmail.com"},{"name":"graue","email":"scott@oceanbase.org"},{"name":"sebmarkbage","email":"sebastian@calyptus.eu"},{"name":"spicyj","email":"ben@benalpert.com"},{"name":"zpao","email":"paul@oshannessy.com"}],"dist":{"shasum":"ae46b4380371972076d9c7404bb797232e2c96f0","tarball":"https://registry.npmjs.org/react-addons-transition-group/-/react-addons-transition-group-15.0.0.tgz"},"_npmOperationalInternal":{"host":"packages-12-west.internal.npmjs.com","tmp":"tmp/react-addons-transition-group-15.0.0.tgz_1460064358436_0.8920150212943554"},"directories":{}},"15.0.1":{"name":"react-addons-transition-group","version":"15.0.1","main":"index.js","repository":{"type":"git","url":"git+https://github.com/facebook/react.git"},"keywords":["react","react-addon"],"license":"BSD-3-Clause","dependencies":{},"peerDependencies":{"react":"^15.0.1"},"description":"This package provides the React TransitionGroup add-on.","bugs":{"url":"https://github.com/facebook/react/issues"},"homepage":"https://github.com/facebook/react#readme","_id":"react-addons-transition-group@15.0.1","_shasum":"a53440f5113c2c72826c8c8cd2ccee8fe666b3eb","_resolved":"file:build/packages/react-addons-transition-group.tgz","_from":"build/packages/react-addons-transition-group.tgz","scripts":{},"_npmVersion":"2.15.0","_nodeVersion":"4.4.2","_npmUser":{"name":"zpao","email":"paul@oshannessy.com"},"maintainers":[{"name":"gaearon","email":"dan.abramov@gmail.com"},{"name":"graue","email":"scott@oceanbase.org"},{"name":"sebmarkbage","email":"sebastian@calyptus.eu"},{"name":"spicyj","email":"ben@benalpert.com"},{"name":"zpao","email":"paul@oshannessy.com"}],"dist":{"shasum":"a53440f5113c2c72826c8c8cd2ccee8fe666b3eb","tarball":"https://registry.npmjs.org/react-addons-transition-group/-/react-addons-transition-group-15.0.1.tgz"},"_npmOperationalInternal":{"host":"packages-12-west.internal.npmjs.com","tmp":"tmp/react-addons-transition-group-15.0.1.tgz_1460139859857_0.4712584496010095"},"directories":{}},"15.0.2-alpha.1":{"name":"react-addons-transition-group","version":"15.0.2-alpha.1","main":"index.js","repository":{"type":"git","url":"git+https://github.com/facebook/react.git"},"keywords":["react","react-addon"],"license":"BSD-3-Clause","dependencies":{},"peerDependencies":{"react":"^15.0.2-alpha.1"},"description":"This package provides the React TransitionGroup add-on.","bugs":{"url":"https://github.com/facebook/react/issues"},"homepage":"https://github.com/facebook/react#readme","_id":"react-addons-transition-group@15.0.2-alpha.1","_shasum":"d68c0d5242ed0efccfe830aeaa7553c19e33e192","_resolved":"file:build/packages/react-addons-transition-group.tgz","_from":"build/packages/react-addons-transition-group.tgz","scripts":{},"_npmVersion":"2.15.3","_nodeVersion":"4.4.2","_npmUser":{"name":"zpao","email":"paul@oshannessy.com"},"maintainers":[{"name":"gaearon","email":"dan.abramov@gmail.com"},{"name":"graue","email":"scott@oceanbase.org"},{"name":"sebmarkbage","email":"sebastian@calyptus.eu"},{"name":"spicyj","email":"ben@benalpert.com"},{"name":"zpao","email":"paul@oshannessy.com"}],"dist":{"shasum":"d68c0d5242ed0efccfe830aeaa7553c19e33e192","tarball":"https://registry.npmjs.org/react-addons-transition-group/-/react-addons-transition-group-15.0.2-alpha.1.tgz"},"_npmOperationalInternal":{"host":"packages-16-east.internal.npmjs.com","tmp":"tmp/react-addons-transition-group-15.0.2-alpha.1.tgz_1461176230690_0.3391495319083333"},"directories":{}},"15.0.2-alpha.2":{"name":"react-addons-transition-group","version":"15.0.2-alpha.2","main":"index.js","repository":{"type":"git","url":"git+https://github.com/facebook/react.git"},"keywords":["react","react-addon"],"license":"BSD-3-Clause","dependencies":{},"peerDependencies":{"react":"^15.0.2-alpha.2"},"description":"This package provides the React TransitionGroup add-on.","bugs":{"url":"https://github.com/facebook/react/issues"},"homepage":"https://github.com/facebook/react#readme","_id":"react-addons-transition-group@15.0.2-alpha.2","_shasum":"e36b9f41fa58ba88466e87b58eae3acda531864a","_resolved":"file:build/packages/react-addons-transition-group.tgz","_from":"build/packages/react-addons-transition-group.tgz","scripts":{},"_npmVersion":"2.14.19","_nodeVersion":"4.1.0","_npmUser":{"name":"spicyj","email":"ben@benalpert.com"},"maintainers":[{"name":"gaearon","email":"dan.abramov@gmail.com"},{"name":"graue","email":"scott@oceanbase.org"},{"name":"sebmarkbage","email":"sebastian@calyptus.eu"},{"name":"spicyj","email":"ben@benalpert.com"},{"name":"zpao","email":"paul@oshannessy.com"}],"dist":{"shasum":"e36b9f41fa58ba88466e87b58eae3acda531864a","tarball":"https://registry.npmjs.org/react-addons-transition-group/-/react-addons-transition-group-15.0.2-alpha.2.tgz"},"_npmOperationalInternal":{"host":"packages-12-west.internal.npmjs.com","tmp":"tmp/react-addons-transition-group-15.0.2-alpha.2.tgz_1461277320718_0.4130376747343689"},"directories":{}},"15.0.2-alpha.3":{"name":"react-addons-transition-group","version":"15.0.2-alpha.3","main":"index.js","repository":{"type":"git","url":"git+https://github.com/facebook/react.git"},"keywords":["react","react-addon"],"license":"BSD-3-Clause","dependencies":{},"peerDependencies":{"react":"^15.0.2-alpha.3"},"description":"This package provides the React TransitionGroup add-on.","bugs":{"url":"https://github.com/facebook/react/issues"},"homepage":"https://github.com/facebook/react#readme","_id":"react-addons-transition-group@15.0.2-alpha.3","_shasum":"e34f17a5196f2072e9a60e43903d58bf3945435a","_resolved":"file:build/packages/react-addons-transition-group.tgz","_from":"build/packages/react-addons-transition-group.tgz","scripts":{},"_npmVersion":"2.15.3","_nodeVersion":"4.4.2","_npmUser":{"name":"zpao","email":"paul@oshannessy.com"},"maintainers":[{"name":"gaearon","email":"dan.abramov@gmail.com"},{"name":"graue","email":"scott@oceanbase.org"},{"name":"sebmarkbage","email":"sebastian@calyptus.eu"},{"name":"spicyj","email":"ben@benalpert.com"},{"name":"zpao","email":"paul@oshannessy.com"}],"dist":{"shasum":"e34f17a5196f2072e9a60e43903d58bf3945435a","tarball":"https://registry.npmjs.org/react-addons-transition-group/-/react-addons-transition-group-15.0.2-alpha.3.tgz"},"_npmOperationalInternal":{"host":"packages-12-west.internal.npmjs.com","tmp":"tmp/react-addons-transition-group-15.0.2-alpha.3.tgz_1461614627173_0.7233998246956617"},"directories":{}},"15.0.2-alpha.4":{"name":"react-addons-transition-group","version":"15.0.2-alpha.4","main":"index.js","repository":{"type":"git","url":"git+https://github.com/facebook/react.git"},"keywords":["react","react-addon"],"license":"BSD-3-Clause","dependencies":{},"peerDependencies":{"react":"^15.0.2-alpha.4"},"description":"This package provides the React TransitionGroup add-on.","bugs":{"url":"https://github.com/facebook/react/issues"},"homepage":"https://github.com/facebook/react#readme","_id":"react-addons-transition-group@15.0.2-alpha.4","_shasum":"5ea527e7244fa9bd0790bb08b3e809f8707e0c8d","_resolved":"file:build/packages/react-addons-transition-group.tgz","_from":"build/packages/react-addons-transition-group.tgz","scripts":{},"_npmVersion":"2.15.3","_nodeVersion":"4.4.2","_npmUser":{"name":"zpao","email":"paul@oshannessy.com"},"maintainers":[{"name":"gaearon","email":"dan.abramov@gmail.com"},{"name":"graue","email":"scott@oceanbase.org"},{"name":"sebmarkbage","email":"sebastian@calyptus.eu"},{"name":"spicyj","email":"ben@benalpert.com"},{"name":"zpao","email":"paul@oshannessy.com"}],"dist":{"shasum":"5ea527e7244fa9bd0790bb08b3e809f8707e0c8d","tarball":"https://registry.npmjs.org/react-addons-transition-group/-/react-addons-transition-group-15.0.2-alpha.4.tgz"},"_npmOperationalInternal":{"host":"packages-16-east.internal.npmjs.com","tmp":"tmp/react-addons-transition-group-15.0.2-alpha.4.tgz_1461827517444_0.18932204297743738"},"directories":{}},"15.0.2":{"name":"react-addons-transition-group","version":"15.0.2","main":"index.js","repository":{"type":"git","url":"git+https://github.com/facebook/react.git"},"keywords":["react","react-addon"],"license":"BSD-3-Clause","dependencies":{},"peerDependencies":{"react":"^15.0.2"},"description":"This package provides the React TransitionGroup add-on.","bugs":{"url":"https://github.com/facebook/react/issues"},"homepage":"https://github.com/facebook/react#readme","_id":"react-addons-transition-group@15.0.2","_shasum":"332bab550af107f81495ba081917d13dfc8ee4ec","_resolved":"file:build/packages/react-addons-transition-group.tgz","_from":"build/packages/react-addons-transition-group.tgz","scripts":{},"_npmVersion":"2.15.1","_nodeVersion":"4.4.3","_npmUser":{"name":"zpao","email":"paul@oshannessy.com"},"maintainers":[{"name":"gaearon","email":"dan.abramov@gmail.com"},{"name":"graue","email":"scott@oceanbase.org"},{"name":"sebmarkbage","email":"sebastian@calyptus.eu"},{"name":"spicyj","email":"ben@benalpert.com"},{"name":"zpao","email":"paul@oshannessy.com"}],"dist":{"shasum":"332bab550af107f81495ba081917d13dfc8ee4ec","tarball":"https://registry.npmjs.org/react-addons-transition-group/-/react-addons-transition-group-15.0.2.tgz"},"_npmOperationalInternal":{"host":"packages-16-east.internal.npmjs.com","tmp":"tmp/react-addons-transition-group-15.0.2.tgz_1461976693450_0.8471200508065522"},"directories":{}},"15.0.3-alpha.1":{"name":"react-addons-transition-group","version":"15.0.3-alpha.1","main":"index.js","repository":{"type":"git","url":"git+https://github.com/facebook/react.git"},"keywords":["react","react-addon"],"license":"BSD-3-Clause","dependencies":{},"peerDependencies":{"react":"^15.0.3-alpha.1"},"description":"This package provides the React TransitionGroup add-on.","bugs":{"url":"https://github.com/facebook/react/issues"},"homepage":"https://github.com/facebook/react#readme","_id":"react-addons-transition-group@15.0.3-alpha.1","_shasum":"6b09b9170606c741a2c7037db3545ecf6050d3ac","_resolved":"file:build/packages/react-addons-transition-group.tgz","_from":"build/packages/react-addons-transition-group.tgz","scripts":{},"_npmVersion":"2.15.1","_nodeVersion":"4.4.3","_npmUser":{"name":"zpao","email":"paul@oshannessy.com"},"maintainers":[{"name":"gaearon","email":"dan.abramov@gmail.com"},{"name":"graue","email":"scott@oceanbase.org"},{"name":"sebmarkbage","email":"sebastian@calyptus.eu"},{"name":"spicyj","email":"ben@benalpert.com"},{"name":"zpao","email":"paul@oshannessy.com"}],"dist":{"shasum":"6b09b9170606c741a2c7037db3545ecf6050d3ac","tarball":"https://registry.npmjs.org/react-addons-transition-group/-/react-addons-transition-group-15.0.3-alpha.1.tgz"},"_npmOperationalInternal":{"host":"packages-12-west.internal.npmjs.com","tmp":"tmp/react-addons-transition-group-15.0.3-alpha.1.tgz_1462304418015_0.4340336713939905"},"directories":{}},"15.0.3-alpha.2":{"name":"react-addons-transition-group","version":"15.0.3-alpha.2","main":"index.js","repository":{"type":"git","url":"git+https://github.com/facebook/react.git"},"keywords":["react","react-addon"],"license":"BSD-3-Clause","dependencies":{},"peerDependencies":{"react":"^15.0.3-alpha.2"},"description":"This package provides the React TransitionGroup add-on.","bugs":{"url":"https://github.com/facebook/react/issues"},"homepage":"https://github.com/facebook/react#readme","_id":"react-addons-transition-group@15.0.3-alpha.2","_shasum":"5225652d7beef689ca641c0283f4ed3ae468699e","_resolved":"file:build/packages/react-addons-transition-group.tgz","_from":"build/packages/react-addons-transition-group.tgz","scripts":{},"_npmVersion":"2.15.1","_nodeVersion":"4.4.3","_npmUser":{"name":"zpao","email":"paul@oshannessy.com"},"maintainers":[{"name":"gaearon","email":"dan.abramov@gmail.com"},{"name":"graue","email":"scott@oceanbase.org"},{"name":"sebmarkbage","email":"sebastian@calyptus.eu"},{"name":"spicyj","email":"ben@benalpert.com"},{"name":"zpao","email":"paul@oshannessy.com"}],"dist":{"shasum":"5225652d7beef689ca641c0283f4ed3ae468699e","tarball":"https://registry.npmjs.org/react-addons-transition-group/-/react-addons-transition-group-15.0.3-alpha.2.tgz"},"_npmOperationalInternal":{"host":"packages-16-east.internal.npmjs.com","tmp":"tmp/react-addons-transition-group-15.0.3-alpha.2.tgz_1462855066915_0.972086560446769"},"directories":{}},"15.1.0-alpha.1":{"name":"react-addons-transition-group","version":"15.1.0-alpha.1","main":"index.js","repository":{"type":"git","url":"git+https://github.com/facebook/react.git"},"keywords":["react","react-addon"],"license":"BSD-3-Clause","dependencies":{},"peerDependencies":{"react":"^15.1.0-alpha.1"},"description":"This package provides the React TransitionGroup add-on.","bugs":{"url":"https://github.com/facebook/react/issues"},"homepage":"https://github.com/facebook/react#readme","_id":"react-addons-transition-group@15.1.0-alpha.1","_shasum":"ebdc12c36139ac27348d59bf5988a31b192c7366","_resolved":"file:build/packages/react-addons-transition-group.tgz","_from":"build/packages/react-addons-transition-group.tgz","scripts":{},"_npmVersion":"2.15.1","_nodeVersion":"4.4.3","_npmUser":{"name":"zpao","email":"paul@oshannessy.com"},"maintainers":[{"name":"gaearon","email":"dan.abramov@gmail.com"},{"name":"graue","email":"scott@oceanbase.org"},{"name":"sebmarkbage","email":"sebastian@calyptus.eu"},{"name":"spicyj","email":"ben@benalpert.com"},{"name":"zpao","email":"paul@oshannessy.com"}],"dist":{"shasum":"ebdc12c36139ac27348d59bf5988a31b192c7366","tarball":"https://registry.npmjs.org/react-addons-transition-group/-/react-addons-transition-group-15.1.0-alpha.1.tgz"},"_npmOperationalInternal":{"host":"packages-16-east.internal.npmjs.com","tmp":"tmp/react-addons-transition-group-15.1.0-alpha.1.tgz_1462858097510_0.8896504670847207"},"directories":{}},"15.1.0":{"name":"react-addons-transition-group","version":"15.1.0","main":"index.js","repository":{"type":"git","url":"git+https://github.com/facebook/react.git"},"keywords":["react","react-addon"],"license":"BSD-3-Clause","dependencies":{},"peerDependencies":{"react":"^15.1.0"},"description":"This package provides the React TransitionGroup add-on.","bugs":{"url":"https://github.com/facebook/react/issues"},"homepage":"https://github.com/facebook/react#readme","_id":"react-addons-transition-group@15.1.0","_shasum":"15adb298c1d308262a2ed39aca10d6873d387124","_resolved":"file:build/packages/react-addons-transition-group.tgz","_from":"build/packages/react-addons-transition-group.tgz","scripts":{},"_npmVersion":"2.15.1","_nodeVersion":"4.4.3","_npmUser":{"name":"zpao","email":"paul@oshannessy.com"},"maintainers":[{"name":"gaearon","email":"dan.abramov@gmail.com"},{"name":"graue","email":"scott@oceanbase.org"},{"name":"sebmarkbage","email":"sebastian@calyptus.eu"},{"name":"spicyj","email":"ben@benalpert.com"},{"name":"zpao","email":"paul@oshannessy.com"}],"dist":{"shasum":"15adb298c1d308262a2ed39aca10d6873d387124","tarball":"https://registry.npmjs.org/react-addons-transition-group/-/react-addons-transition-group-15.1.0.tgz"},"_npmOperationalInternal":{"host":"packages-16-east.internal.npmjs.com","tmp":"tmp/react-addons-transition-group-15.1.0.tgz_1463785572576_0.477711892221123"},"directories":{}},"15.2.0-rc.1":{"name":"react-addons-transition-group","version":"15.2.0-rc.1","main":"index.js","repository":{"type":"git","url":"git+https://github.com/facebook/react.git"},"keywords":["react","react-addon"],"license":"BSD-3-Clause","dependencies":{},"peerDependencies":{"react":"^15.2.0-rc.1"},"description":"This package provides the React TransitionGroup add-on.","bugs":{"url":"https://github.com/facebook/react/issues"},"homepage":"https://github.com/facebook/react#readme","_id":"react-addons-transition-group@15.2.0-rc.1","_shasum":"c840a7d90fdc2fd088ee435c79c5d0fe313b2a94","_resolved":"file:build/packages/react-addons-transition-group.tgz","_from":"build/packages/react-addons-transition-group.tgz","scripts":{},"_npmVersion":"2.15.5","_nodeVersion":"4.4.5","_npmUser":{"name":"zpao","email":"paul@oshannessy.com"},"maintainers":[{"name":"gaearon","email":"dan.abramov@gmail.com"},{"name":"graue","email":"scott@oceanbase.org"},{"name":"sebmarkbage","email":"sebastian@calyptus.eu"},{"name":"spicyj","email":"ben@benalpert.com"},{"name":"zpao","email":"paul@oshannessy.com"}],"dist":{"shasum":"c840a7d90fdc2fd088ee435c79c5d0fe313b2a94","tarball":"https://registry.npmjs.org/react-addons-transition-group/-/react-addons-transition-group-15.2.0-rc.1.tgz"},"_npmOperationalInternal":{"host":"packages-12-west.internal.npmjs.com","tmp":"tmp/react-addons-transition-group-15.2.0-rc.1.tgz_1465954201490_0.15560819976963103"},"directories":{}},"15.2.0-rc.2":{"name":"react-addons-transition-group","version":"15.2.0-rc.2","main":"index.js","repository":{"type":"git","url":"git+https://github.com/facebook/react.git"},"keywords":["react","react-addon"],"license":"BSD-3-Clause","dependencies":{},"peerDependencies":{"react":"^15.2.0-rc.2"},"description":"This package provides the React TransitionGroup add-on.","bugs":{"url":"https://github.com/facebook/react/issues"},"homepage":"https://github.com/facebook/react#readme","_id":"react-addons-transition-group@15.2.0-rc.2","_shasum":"b658bf079edcc2a9dfdf15eb5adcb0ca814d3cae","_resolved":"file:build/packages/react-addons-transition-group.tgz","_from":"build/packages/react-addons-transition-group.tgz","scripts":{},"_npmVersion":"2.15.5","_nodeVersion":"4.4.5","_npmUser":{"name":"zpao","email":"paul@oshannessy.com"},"maintainers":[{"name":"gaearon","email":"dan.abramov@gmail.com"},{"name":"graue","email":"scott@oceanbase.org"},{"name":"sebmarkbage","email":"sebastian@calyptus.eu"},{"name":"spicyj","email":"ben@benalpert.com"},{"name":"zpao","email":"paul@oshannessy.com"}],"dist":{"shasum":"b658bf079edcc2a9dfdf15eb5adcb0ca814d3cae","tarball":"https://registry.npmjs.org/react-addons-transition-group/-/react-addons-transition-group-15.2.0-rc.2.tgz"},"_npmOperationalInternal":{"host":"packages-16-east.internal.npmjs.com","tmp":"tmp/react-addons-transition-group-15.2.0-rc.2.tgz_1467354715848_0.8644086867570877"},"directories":{}},"15.2.0":{"name":"react-addons-transition-group","version":"15.2.0","main":"index.js","repository":{"type":"git","url":"git+https://github.com/facebook/react.git"},"keywords":["react","react-addon"],"license":"BSD-3-Clause","dependencies":{},"peerDependencies":{"react":"^15.2.0"},"description":"This package provides the React TransitionGroup add-on.","bugs":{"url":"https://github.com/facebook/react/issues"},"homepage":"https://github.com/facebook/react#readme","_id":"react-addons-transition-group@15.2.0","_shasum":"bd83f1c2bb1acbfb4c0564ed4d9def4f17272f68","_resolved":"file:build/packages/react-addons-transition-group.tgz","_from":"build/packages/react-addons-transition-group.tgz","scripts":{},"_npmVersion":"2.15.5","_nodeVersion":"4.4.5","_npmUser":{"name":"zpao","email":"paul@oshannessy.com"},"maintainers":[{"name":"gaearon","email":"dan.abramov@gmail.com"},{"name":"graue","email":"scott@oceanbase.org"},{"name":"sebmarkbage","email":"sebastian@calyptus.eu"},{"name":"spicyj","email":"ben@benalpert.com"},{"name":"zpao","email":"paul@oshannessy.com"}],"dist":{"shasum":"bd83f1c2bb1acbfb4c0564ed4d9def4f17272f68","tarball":"https://registry.npmjs.org/react-addons-transition-group/-/react-addons-transition-group-15.2.0.tgz"},"_npmOperationalInternal":{"host":"packages-12-west.internal.npmjs.com","tmp":"tmp/react-addons-transition-group-15.2.0.tgz_1467399127127_0.8484324847813696"},"directories":{}},"15.2.1":{"name":"react-addons-transition-group","version":"15.2.1","main":"index.js","repository":{"type":"git","url":"git+https://github.com/facebook/react.git"},"keywords":["react","react-addon"],"license":"BSD-3-Clause","dependencies":{},"peerDependencies":{"react":"^15.2.1"},"description":"This package provides the React TransitionGroup add-on.","bugs":{"url":"https://github.com/facebook/react/issues"},"homepage":"https://github.com/facebook/react#readme","_id":"react-addons-transition-group@15.2.1","_shasum":"9ad34e75db428602886ee4fee5710e9d8ec17302","_resolved":"file:build/packages/react-addons-transition-group.tgz","_from":"build/packages/react-addons-transition-group.tgz","scripts":{},"_npmVersion":"2.15.5","_nodeVersion":"4.4.5","_npmUser":{"name":"zpao","email":"paul@oshannessy.com"},"maintainers":[{"name":"gaearon","email":"dan.abramov@gmail.com"},{"name":"graue","email":"scott@oceanbase.org"},{"name":"sebmarkbage","email":"sebastian@calyptus.eu"},{"name":"spicyj","email":"ben@benalpert.com"},{"name":"zpao","email":"paul@oshannessy.com"}],"dist":{"shasum":"9ad34e75db428602886ee4fee5710e9d8ec17302","tarball":"https://registry.npmjs.org/react-addons-transition-group/-/react-addons-transition-group-15.2.1.tgz"},"_npmOperationalInternal":{"host":"packages-12-west.internal.npmjs.com","tmp":"tmp/react-addons-transition-group-15.2.1.tgz_1468017062418_0.2539663854986429"},"directories":{}},"15.3.0-rc.1":{"name":"react-addons-transition-group","version":"15.3.0-rc.1","main":"index.js","repository":{"type":"git","url":"git+https://github.com/facebook/react.git"},"keywords":["react","react-addon"],"license":"BSD-3-Clause","dependencies":{},"peerDependencies":{"react":"^15.3.0-rc.1"},"description":"This package provides the React TransitionGroup add-on.","bugs":{"url":"https://github.com/facebook/react/issues"},"homepage":"https://github.com/facebook/react#readme","_id":"react-addons-transition-group@15.3.0-rc.1","_shasum":"4a579a4e5c672c490f6d5ec1d3880a84b187f4ae","_resolved":"file:build/packages/react-addons-transition-group.tgz","_from":"build/packages/react-addons-transition-group.tgz","scripts":{},"_npmVersion":"3.9.6","_nodeVersion":"6.2.0","_npmUser":{"name":"zpao","email":"paul@oshannessy.com"},"maintainers":[{"name":"gaearon","email":"dan.abramov@gmail.com"},{"name":"graue","email":"scott@oceanbase.org"},{"name":"sebmarkbage","email":"sebastian@calyptus.eu"},{"name":"spicyj","email":"ben@benalpert.com"},{"name":"zpao","email":"paul@oshannessy.com"}],"dist":{"shasum":"4a579a4e5c672c490f6d5ec1d3880a84b187f4ae","tarball":"https://registry.npmjs.org/react-addons-transition-group/-/react-addons-transition-group-15.3.0-rc.1.tgz"},"_npmOperationalInternal":{"host":"packages-12-west.internal.npmjs.com","tmp":"tmp/react-addons-transition-group-15.3.0-rc.1.tgz_1468436300980_0.0610664589330554"},"directories":{}},"15.3.0-rc.2":{"name":"react-addons-transition-group","version":"15.3.0-rc.2","main":"index.js","repository":{"type":"git","url":"git+https://github.com/facebook/react.git"},"keywords":["react","react-addon"],"license":"BSD-3-Clause","dependencies":{},"peerDependencies":{"react":"^15.3.0-rc.2"},"description":"This package provides the React TransitionGroup add-on.","bugs":{"url":"https://github.com/facebook/react/issues"},"homepage":"https://github.com/facebook/react#readme","_id":"react-addons-transition-group@15.3.0-rc.2","_shasum":"61efbfff1ad055adc09fd84a5fe136c4ca95c4f6","_resolved":"file:build/packages/react-addons-transition-group.tgz","_from":"build/packages/react-addons-transition-group.tgz","scripts":{},"_npmVersion":"3.9.6","_nodeVersion":"6.2.0","_npmUser":{"name":"zpao","email":"paul@oshannessy.com"},"maintainers":[{"name":"gaearon","email":"dan.abramov@gmail.com"},{"name":"graue","email":"scott@oceanbase.org"},{"name":"sebmarkbage","email":"sebastian@calyptus.eu"},{"name":"spicyj","email":"ben@benalpert.com"},{"name":"zpao","email":"paul@oshannessy.com"}],"dist":{"shasum":"61efbfff1ad055adc09fd84a5fe136c4ca95c4f6","tarball":"https://registry.npmjs.org/react-addons-transition-group/-/react-addons-transition-group-15.3.0-rc.2.tgz"},"_npmOperationalInternal":{"host":"packages-12-west.internal.npmjs.com","tmp":"tmp/react-addons-transition-group-15.3.0-rc.2.tgz_1468443716187_0.5785895998124033"},"directories":{}},"15.3.0-rc.3":{"name":"react-addons-transition-group","version":"15.3.0-rc.3","main":"index.js","repository":{"type":"git","url":"git+https://github.com/facebook/react.git"},"keywords":["react","react-addon"],"license":"BSD-3-Clause","dependencies":{},"peerDependencies":{"react":"^15.3.0-rc.3"},"description":"This package provides the React TransitionGroup add-on.","bugs":{"url":"https://github.com/facebook/react/issues"},"homepage":"https://github.com/facebook/react#readme","_id":"react-addons-transition-group@15.3.0-rc.3","_shasum":"6a68a1a98aa1d0b73b356575087219c562439117","_resolved":"file:build/packages/react-addons-transition-group.tgz","_from":"build/packages/react-addons-transition-group.tgz","scripts":{},"_npmVersion":"3.9.6","_nodeVersion":"6.2.0","_npmUser":{"name":"zpao","email":"paul@oshannessy.com"},"maintainers":[{"name":"gaearon","email":"dan.abramov@gmail.com"},{"name":"graue","email":"scott@oceanbase.org"},{"name":"sebmarkbage","email":"sebastian@calyptus.eu"},{"name":"spicyj","email":"ben@benalpert.com"},{"name":"zpao","email":"paul@oshannessy.com"}],"dist":{"shasum":"6a68a1a98aa1d0b73b356575087219c562439117","tarball":"https://registry.npmjs.org/react-addons-transition-group/-/react-addons-transition-group-15.3.0-rc.3.tgz"},"_npmOperationalInternal":{"host":"packages-12-west.internal.npmjs.com","tmp":"tmp/react-addons-transition-group-15.3.0-rc.3.tgz_1469141944623_0.9117107414640486"},"directories":{}},"15.3.0":{"name":"react-addons-transition-group","version":"15.3.0","main":"index.js","repository":{"type":"git","url":"git+https://github.com/facebook/react.git"},"keywords":["react","react-addon"],"license":"BSD-3-Clause","dependencies":{},"peerDependencies":{"react":"^15.3.0"},"description":"This package provides the React TransitionGroup add-on.","bugs":{"url":"https://github.com/facebook/react/issues"},"homepage":"https://github.com/facebook/react#readme","_id":"react-addons-transition-group@15.3.0","_shasum":"2afe1710140cd2ab81a985fc447064c43063d06b","_resolved":"file:build/packages/react-addons-transition-group.tgz","_from":"build/packages/react-addons-transition-group.tgz","scripts":{},"_npmVersion":"3.9.6","_nodeVersion":"6.2.0","_npmUser":{"name":"zpao","email":"paul@oshannessy.com"},"maintainers":[{"name":"fb","email":"opensource+npm@fb.com"},{"name":"gaearon","email":"dan.abramov@gmail.com"},{"name":"graue","email":"scott@oceanbase.org"},{"name":"sebmarkbage","email":"sebastian@calyptus.eu"},{"name":"spicyj","email":"ben@benalpert.com"},{"name":"zpao","email":"paul@oshannessy.com"}],"dist":{"shasum":"2afe1710140cd2ab81a985fc447064c43063d06b","tarball":"https://registry.npmjs.org/react-addons-transition-group/-/react-addons-transition-group-15.3.0.tgz"},"_npmOperationalInternal":{"host":"packages-16-east.internal.npmjs.com","tmp":"tmp/react-addons-transition-group-15.3.0.tgz_1469817488563_0.3821222682017833"},"directories":{}},"15.3.1-rc.1":{"name":"react-addons-transition-group","version":"15.3.1-rc.1","main":"index.js","repository":{"type":"git","url":"git+https://github.com/facebook/react.git"},"keywords":["react","react-addon"],"license":"BSD-3-Clause","dependencies":{},"peerDependencies":{"react":"^15.3.1-rc.1"},"files":["LICENSE","PATENTS","README.md","index.js"],"description":"This package provides the React TransitionGroup add-on.","bugs":{"url":"https://github.com/facebook/react/issues"},"homepage":"https://github.com/facebook/react#readme","_id":"react-addons-transition-group@15.3.1-rc.1","_shasum":"1b235c8a8f23800f0155e8b9cf612646adc0ff56","_resolved":"file:build/packages/react-addons-transition-group.tgz","_from":"build/packages/react-addons-transition-group.tgz","scripts":{},"_npmVersion":"2.15.5","_nodeVersion":"4.4.5","_npmUser":{"name":"zpao","email":"paul@oshannessy.com"},"maintainers":[{"name":"fb","email":"opensource+npm@fb.com"},{"name":"gaearon","email":"dan.abramov@gmail.com"},{"name":"graue","email":"scott@oceanbase.org"},{"name":"sebmarkbage","email":"sebastian@calyptus.eu"},{"name":"spicyj","email":"ben@benalpert.com"},{"name":"zpao","email":"paul@oshannessy.com"}],"dist":{"shasum":"1b235c8a8f23800f0155e8b9cf612646adc0ff56","tarball":"https://registry.npmjs.org/react-addons-transition-group/-/react-addons-transition-group-15.3.1-rc.1.tgz"},"_npmOperationalInternal":{"host":"packages-16-east.internal.npmjs.com","tmp":"tmp/react-addons-transition-group-15.3.1-rc.1.tgz_1471044914023_0.9439102481119335"},"directories":{}},"15.3.1-rc.2":{"name":"react-addons-transition-group","version":"15.3.1-rc.2","main":"index.js","repository":{"type":"git","url":"git+https://github.com/facebook/react.git"},"keywords":["react","react-addon"],"license":"BSD-3-Clause","dependencies":{},"peerDependencies":{"react":"^15.3.1-rc.2"},"files":["LICENSE","PATENTS","README.md","index.js"],"description":"This package provides the React TransitionGroup add-on.","bugs":{"url":"https://github.com/facebook/react/issues"},"homepage":"https://github.com/facebook/react#readme","_id":"react-addons-transition-group@15.3.1-rc.2","_shasum":"8cb18889426a80a391c6432530fa876d69f2808f","_resolved":"file:build/packages/react-addons-transition-group.tgz","_from":"build/packages/react-addons-transition-group.tgz","scripts":{},"_npmVersion":"2.15.5","_nodeVersion":"4.4.5","_npmUser":{"name":"zpao","email":"paul@oshannessy.com"},"maintainers":[{"name":"fb","email":"opensource+npm@fb.com"},{"name":"gaearon","email":"dan.abramov@gmail.com"},{"name":"graue","email":"scott@oceanbase.org"},{"name":"sebmarkbage","email":"sebastian@calyptus.eu"},{"name":"spicyj","email":"ben@benalpert.com"},{"name":"zpao","email":"paul@oshannessy.com"}],"dist":{"shasum":"8cb18889426a80a391c6432530fa876d69f2808f","tarball":"https://registry.npmjs.org/react-addons-transition-group/-/react-addons-transition-group-15.3.1-rc.2.tgz"},"_npmOperationalInternal":{"host":"packages-16-east.internal.npmjs.com","tmp":"tmp/react-addons-transition-group-15.3.1-rc.2.tgz_1471301769144_0.4588857037015259"},"directories":{}},"15.3.1":{"name":"react-addons-transition-group","version":"15.3.1","main":"index.js","repository":{"type":"git","url":"git+https://github.com/facebook/react.git"},"keywords":["react","react-addon"],"license":"BSD-3-Clause","dependencies":{},"peerDependencies":{"react":"^15.3.1"},"files":["LICENSE","PATENTS","README.md","index.js"],"description":"This package provides the React TransitionGroup add-on.","bugs":{"url":"https://github.com/facebook/react/issues"},"homepage":"https://github.com/facebook/react#readme","_id":"react-addons-transition-group@15.3.1","_shasum":"80807e4685604cb120f3cb4a8c4ebd1c914a5861","_resolved":"file:build/packages/react-addons-transition-group.tgz","_from":"build/packages/react-addons-transition-group.tgz","scripts":{},"_npmVersion":"2.15.5","_nodeVersion":"4.4.5","_npmUser":{"name":"zpao","email":"paul@oshannessy.com"},"maintainers":[{"name":"fb","email":"opensource+npm@fb.com"},{"name":"gaearon","email":"dan.abramov@gmail.com"},{"name":"graue","email":"scott@oceanbase.org"},{"name":"sebmarkbage","email":"sebastian@calyptus.eu"},{"name":"spicyj","email":"ben@benalpert.com"},{"name":"zpao","email":"paul@oshannessy.com"}],"dist":{"shasum":"80807e4685604cb120f3cb4a8c4ebd1c914a5861","tarball":"https://registry.npmjs.org/react-addons-transition-group/-/react-addons-transition-group-15.3.1.tgz"},"_npmOperationalInternal":{"host":"packages-12-west.internal.npmjs.com","tmp":"tmp/react-addons-transition-group-15.3.1.tgz_1471632607098_0.7153298479970545"},"directories":{}},"15.3.2-rc.1":{"name":"react-addons-transition-group","version":"15.3.2-rc.1","main":"index.js","repository":{"type":"git","url":"git+https://github.com/facebook/react.git"},"keywords":["react","react-addon"],"license":"BSD-3-Clause","dependencies":{},"peerDependencies":{"react":"^15.3.2-rc.1"},"files":["LICENSE","PATENTS","README.md","index.js"],"description":"This package provides the React TransitionGroup add-on.","bugs":{"url":"https://github.com/facebook/react/issues"},"homepage":"https://github.com/facebook/react#readme","_id":"react-addons-transition-group@15.3.2-rc.1","_shasum":"29abb3f6ebbcd240a2678513bd0442c3f0ebb6e3","_resolved":"file:build/packages/react-addons-transition-group.tgz","_from":"build/packages/react-addons-transition-group.tgz","scripts":{},"_npmVersion":"3.10.3","_nodeVersion":"6.5.0","_npmUser":{"name":"zpao","email":"paul@oshannessy.com"},"maintainers":[{"name":"fb","email":"opensource+npm@fb.com"},{"name":"gaearon","email":"dan.abramov@gmail.com"},{"name":"graue","email":"scott@oceanbase.org"},{"name":"sebmarkbage","email":"sebastian@calyptus.eu"},{"name":"spicyj","email":"ben@benalpert.com"},{"name":"zpao","email":"paul@oshannessy.com"}],"dist":{"shasum":"29abb3f6ebbcd240a2678513bd0442c3f0ebb6e3","tarball":"https://registry.npmjs.org/react-addons-transition-group/-/react-addons-transition-group-15.3.2-rc.1.tgz"},"_npmOperationalInternal":{"host":"packages-12-west.internal.npmjs.com","tmp":"tmp/react-addons-transition-group-15.3.2-rc.1.tgz_1473983009979_0.701150965411216"},"directories":{}},"15.3.2":{"name":"react-addons-transition-group","version":"15.3.2","main":"index.js","repository":{"type":"git","url":"git+https://github.com/facebook/react.git"},"keywords":["react","react-addon"],"license":"BSD-3-Clause","dependencies":{},"peerDependencies":{"react":"^15.3.2"},"files":["LICENSE","PATENTS","README.md","index.js"],"description":"This package provides the React TransitionGroup add-on.","bugs":{"url":"https://github.com/facebook/react/issues"},"homepage":"https://github.com/facebook/react#readme","_id":"react-addons-transition-group@15.3.2","_shasum":"64f758d18bd1e59128726b1c9a4db79127c4f1ed","_resolved":"file:build/packages/react-addons-transition-group.tgz","_from":"build/packages/react-addons-transition-group.tgz","scripts":{},"_npmVersion":"3.10.3","_nodeVersion":"6.5.0","_npmUser":{"name":"zpao","email":"paul@oshannessy.com"},"maintainers":[{"name":"fb","email":"opensource+npm@fb.com"},{"name":"gaearon","email":"dan.abramov@gmail.com"},{"name":"graue","email":"scott@oceanbase.org"},{"name":"sebmarkbage","email":"sebastian@calyptus.eu"},{"name":"spicyj","email":"ben@benalpert.com"},{"name":"zpao","email":"paul@oshannessy.com"}],"dist":{"shasum":"64f758d18bd1e59128726b1c9a4db79127c4f1ed","tarball":"https://registry.npmjs.org/react-addons-transition-group/-/react-addons-transition-group-15.3.2.tgz"},"_npmOperationalInternal":{"host":"packages-16-east.internal.npmjs.com","tmp":"tmp/react-addons-transition-group-15.3.2.tgz_1474307209132_0.6827068084385246"},"directories":{}},"15.4.0-rc.1":{"name":"react-addons-transition-group","version":"15.4.0-rc.1","main":"index.js","repository":{"type":"git","url":"git+https://github.com/facebook/react.git"},"keywords":["react","react-addon"],"license":"BSD-3-Clause","dependencies":{},"peerDependencies":{"react":"^15.4.0-rc.1"},"files":["LICENSE","PATENTS","README.md","index.js"],"description":"This package provides the React TransitionGroup add-on.","bugs":{"url":"https://github.com/facebook/react/issues"},"homepage":"https://github.com/facebook/react#readme","_id":"react-addons-transition-group@15.4.0-rc.1","_shasum":"14b960113d52a4af98f12699029bbf1d404da976","_resolved":"file:build/packages/react-addons-transition-group.tgz","_from":"build/packages/react-addons-transition-group.tgz","scripts":{},"_npmVersion":"3.10.3","_nodeVersion":"6.7.0","_npmUser":{"name":"zpao","email":"paul@oshannessy.com"},"maintainers":[{"name":"fb","email":"opensource+npm@fb.com"},{"name":"gaearon","email":"dan.abramov@gmail.com"},{"name":"graue","email":"scott@oceanbase.org"},{"name":"sebmarkbage","email":"sebastian@calyptus.eu"},{"name":"spicyj","email":"ben@benalpert.com"},{"name":"zpao","email":"paul@oshannessy.com"}],"dist":{"shasum":"14b960113d52a4af98f12699029bbf1d404da976","tarball":"https://registry.npmjs.org/react-addons-transition-group/-/react-addons-transition-group-15.4.0-rc.1.tgz"},"_npmOperationalInternal":{"host":"packages-16-east.internal.npmjs.com","tmp":"tmp/react-addons-transition-group-15.4.0-rc.1.tgz_1475620529923_0.8615639484487474"},"directories":{}},"15.4.0-rc.2":{"name":"react-addons-transition-group","version":"15.4.0-rc.2","main":"index.js","repository":{"type":"git","url":"git+https://github.com/facebook/react.git"},"keywords":["react","react-addon"],"license":"BSD-3-Clause","dependencies":{},"peerDependencies":{"react":"^15.4.0-rc.2"},"files":["LICENSE","PATENTS","README.md","index.js"],"description":"This package provides the React TransitionGroup add-on.","bugs":{"url":"https://github.com/facebook/react/issues"},"homepage":"https://github.com/facebook/react#readme","_id":"react-addons-transition-group@15.4.0-rc.2","_shasum":"a505edc380bf865b0878326df5632276c6791dba","_resolved":"file:build/packages/react-addons-transition-group.tgz","_from":"build/packages/react-addons-transition-group.tgz","scripts":{},"_npmVersion":"3.10.3","_nodeVersion":"6.7.0","_npmUser":{"name":"zpao","email":"paul@oshannessy.com"},"maintainers":[{"name":"fb","email":"opensource+npm@fb.com"},{"name":"gaearon","email":"dan.abramov@gmail.com"},{"name":"graue","email":"scott@oceanbase.org"},{"name":"sebmarkbage","email":"sebastian@calyptus.eu"},{"name":"spicyj","email":"ben@benalpert.com"},{"name":"zpao","email":"paul@oshannessy.com"}],"dist":{"shasum":"a505edc380bf865b0878326df5632276c6791dba","tarball":"https://registry.npmjs.org/react-addons-transition-group/-/react-addons-transition-group-15.4.0-rc.2.tgz"},"_npmOperationalInternal":{"host":"packages-16-east.internal.npmjs.com","tmp":"tmp/react-addons-transition-group-15.4.0-rc.2.tgz_1475707849022_0.5434787762351334"},"directories":{}},"15.4.0-rc.3":{"name":"react-addons-transition-group","version":"15.4.0-rc.3","main":"index.js","repository":{"type":"git","url":"git+https://github.com/facebook/react.git"},"keywords":["react","react-addon"],"license":"BSD-3-Clause","dependencies":{},"peerDependencies":{"react":"^15.4.0-rc.3"},"files":["LICENSE","PATENTS","README.md","index.js"],"description":"This package provides the React TransitionGroup add-on.","bugs":{"url":"https://github.com/facebook/react/issues"},"homepage":"https://github.com/facebook/react#readme","_id":"react-addons-transition-group@15.4.0-rc.3","_shasum":"5b02a06c767bff8777db6b694ebbd5405e38ead8","_resolved":"file:packages/react-addons-transition-group.tgz","_from":"packages/react-addons-transition-group.tgz","scripts":{},"_npmVersion":"3.10.3","_nodeVersion":"6.3.1","_npmUser":{"name":"gaearon","email":"dan.abramov@gmail.com"},"dist":{"shasum":"5b02a06c767bff8777db6b694ebbd5405e38ead8","tarball":"https://registry.npmjs.org/react-addons-transition-group/-/react-addons-transition-group-15.4.0-rc.3.tgz"},"maintainers":[{"name":"fb","email":"opensource+npm@fb.com"},{"name":"gaearon","email":"dan.abramov@gmail.com"},{"name":"graue","email":"scott@oceanbase.org"},{"name":"sebmarkbage","email":"sebastian@calyptus.eu"},{"name":"spicyj","email":"ben@benalpert.com"},{"name":"zpao","email":"paul@oshannessy.com"}],"_npmOperationalInternal":{"host":"packages-12-west.internal.npmjs.com","tmp":"tmp/react-addons-transition-group-15.4.0-rc.3.tgz_1476472446453_0.8449011752381921"},"directories":{}},"15.4.0-rc.4":{"name":"react-addons-transition-group","version":"15.4.0-rc.4","main":"index.js","repository":{"type":"git","url":"git+https://github.com/facebook/react.git"},"keywords":["react","react-addon"],"license":"BSD-3-Clause","dependencies":{},"peerDependencies":{"react":"^15.4.0-rc.4"},"files":["LICENSE","PATENTS","README.md","index.js"],"description":"This package provides the React TransitionGroup add-on.","bugs":{"url":"https://github.com/facebook/react/issues"},"homepage":"https://github.com/facebook/react#readme","_id":"react-addons-transition-group@15.4.0-rc.4","scripts":{},"_shasum":"f9c15dedeefe8ae52b59b5845e4f6c7df28237e0","_from":".","_npmVersion":"3.10.3","_nodeVersion":"6.6.0","_npmUser":{"name":"sebmarkbage","email":"sebastian@calyptus.eu"},"maintainers":[{"name":"fb","email":"opensource+npm@fb.com"},{"name":"gaearon","email":"dan.abramov@gmail.com"},{"name":"graue","email":"scott@oceanbase.org"},{"name":"sebmarkbage","email":"sebastian@calyptus.eu"},{"name":"spicyj","email":"ben@benalpert.com"},{"name":"zpao","email":"paul@oshannessy.com"}],"dist":{"shasum":"f9c15dedeefe8ae52b59b5845e4f6c7df28237e0","tarball":"https://registry.npmjs.org/react-addons-transition-group/-/react-addons-transition-group-15.4.0-rc.4.tgz"},"_npmOperationalInternal":{"host":"packages-16-east.internal.npmjs.com","tmp":"tmp/react-addons-transition-group-15.4.0-rc.4.tgz_1476482655767_0.835193942533806"},"directories":{}},"15.4.0":{"name":"react-addons-transition-group","version":"15.4.0","main":"index.js","repository":{"type":"git","url":"git+https://github.com/facebook/react.git"},"keywords":["react","react-addon"],"license":"BSD-3-Clause","dependencies":{},"peerDependencies":{"react":"^15.4.0"},"files":["LICENSE","PATENTS","README.md","index.js"],"description":"This package provides the React TransitionGroup add-on.","bugs":{"url":"https://github.com/facebook/react/issues"},"homepage":"https://github.com/facebook/react#readme","_id":"react-addons-transition-group@15.4.0","_shasum":"dbcb8a6a466c6d54f347710345e0004b699a68e0","_resolved":"file:build/packages/react-addons-transition-group.tgz","_from":"build/packages/react-addons-transition-group.tgz","scripts":{},"_npmVersion":"3.10.8","_nodeVersion":"6.9.1","_npmUser":{"name":"tomocchino","email":"tomocchino@gmail.com"},"dist":{"shasum":"dbcb8a6a466c6d54f347710345e0004b699a68e0","tarball":"https://registry.npmjs.org/react-addons-transition-group/-/react-addons-transition-group-15.4.0.tgz"},"maintainers":[{"name":"fb","email":"opensource+npm@fb.com"},{"name":"gaearon","email":"dan.abramov@gmail.com"},{"name":"graue","email":"scott@oceanbase.org"},{"name":"sebmarkbage","email":"sebastian@calyptus.eu"},{"name":"spicyj","email":"ben@benalpert.com"},{"name":"tomocchino","email":"tomocchino@gmail.com"},{"name":"zpao","email":"paul@oshannessy.com"}],"_npmOperationalInternal":{"host":"packages-12-west.internal.npmjs.com","tmp":"tmp/react-addons-transition-group-15.4.0.tgz_1479306764863_0.1190390232950449"},"directories":{}},"15.4.1":{"name":"react-addons-transition-group","version":"15.4.1","main":"index.js","repository":{"type":"git","url":"git+https://github.com/facebook/react.git"},"keywords":["react","react-addon"],"license":"BSD-3-Clause","dependencies":{},"peerDependencies":{"react":"^15.4.1"},"files":["LICENSE","PATENTS","README.md","index.js"],"description":"This package provides the React TransitionGroup add-on.","bugs":{"url":"https://github.com/facebook/react/issues"},"homepage":"https://github.com/facebook/react#readme","_id":"react-addons-transition-group@15.4.1","_shasum":"27d92717089c5e2db202e654a85b76a41b703acc","_resolved":"file:build/packages/react-addons-transition-group.tgz","_from":"build/packages/react-addons-transition-group.tgz","scripts":{},"_npmVersion":"3.10.8","_nodeVersion":"6.9.0","_npmUser":{"name":"spicyj","email":"ben@benalpert.com"},"maintainers":[{"name":"fb","email":"opensource+npm@fb.com"},{"name":"gaearon","email":"dan.abramov@gmail.com"},{"name":"graue","email":"scott@oceanbase.org"},{"name":"sebmarkbage","email":"sebastian@calyptus.eu"},{"name":"spicyj","email":"ben@benalpert.com"},{"name":"tomocchino","email":"tomocchino@gmail.com"},{"name":"zpao","email":"paul@oshannessy.com"}],"dist":{"shasum":"27d92717089c5e2db202e654a85b76a41b703acc","tarball":"https://registry.npmjs.org/react-addons-transition-group/-/react-addons-transition-group-15.4.1.tgz"},"_npmOperationalInternal":{"host":"packages-12-west.internal.npmjs.com","tmp":"tmp/react-addons-transition-group-15.4.1.tgz_1479866341352_0.16088519804179668"},"directories":{}},"15.4.2":{"name":"react-addons-transition-group","version":"15.4.2","main":"index.js","repository":{"type":"git","url":"git+https://github.com/facebook/react.git"},"keywords":["react","react-addon"],"license":"BSD-3-Clause","dependencies":{"fbjs":"^0.8.4","object-assign":"^4.1.0"},"peerDependencies":{"react":"^15.4.2"},"files":["LICENSE","PATENTS","README.md","index.js"],"description":"This package provides the React TransitionGroup add-on.","bugs":{"url":"https://github.com/facebook/react/issues"},"homepage":"https://github.com/facebook/react#readme","_id":"react-addons-transition-group@15.4.2","_shasum":"4c42fa1c2ce024acab2924316c0f11268ded1af3","_resolved":"file:build/packages/react-addons-transition-group.tgz","_from":"build/packages/react-addons-transition-group.tgz","scripts":{},"_npmVersion":"3.10.8","_nodeVersion":"6.3.1","_npmUser":{"name":"gaearon","email":"dan.abramov@gmail.com"},"dist":{"shasum":"4c42fa1c2ce024acab2924316c0f11268ded1af3","tarball":"https://registry.npmjs.org/react-addons-transition-group/-/react-addons-transition-group-15.4.2.tgz"},"maintainers":[{"name":"fb","email":"opensource+npm@fb.com"},{"name":"gaearon","email":"dan.abramov@gmail.com"},{"name":"graue","email":"scott@oceanbase.org"},{"name":"sebmarkbage","email":"sebastian@calyptus.eu"},{"name":"spicyj","email":"ben@benalpert.com"},{"name":"tomocchino","email":"tomocchino@gmail.com"},{"name":"zpao","email":"paul@oshannessy.com"}],"_npmOperationalInternal":{"host":"packages-12-west.internal.npmjs.com","tmp":"tmp/react-addons-transition-group-15.4.2.tgz_1483733760157_0.2721151753794402"},"directories":{}},"16.0.0-alpha":{"name":"react-addons-transition-group","version":"16.0.0-alpha","main":"index.js","repository":{"type":"git","url":"git+https://github.com/facebook/react.git"},"keywords":["react","react-addon"],"license":"BSD-3-Clause","dependencies":{"fbjs":"^0.8.4","object-assign":"^4.1.0"},"peerDependencies":{"react":"^16.0.0-alpha"},"files":["LICENSE","PATENTS","README.md","index.js"],"description":"This package provides the React TransitionGroup add-on.","bugs":{"url":"https://github.com/facebook/react/issues"},"homepage":"https://github.com/facebook/react#readme","_id":"react-addons-transition-group@16.0.0-alpha","_shasum":"5df222dea7b1dc73006da354477e23e1a5c000e9","_resolved":"file:build/packages/react-addons-transition-group.tgz","_from":"build/packages/react-addons-transition-group.tgz","scripts":{},"_npmVersion":"3.10.8","_nodeVersion":"6.9.1","_npmUser":{"name":"brianvaughn","email":"briandavidvaughn@gmail.com"},"dist":{"shasum":"5df222dea7b1dc73006da354477e23e1a5c000e9","tarball":"https://registry.npmjs.org/react-addons-transition-group/-/react-addons-transition-group-16.0.0-alpha.tgz"},"maintainers":[{"name":"brianvaughn","email":"briandavidvaughn@gmail.com"},{"name":"fb","email":"opensource+npm@fb.com"},{"name":"gaearon","email":"dan.abramov@gmail.com"},{"name":"sebmarkbage","email":"sebastian@calyptus.eu"},{"name":"spicyj","email":"ben@benalpert.com"},{"name":"tomocchino","email":"tomocchino@gmail.com"},{"name":"zpao","email":"paul@oshannessy.com"}],"_npmOperationalInternal":{"host":"packages-12-west.internal.npmjs.com","tmp":"tmp/react-addons-transition-group-16.0.0-alpha.tgz_1484008046820_0.9767894807737321"},"directories":{}},"16.0.0-alpha.0":{"name":"react-addons-transition-group","version":"16.0.0-alpha.0","main":"index.js","repository":{"type":"git","url":"git+https://github.com/facebook/react.git"},"keywords":["react","react-addon"],"license":"BSD-3-Clause","dependencies":{"fbjs":"^0.8.4","object-assign":"^4.1.0"},"peerDependencies":{"react":"^16.0.0-alpha.0"},"files":["LICENSE","PATENTS","README.md","index.js"],"description":"This package provides the React TransitionGroup add-on.","bugs":{"url":"https://github.com/facebook/react/issues"},"homepage":"https://github.com/facebook/react#readme","_id":"react-addons-transition-group@16.0.0-alpha.0","_shasum":"2d2dfe248c472143d0caac13bf1499248d4bdbff","_resolved":"file:packages/react-addons-transition-group.tgz","_from":"packages/react-addons-transition-group.tgz","scripts":{},"_npmVersion":"3.10.8","_nodeVersion":"6.9.1","_npmUser":{"name":"brianvaughn","email":"briandavidvaughn@gmail.com"},"dist":{"shasum":"2d2dfe248c472143d0caac13bf1499248d4bdbff","tarball":"https://registry.npmjs.org/react-addons-transition-group/-/react-addons-transition-group-16.0.0-alpha.0.tgz"},"maintainers":[{"name":"brianvaughn","email":"briandavidvaughn@gmail.com"},{"name":"fb","email":"opensource+npm@fb.com"},{"name":"gaearon","email":"dan.abramov@gmail.com"},{"name":"sebmarkbage","email":"sebastian@calyptus.eu"},{"name":"spicyj","email":"ben@benalpert.com"},{"name":"tomocchino","email":"tomocchino@gmail.com"},{"name":"zpao","email":"paul@oshannessy.com"}],"_npmOperationalInternal":{"host":"packages-18-east.internal.npmjs.com","tmp":"tmp/react-addons-transition-group-16.0.0-alpha.0.tgz_1485374681774_0.4861275360453874"},"directories":{}},"16.0.0-alpha.2":{"name":"react-addons-transition-group","version":"16.0.0-alpha.2","main":"index.js","repository":{"type":"git","url":"git+https://github.com/facebook/react.git"},"keywords":["react","react-addon"],"license":"BSD-3-Clause","dependencies":{"fbjs":"^0.8.9","object-assign":"^4.1.0"},"peerDependencies":{"react":"^16.0.0-alpha.2"},"files":["LICENSE","PATENTS","README.md","index.js"],"description":"This package provides the React TransitionGroup add-on.","bugs":{"url":"https://github.com/facebook/react/issues"},"homepage":"https://github.com/facebook/react#readme","_id":"react-addons-transition-group@16.0.0-alpha.2","_shasum":"fbd9f7866efcbf3a95a4f4fcae58b56c317b0cfd","_resolved":"file:build/packages/react-addons-transition-group.tgz","_from":"build/packages/react-addons-transition-group.tgz","scripts":{},"_npmVersion":"3.10.3","_nodeVersion":"6.3.1","_npmUser":{"name":"gaearon","email":"dan.abramov@gmail.com"},"dist":{"shasum":"fbd9f7866efcbf3a95a4f4fcae58b56c317b0cfd","tarball":"https://registry.npmjs.org/react-addons-transition-group/-/react-addons-transition-group-16.0.0-alpha.2.tgz"},"maintainers":[{"name":"brianvaughn","email":"briandavidvaughn@gmail.com"},{"name":"fb","email":"opensource+npm@fb.com"},{"name":"gaearon","email":"dan.abramov@gmail.com"},{"name":"sebmarkbage","email":"sebastian@calyptus.eu"},{"name":"spicyj","email":"ben@benalpert.com"},{"name":"tomocchino","email":"tomocchino@gmail.com"},{"name":"zpao","email":"paul@oshannessy.com"}],"_npmOperationalInternal":{"host":"packages-18-east.internal.npmjs.com","tmp":"tmp/react-addons-transition-group-16.0.0-alpha.2.tgz_1486656978683_0.04783373256213963"},"directories":{}},"16.0.0-alpha.3":{"name":"react-addons-transition-group","version":"16.0.0-alpha.3","main":"index.js","repository":{"type":"git","url":"git+https://github.com/facebook/react.git"},"keywords":["react","react-addon"],"license":"BSD-3-Clause","dependencies":{"fbjs":"^0.8.9","object-assign":"^4.1.0"},"peerDependencies":{"react":"^16.0.0-alpha.3"},"files":["LICENSE","PATENTS","README.md","index.js"],"description":"This package provides the React TransitionGroup add-on.","bugs":{"url":"https://github.com/facebook/react/issues"},"homepage":"https://github.com/facebook/react#readme","_id":"react-addons-transition-group@16.0.0-alpha.3","_shasum":"27fa041ce20b58466fa4a0197775ca66604c14ea","_resolved":"file:build/packages/react-addons-transition-group.tgz","_from":"build/packages/react-addons-transition-group.tgz","scripts":{},"_npmVersion":"3.10.10","_nodeVersion":"6.10.0","_npmUser":{"name":"acdlite","email":"acdlite@me.com"},"dist":{"shasum":"27fa041ce20b58466fa4a0197775ca66604c14ea","tarball":"https://registry.npmjs.org/react-addons-transition-group/-/react-addons-transition-group-16.0.0-alpha.3.tgz"},"maintainers":[{"name":"acdlite","email":"acdlite@me.com"},{"name":"brianvaughn","email":"briandavidvaughn@gmail.com"},{"name":"fb","email":"opensource+npm@fb.com"},{"name":"gaearon","email":"dan.abramov@gmail.com"},{"name":"sebmarkbage","email":"sebastian@calyptus.eu"},{"name":"spicyj","email":"ben@benalpert.com"},{"name":"tomocchino","email":"tomocchino@gmail.com"},{"name":"zpao","email":"paul@oshannessy.com"}],"_npmOperationalInternal":{"host":"packages-12-west.internal.npmjs.com","tmp":"tmp/react-addons-transition-group-16.0.0-alpha.3.tgz_1487893951133_0.6019212896935642"},"directories":{}}},"readme":"# react-addons-transition-group\n\nThis package provides the React TransitionGroup add-on.\n\nSee <https://facebook.github.io/react/docs/animation.html> for more information.","maintainers":[{"name":"acdlite","email":"acdlite@me.com"},{"name":"brianvaughn","email":"briandavidvaughn@gmail.com"},{"name":"fb","email":"opensource+npm@fb.com"},{"name":"gaearon","email":"dan.abramov@gmail.com"},{"name":"sebmarkbage","email":"sebastian@calyptus.eu"},{"name":"spicyj","email":"ben@benalpert.com"},{"name":"tomocchino","email":"tomocchino@gmail.com"},{"name":"zpao","email":"paul@oshannessy.com"}],"time":{"modified":"2017-02-23T23:52:31.357Z","created":"2015-07-03T08:49:45.397Z","0.14.0-beta1":"2015-07-03T08:49:45.397Z","0.14.0-beta2":"2015-08-02T04:42:30.804Z","0.14.0-beta3":"2015-08-03T21:34:37.937Z","0.14.0-rc1":"2015-09-10T16:03:43.752Z","0.14.0":"2015-10-07T17:30:46.953Z","0.14.1":"2015-10-28T21:35:49.949Z","0.14.2":"2015-11-02T19:55:04.021Z","0.14.3":"2015-11-19T02:26:36.653Z","0.14.4":"2015-12-29T21:59:59.622Z","0.14.5":"2015-12-29T22:41:10.882Z","0.14.6":"2016-01-06T23:53:53.910Z","0.15.0-alpha.1":"2016-01-21T04:16:04.842Z","0.14.7":"2016-01-28T19:58:04.958Z","15.0.0-rc.1":"2016-03-08T01:07:58.827Z","15.0.0-rc.2":"2016-03-16T22:18:26.376Z","0.14.8":"2016-03-29T16:21:10.138Z","15.0.0":"2016-04-07T21:25:58.947Z","15.0.1":"2016-04-08T18:24:20.463Z","15.0.2-alpha.1":"2016-04-20T18:17:13.051Z","15.0.2-alpha.2":"2016-04-21T22:22:01.217Z","15.0.2-alpha.3":"2016-04-25T20:03:47.764Z","15.0.2-alpha.4":"2016-04-28T07:11:59.709Z","15.0.2":"2016-04-30T00:38:15.403Z","15.0.3-alpha.1":"2016-05-03T19:40:18.464Z","15.0.3-alpha.2":"2016-05-10T04:37:48.130Z","15.1.0-alpha.1":"2016-05-10T05:28:18.799Z","15.1.0":"2016-05-20T23:06:14.749Z","15.2.0-rc.1":"2016-06-15T01:30:02.082Z","15.2.0-rc.2":"2016-07-01T06:31:58.841Z","15.2.0":"2016-07-01T18:52:07.657Z","15.2.1":"2016-07-08T22:31:02.873Z","15.3.0-rc.1":"2016-07-13T18:58:21.494Z","15.3.0-rc.2":"2016-07-13T21:01:56.702Z","15.3.0-rc.3":"2016-07-21T22:59:04.844Z","15.3.0":"2016-07-29T18:38:10.138Z","15.3.1-rc.1":"2016-08-12T23:35:16.619Z","15.3.1-rc.2":"2016-08-15T22:56:12.741Z","15.3.1":"2016-08-19T18:50:07.354Z","15.3.2-rc.1":"2016-09-15T23:43:30.203Z","15.3.2":"2016-09-19T17:46:52.188Z","15.4.0-rc.1":"2016-10-04T22:35:32.957Z","15.4.0-rc.2":"2016-10-05T22:50:52.210Z","15.4.0-rc.3":"2016-10-14T19:14:08.165Z","15.4.0-rc.4":"2016-10-14T22:04:18.480Z","15.4.0":"2016-11-16T14:32:46.962Z","15.4.1":"2016-11-23T01:59:01.580Z","15.4.2":"2017-01-06T20:16:02.119Z","16.0.0-alpha":"2017-01-10T00:27:27.042Z","16.0.0-alpha.0":"2017-01-25T20:04:43.604Z","16.0.0-alpha.2":"2017-02-09T16:16:19.382Z","16.0.0-alpha.3":"2017-02-23T23:52:31.357Z"},"license":"BSD-3-Clause","readmeFilename":"README.md","users":{"mathieuancelin":true,"langri-sha":true},"homepage":"https://github.com/facebook/react#readme","keywords":["react","react-addon"],"repository":{"type":"git","url":"git+https://github.com/facebook/react.git"},"bugs":{"url":"https://github.com/facebook/react/issues"},"_attachments":{},"_etag":"W/\"58af75bf-11f13\"","_lastModified":"Thu, 23 Feb 2017 23:52:31 GMT"}