{"_id":"stream-consume","_rev":"2-6138ba1a9762a34b885910a719fa5156","name":"stream-consume","description":"Consume a stream to ensure it keeps flowing","dist-tags":{"latest":"0.1.0"},"versions":{"0.1.0":{"name":"stream-consume","version":"0.1.0","description":"Consume a stream to ensure it keeps flowing","main":"index.js","scripts":{"test":"mocha"},"repository":{"type":"git","url":"https://github.com/aroneous/stream-consume.git"},"author":{"name":"Aron Nopanen"},"license":"MIT","bugs":{"url":"https://github.com/aroneous/stream-consume/issues"},"homepage":"https://github.com/aroneous/stream-consume","devDependencies":{"mocha":"^1.20.1","should":"^4.0.4","through2":"^0.5.1"},"gitHead":"54496fd47e0f10bf6924728ef405b72a4bbad6de","_id":"stream-consume@0.1.0","_shasum":"a41ead1a6d6081ceb79f65b061901b6d8f3d1d0f","_from":".","_npmVersion":"1.5.0-alpha-3","_npmUser":{"name":"aroneous","email":"aron.nopanen@gmail.com"},"maintainers":[{"name":"aroneous","email":"aron.nopanen@gmail.com"}],"dist":{"shasum":"a41ead1a6d6081ceb79f65b061901b6d8f3d1d0f","tarball":"https://registry.npmjs.org/stream-consume/-/stream-consume-0.1.0.tgz"},"directories":{}}},"readme":"# stream-consume\n\nA node module ensures a Readable stream continues flowing if it's not piped to\nanother destination.\n\n\tnpm install stream-consume\n\n## Usage\n\nSimply pass a stream to `stream-consume`.\nBoth legacy streams and streams2 are supported.\n\n``` js\nvar consume = require('stream-consume');\n\nconsume(readableStream);\n```\n\n## Details\n\nOnly Readable streams are processed (as determined by presence of `readable`\nproperty and a `resume` property that is a function). If called with anything\nelse, it's a NOP.\n\nFor a streams2 stream (as determined by presence of a `_readableState`\nproperty), nothing is done if the stream has already been piped to at least\none other destination.\n\n`resume()` is used to cause the stream to continue flowing.\n\n## License\n\nThe MIT License (MIT)\n\nCopyright (c) 2014 Aron Nopanen\n\nPermission is hereby granted, free of charge, to any person obtaining a copy\nof this software and associated documentation files (the \"Software\"), to deal\nin the Software without restriction, including without limitation the rights\nto use, copy, modify, merge, publish, distribute, sublicense, and/or sell\ncopies of the Software, and to permit persons to whom the Software is\nfurnished to do so, subject to the following conditions:\n\nThe above copyright notice and this permission notice shall be included in\nall copies or substantial portions of the Software.\n\nTHE SOFTWARE IS PROVIDED \"AS IS\", WITHOUT WARRANTY OF ANY KIND, EXPRESS OR\nIMPLIED, INCLUDING BUT NOT LIMITED TO THE WARRANTIES OF MERCHANTABILITY,\nFITNESS FOR A PARTICULAR PURPOSE AND NONINFRINGEMENT. IN NO EVENT SHALL THE\nAUTHORS OR COPYRIGHT HOLDERS BE LIABLE FOR ANY CLAIM, DAMAGES OR OTHER\nLIABILITY, WHETHER IN AN ACTION OF CONTRACT, TORT OR OTHERWISE, ARISING FROM,\nOUT OF OR IN CONNECTION WITH THE SOFTWARE OR THE USE OR OTHER DEALINGS IN\nTHE SOFTWARE.\n","maintainers":[{"name":"aroneous","email":"aron.nopanen@gmail.com"}],"time":{"modified":"2014-07-21T03:08:48.667Z","created":"2014-07-21T03:08:48.667Z","0.1.0":"2014-07-21T03:08:48.667Z"},"homepage":"https://github.com/aroneous/stream-consume","repository":{"type":"git","url":"https://github.com/aroneous/stream-consume.git"},"author":{"name":"Aron Nopanen"},"bugs":{"url":"https://github.com/aroneous/stream-consume/issues"},"license":"MIT","readmeFilename":"README.md","_attachments":{},"_etag":"W/\"53cc8440-dde\"","_lastModified":"Mon, 21 Jul 2014 03:08:48 GMT","_cached":true}