{"digest":"71aefcce0f6f47349ff2a59d358398d092eda92d","css":"atom-text-editor .highlights .highlight.highlight-selected .region {\n  position: absolute;\n  pointer-events: none;\n  z-index: -1;\n}\natom-text-editor .highlights .highlight-selected .region {\n  border-radius: 3px;\n  box-sizing: border-box;\n  background-color: transparent;\n  border-width: 1px;\n  border-style: solid;\n}\natom-text-editor .highlights .highlight-selected .region {\n  border-color: #ddd;\n}\natom-text-editor .highlights .highlight-selected.background .region {\n  background-color: rgba(155, 149, 0, 0.6);\n}\natom-text-editor .highlights .highlight-selected.light-theme .region {\n  border-color: rgba(255, 128, 64, 0.4);\n}\natom-text-editor .highlights .highlight-selected.light-theme.background .region {\n  background-color: rgba(255, 128, 64, 0.2);\n}\nstatus-bar .highlight-selected-status {\n  display: inline-block;\n}\nstatus-bar .highlight-selected-hidden {\n  display: none;\n}\n","imports":[{"path":"static\\variables\\ui-variables.less","digest":"e3029f763111ec391f6dcea8178d35be7c798b4f"},{"path":"static\\variables\\syntax-variables.less","digest":"812c1b7883a023f768773d14294653adcdb932d7"},{"path":"node_modules\\one-light-ui\\styles\\ui-variables.less","digest":"c0011aaa1d3ab7b6826cfb5a153dcb09599cb997"},{"path":"node_modules\\one-light-ui\\styles\\ui-variables-custom.less","digest":"aaea2571bc3a5a9517e75eaeddff9ee46c2c0359"},{"path":"node_modules\\one-light-syntax\\styles\\syntax-variables.less","digest":"70198a1ac749d0767ca6ec9ac47a78482bdefa10"},{"path":"node_modules\\one-light-syntax\\styles\\colors.less","digest":"6e53c2e7473d04130f2592930c3470ed86daffdf"}],"version":1}