{"_id":"react-addons-perf","_rev":"77-fd767c4be2e80cd6762f2b05ad8ec615","name":"react-addons-perf","description":"This package provides the React Perf add-on.","dist-tags":{"latest":"15.4.2","next":"16.0.0-alpha.3"},"versions":{"0.14.0-beta2":{"name":"react-addons-perf","version":"0.14.0-beta2","main":"index.js","license":"BSD-3-Clause","peerDependencies":{"react":"^0.14.0-beta2"},"description":"This package provides the React Perf add-on. See http://facebook.github.io/react/docs/addons.html for more information.","_id":"react-addons-perf@0.14.0-beta2","_shasum":"7b87412662bbbbdd62d29e7116e2b906cdfb1c15","_resolved":"file:build copy/packages/react-addons-perf.tgz","_from":"build copy/packages/react-addons-perf.tgz","scripts":{},"_npmVersion":"2.13.2","_nodeVersion":"0.10.40","_npmUser":{"name":"zpao","email":"paul@oshannessy.com"},"maintainers":[{"name":"zpao","email":"paul@oshannessy.com"}],"dist":{"shasum":"7b87412662bbbbdd62d29e7116e2b906cdfb1c15","tarball":"https://registry.npmjs.org/react-addons-perf/-/react-addons-perf-0.14.0-beta2.tgz"},"directories":{}},"0.14.0-beta3":{"name":"react-addons-perf","version":"0.14.0-beta3","main":"index.js","license":"BSD-3-Clause","peerDependencies":{"react":"^0.14.0-beta3"},"description":"This package provides the React Perf add-on. See http://facebook.github.io/react/docs/addons.html for more information.","_id":"react-addons-perf@0.14.0-beta3","_shasum":"eff3042360b526f02391bd49b1e05725bc1d7cf3","_resolved":"file:build/packages/react-addons-perf.tgz","_from":"build/packages/react-addons-perf.tgz","scripts":{},"_npmVersion":"2.13.2","_nodeVersion":"0.10.40","_npmUser":{"name":"zpao","email":"paul@oshannessy.com"},"maintainers":[{"name":"zpao","email":"paul@oshannessy.com"}],"dist":{"shasum":"eff3042360b526f02391bd49b1e05725bc1d7cf3","tarball":"https://registry.npmjs.org/react-addons-perf/-/react-addons-perf-0.14.0-beta3.tgz"},"directories":{}},"0.14.0-rc1":{"name":"react-addons-perf","version":"0.14.0-rc1","main":"index.js","license":"BSD-3-Clause","peerDependencies":{"react":"^0.14.0-rc1"},"description":"This package provides the React Perf add-on. See http://facebook.github.io/react/docs/addons.html for more information.","_id":"react-addons-perf@0.14.0-rc1","_shasum":"94b2395b6b193e02d059abd17c3834e9f08a5113","_resolved":"file:build/packages/react-addons-perf.tgz","_from":"build/packages/react-addons-perf.tgz","scripts":{},"_npmVersion":"2.2.0","_nodeVersion":"0.10.35","_npmUser":{"name":"spicyj","email":"ben@benalpert.com"},"maintainers":[{"name":"spicyj","email":"ben@benalpert.com"},{"name":"zpao","email":"paul@oshannessy.com"}],"dist":{"shasum":"94b2395b6b193e02d059abd17c3834e9f08a5113","tarball":"https://registry.npmjs.org/react-addons-perf/-/react-addons-perf-0.14.0-rc1.tgz"},"directories":{}},"0.14.0":{"name":"react-addons-perf","version":"0.14.0","main":"index.js","license":"BSD-3-Clause","peerDependencies":{"react":"^0.14.0"},"description":"This package provides the React Perf add-on. See http://facebook.github.io/react/docs/addons.html for more information.","_id":"react-addons-perf@0.14.0","_shasum":"0482288ce2c5979497b49ef13dfc9e4366a772a7","_resolved":"file:build/packages/react-addons-perf.tgz","_from":"build/packages/react-addons-perf.tgz","scripts":{},"_npmVersion":"2.14.3","_nodeVersion":"4.1.0","_npmUser":{"name":"zpao","email":"paul@oshannessy.com"},"maintainers":[{"name":"spicyj","email":"ben@benalpert.com"},{"name":"zpao","email":"paul@oshannessy.com"}],"dist":{"shasum":"0482288ce2c5979497b49ef13dfc9e4366a772a7","tarball":"https://registry.npmjs.org/react-addons-perf/-/react-addons-perf-0.14.0.tgz"},"directories":{}},"0.14.1":{"name":"react-addons-perf","version":"0.14.1","main":"index.js","license":"BSD-3-Clause","peerDependencies":{"react":"^0.14.1"},"description":"This package provides the React Perf add-on. See http://facebook.github.io/react/docs/addons.html for more information.","_id":"react-addons-perf@0.14.1","_shasum":"e8300249b5d7d40feca1819c241f4dff5df1f19e","_resolved":"file:build/packages/react-addons-perf.tgz","_from":"build/packages/react-addons-perf.tgz","scripts":{},"_npmVersion":"2.14.8","_nodeVersion":"4.2.0","_npmUser":{"name":"zpao","email":"paul@oshannessy.com"},"maintainers":[{"name":"spicyj","email":"ben@benalpert.com"},{"name":"zpao","email":"paul@oshannessy.com"}],"dist":{"shasum":"e8300249b5d7d40feca1819c241f4dff5df1f19e","tarball":"https://registry.npmjs.org/react-addons-perf/-/react-addons-perf-0.14.1.tgz"},"directories":{}},"0.14.2":{"name":"react-addons-perf","version":"0.14.2","main":"index.js","license":"BSD-3-Clause","peerDependencies":{"react":"^0.14.2"},"description":"This package provides the React Perf add-on. See http://facebook.github.io/react/docs/addons.html for more information.","_id":"react-addons-perf@0.14.2","_shasum":"35461d1a81b4579178824ef4405b330fbd30bbac","_resolved":"file:build/packages/react-addons-perf.tgz","_from":"build/packages/react-addons-perf.tgz","scripts":{},"_npmVersion":"2.14.9","_nodeVersion":"4.2.0","_npmUser":{"name":"zpao","email":"paul@oshannessy.com"},"maintainers":[{"name":"spicyj","email":"ben@benalpert.com"},{"name":"zpao","email":"paul@oshannessy.com"}],"dist":{"shasum":"35461d1a81b4579178824ef4405b330fbd30bbac","tarball":"https://registry.npmjs.org/react-addons-perf/-/react-addons-perf-0.14.2.tgz"},"directories":{}},"0.14.3":{"name":"react-addons-perf","version":"0.14.3","main":"index.js","repository":{"type":"git","url":"git+https://github.com/facebook/react.git"},"keywords":["react","react-addon"],"license":"BSD-3-Clause","peerDependencies":{"react":"^0.14.3"},"description":"This package provides the React Perf add-on.","bugs":{"url":"https://github.com/facebook/react/issues"},"homepage":"https://github.com/facebook/react#readme","_id":"react-addons-perf@0.14.3","_shasum":"0bd89d64ca7de535eeab8741521789c456f8100e","_resolved":"file:build/packages/react-addons-perf.tgz","_from":"build/packages/react-addons-perf.tgz","scripts":{},"_npmVersion":"2.14.7","_nodeVersion":"4.2.2","_npmUser":{"name":"zpao","email":"paul@oshannessy.com"},"maintainers":[{"name":"spicyj","email":"ben@benalpert.com"},{"name":"zpao","email":"paul@oshannessy.com"}],"dist":{"shasum":"0bd89d64ca7de535eeab8741521789c456f8100e","tarball":"https://registry.npmjs.org/react-addons-perf/-/react-addons-perf-0.14.3.tgz"},"directories":{}},"0.14.4":{"name":"react-addons-perf","version":"0.14.4","main":"index.js","repository":{"type":"git","url":"git+https://github.com/facebook/react.git"},"keywords":["react","react-addon"],"license":"BSD-3-Clause","peerDependencies":{"react":"^0.14.4"},"description":"This package provides the React Perf add-on.","bugs":{"url":"https://github.com/facebook/react/issues"},"homepage":"https://github.com/facebook/react#readme","_id":"react-addons-perf@0.14.4","_shasum":"67a4d86bd5be6dec43fc154e1bba9b087d812840","_resolved":"file:build/packages/react-addons-perf.tgz","_from":"build/packages/react-addons-perf.tgz","scripts":{},"_npmVersion":"2.14.4","_nodeVersion":"4.1.0","_npmUser":{"name":"spicyj","email":"ben@benalpert.com"},"maintainers":[{"name":"spicyj","email":"ben@benalpert.com"},{"name":"zpao","email":"paul@oshannessy.com"}],"dist":{"shasum":"67a4d86bd5be6dec43fc154e1bba9b087d812840","tarball":"https://registry.npmjs.org/react-addons-perf/-/react-addons-perf-0.14.4.tgz"},"directories":{}},"0.14.5":{"name":"react-addons-perf","version":"0.14.5","main":"index.js","repository":{"type":"git","url":"git+https://github.com/facebook/react.git"},"keywords":["react","react-addon"],"license":"BSD-3-Clause","peerDependencies":{"react":"^0.14.5"},"description":"This package provides the React Perf add-on.","bugs":{"url":"https://github.com/facebook/react/issues"},"homepage":"https://github.com/facebook/react#readme","_id":"react-addons-perf@0.14.5","_shasum":"393acbff5e214769c21baaafce288c3e25237e63","_resolved":"file:build/packages/react-addons-perf.tgz","_from":"build/packages/react-addons-perf.tgz","scripts":{},"_npmVersion":"2.14.4","_nodeVersion":"4.1.0","_npmUser":{"name":"spicyj","email":"ben@benalpert.com"},"maintainers":[{"name":"spicyj","email":"ben@benalpert.com"},{"name":"zpao","email":"paul@oshannessy.com"}],"dist":{"shasum":"393acbff5e214769c21baaafce288c3e25237e63","tarball":"https://registry.npmjs.org/react-addons-perf/-/react-addons-perf-0.14.5.tgz"},"directories":{}},"0.14.6":{"name":"react-addons-perf","version":"0.14.6","main":"index.js","repository":{"type":"git","url":"git+https://github.com/facebook/react.git"},"keywords":["react","react-addon"],"license":"BSD-3-Clause","peerDependencies":{"react":"^0.14.6"},"description":"This package provides the React Perf add-on.","bugs":{"url":"https://github.com/facebook/react/issues"},"homepage":"https://github.com/facebook/react#readme","_id":"react-addons-perf@0.14.6","_shasum":"538611f60245819619ff90436144e93ff0041fff","_resolved":"file:build/packages/react-addons-perf.tgz","_from":"build/packages/react-addons-perf.tgz","scripts":{},"_npmVersion":"2.14.15","_nodeVersion":"4.2.2","_npmUser":{"name":"zpao","email":"paul@oshannessy.com"},"maintainers":[{"name":"spicyj","email":"ben@benalpert.com"},{"name":"zpao","email":"paul@oshannessy.com"}],"dist":{"shasum":"538611f60245819619ff90436144e93ff0041fff","tarball":"https://registry.npmjs.org/react-addons-perf/-/react-addons-perf-0.14.6.tgz"},"directories":{}},"0.15.0-alpha.1":{"name":"react-addons-perf","version":"0.15.0-alpha.1","main":"index.js","repository":{"type":"git","url":"git+https://github.com/facebook/react.git"},"keywords":["react","react-addon"],"license":"BSD-3-Clause","peerDependencies":{"react":"^0.15.0-alpha.1"},"description":"This package provides the React Perf add-on.","bugs":{"url":"https://github.com/facebook/react/issues"},"homepage":"https://github.com/facebook/react#readme","_id":"react-addons-perf@0.15.0-alpha.1","_shasum":"4474a3d68f67d562718c840c8bdb37c1449fc2fa","_resolved":"file:build/packages/react-addons-perf.tgz","_from":"build/packages/react-addons-perf.tgz","scripts":{},"_npmVersion":"2.14.15","_nodeVersion":"4.2.2","_npmUser":{"name":"zpao","email":"paul@oshannessy.com"},"maintainers":[{"name":"spicyj","email":"ben@benalpert.com"},{"name":"zpao","email":"paul@oshannessy.com"}],"dist":{"shasum":"4474a3d68f67d562718c840c8bdb37c1449fc2fa","tarball":"https://registry.npmjs.org/react-addons-perf/-/react-addons-perf-0.15.0-alpha.1.tgz"},"directories":{}},"0.14.7":{"name":"react-addons-perf","version":"0.14.7","main":"index.js","repository":{"type":"git","url":"git+https://github.com/facebook/react.git"},"keywords":["react","react-addon"],"license":"BSD-3-Clause","dependencies":{},"peerDependencies":{"react":"^0.14.7"},"description":"This package provides the React Perf add-on.","bugs":{"url":"https://github.com/facebook/react/issues"},"homepage":"https://github.com/facebook/react#readme","_id":"react-addons-perf@0.14.7","_shasum":"0058a7004913590c8465df5395d7bc93e11087ab","_resolved":"file:build/packages/react-addons-perf.tgz","_from":"build/packages/react-addons-perf.tgz","scripts":{},"_npmVersion":"2.14.12","_nodeVersion":"4.2.6","_npmUser":{"name":"graue","email":"scott@oceanbase.org"},"dist":{"shasum":"0058a7004913590c8465df5395d7bc93e11087ab","tarball":"https://registry.npmjs.org/react-addons-perf/-/react-addons-perf-0.14.7.tgz"},"maintainers":[{"name":"graue","email":"scott@oceanbase.org"},{"name":"spicyj","email":"ben@benalpert.com"},{"name":"zpao","email":"paul@oshannessy.com"}],"directories":{}},"15.0.0-rc.1":{"name":"react-addons-perf","version":"15.0.0-rc.1","main":"index.js","repository":{"type":"git","url":"git+https://github.com/facebook/react.git"},"keywords":["react","react-addon"],"license":"BSD-3-Clause","dependencies":{},"peerDependencies":{"react":"^15.0.0-rc.1"},"description":"This package provides the React Perf add-on.","bugs":{"url":"https://github.com/facebook/react/issues"},"homepage":"https://github.com/facebook/react#readme","_id":"react-addons-perf@15.0.0-rc.1","_shasum":"866fedf61722018541e126803f57c55652d11d97","_resolved":"file:build/packages/react-addons-perf.tgz","_from":"build/packages/react-addons-perf.tgz","scripts":{},"_npmVersion":"2.14.12","_nodeVersion":"4.3.0","_npmUser":{"name":"zpao","email":"paul@oshannessy.com"},"maintainers":[{"name":"graue","email":"scott@oceanbase.org"},{"name":"spicyj","email":"ben@benalpert.com"},{"name":"zpao","email":"paul@oshannessy.com"}],"dist":{"shasum":"866fedf61722018541e126803f57c55652d11d97","tarball":"https://registry.npmjs.org/react-addons-perf/-/react-addons-perf-15.0.0-rc.1.tgz"},"_npmOperationalInternal":{"host":"packages-13-west.internal.npmjs.com","tmp":"tmp/react-addons-perf-15.0.0-rc.1.tgz_1457399262327_0.8644372723065317"},"directories":{}},"15.0.0-rc.2":{"name":"react-addons-perf","version":"15.0.0-rc.2","main":"index.js","repository":{"type":"git","url":"git+https://github.com/facebook/react.git"},"keywords":["react","react-addon"],"license":"BSD-3-Clause","dependencies":{},"peerDependencies":{"react":"^15.0.0-rc.2"},"description":"This package provides the React Perf add-on.","bugs":{"url":"https://github.com/facebook/react/issues"},"homepage":"https://github.com/facebook/react#readme","_id":"react-addons-perf@15.0.0-rc.2","_shasum":"7b3161997fa0c9a8b2872bdfd3754d0d421c42ec","_resolved":"file:build/packages/react-addons-perf.tgz","_from":"build/packages/react-addons-perf.tgz","scripts":{},"_npmVersion":"3.8.1","_nodeVersion":"5.1.1","_npmUser":{"name":"gaearon","email":"dan.abramov@gmail.com"},"dist":{"shasum":"7b3161997fa0c9a8b2872bdfd3754d0d421c42ec","tarball":"https://registry.npmjs.org/react-addons-perf/-/react-addons-perf-15.0.0-rc.2.tgz"},"maintainers":[{"name":"gaearon","email":"dan.abramov@gmail.com"},{"name":"graue","email":"scott@oceanbase.org"},{"name":"sebmarkbage","email":"sebastian@calyptus.eu"},{"name":"spicyj","email":"ben@benalpert.com"},{"name":"zpao","email":"paul@oshannessy.com"}],"_npmOperationalInternal":{"host":"packages-12-west.internal.npmjs.com","tmp":"tmp/react-addons-perf-15.0.0-rc.2.tgz_1458166637011_0.22660999442450702"},"directories":{}},"0.14.8":{"name":"react-addons-perf","version":"0.14.8","main":"index.js","repository":{"type":"git","url":"git+https://github.com/facebook/react.git"},"keywords":["react","react-addon"],"license":"BSD-3-Clause","dependencies":{},"peerDependencies":{"react":"^0.14.8"},"description":"This package provides the React Perf add-on.","bugs":{"url":"https://github.com/facebook/react/issues"},"homepage":"https://github.com/facebook/react#readme","_id":"react-addons-perf@0.14.8","_shasum":"b18676d0ee23e0951896b643d901dd86c8c335c8","_resolved":"file:build/packages/react-addons-perf.tgz","_from":"build/packages/react-addons-perf.tgz","scripts":{},"_npmVersion":"2.14.7","_nodeVersion":"4.2.1","_npmUser":{"name":"gaearon","email":"dan.abramov@gmail.com"},"dist":{"shasum":"b18676d0ee23e0951896b643d901dd86c8c335c8","tarball":"https://registry.npmjs.org/react-addons-perf/-/react-addons-perf-0.14.8.tgz"},"maintainers":[{"name":"gaearon","email":"dan.abramov@gmail.com"},{"name":"graue","email":"scott@oceanbase.org"},{"name":"sebmarkbage","email":"sebastian@calyptus.eu"},{"name":"spicyj","email":"ben@benalpert.com"},{"name":"zpao","email":"paul@oshannessy.com"}],"_npmOperationalInternal":{"host":"packages-12-west.internal.npmjs.com","tmp":"tmp/react-addons-perf-0.14.8.tgz_1459268433186_0.08139722305350006"},"directories":{}},"15.0.0":{"name":"react-addons-perf","version":"15.0.0","main":"index.js","repository":{"type":"git","url":"git+https://github.com/facebook/react.git"},"keywords":["react","react-addon"],"license":"BSD-3-Clause","dependencies":{},"peerDependencies":{"react":"^15.0.0"},"description":"This package provides the React Perf add-on.","bugs":{"url":"https://github.com/facebook/react/issues"},"homepage":"https://github.com/facebook/react#readme","_id":"react-addons-perf@15.0.0","_shasum":"09a7184309bacf88f2724f971a5a7479e874e6ea","_resolved":"file:build/packages/react-addons-perf.tgz","_from":"build/packages/react-addons-perf.tgz","scripts":{},"_npmVersion":"2.15.3","_nodeVersion":"4.4.0","_npmUser":{"name":"zpao","email":"paul@oshannessy.com"},"maintainers":[{"name":"gaearon","email":"dan.abramov@gmail.com"},{"name":"graue","email":"scott@oceanbase.org"},{"name":"sebmarkbage","email":"sebastian@calyptus.eu"},{"name":"spicyj","email":"ben@benalpert.com"},{"name":"zpao","email":"paul@oshannessy.com"}],"dist":{"shasum":"09a7184309bacf88f2724f971a5a7479e874e6ea","tarball":"https://registry.npmjs.org/react-addons-perf/-/react-addons-perf-15.0.0.tgz"},"_npmOperationalInternal":{"host":"packages-12-west.internal.npmjs.com","tmp":"tmp/react-addons-perf-15.0.0.tgz_1460064351224_0.28056535427458584"},"directories":{}},"15.0.1":{"name":"react-addons-perf","version":"15.0.1","main":"index.js","repository":{"type":"git","url":"git+https://github.com/facebook/react.git"},"keywords":["react","react-addon"],"license":"BSD-3-Clause","dependencies":{},"peerDependencies":{"react":"^15.0.1"},"description":"This package provides the React Perf add-on.","bugs":{"url":"https://github.com/facebook/react/issues"},"homepage":"https://github.com/facebook/react#readme","_id":"react-addons-perf@15.0.1","_shasum":"a51459d2739611ab8511f1edcd7697b69e4bfee5","_resolved":"file:build/packages/react-addons-perf.tgz","_from":"build/packages/react-addons-perf.tgz","scripts":{},"_npmVersion":"2.15.0","_nodeVersion":"4.4.2","_npmUser":{"name":"zpao","email":"paul@oshannessy.com"},"maintainers":[{"name":"gaearon","email":"dan.abramov@gmail.com"},{"name":"graue","email":"scott@oceanbase.org"},{"name":"sebmarkbage","email":"sebastian@calyptus.eu"},{"name":"spicyj","email":"ben@benalpert.com"},{"name":"zpao","email":"paul@oshannessy.com"}],"dist":{"shasum":"a51459d2739611ab8511f1edcd7697b69e4bfee5","tarball":"https://registry.npmjs.org/react-addons-perf/-/react-addons-perf-15.0.1.tgz"},"_npmOperationalInternal":{"host":"packages-12-west.internal.npmjs.com","tmp":"tmp/react-addons-perf-15.0.1.tgz_1460139851841_0.6236369966063648"},"directories":{}},"15.0.2-alpha.1":{"name":"react-addons-perf","version":"15.0.2-alpha.1","main":"index.js","repository":{"type":"git","url":"git+https://github.com/facebook/react.git"},"keywords":["react","react-addon"],"license":"BSD-3-Clause","dependencies":{},"peerDependencies":{"react":"^15.0.2-alpha.1"},"description":"This package provides the React Perf add-on.","bugs":{"url":"https://github.com/facebook/react/issues"},"homepage":"https://github.com/facebook/react#readme","_id":"react-addons-perf@15.0.2-alpha.1","_shasum":"503c2d1ac3a5b1838575ffe7f4422843ad460f77","_resolved":"file:build/packages/react-addons-perf.tgz","_from":"build/packages/react-addons-perf.tgz","scripts":{},"_npmVersion":"2.15.3","_nodeVersion":"4.4.2","_npmUser":{"name":"zpao","email":"paul@oshannessy.com"},"maintainers":[{"name":"gaearon","email":"dan.abramov@gmail.com"},{"name":"graue","email":"scott@oceanbase.org"},{"name":"sebmarkbage","email":"sebastian@calyptus.eu"},{"name":"spicyj","email":"ben@benalpert.com"},{"name":"zpao","email":"paul@oshannessy.com"}],"dist":{"shasum":"503c2d1ac3a5b1838575ffe7f4422843ad460f77","tarball":"https://registry.npmjs.org/react-addons-perf/-/react-addons-perf-15.0.2-alpha.1.tgz"},"_npmOperationalInternal":{"host":"packages-12-west.internal.npmjs.com","tmp":"tmp/react-addons-perf-15.0.2-alpha.1.tgz_1461176218216_0.6559805141296238"},"directories":{}},"15.0.2-alpha.2":{"name":"react-addons-perf","version":"15.0.2-alpha.2","main":"index.js","repository":{"type":"git","url":"git+https://github.com/facebook/react.git"},"keywords":["react","react-addon"],"license":"BSD-3-Clause","dependencies":{},"peerDependencies":{"react":"^15.0.2-alpha.2"},"description":"This package provides the React Perf add-on.","bugs":{"url":"https://github.com/facebook/react/issues"},"homepage":"https://github.com/facebook/react#readme","_id":"react-addons-perf@15.0.2-alpha.2","_shasum":"2cd097df571b9da32a4778c194887479a5715dc5","_resolved":"file:build/packages/react-addons-perf.tgz","_from":"build/packages/react-addons-perf.tgz","scripts":{},"_npmVersion":"2.14.19","_nodeVersion":"4.1.0","_npmUser":{"name":"spicyj","email":"ben@benalpert.com"},"maintainers":[{"name":"gaearon","email":"dan.abramov@gmail.com"},{"name":"graue","email":"scott@oceanbase.org"},{"name":"sebmarkbage","email":"sebastian@calyptus.eu"},{"name":"spicyj","email":"ben@benalpert.com"},{"name":"zpao","email":"paul@oshannessy.com"}],"dist":{"shasum":"2cd097df571b9da32a4778c194887479a5715dc5","tarball":"https://registry.npmjs.org/react-addons-perf/-/react-addons-perf-15.0.2-alpha.2.tgz"},"_npmOperationalInternal":{"host":"packages-16-east.internal.npmjs.com","tmp":"tmp/react-addons-perf-15.0.2-alpha.2.tgz_1461277310073_0.5259093316271901"},"directories":{}},"15.0.2-alpha.3":{"name":"react-addons-perf","version":"15.0.2-alpha.3","main":"index.js","repository":{"type":"git","url":"git+https://github.com/facebook/react.git"},"keywords":["react","react-addon"],"license":"BSD-3-Clause","dependencies":{},"peerDependencies":{"react":"^15.0.2-alpha.3"},"description":"This package provides the React Perf add-on.","bugs":{"url":"https://github.com/facebook/react/issues"},"homepage":"https://github.com/facebook/react#readme","_id":"react-addons-perf@15.0.2-alpha.3","_shasum":"9e839527be9ddba7ad9944b7a51ab58129995595","_resolved":"file:build/packages/react-addons-perf.tgz","_from":"build/packages/react-addons-perf.tgz","scripts":{},"_npmVersion":"2.15.3","_nodeVersion":"4.4.2","_npmUser":{"name":"zpao","email":"paul@oshannessy.com"},"maintainers":[{"name":"gaearon","email":"dan.abramov@gmail.com"},{"name":"graue","email":"scott@oceanbase.org"},{"name":"sebmarkbage","email":"sebastian@calyptus.eu"},{"name":"spicyj","email":"ben@benalpert.com"},{"name":"zpao","email":"paul@oshannessy.com"}],"dist":{"shasum":"9e839527be9ddba7ad9944b7a51ab58129995595","tarball":"https://registry.npmjs.org/react-addons-perf/-/react-addons-perf-15.0.2-alpha.3.tgz"},"_npmOperationalInternal":{"host":"packages-16-east.internal.npmjs.com","tmp":"tmp/react-addons-perf-15.0.2-alpha.3.tgz_1461614610124_0.8612110500689596"},"directories":{}},"15.0.2-alpha.4":{"name":"react-addons-perf","version":"15.0.2-alpha.4","main":"index.js","repository":{"type":"git","url":"git+https://github.com/facebook/react.git"},"keywords":["react","react-addon"],"license":"BSD-3-Clause","dependencies":{},"peerDependencies":{"react":"^15.0.2-alpha.4"},"description":"This package provides the React Perf add-on.","bugs":{"url":"https://github.com/facebook/react/issues"},"homepage":"https://github.com/facebook/react#readme","_id":"react-addons-perf@15.0.2-alpha.4","_shasum":"47fc6b0623805f55538553542bf22fb5840efefc","_resolved":"file:build/packages/react-addons-perf.tgz","_from":"build/packages/react-addons-perf.tgz","scripts":{},"_npmVersion":"2.15.3","_nodeVersion":"4.4.2","_npmUser":{"name":"zpao","email":"paul@oshannessy.com"},"maintainers":[{"name":"gaearon","email":"dan.abramov@gmail.com"},{"name":"graue","email":"scott@oceanbase.org"},{"name":"sebmarkbage","email":"sebastian@calyptus.eu"},{"name":"spicyj","email":"ben@benalpert.com"},{"name":"zpao","email":"paul@oshannessy.com"}],"dist":{"shasum":"47fc6b0623805f55538553542bf22fb5840efefc","tarball":"https://registry.npmjs.org/react-addons-perf/-/react-addons-perf-15.0.2-alpha.4.tgz"},"_npmOperationalInternal":{"host":"packages-12-west.internal.npmjs.com","tmp":"tmp/react-addons-perf-15.0.2-alpha.4.tgz_1461827506495_0.1832613747101277"},"directories":{}},"15.0.2":{"name":"react-addons-perf","version":"15.0.2","main":"index.js","repository":{"type":"git","url":"git+https://github.com/facebook/react.git"},"keywords":["react","react-addon"],"license":"BSD-3-Clause","dependencies":{},"peerDependencies":{"react":"^15.0.2"},"description":"This package provides the React Perf add-on.","bugs":{"url":"https://github.com/facebook/react/issues"},"homepage":"https://github.com/facebook/react#readme","_id":"react-addons-perf@15.0.2","_shasum":"4180118b8fe6037774baf35f5abbd78cc0d02b82","_resolved":"file:build/packages/react-addons-perf.tgz","_from":"build/packages/react-addons-perf.tgz","scripts":{},"_npmVersion":"2.15.1","_nodeVersion":"4.4.3","_npmUser":{"name":"zpao","email":"paul@oshannessy.com"},"maintainers":[{"name":"gaearon","email":"dan.abramov@gmail.com"},{"name":"graue","email":"scott@oceanbase.org"},{"name":"sebmarkbage","email":"sebastian@calyptus.eu"},{"name":"spicyj","email":"ben@benalpert.com"},{"name":"zpao","email":"paul@oshannessy.com"}],"dist":{"shasum":"4180118b8fe6037774baf35f5abbd78cc0d02b82","tarball":"https://registry.npmjs.org/react-addons-perf/-/react-addons-perf-15.0.2.tgz"},"_npmOperationalInternal":{"host":"packages-16-east.internal.npmjs.com","tmp":"tmp/react-addons-perf-15.0.2.tgz_1461976683443_0.4452796746045351"},"directories":{}},"15.0.3-alpha.1":{"name":"react-addons-perf","version":"15.0.3-alpha.1","main":"index.js","repository":{"type":"git","url":"git+https://github.com/facebook/react.git"},"keywords":["react","react-addon"],"license":"BSD-3-Clause","dependencies":{},"peerDependencies":{"react":"^15.0.3-alpha.1"},"description":"This package provides the React Perf add-on.","bugs":{"url":"https://github.com/facebook/react/issues"},"homepage":"https://github.com/facebook/react#readme","_id":"react-addons-perf@15.0.3-alpha.1","_shasum":"d2c6501f579d2b35668e4e4109919b974294aae4","_resolved":"file:build/packages/react-addons-perf.tgz","_from":"build/packages/react-addons-perf.tgz","scripts":{},"_npmVersion":"2.15.1","_nodeVersion":"4.4.3","_npmUser":{"name":"zpao","email":"paul@oshannessy.com"},"maintainers":[{"name":"gaearon","email":"dan.abramov@gmail.com"},{"name":"graue","email":"scott@oceanbase.org"},{"name":"sebmarkbage","email":"sebastian@calyptus.eu"},{"name":"spicyj","email":"ben@benalpert.com"},{"name":"zpao","email":"paul@oshannessy.com"}],"dist":{"shasum":"d2c6501f579d2b35668e4e4109919b974294aae4","tarball":"https://registry.npmjs.org/react-addons-perf/-/react-addons-perf-15.0.3-alpha.1.tgz"},"_npmOperationalInternal":{"host":"packages-16-east.internal.npmjs.com","tmp":"tmp/react-addons-perf-15.0.3-alpha.1.tgz_1462304405521_0.8771426805760711"},"directories":{}},"15.0.3-alpha.2":{"name":"react-addons-perf","version":"15.0.3-alpha.2","main":"index.js","repository":{"type":"git","url":"git+https://github.com/facebook/react.git"},"keywords":["react","react-addon"],"license":"BSD-3-Clause","dependencies":{},"peerDependencies":{"react":"^15.0.3-alpha.2"},"description":"This package provides the React Perf add-on.","bugs":{"url":"https://github.com/facebook/react/issues"},"homepage":"https://github.com/facebook/react#readme","_id":"react-addons-perf@15.0.3-alpha.2","_shasum":"6f065142e7163cdd67cba5a5d9c27b0369709fbe","_resolved":"file:build/packages/react-addons-perf.tgz","_from":"build/packages/react-addons-perf.tgz","scripts":{},"_npmVersion":"2.15.1","_nodeVersion":"4.4.3","_npmUser":{"name":"zpao","email":"paul@oshannessy.com"},"maintainers":[{"name":"gaearon","email":"dan.abramov@gmail.com"},{"name":"graue","email":"scott@oceanbase.org"},{"name":"sebmarkbage","email":"sebastian@calyptus.eu"},{"name":"spicyj","email":"ben@benalpert.com"},{"name":"zpao","email":"paul@oshannessy.com"}],"dist":{"shasum":"6f065142e7163cdd67cba5a5d9c27b0369709fbe","tarball":"https://registry.npmjs.org/react-addons-perf/-/react-addons-perf-15.0.3-alpha.2.tgz"},"_npmOperationalInternal":{"host":"packages-16-east.internal.npmjs.com","tmp":"tmp/react-addons-perf-15.0.3-alpha.2.tgz_1462855049624_0.4269479149952531"},"directories":{}},"15.1.0-alpha.1":{"name":"react-addons-perf","version":"15.1.0-alpha.1","main":"index.js","repository":{"type":"git","url":"git+https://github.com/facebook/react.git"},"keywords":["react","react-addon"],"license":"BSD-3-Clause","dependencies":{},"peerDependencies":{"react":"^15.1.0-alpha.1"},"description":"This package provides the React Perf add-on.","bugs":{"url":"https://github.com/facebook/react/issues"},"homepage":"https://github.com/facebook/react#readme","_id":"react-addons-perf@15.1.0-alpha.1","_shasum":"0ce2536f177013418f77b28387737df86f116c42","_resolved":"file:build/packages/react-addons-perf.tgz","_from":"build/packages/react-addons-perf.tgz","scripts":{},"_npmVersion":"2.15.1","_nodeVersion":"4.4.3","_npmUser":{"name":"zpao","email":"paul@oshannessy.com"},"maintainers":[{"name":"gaearon","email":"dan.abramov@gmail.com"},{"name":"graue","email":"scott@oceanbase.org"},{"name":"sebmarkbage","email":"sebastian@calyptus.eu"},{"name":"spicyj","email":"ben@benalpert.com"},{"name":"zpao","email":"paul@oshannessy.com"}],"dist":{"shasum":"0ce2536f177013418f77b28387737df86f116c42","tarball":"https://registry.npmjs.org/react-addons-perf/-/react-addons-perf-15.1.0-alpha.1.tgz"},"_npmOperationalInternal":{"host":"packages-12-west.internal.npmjs.com","tmp":"tmp/react-addons-perf-15.1.0-alpha.1.tgz_1462858077463_0.14097912516444921"},"directories":{}},"15.1.0":{"name":"react-addons-perf","version":"15.1.0","main":"index.js","repository":{"type":"git","url":"git+https://github.com/facebook/react.git"},"keywords":["react","react-addon"],"license":"BSD-3-Clause","dependencies":{},"peerDependencies":{"react":"^15.1.0"},"description":"This package provides the React Perf add-on.","bugs":{"url":"https://github.com/facebook/react/issues"},"homepage":"https://github.com/facebook/react#readme","_id":"react-addons-perf@15.1.0","_shasum":"d8ca4a96cf001d96f186c24f841a3cc1cc488f15","_resolved":"file:build/packages/react-addons-perf.tgz","_from":"build/packages/react-addons-perf.tgz","scripts":{},"_npmVersion":"2.15.1","_nodeVersion":"4.4.3","_npmUser":{"name":"zpao","email":"paul@oshannessy.com"},"maintainers":[{"name":"gaearon","email":"dan.abramov@gmail.com"},{"name":"graue","email":"scott@oceanbase.org"},{"name":"sebmarkbage","email":"sebastian@calyptus.eu"},{"name":"spicyj","email":"ben@benalpert.com"},{"name":"zpao","email":"paul@oshannessy.com"}],"dist":{"shasum":"d8ca4a96cf001d96f186c24f841a3cc1cc488f15","tarball":"https://registry.npmjs.org/react-addons-perf/-/react-addons-perf-15.1.0.tgz"},"_npmOperationalInternal":{"host":"packages-16-east.internal.npmjs.com","tmp":"tmp/react-addons-perf-15.1.0.tgz_1463785559985_0.14258314343169332"},"directories":{}},"15.2.0-rc.1":{"name":"react-addons-perf","version":"15.2.0-rc.1","main":"index.js","repository":{"type":"git","url":"git+https://github.com/facebook/react.git"},"keywords":["react","react-addon"],"license":"BSD-3-Clause","dependencies":{},"peerDependencies":{"react":"^15.2.0-rc.1"},"description":"This package provides the React Perf add-on.","bugs":{"url":"https://github.com/facebook/react/issues"},"homepage":"https://github.com/facebook/react#readme","_id":"react-addons-perf@15.2.0-rc.1","_shasum":"c9ca73eb6ed8c204a61a73952cd7a3373005524c","_resolved":"file:build/packages/react-addons-perf.tgz","_from":"build/packages/react-addons-perf.tgz","scripts":{},"_npmVersion":"2.15.5","_nodeVersion":"4.4.5","_npmUser":{"name":"zpao","email":"paul@oshannessy.com"},"maintainers":[{"name":"gaearon","email":"dan.abramov@gmail.com"},{"name":"graue","email":"scott@oceanbase.org"},{"name":"sebmarkbage","email":"sebastian@calyptus.eu"},{"name":"spicyj","email":"ben@benalpert.com"},{"name":"zpao","email":"paul@oshannessy.com"}],"dist":{"shasum":"c9ca73eb6ed8c204a61a73952cd7a3373005524c","tarball":"https://registry.npmjs.org/react-addons-perf/-/react-addons-perf-15.2.0-rc.1.tgz"},"_npmOperationalInternal":{"host":"packages-12-west.internal.npmjs.com","tmp":"tmp/react-addons-perf-15.2.0-rc.1.tgz_1465954184607_0.7369874662254006"},"directories":{}},"15.2.0-rc.2":{"name":"react-addons-perf","version":"15.2.0-rc.2","main":"index.js","repository":{"type":"git","url":"git+https://github.com/facebook/react.git"},"keywords":["react","react-addon"],"license":"BSD-3-Clause","dependencies":{},"peerDependencies":{"react":"^15.2.0-rc.2"},"description":"This package provides the React Perf add-on.","bugs":{"url":"https://github.com/facebook/react/issues"},"homepage":"https://github.com/facebook/react#readme","_id":"react-addons-perf@15.2.0-rc.2","_shasum":"5d0a03096d6b0a861dc424a1398f22b51932072a","_resolved":"file:build/packages/react-addons-perf.tgz","_from":"build/packages/react-addons-perf.tgz","scripts":{},"_npmVersion":"2.15.5","_nodeVersion":"4.4.5","_npmUser":{"name":"zpao","email":"paul@oshannessy.com"},"maintainers":[{"name":"gaearon","email":"dan.abramov@gmail.com"},{"name":"graue","email":"scott@oceanbase.org"},{"name":"sebmarkbage","email":"sebastian@calyptus.eu"},{"name":"spicyj","email":"ben@benalpert.com"},{"name":"zpao","email":"paul@oshannessy.com"}],"dist":{"shasum":"5d0a03096d6b0a861dc424a1398f22b51932072a","tarball":"https://registry.npmjs.org/react-addons-perf/-/react-addons-perf-15.2.0-rc.2.tgz"},"_npmOperationalInternal":{"host":"packages-16-east.internal.npmjs.com","tmp":"tmp/react-addons-perf-15.2.0-rc.2.tgz_1467354699064_0.2891109751071781"},"directories":{}},"15.2.0":{"name":"react-addons-perf","version":"15.2.0","main":"index.js","repository":{"type":"git","url":"git+https://github.com/facebook/react.git"},"keywords":["react","react-addon"],"license":"BSD-3-Clause","dependencies":{},"peerDependencies":{"react":"^15.2.0"},"description":"This package provides the React Perf add-on.","bugs":{"url":"https://github.com/facebook/react/issues"},"homepage":"https://github.com/facebook/react#readme","_id":"react-addons-perf@15.2.0","_shasum":"c78b67b1ee2147cb6fc768ce39d10ae4c5e2affb","_resolved":"file:build/packages/react-addons-perf.tgz","_from":"build/packages/react-addons-perf.tgz","scripts":{},"_npmVersion":"2.15.5","_nodeVersion":"4.4.5","_npmUser":{"name":"zpao","email":"paul@oshannessy.com"},"maintainers":[{"name":"gaearon","email":"dan.abramov@gmail.com"},{"name":"graue","email":"scott@oceanbase.org"},{"name":"sebmarkbage","email":"sebastian@calyptus.eu"},{"name":"spicyj","email":"ben@benalpert.com"},{"name":"zpao","email":"paul@oshannessy.com"}],"dist":{"shasum":"c78b67b1ee2147cb6fc768ce39d10ae4c5e2affb","tarball":"https://registry.npmjs.org/react-addons-perf/-/react-addons-perf-15.2.0.tgz"},"_npmOperationalInternal":{"host":"packages-12-west.internal.npmjs.com","tmp":"tmp/react-addons-perf-15.2.0.tgz_1467399110157_0.7940035020001233"},"directories":{}},"15.2.1":{"name":"react-addons-perf","version":"15.2.1","main":"index.js","repository":{"type":"git","url":"git+https://github.com/facebook/react.git"},"keywords":["react","react-addon"],"license":"BSD-3-Clause","dependencies":{},"peerDependencies":{"react":"^15.2.1"},"description":"This package provides the React Perf add-on.","bugs":{"url":"https://github.com/facebook/react/issues"},"homepage":"https://github.com/facebook/react#readme","_id":"react-addons-perf@15.2.1","_shasum":"d50dd804b2267c8652797113f585c609b0c4187e","_resolved":"file:build/packages/react-addons-perf.tgz","_from":"build/packages/react-addons-perf.tgz","scripts":{},"_npmVersion":"2.15.5","_nodeVersion":"4.4.5","_npmUser":{"name":"zpao","email":"paul@oshannessy.com"},"maintainers":[{"name":"gaearon","email":"dan.abramov@gmail.com"},{"name":"graue","email":"scott@oceanbase.org"},{"name":"sebmarkbage","email":"sebastian@calyptus.eu"},{"name":"spicyj","email":"ben@benalpert.com"},{"name":"zpao","email":"paul@oshannessy.com"}],"dist":{"shasum":"d50dd804b2267c8652797113f585c609b0c4187e","tarball":"https://registry.npmjs.org/react-addons-perf/-/react-addons-perf-15.2.1.tgz"},"_npmOperationalInternal":{"host":"packages-16-east.internal.npmjs.com","tmp":"tmp/react-addons-perf-15.2.1.tgz_1468017049183_0.41497883782722056"},"directories":{}},"15.3.0-rc.1":{"name":"react-addons-perf","version":"15.3.0-rc.1","main":"index.js","repository":{"type":"git","url":"git+https://github.com/facebook/react.git"},"keywords":["react","react-addon"],"license":"BSD-3-Clause","dependencies":{},"peerDependencies":{"react":"^15.3.0-rc.1"},"description":"This package provides the React Perf add-on.","bugs":{"url":"https://github.com/facebook/react/issues"},"homepage":"https://github.com/facebook/react#readme","_id":"react-addons-perf@15.3.0-rc.1","_shasum":"6157df2e52d980766b3eaa663767807328cf675f","_resolved":"file:build/packages/react-addons-perf.tgz","_from":"build/packages/react-addons-perf.tgz","scripts":{},"_npmVersion":"3.9.6","_nodeVersion":"6.2.0","_npmUser":{"name":"zpao","email":"paul@oshannessy.com"},"maintainers":[{"name":"gaearon","email":"dan.abramov@gmail.com"},{"name":"graue","email":"scott@oceanbase.org"},{"name":"sebmarkbage","email":"sebastian@calyptus.eu"},{"name":"spicyj","email":"ben@benalpert.com"},{"name":"zpao","email":"paul@oshannessy.com"}],"dist":{"shasum":"6157df2e52d980766b3eaa663767807328cf675f","tarball":"https://registry.npmjs.org/react-addons-perf/-/react-addons-perf-15.3.0-rc.1.tgz"},"_npmOperationalInternal":{"host":"packages-16-east.internal.npmjs.com","tmp":"tmp/react-addons-perf-15.3.0-rc.1.tgz_1468436283179_0.3741248329170048"},"directories":{}},"15.3.0-rc.2":{"name":"react-addons-perf","version":"15.3.0-rc.2","main":"index.js","repository":{"type":"git","url":"git+https://github.com/facebook/react.git"},"keywords":["react","react-addon"],"license":"BSD-3-Clause","dependencies":{},"peerDependencies":{"react":"^15.3.0-rc.2"},"description":"This package provides the React Perf add-on.","bugs":{"url":"https://github.com/facebook/react/issues"},"homepage":"https://github.com/facebook/react#readme","_id":"react-addons-perf@15.3.0-rc.2","_shasum":"a007d5ef6183db0d349da73b49f8845cd6d5e507","_resolved":"file:build/packages/react-addons-perf.tgz","_from":"build/packages/react-addons-perf.tgz","scripts":{},"_npmVersion":"3.9.6","_nodeVersion":"6.2.0","_npmUser":{"name":"zpao","email":"paul@oshannessy.com"},"maintainers":[{"name":"gaearon","email":"dan.abramov@gmail.com"},{"name":"graue","email":"scott@oceanbase.org"},{"name":"sebmarkbage","email":"sebastian@calyptus.eu"},{"name":"spicyj","email":"ben@benalpert.com"},{"name":"zpao","email":"paul@oshannessy.com"}],"dist":{"shasum":"a007d5ef6183db0d349da73b49f8845cd6d5e507","tarball":"https://registry.npmjs.org/react-addons-perf/-/react-addons-perf-15.3.0-rc.2.tgz"},"_npmOperationalInternal":{"host":"packages-12-west.internal.npmjs.com","tmp":"tmp/react-addons-perf-15.3.0-rc.2.tgz_1468443700510_0.08737217937596142"},"directories":{}},"15.3.0-rc.3":{"name":"react-addons-perf","version":"15.3.0-rc.3","main":"index.js","repository":{"type":"git","url":"git+https://github.com/facebook/react.git"},"keywords":["react","react-addon"],"license":"BSD-3-Clause","dependencies":{},"peerDependencies":{"react":"^15.3.0-rc.3"},"description":"This package provides the React Perf add-on.","bugs":{"url":"https://github.com/facebook/react/issues"},"homepage":"https://github.com/facebook/react#readme","_id":"react-addons-perf@15.3.0-rc.3","_shasum":"dc4d07fdd2d08e56d65385d07a1d5f446940368d","_resolved":"file:build/packages/react-addons-perf.tgz","_from":"build/packages/react-addons-perf.tgz","scripts":{},"_npmVersion":"3.9.6","_nodeVersion":"6.2.0","_npmUser":{"name":"zpao","email":"paul@oshannessy.com"},"maintainers":[{"name":"gaearon","email":"dan.abramov@gmail.com"},{"name":"graue","email":"scott@oceanbase.org"},{"name":"sebmarkbage","email":"sebastian@calyptus.eu"},{"name":"spicyj","email":"ben@benalpert.com"},{"name":"zpao","email":"paul@oshannessy.com"}],"dist":{"shasum":"dc4d07fdd2d08e56d65385d07a1d5f446940368d","tarball":"https://registry.npmjs.org/react-addons-perf/-/react-addons-perf-15.3.0-rc.3.tgz"},"_npmOperationalInternal":{"host":"packages-16-east.internal.npmjs.com","tmp":"tmp/react-addons-perf-15.3.0-rc.3.tgz_1469141931041_0.5411969737615436"},"directories":{}},"15.3.0":{"name":"react-addons-perf","version":"15.3.0","main":"index.js","repository":{"type":"git","url":"git+https://github.com/facebook/react.git"},"keywords":["react","react-addon"],"license":"BSD-3-Clause","dependencies":{},"peerDependencies":{"react":"^15.3.0"},"description":"This package provides the React Perf add-on.","bugs":{"url":"https://github.com/facebook/react/issues"},"homepage":"https://github.com/facebook/react#readme","_id":"react-addons-perf@15.3.0","_shasum":"262a158d260cd7ddfd6c31033dd71e9ed77810b7","_resolved":"file:build/packages/react-addons-perf.tgz","_from":"build/packages/react-addons-perf.tgz","scripts":{},"_npmVersion":"3.9.6","_nodeVersion":"6.2.0","_npmUser":{"name":"zpao","email":"paul@oshannessy.com"},"maintainers":[{"name":"fb","email":"opensource+npm@fb.com"},{"name":"gaearon","email":"dan.abramov@gmail.com"},{"name":"graue","email":"scott@oceanbase.org"},{"name":"sebmarkbage","email":"sebastian@calyptus.eu"},{"name":"spicyj","email":"ben@benalpert.com"},{"name":"zpao","email":"paul@oshannessy.com"}],"dist":{"shasum":"262a158d260cd7ddfd6c31033dd71e9ed77810b7","tarball":"https://registry.npmjs.org/react-addons-perf/-/react-addons-perf-15.3.0.tgz"},"_npmOperationalInternal":{"host":"packages-16-east.internal.npmjs.com","tmp":"tmp/react-addons-perf-15.3.0.tgz_1469817481476_0.8392943509388715"},"directories":{}},"15.3.1-rc.1":{"name":"react-addons-perf","version":"15.3.1-rc.1","main":"index.js","repository":{"type":"git","url":"git+https://github.com/facebook/react.git"},"keywords":["react","react-addon"],"license":"BSD-3-Clause","dependencies":{},"peerDependencies":{"react":"^15.3.1-rc.1"},"files":["LICENSE","PATENTS","README.md","index.js"],"description":"This package provides the React Perf add-on.","bugs":{"url":"https://github.com/facebook/react/issues"},"homepage":"https://github.com/facebook/react#readme","_id":"react-addons-perf@15.3.1-rc.1","_shasum":"610dfcdb92d5989886a66b47d0690db6ee55b4c8","_resolved":"file:build/packages/react-addons-perf.tgz","_from":"build/packages/react-addons-perf.tgz","scripts":{},"_npmVersion":"2.15.5","_nodeVersion":"4.4.5","_npmUser":{"name":"zpao","email":"paul@oshannessy.com"},"maintainers":[{"name":"fb","email":"opensource+npm@fb.com"},{"name":"gaearon","email":"dan.abramov@gmail.com"},{"name":"graue","email":"scott@oceanbase.org"},{"name":"sebmarkbage","email":"sebastian@calyptus.eu"},{"name":"spicyj","email":"ben@benalpert.com"},{"name":"zpao","email":"paul@oshannessy.com"}],"dist":{"shasum":"610dfcdb92d5989886a66b47d0690db6ee55b4c8","tarball":"https://registry.npmjs.org/react-addons-perf/-/react-addons-perf-15.3.1-rc.1.tgz"},"_npmOperationalInternal":{"host":"packages-12-west.internal.npmjs.com","tmp":"tmp/react-addons-perf-15.3.1-rc.1.tgz_1471044904350_0.14964254992082715"},"directories":{}},"15.3.1-rc.2":{"name":"react-addons-perf","version":"15.3.1-rc.2","main":"index.js","repository":{"type":"git","url":"git+https://github.com/facebook/react.git"},"keywords":["react","react-addon"],"license":"BSD-3-Clause","dependencies":{},"peerDependencies":{"react":"^15.3.1-rc.2"},"files":["LICENSE","PATENTS","README.md","index.js"],"description":"This package provides the React Perf add-on.","bugs":{"url":"https://github.com/facebook/react/issues"},"homepage":"https://github.com/facebook/react#readme","_id":"react-addons-perf@15.3.1-rc.2","_shasum":"8f1c8db1bd190fdbdf306ccdfd1d7620510f8a0d","_resolved":"file:build/packages/react-addons-perf.tgz","_from":"build/packages/react-addons-perf.tgz","scripts":{},"_npmVersion":"2.15.5","_nodeVersion":"4.4.5","_npmUser":{"name":"zpao","email":"paul@oshannessy.com"},"maintainers":[{"name":"fb","email":"opensource+npm@fb.com"},{"name":"gaearon","email":"dan.abramov@gmail.com"},{"name":"graue","email":"scott@oceanbase.org"},{"name":"sebmarkbage","email":"sebastian@calyptus.eu"},{"name":"spicyj","email":"ben@benalpert.com"},{"name":"zpao","email":"paul@oshannessy.com"}],"dist":{"shasum":"8f1c8db1bd190fdbdf306ccdfd1d7620510f8a0d","tarball":"https://registry.npmjs.org/react-addons-perf/-/react-addons-perf-15.3.1-rc.2.tgz"},"_npmOperationalInternal":{"host":"packages-12-west.internal.npmjs.com","tmp":"tmp/react-addons-perf-15.3.1-rc.2.tgz_1471301761831_0.7415365339256823"},"directories":{}},"15.3.1":{"name":"react-addons-perf","version":"15.3.1","main":"index.js","repository":{"type":"git","url":"git+https://github.com/facebook/react.git"},"keywords":["react","react-addon"],"license":"BSD-3-Clause","dependencies":{},"peerDependencies":{"react":"^15.3.1"},"files":["LICENSE","PATENTS","README.md","index.js"],"description":"This package provides the React Perf add-on.","bugs":{"url":"https://github.com/facebook/react/issues"},"homepage":"https://github.com/facebook/react#readme","_id":"react-addons-perf@15.3.1","_shasum":"a1fd567e5bde26c0e869b99fc4954be9860c5bbd","_resolved":"file:build/packages/react-addons-perf.tgz","_from":"build/packages/react-addons-perf.tgz","scripts":{},"_npmVersion":"2.15.5","_nodeVersion":"4.4.5","_npmUser":{"name":"zpao","email":"paul@oshannessy.com"},"maintainers":[{"name":"fb","email":"opensource+npm@fb.com"},{"name":"gaearon","email":"dan.abramov@gmail.com"},{"name":"graue","email":"scott@oceanbase.org"},{"name":"sebmarkbage","email":"sebastian@calyptus.eu"},{"name":"spicyj","email":"ben@benalpert.com"},{"name":"zpao","email":"paul@oshannessy.com"}],"dist":{"shasum":"a1fd567e5bde26c0e869b99fc4954be9860c5bbd","tarball":"https://registry.npmjs.org/react-addons-perf/-/react-addons-perf-15.3.1.tgz"},"_npmOperationalInternal":{"host":"packages-16-east.internal.npmjs.com","tmp":"tmp/react-addons-perf-15.3.1.tgz_1471632597361_0.9229921742808074"},"directories":{}},"15.3.2-rc.1":{"name":"react-addons-perf","version":"15.3.2-rc.1","main":"index.js","repository":{"type":"git","url":"git+https://github.com/facebook/react.git"},"keywords":["react","react-addon"],"license":"BSD-3-Clause","dependencies":{},"peerDependencies":{"react":"^15.3.2-rc.1"},"files":["LICENSE","PATENTS","README.md","index.js"],"description":"This package provides the React Perf add-on.","bugs":{"url":"https://github.com/facebook/react/issues"},"homepage":"https://github.com/facebook/react#readme","_id":"react-addons-perf@15.3.2-rc.1","_shasum":"0c24ea4eb9d961d19744f28e8dd9d5da28653bde","_resolved":"file:build/packages/react-addons-perf.tgz","_from":"build/packages/react-addons-perf.tgz","scripts":{},"_npmVersion":"3.10.3","_nodeVersion":"6.5.0","_npmUser":{"name":"zpao","email":"paul@oshannessy.com"},"maintainers":[{"name":"fb","email":"opensource+npm@fb.com"},{"name":"gaearon","email":"dan.abramov@gmail.com"},{"name":"graue","email":"scott@oceanbase.org"},{"name":"sebmarkbage","email":"sebastian@calyptus.eu"},{"name":"spicyj","email":"ben@benalpert.com"},{"name":"zpao","email":"paul@oshannessy.com"}],"dist":{"shasum":"0c24ea4eb9d961d19744f28e8dd9d5da28653bde","tarball":"https://registry.npmjs.org/react-addons-perf/-/react-addons-perf-15.3.2-rc.1.tgz"},"_npmOperationalInternal":{"host":"packages-12-west.internal.npmjs.com","tmp":"tmp/react-addons-perf-15.3.2-rc.1.tgz_1473982998122_0.11748019699007273"},"directories":{}},"15.3.2":{"name":"react-addons-perf","version":"15.3.2","main":"index.js","repository":{"type":"git","url":"git+https://github.com/facebook/react.git"},"keywords":["react","react-addon"],"license":"BSD-3-Clause","dependencies":{},"peerDependencies":{"react":"^15.3.2"},"files":["LICENSE","PATENTS","README.md","index.js"],"description":"This package provides the React Perf add-on.","bugs":{"url":"https://github.com/facebook/react/issues"},"homepage":"https://github.com/facebook/react#readme","_id":"react-addons-perf@15.3.2","_shasum":"bbdbebe8649f936f9636a5750ac145bf5c620213","_resolved":"file:build/packages/react-addons-perf.tgz","_from":"build/packages/react-addons-perf.tgz","scripts":{},"_npmVersion":"3.10.3","_nodeVersion":"6.5.0","_npmUser":{"name":"zpao","email":"paul@oshannessy.com"},"maintainers":[{"name":"fb","email":"opensource+npm@fb.com"},{"name":"gaearon","email":"dan.abramov@gmail.com"},{"name":"graue","email":"scott@oceanbase.org"},{"name":"sebmarkbage","email":"sebastian@calyptus.eu"},{"name":"spicyj","email":"ben@benalpert.com"},{"name":"zpao","email":"paul@oshannessy.com"}],"dist":{"shasum":"bbdbebe8649f936f9636a5750ac145bf5c620213","tarball":"https://registry.npmjs.org/react-addons-perf/-/react-addons-perf-15.3.2.tgz"},"_npmOperationalInternal":{"host":"packages-16-east.internal.npmjs.com","tmp":"tmp/react-addons-perf-15.3.2.tgz_1474307197801_0.10148117505013943"},"directories":{}},"15.4.0-rc.1":{"name":"react-addons-perf","version":"15.4.0-rc.1","main":"index.js","repository":{"type":"git","url":"git+https://github.com/facebook/react.git"},"keywords":["react","react-addon"],"license":"BSD-3-Clause","dependencies":{},"peerDependencies":{"react-dom":"^15.4.0-rc.1"},"files":["LICENSE","PATENTS","README.md","index.js"],"description":"This package provides the React Perf add-on.","bugs":{"url":"https://github.com/facebook/react/issues"},"homepage":"https://github.com/facebook/react#readme","_id":"react-addons-perf@15.4.0-rc.1","_shasum":"e099b15617f48894712d569f42256bcffe6c248b","_resolved":"file:build/packages/react-addons-perf.tgz","_from":"build/packages/react-addons-perf.tgz","scripts":{},"_npmVersion":"3.10.3","_nodeVersion":"6.7.0","_npmUser":{"name":"zpao","email":"paul@oshannessy.com"},"maintainers":[{"name":"fb","email":"opensource+npm@fb.com"},{"name":"gaearon","email":"dan.abramov@gmail.com"},{"name":"graue","email":"scott@oceanbase.org"},{"name":"sebmarkbage","email":"sebastian@calyptus.eu"},{"name":"spicyj","email":"ben@benalpert.com"},{"name":"zpao","email":"paul@oshannessy.com"}],"dist":{"shasum":"e099b15617f48894712d569f42256bcffe6c248b","tarball":"https://registry.npmjs.org/react-addons-perf/-/react-addons-perf-15.4.0-rc.1.tgz"},"_npmOperationalInternal":{"host":"packages-16-east.internal.npmjs.com","tmp":"tmp/react-addons-perf-15.4.0-rc.1.tgz_1475620518162_0.6828557359986007"},"directories":{}},"15.4.0-rc.2":{"name":"react-addons-perf","version":"15.4.0-rc.2","main":"index.js","repository":{"type":"git","url":"git+https://github.com/facebook/react.git"},"keywords":["react","react-addon"],"license":"BSD-3-Clause","dependencies":{},"peerDependencies":{"react-dom":"^15.4.0-rc.2"},"files":["LICENSE","PATENTS","README.md","index.js"],"description":"This package provides the React Perf add-on.","bugs":{"url":"https://github.com/facebook/react/issues"},"homepage":"https://github.com/facebook/react#readme","_id":"react-addons-perf@15.4.0-rc.2","_shasum":"52b8be46b94b54c0a2447e9f82843baf6f844fcf","_resolved":"file:build/packages/react-addons-perf.tgz","_from":"build/packages/react-addons-perf.tgz","scripts":{},"_npmVersion":"3.10.3","_nodeVersion":"6.7.0","_npmUser":{"name":"zpao","email":"paul@oshannessy.com"},"maintainers":[{"name":"fb","email":"opensource+npm@fb.com"},{"name":"gaearon","email":"dan.abramov@gmail.com"},{"name":"graue","email":"scott@oceanbase.org"},{"name":"sebmarkbage","email":"sebastian@calyptus.eu"},{"name":"spicyj","email":"ben@benalpert.com"},{"name":"zpao","email":"paul@oshannessy.com"}],"dist":{"shasum":"52b8be46b94b54c0a2447e9f82843baf6f844fcf","tarball":"https://registry.npmjs.org/react-addons-perf/-/react-addons-perf-15.4.0-rc.2.tgz"},"_npmOperationalInternal":{"host":"packages-12-west.internal.npmjs.com","tmp":"tmp/react-addons-perf-15.4.0-rc.2.tgz_1475707835790_0.656462799757719"},"directories":{}},"15.4.0-rc.3":{"name":"react-addons-perf","version":"15.4.0-rc.3","main":"index.js","repository":{"type":"git","url":"git+https://github.com/facebook/react.git"},"keywords":["react","react-addon"],"license":"BSD-3-Clause","dependencies":{},"peerDependencies":{"react-dom":"^15.4.0-rc.3"},"files":["LICENSE","PATENTS","README.md","index.js"],"description":"This package provides the React Perf add-on.","bugs":{"url":"https://github.com/facebook/react/issues"},"homepage":"https://github.com/facebook/react#readme","_id":"react-addons-perf@15.4.0-rc.3","_shasum":"4c68314defd7438cc15ed78ae8ba464088048bc0","_resolved":"file:packages/react-addons-perf.tgz","_from":"packages/react-addons-perf.tgz","scripts":{},"_npmVersion":"3.10.3","_nodeVersion":"6.3.1","_npmUser":{"name":"gaearon","email":"dan.abramov@gmail.com"},"dist":{"shasum":"4c68314defd7438cc15ed78ae8ba464088048bc0","tarball":"https://registry.npmjs.org/react-addons-perf/-/react-addons-perf-15.4.0-rc.3.tgz"},"maintainers":[{"name":"fb","email":"opensource+npm@fb.com"},{"name":"gaearon","email":"dan.abramov@gmail.com"},{"name":"graue","email":"scott@oceanbase.org"},{"name":"sebmarkbage","email":"sebastian@calyptus.eu"},{"name":"spicyj","email":"ben@benalpert.com"},{"name":"zpao","email":"paul@oshannessy.com"}],"_npmOperationalInternal":{"host":"packages-16-east.internal.npmjs.com","tmp":"tmp/react-addons-perf-15.4.0-rc.3.tgz_1476472412022_0.7987825600430369"},"directories":{}},"15.4.0-rc.4":{"name":"react-addons-perf","version":"15.4.0-rc.4","main":"index.js","repository":{"type":"git","url":"git+https://github.com/facebook/react.git"},"keywords":["react","react-addon"],"license":"BSD-3-Clause","dependencies":{},"peerDependencies":{"react-dom":"^15.4.0-rc.4"},"files":["LICENSE","PATENTS","README.md","index.js"],"description":"This package provides the React Perf add-on.","bugs":{"url":"https://github.com/facebook/react/issues"},"homepage":"https://github.com/facebook/react#readme","_id":"react-addons-perf@15.4.0-rc.4","scripts":{},"_shasum":"f5ed4ee8d324ca4e535bc2ffd8440a37402645f7","_from":".","_npmVersion":"3.10.3","_nodeVersion":"6.6.0","_npmUser":{"name":"sebmarkbage","email":"sebastian@calyptus.eu"},"maintainers":[{"name":"fb","email":"opensource+npm@fb.com"},{"name":"gaearon","email":"dan.abramov@gmail.com"},{"name":"graue","email":"scott@oceanbase.org"},{"name":"sebmarkbage","email":"sebastian@calyptus.eu"},{"name":"spicyj","email":"ben@benalpert.com"},{"name":"zpao","email":"paul@oshannessy.com"}],"dist":{"shasum":"f5ed4ee8d324ca4e535bc2ffd8440a37402645f7","tarball":"https://registry.npmjs.org/react-addons-perf/-/react-addons-perf-15.4.0-rc.4.tgz"},"_npmOperationalInternal":{"host":"packages-12-west.internal.npmjs.com","tmp":"tmp/react-addons-perf-15.4.0-rc.4.tgz_1476482567175_0.4903651946224272"},"directories":{}},"15.4.0":{"name":"react-addons-perf","version":"15.4.0","main":"index.js","repository":{"type":"git","url":"git+https://github.com/facebook/react.git"},"keywords":["react","react-addon"],"license":"BSD-3-Clause","dependencies":{},"peerDependencies":{"react-dom":"^15.4.0"},"files":["LICENSE","PATENTS","README.md","index.js"],"description":"This package provides the React Perf add-on.","bugs":{"url":"https://github.com/facebook/react/issues"},"homepage":"https://github.com/facebook/react#readme","_id":"react-addons-perf@15.4.0","_shasum":"1e8b694677b31eb759289f7ddeb72e9f9215c745","_resolved":"file:build/packages/react-addons-perf.tgz","_from":"build/packages/react-addons-perf.tgz","scripts":{},"_npmVersion":"3.10.8","_nodeVersion":"6.9.1","_npmUser":{"name":"tomocchino","email":"tomocchino@gmail.com"},"dist":{"shasum":"1e8b694677b31eb759289f7ddeb72e9f9215c745","tarball":"https://registry.npmjs.org/react-addons-perf/-/react-addons-perf-15.4.0.tgz"},"maintainers":[{"name":"fb","email":"opensource+npm@fb.com"},{"name":"gaearon","email":"dan.abramov@gmail.com"},{"name":"graue","email":"scott@oceanbase.org"},{"name":"sebmarkbage","email":"sebastian@calyptus.eu"},{"name":"spicyj","email":"ben@benalpert.com"},{"name":"tomocchino","email":"tomocchino@gmail.com"},{"name":"zpao","email":"paul@oshannessy.com"}],"_npmOperationalInternal":{"host":"packages-18-east.internal.npmjs.com","tmp":"tmp/react-addons-perf-15.4.0.tgz_1479306751351_0.3556873039342463"},"directories":{}},"15.4.1":{"name":"react-addons-perf","version":"15.4.1","main":"index.js","repository":{"type":"git","url":"git+https://github.com/facebook/react.git"},"keywords":["react","react-addon"],"license":"BSD-3-Clause","dependencies":{},"peerDependencies":{"react-dom":"^15.4.1"},"files":["LICENSE","PATENTS","README.md","index.js"],"description":"This package provides the React Perf add-on.","bugs":{"url":"https://github.com/facebook/react/issues"},"homepage":"https://github.com/facebook/react#readme","_id":"react-addons-perf@15.4.1","_shasum":"c6dd5a7011f43cd3222f47b7cb1aebe9d4174cb0","_resolved":"file:build/packages/react-addons-perf.tgz","_from":"build/packages/react-addons-perf.tgz","scripts":{},"_npmVersion":"3.10.8","_nodeVersion":"6.9.0","_npmUser":{"name":"spicyj","email":"ben@benalpert.com"},"maintainers":[{"name":"fb","email":"opensource+npm@fb.com"},{"name":"gaearon","email":"dan.abramov@gmail.com"},{"name":"graue","email":"scott@oceanbase.org"},{"name":"sebmarkbage","email":"sebastian@calyptus.eu"},{"name":"spicyj","email":"ben@benalpert.com"},{"name":"tomocchino","email":"tomocchino@gmail.com"},{"name":"zpao","email":"paul@oshannessy.com"}],"dist":{"shasum":"c6dd5a7011f43cd3222f47b7cb1aebe9d4174cb0","tarball":"https://registry.npmjs.org/react-addons-perf/-/react-addons-perf-15.4.1.tgz"},"_npmOperationalInternal":{"host":"packages-12-west.internal.npmjs.com","tmp":"tmp/react-addons-perf-15.4.1.tgz_1479866336185_0.6718331885058433"},"directories":{}},"15.4.2":{"name":"react-addons-perf","version":"15.4.2","main":"index.js","repository":{"type":"git","url":"git+https://github.com/facebook/react.git"},"keywords":["react","react-addon"],"license":"BSD-3-Clause","dependencies":{"fbjs":"^0.8.4","object-assign":"^4.1.0"},"peerDependencies":{"react-dom":"^15.4.2"},"files":["LICENSE","PATENTS","README.md","index.js"],"description":"This package provides the React Perf add-on.","bugs":{"url":"https://github.com/facebook/react/issues"},"homepage":"https://github.com/facebook/react#readme","_id":"react-addons-perf@15.4.2","_shasum":"110bdcf5c459c4f77cb85ed634bcd3397536383b","_resolved":"file:build/packages/react-addons-perf.tgz","_from":"build/packages/react-addons-perf.tgz","scripts":{},"_npmVersion":"3.10.8","_nodeVersion":"6.3.1","_npmUser":{"name":"gaearon","email":"dan.abramov@gmail.com"},"dist":{"shasum":"110bdcf5c459c4f77cb85ed634bcd3397536383b","tarball":"https://registry.npmjs.org/react-addons-perf/-/react-addons-perf-15.4.2.tgz"},"maintainers":[{"name":"fb","email":"opensource+npm@fb.com"},{"name":"gaearon","email":"dan.abramov@gmail.com"},{"name":"graue","email":"scott@oceanbase.org"},{"name":"sebmarkbage","email":"sebastian@calyptus.eu"},{"name":"spicyj","email":"ben@benalpert.com"},{"name":"tomocchino","email":"tomocchino@gmail.com"},{"name":"zpao","email":"paul@oshannessy.com"}],"_npmOperationalInternal":{"host":"packages-12-west.internal.npmjs.com","tmp":"tmp/react-addons-perf-15.4.2.tgz_1483733745566_0.8346009124070406"},"directories":{}},"16.0.0-alpha":{"name":"react-addons-perf","version":"16.0.0-alpha","main":"index.js","repository":{"type":"git","url":"git+https://github.com/facebook/react.git"},"keywords":["react","react-addon"],"license":"BSD-3-Clause","dependencies":{"fbjs":"^0.8.4","object-assign":"^4.1.0"},"peerDependencies":{"react-dom":"^16.0.0-alpha"},"files":["LICENSE","PATENTS","README.md","index.js"],"description":"This package provides the React Perf add-on.","bugs":{"url":"https://github.com/facebook/react/issues"},"homepage":"https://github.com/facebook/react#readme","_id":"react-addons-perf@16.0.0-alpha","_shasum":"3fc7985c19f1886fd967c7d13d05d8af297f7732","_resolved":"file:build/packages/react-addons-perf.tgz","_from":"build/packages/react-addons-perf.tgz","scripts":{},"_npmVersion":"3.10.8","_nodeVersion":"6.9.1","_npmUser":{"name":"brianvaughn","email":"briandavidvaughn@gmail.com"},"dist":{"shasum":"3fc7985c19f1886fd967c7d13d05d8af297f7732","tarball":"https://registry.npmjs.org/react-addons-perf/-/react-addons-perf-16.0.0-alpha.tgz"},"maintainers":[{"name":"brianvaughn","email":"briandavidvaughn@gmail.com"},{"name":"fb","email":"opensource+npm@fb.com"},{"name":"gaearon","email":"dan.abramov@gmail.com"},{"name":"sebmarkbage","email":"sebastian@calyptus.eu"},{"name":"spicyj","email":"ben@benalpert.com"},{"name":"tomocchino","email":"tomocchino@gmail.com"},{"name":"zpao","email":"paul@oshannessy.com"}],"_npmOperationalInternal":{"host":"packages-18-east.internal.npmjs.com","tmp":"tmp/react-addons-perf-16.0.0-alpha.tgz_1484008034722_0.7913437355309725"},"directories":{}},"16.0.0-alpha.0":{"name":"react-addons-perf","version":"16.0.0-alpha.0","main":"index.js","repository":{"type":"git","url":"git+https://github.com/facebook/react.git"},"keywords":["react","react-addon"],"license":"BSD-3-Clause","dependencies":{"fbjs":"^0.8.4","object-assign":"^4.1.0"},"peerDependencies":{"react-dom":"^16.0.0-alpha.0"},"files":["LICENSE","PATENTS","README.md","index.js"],"description":"This package provides the React Perf add-on.","bugs":{"url":"https://github.com/facebook/react/issues"},"homepage":"https://github.com/facebook/react#readme","_id":"react-addons-perf@16.0.0-alpha.0","_shasum":"b53b77237fe343bf6bb42292468e04e9a81311c8","_resolved":"file:packages/react-addons-perf.tgz","_from":"packages/react-addons-perf.tgz","scripts":{},"_npmVersion":"3.10.8","_nodeVersion":"6.9.1","_npmUser":{"name":"brianvaughn","email":"briandavidvaughn@gmail.com"},"dist":{"shasum":"b53b77237fe343bf6bb42292468e04e9a81311c8","tarball":"https://registry.npmjs.org/react-addons-perf/-/react-addons-perf-16.0.0-alpha.0.tgz"},"maintainers":[{"name":"brianvaughn","email":"briandavidvaughn@gmail.com"},{"name":"fb","email":"opensource+npm@fb.com"},{"name":"gaearon","email":"dan.abramov@gmail.com"},{"name":"sebmarkbage","email":"sebastian@calyptus.eu"},{"name":"spicyj","email":"ben@benalpert.com"},{"name":"tomocchino","email":"tomocchino@gmail.com"},{"name":"zpao","email":"paul@oshannessy.com"}],"_npmOperationalInternal":{"host":"packages-12-west.internal.npmjs.com","tmp":"tmp/react-addons-perf-16.0.0-alpha.0.tgz_1485374671953_0.12362046400085092"},"directories":{}},"16.0.0-alpha.2":{"name":"react-addons-perf","version":"16.0.0-alpha.2","main":"index.js","repository":{"type":"git","url":"git+https://github.com/facebook/react.git"},"keywords":["react","react-addon"],"license":"BSD-3-Clause","dependencies":{"fbjs":"^0.8.9","object-assign":"^4.1.0"},"peerDependencies":{"react-dom":"^16.0.0-alpha.2"},"files":["LICENSE","PATENTS","README.md","index.js"],"description":"This package provides the React Perf add-on.","bugs":{"url":"https://github.com/facebook/react/issues"},"homepage":"https://github.com/facebook/react#readme","_id":"react-addons-perf@16.0.0-alpha.2","_shasum":"39a2708001459e28c973cdc02d53da97421f30be","_resolved":"file:build/packages/react-addons-perf.tgz","_from":"build/packages/react-addons-perf.tgz","scripts":{},"_npmVersion":"3.10.3","_nodeVersion":"6.3.1","_npmUser":{"name":"gaearon","email":"dan.abramov@gmail.com"},"dist":{"shasum":"39a2708001459e28c973cdc02d53da97421f30be","tarball":"https://registry.npmjs.org/react-addons-perf/-/react-addons-perf-16.0.0-alpha.2.tgz"},"maintainers":[{"name":"brianvaughn","email":"briandavidvaughn@gmail.com"},{"name":"fb","email":"opensource+npm@fb.com"},{"name":"gaearon","email":"dan.abramov@gmail.com"},{"name":"sebmarkbage","email":"sebastian@calyptus.eu"},{"name":"spicyj","email":"ben@benalpert.com"},{"name":"tomocchino","email":"tomocchino@gmail.com"},{"name":"zpao","email":"paul@oshannessy.com"}],"_npmOperationalInternal":{"host":"packages-12-west.internal.npmjs.com","tmp":"tmp/react-addons-perf-16.0.0-alpha.2.tgz_1486656965883_0.40560840629041195"},"directories":{}},"16.0.0-alpha.3":{"name":"react-addons-perf","version":"16.0.0-alpha.3","main":"index.js","repository":{"type":"git","url":"git+https://github.com/facebook/react.git"},"keywords":["react","react-addon"],"license":"BSD-3-Clause","dependencies":{"fbjs":"^0.8.9","object-assign":"^4.1.0"},"peerDependencies":{"react-dom":"^16.0.0-alpha.3"},"files":["LICENSE","PATENTS","README.md","index.js"],"description":"This package provides the React Perf add-on.","bugs":{"url":"https://github.com/facebook/react/issues"},"homepage":"https://github.com/facebook/react#readme","_id":"react-addons-perf@16.0.0-alpha.3","_shasum":"10a980395e78ad851404368c40670c97d82dafd4","_resolved":"file:build/packages/react-addons-perf.tgz","_from":"build/packages/react-addons-perf.tgz","scripts":{},"_npmVersion":"3.10.10","_nodeVersion":"6.10.0","_npmUser":{"name":"acdlite","email":"acdlite@me.com"},"dist":{"shasum":"10a980395e78ad851404368c40670c97d82dafd4","tarball":"https://registry.npmjs.org/react-addons-perf/-/react-addons-perf-16.0.0-alpha.3.tgz"},"maintainers":[{"name":"acdlite","email":"acdlite@me.com"},{"name":"brianvaughn","email":"briandavidvaughn@gmail.com"},{"name":"fb","email":"opensource+npm@fb.com"},{"name":"gaearon","email":"dan.abramov@gmail.com"},{"name":"sebmarkbage","email":"sebastian@calyptus.eu"},{"name":"spicyj","email":"ben@benalpert.com"},{"name":"tomocchino","email":"tomocchino@gmail.com"},{"name":"zpao","email":"paul@oshannessy.com"}],"_npmOperationalInternal":{"host":"packages-18-east.internal.npmjs.com","tmp":"tmp/react-addons-perf-16.0.0-alpha.3.tgz_1487893945339_0.4549744972027838"},"directories":{}}},"readme":"# react-addons-perf\n\nThis package provides the React Perf add-on.\n\nSee <https://facebook.github.io/react/docs/perf.html> for more information.","maintainers":[{"name":"acdlite","email":"acdlite@me.com"},{"name":"brianvaughn","email":"briandavidvaughn@gmail.com"},{"name":"fb","email":"opensource+npm@fb.com"},{"name":"gaearon","email":"dan.abramov@gmail.com"},{"name":"sebmarkbage","email":"sebastian@calyptus.eu"},{"name":"spicyj","email":"ben@benalpert.com"},{"name":"tomocchino","email":"tomocchino@gmail.com"},{"name":"zpao","email":"paul@oshannessy.com"}],"time":{"modified":"2017-02-23T23:52:27.217Z","created":"2015-08-02T04:41:46.620Z","0.14.0-beta2":"2015-08-02T04:41:46.620Z","0.14.0-beta3":"2015-08-03T21:34:16.740Z","0.14.0-rc1":"2015-09-10T16:11:21.352Z","0.14.0":"2015-10-07T17:30:12.021Z","0.14.1":"2015-10-28T21:35:20.101Z","0.14.2":"2015-11-02T19:54:43.244Z","0.14.3":"2015-11-19T02:25:01.789Z","0.14.4":"2015-12-29T21:59:29.505Z","0.14.5":"2015-12-29T22:40:46.268Z","0.14.6":"2016-01-06T23:53:26.818Z","0.15.0-alpha.1":"2016-01-21T04:15:32.371Z","0.14.7":"2016-01-28T19:57:38.753Z","15.0.0-rc.1":"2016-03-08T01:07:44.446Z","15.0.0-rc.2":"2016-03-16T22:17:19.410Z","0.14.8":"2016-03-29T16:20:35.564Z","15.0.0":"2016-04-07T21:25:51.743Z","15.0.1":"2016-04-08T18:24:12.479Z","15.0.2-alpha.1":"2016-04-20T18:16:58.635Z","15.0.2-alpha.2":"2016-04-21T22:21:53.119Z","15.0.2-alpha.3":"2016-04-25T20:03:33.484Z","15.0.2-alpha.4":"2016-04-28T07:11:46.920Z","15.0.2":"2016-04-30T00:38:05.721Z","15.0.3-alpha.1":"2016-05-03T19:40:07.892Z","15.0.3-alpha.2":"2016-05-10T04:37:30.822Z","15.1.0-alpha.1":"2016-05-10T05:28:00.196Z","15.1.0":"2016-05-20T23:06:02.312Z","15.2.0-rc.1":"2016-06-15T01:29:45.400Z","15.2.0-rc.2":"2016-07-01T06:31:42.100Z","15.2.0":"2016-07-01T18:51:50.657Z","15.2.1":"2016-07-08T22:30:51.713Z","15.3.0-rc.1":"2016-07-13T18:58:06.477Z","15.3.0-rc.2":"2016-07-13T21:01:41.106Z","15.3.0-rc.3":"2016-07-21T22:58:53.990Z","15.3.0":"2016-07-29T18:38:02.934Z","15.3.1-rc.1":"2016-08-12T23:35:04.589Z","15.3.1-rc.2":"2016-08-15T22:56:02.119Z","15.3.1":"2016-08-19T18:49:59.654Z","15.3.2-rc.1":"2016-09-15T23:43:18.347Z","15.3.2":"2016-09-19T17:46:40.969Z","15.4.0-rc.1":"2016-10-04T22:35:21.307Z","15.4.0-rc.2":"2016-10-05T22:50:36.041Z","15.4.0-rc.3":"2016-10-14T19:13:33.572Z","15.4.0-rc.4":"2016-10-14T22:02:47.421Z","15.4.0":"2016-11-16T14:32:31.954Z","15.4.1":"2016-11-23T01:58:56.426Z","15.4.2":"2017-01-06T20:15:47.700Z","16.0.0-alpha":"2017-01-10T00:27:16.550Z","16.0.0-alpha.0":"2017-01-25T20:04:32.176Z","16.0.0-alpha.2":"2017-02-09T16:16:07.778Z","16.0.0-alpha.3":"2017-02-23T23:52:27.217Z"},"license":"BSD-3-Clause","readmeFilename":"README.md","users":{"mathieuancelin":true,"kimmohintikka":true,"klaseskilson":true,"langri-sha":true,"andora":true},"homepage":"https://github.com/facebook/react#readme","keywords":["react","react-addon"],"repository":{"type":"git","url":"git+https://github.com/facebook/react.git"},"bugs":{"url":"https://github.com/facebook/react/issues"},"_attachments":{},"_etag":"W/\"58af75bb-1093b\"","_lastModified":"Thu, 23 Feb 2017 23:52:27 GMT"}