{"*":{"autosave":{"enabled":true},"core":{"automaticallyUpdate":false,"disabledPackages":["emacs-core-keys"],"telemetryConsent":"no","themes":["one-light-ui","one-light-syntax"]},"editor":{"fontFamily":"Source Code Pro","fontSize":17,"invisibles":{},"lineHeight":1.3,"preferredLineLength":999,"showIndentGuide":true,"tabLength":4},"exception-reporting":{"userId":"135f4906-0759-1bbb-3ab0-85fc6085c599"},"welcome":{"showOnStartup":false},"sync-settings":{"gistId":"b3025...88c41c","personalAccessToken":"6a10cc207b....7a67e871"}}}