{"_id":"react-addons-shallow-compare","_rev":"77-9ef29b9e645ce3697523952c8dab5ea6","name":"react-addons-shallow-compare","description":"This package provides the React shallowCompare add-on.","dist-tags":{"latest":"15.4.2","next":"16.0.0-alpha.3"},"versions":{"0.14.0-beta1":{"name":"react-addons-shallow-compare","version":"0.14.0-beta1","main":"index.js","license":"BSD-3-Clause","peerDependencies":{"react":"^0.14.0-beta1"},"description":"This package provides the React shallowCompare add-on. See http://facebook.github.io/react/docs/addons.html for more information.","_id":"react-addons-shallow-compare@0.14.0-beta1","_shasum":"820f6bc604686bbac45359e72e3392465aa86160","_resolved":"file:build/packages/react-addons-shallow-compare.tgz","_from":"build/packages/react-addons-shallow-compare.tgz","scripts":{},"_npmVersion":"2.2.0","_nodeVersion":"0.10.35","_npmUser":{"name":"spicyj","email":"ben@benalpert.com"},"maintainers":[{"name":"spicyj","email":"ben@benalpert.com"}],"dist":{"shasum":"820f6bc604686bbac45359e72e3392465aa86160","tarball":"https://registry.npmjs.org/react-addons-shallow-compare/-/react-addons-shallow-compare-0.14.0-beta1.tgz"},"directories":{}},"0.14.0-beta2":{"name":"react-addons-shallow-compare","version":"0.14.0-beta2","main":"index.js","license":"BSD-3-Clause","peerDependencies":{"react":"^0.14.0-beta2"},"description":"This package provides the React shallowCompare add-on. See http://facebook.github.io/react/docs/addons.html for more information.","_id":"react-addons-shallow-compare@0.14.0-beta2","_shasum":"a408a293e985507b23e931e47ea16dfe90c5f191","_resolved":"file:build copy/packages/react-addons-shallow-compare.tgz","_from":"build copy/packages/react-addons-shallow-compare.tgz","scripts":{},"_npmVersion":"2.13.2","_nodeVersion":"0.10.40","_npmUser":{"name":"zpao","email":"paul@oshannessy.com"},"maintainers":[{"name":"spicyj","email":"ben@benalpert.com"},{"name":"zpao","email":"paul@oshannessy.com"}],"dist":{"shasum":"a408a293e985507b23e931e47ea16dfe90c5f191","tarball":"https://registry.npmjs.org/react-addons-shallow-compare/-/react-addons-shallow-compare-0.14.0-beta2.tgz"},"directories":{}},"0.14.0-beta3":{"name":"react-addons-shallow-compare","version":"0.14.0-beta3","main":"index.js","license":"BSD-3-Clause","peerDependencies":{"react":"^0.14.0-beta3"},"description":"This package provides the React shallowCompare add-on. See http://facebook.github.io/react/docs/addons.html for more information.","_id":"react-addons-shallow-compare@0.14.0-beta3","_shasum":"69d5a50275f5321e5da3d2836c3fbfa308e30ba3","_resolved":"file:build/packages/react-addons-shallow-compare.tgz","_from":"build/packages/react-addons-shallow-compare.tgz","scripts":{},"_npmVersion":"2.13.2","_nodeVersion":"0.10.40","_npmUser":{"name":"zpao","email":"paul@oshannessy.com"},"maintainers":[{"name":"spicyj","email":"ben@benalpert.com"},{"name":"zpao","email":"paul@oshannessy.com"}],"dist":{"shasum":"69d5a50275f5321e5da3d2836c3fbfa308e30ba3","tarball":"https://registry.npmjs.org/react-addons-shallow-compare/-/react-addons-shallow-compare-0.14.0-beta3.tgz"},"directories":{}},"0.14.0-rc1":{"name":"react-addons-shallow-compare","version":"0.14.0-rc1","main":"index.js","license":"BSD-3-Clause","peerDependencies":{"react":"^0.14.0-rc1"},"description":"This package provides the React shallowCompare add-on. See http://facebook.github.io/react/docs/addons.html for more information.","_id":"react-addons-shallow-compare@0.14.0-rc1","_shasum":"51e99604b48ca5c26fdd078050adb7096640ad40","_resolved":"file:build/packages/react-addons-shallow-compare.tgz","_from":"build/packages/react-addons-shallow-compare.tgz","scripts":{},"_npmVersion":"2.2.0","_nodeVersion":"0.10.35","_npmUser":{"name":"spicyj","email":"ben@benalpert.com"},"maintainers":[{"name":"spicyj","email":"ben@benalpert.com"},{"name":"zpao","email":"paul@oshannessy.com"}],"dist":{"shasum":"51e99604b48ca5c26fdd078050adb7096640ad40","tarball":"https://registry.npmjs.org/react-addons-shallow-compare/-/react-addons-shallow-compare-0.14.0-rc1.tgz"},"directories":{}},"0.14.0":{"name":"react-addons-shallow-compare","version":"0.14.0","main":"index.js","license":"BSD-3-Clause","peerDependencies":{"react":"^0.14.0"},"description":"This package provides the React shallowCompare add-on. See http://facebook.github.io/react/docs/addons.html for more information.","_id":"react-addons-shallow-compare@0.14.0","_shasum":"5206ae0acb8b0bde3e024749e5a3c3b23084ba80","_resolved":"file:build/packages/react-addons-shallow-compare.tgz","_from":"build/packages/react-addons-shallow-compare.tgz","scripts":{},"_npmVersion":"2.14.3","_nodeVersion":"4.1.0","_npmUser":{"name":"zpao","email":"paul@oshannessy.com"},"maintainers":[{"name":"spicyj","email":"ben@benalpert.com"},{"name":"zpao","email":"paul@oshannessy.com"}],"dist":{"shasum":"5206ae0acb8b0bde3e024749e5a3c3b23084ba80","tarball":"https://registry.npmjs.org/react-addons-shallow-compare/-/react-addons-shallow-compare-0.14.0.tgz"},"directories":{}},"0.14.1":{"name":"react-addons-shallow-compare","version":"0.14.1","main":"index.js","license":"BSD-3-Clause","peerDependencies":{"react":"^0.14.1"},"description":"This package provides the React shallowCompare add-on. See http://facebook.github.io/react/docs/addons.html for more information.","_id":"react-addons-shallow-compare@0.14.1","_shasum":"fea5aef8d5e245a8ec575230c52b39a2b1f809a2","_resolved":"file:build/packages/react-addons-shallow-compare.tgz","_from":"build/packages/react-addons-shallow-compare.tgz","scripts":{},"_npmVersion":"2.14.8","_nodeVersion":"4.2.0","_npmUser":{"name":"zpao","email":"paul@oshannessy.com"},"maintainers":[{"name":"spicyj","email":"ben@benalpert.com"},{"name":"zpao","email":"paul@oshannessy.com"}],"dist":{"shasum":"fea5aef8d5e245a8ec575230c52b39a2b1f809a2","tarball":"https://registry.npmjs.org/react-addons-shallow-compare/-/react-addons-shallow-compare-0.14.1.tgz"},"directories":{}},"0.14.2":{"name":"react-addons-shallow-compare","version":"0.14.2","main":"index.js","license":"BSD-3-Clause","peerDependencies":{"react":"^0.14.2"},"description":"This package provides the React shallowCompare add-on. See http://facebook.github.io/react/docs/addons.html for more information.","_id":"react-addons-shallow-compare@0.14.2","_shasum":"669fb3da5606e90d3f2e8125c70fce641f716f3d","_resolved":"file:build/packages/react-addons-shallow-compare.tgz","_from":"build/packages/react-addons-shallow-compare.tgz","scripts":{},"_npmVersion":"2.14.9","_nodeVersion":"4.2.0","_npmUser":{"name":"zpao","email":"paul@oshannessy.com"},"maintainers":[{"name":"spicyj","email":"ben@benalpert.com"},{"name":"zpao","email":"paul@oshannessy.com"}],"dist":{"shasum":"669fb3da5606e90d3f2e8125c70fce641f716f3d","tarball":"https://registry.npmjs.org/react-addons-shallow-compare/-/react-addons-shallow-compare-0.14.2.tgz"},"directories":{}},"0.14.3":{"name":"react-addons-shallow-compare","version":"0.14.3","main":"index.js","repository":{"type":"git","url":"git+https://github.com/facebook/react.git"},"keywords":["react","react-addon"],"license":"BSD-3-Clause","peerDependencies":{"react":"^0.14.3"},"description":"This package provides the React shallowCompare add-on.","bugs":{"url":"https://github.com/facebook/react/issues"},"homepage":"https://github.com/facebook/react#readme","_id":"react-addons-shallow-compare@0.14.3","_shasum":"f6a41b9354877cb49fe36434a6a1930693e7de64","_resolved":"file:build/packages/react-addons-shallow-compare.tgz","_from":"build/packages/react-addons-shallow-compare.tgz","scripts":{},"_npmVersion":"2.14.7","_nodeVersion":"4.2.2","_npmUser":{"name":"zpao","email":"paul@oshannessy.com"},"maintainers":[{"name":"spicyj","email":"ben@benalpert.com"},{"name":"zpao","email":"paul@oshannessy.com"}],"dist":{"shasum":"f6a41b9354877cb49fe36434a6a1930693e7de64","tarball":"https://registry.npmjs.org/react-addons-shallow-compare/-/react-addons-shallow-compare-0.14.3.tgz"},"directories":{}},"0.14.4":{"name":"react-addons-shallow-compare","version":"0.14.4","main":"index.js","repository":{"type":"git","url":"git+https://github.com/facebook/react.git"},"keywords":["react","react-addon"],"license":"BSD-3-Clause","peerDependencies":{"react":"^0.14.4"},"description":"This package provides the React shallowCompare add-on.","bugs":{"url":"https://github.com/facebook/react/issues"},"homepage":"https://github.com/facebook/react#readme","_id":"react-addons-shallow-compare@0.14.4","_shasum":"1e299c9c4b458a7345f5a37ead86753d8d8b4678","_resolved":"file:build/packages/react-addons-shallow-compare.tgz","_from":"build/packages/react-addons-shallow-compare.tgz","scripts":{},"_npmVersion":"2.14.4","_nodeVersion":"4.1.0","_npmUser":{"name":"spicyj","email":"ben@benalpert.com"},"maintainers":[{"name":"spicyj","email":"ben@benalpert.com"},{"name":"zpao","email":"paul@oshannessy.com"}],"dist":{"shasum":"1e299c9c4b458a7345f5a37ead86753d8d8b4678","tarball":"https://registry.npmjs.org/react-addons-shallow-compare/-/react-addons-shallow-compare-0.14.4.tgz"},"directories":{}},"0.14.5":{"name":"react-addons-shallow-compare","version":"0.14.5","main":"index.js","repository":{"type":"git","url":"git+https://github.com/facebook/react.git"},"keywords":["react","react-addon"],"license":"BSD-3-Clause","peerDependencies":{"react":"^0.14.5"},"description":"This package provides the React shallowCompare add-on.","bugs":{"url":"https://github.com/facebook/react/issues"},"homepage":"https://github.com/facebook/react#readme","_id":"react-addons-shallow-compare@0.14.5","_shasum":"db6b2f2ae9e7b250aa8a45adbad6a93ee1b96f6a","_resolved":"file:build/packages/react-addons-shallow-compare.tgz","_from":"build/packages/react-addons-shallow-compare.tgz","scripts":{},"_npmVersion":"2.14.4","_nodeVersion":"4.1.0","_npmUser":{"name":"spicyj","email":"ben@benalpert.com"},"maintainers":[{"name":"spicyj","email":"ben@benalpert.com"},{"name":"zpao","email":"paul@oshannessy.com"}],"dist":{"shasum":"db6b2f2ae9e7b250aa8a45adbad6a93ee1b96f6a","tarball":"https://registry.npmjs.org/react-addons-shallow-compare/-/react-addons-shallow-compare-0.14.5.tgz"},"directories":{}},"0.14.6":{"name":"react-addons-shallow-compare","version":"0.14.6","main":"index.js","repository":{"type":"git","url":"git+https://github.com/facebook/react.git"},"keywords":["react","react-addon"],"license":"BSD-3-Clause","peerDependencies":{"react":"^0.14.6"},"description":"This package provides the React shallowCompare add-on.","bugs":{"url":"https://github.com/facebook/react/issues"},"homepage":"https://github.com/facebook/react#readme","_id":"react-addons-shallow-compare@0.14.6","_shasum":"5bd01a7c3738a97e401cf0890760113e57bf7496","_resolved":"file:build/packages/react-addons-shallow-compare.tgz","_from":"build/packages/react-addons-shallow-compare.tgz","scripts":{},"_npmVersion":"2.14.15","_nodeVersion":"4.2.2","_npmUser":{"name":"zpao","email":"paul@oshannessy.com"},"maintainers":[{"name":"spicyj","email":"ben@benalpert.com"},{"name":"zpao","email":"paul@oshannessy.com"}],"dist":{"shasum":"5bd01a7c3738a97e401cf0890760113e57bf7496","tarball":"https://registry.npmjs.org/react-addons-shallow-compare/-/react-addons-shallow-compare-0.14.6.tgz"},"directories":{}},"0.15.0-alpha.1":{"name":"react-addons-shallow-compare","version":"0.15.0-alpha.1","main":"index.js","repository":{"type":"git","url":"git+https://github.com/facebook/react.git"},"keywords":["react","react-addon"],"license":"BSD-3-Clause","peerDependencies":{"react":"^0.15.0-alpha.1"},"description":"This package provides the React shallowCompare add-on.","bugs":{"url":"https://github.com/facebook/react/issues"},"homepage":"https://github.com/facebook/react#readme","_id":"react-addons-shallow-compare@0.15.0-alpha.1","_shasum":"44e43e5ea85fbd18290dafe0c52a4ba0efd61747","_resolved":"file:build/packages/react-addons-shallow-compare.tgz","_from":"build/packages/react-addons-shallow-compare.tgz","scripts":{},"_npmVersion":"2.14.15","_nodeVersion":"4.2.2","_npmUser":{"name":"zpao","email":"paul@oshannessy.com"},"maintainers":[{"name":"spicyj","email":"ben@benalpert.com"},{"name":"zpao","email":"paul@oshannessy.com"}],"dist":{"shasum":"44e43e5ea85fbd18290dafe0c52a4ba0efd61747","tarball":"https://registry.npmjs.org/react-addons-shallow-compare/-/react-addons-shallow-compare-0.15.0-alpha.1.tgz"},"directories":{}},"0.14.7":{"name":"react-addons-shallow-compare","version":"0.14.7","main":"index.js","repository":{"type":"git","url":"git+https://github.com/facebook/react.git"},"keywords":["react","react-addon"],"license":"BSD-3-Clause","dependencies":{},"peerDependencies":{"react":"^0.14.7"},"description":"This package provides the React shallowCompare add-on.","bugs":{"url":"https://github.com/facebook/react/issues"},"homepage":"https://github.com/facebook/react#readme","_id":"react-addons-shallow-compare@0.14.7","_shasum":"1c43dcde4024761f12fe848af49ae2eb7e2b5093","_resolved":"file:build/packages/react-addons-shallow-compare.tgz","_from":"build/packages/react-addons-shallow-compare.tgz","scripts":{},"_npmVersion":"2.14.12","_nodeVersion":"4.2.6","_npmUser":{"name":"graue","email":"scott@oceanbase.org"},"dist":{"shasum":"1c43dcde4024761f12fe848af49ae2eb7e2b5093","tarball":"https://registry.npmjs.org/react-addons-shallow-compare/-/react-addons-shallow-compare-0.14.7.tgz"},"maintainers":[{"name":"graue","email":"scott@oceanbase.org"},{"name":"spicyj","email":"ben@benalpert.com"},{"name":"zpao","email":"paul@oshannessy.com"}],"directories":{}},"15.0.0-rc.1":{"name":"react-addons-shallow-compare","version":"15.0.0-rc.1","main":"index.js","repository":{"type":"git","url":"git+https://github.com/facebook/react.git"},"keywords":["react","react-addon"],"license":"BSD-3-Clause","dependencies":{},"peerDependencies":{"react":"^15.0.0-rc.1"},"description":"This package provides the React shallowCompare add-on.","bugs":{"url":"https://github.com/facebook/react/issues"},"homepage":"https://github.com/facebook/react#readme","_id":"react-addons-shallow-compare@15.0.0-rc.1","_shasum":"b8b53353e0b86ea96fa0d5aea764c10c277621f3","_resolved":"file:build/packages/react-addons-shallow-compare.tgz","_from":"build/packages/react-addons-shallow-compare.tgz","scripts":{},"_npmVersion":"2.14.12","_nodeVersion":"4.3.0","_npmUser":{"name":"zpao","email":"paul@oshannessy.com"},"maintainers":[{"name":"graue","email":"scott@oceanbase.org"},{"name":"spicyj","email":"ben@benalpert.com"},{"name":"zpao","email":"paul@oshannessy.com"}],"dist":{"shasum":"b8b53353e0b86ea96fa0d5aea764c10c277621f3","tarball":"https://registry.npmjs.org/react-addons-shallow-compare/-/react-addons-shallow-compare-15.0.0-rc.1.tgz"},"_npmOperationalInternal":{"host":"packages-12-west.internal.npmjs.com","tmp":"tmp/react-addons-shallow-compare-15.0.0-rc.1.tgz_1457399269473_0.27626617066562176"},"directories":{}},"15.0.0-rc.2":{"name":"react-addons-shallow-compare","version":"15.0.0-rc.2","main":"index.js","repository":{"type":"git","url":"git+https://github.com/facebook/react.git"},"keywords":["react","react-addon"],"license":"BSD-3-Clause","dependencies":{},"peerDependencies":{"react":"^15.0.0-rc.2"},"description":"This package provides the React shallowCompare add-on.","bugs":{"url":"https://github.com/facebook/react/issues"},"homepage":"https://github.com/facebook/react#readme","_id":"react-addons-shallow-compare@15.0.0-rc.2","_shasum":"607edc2c185cf70996812675d5b78422dae5cc9d","_resolved":"file:build/packages/react-addons-shallow-compare.tgz","_from":"build/packages/react-addons-shallow-compare.tgz","scripts":{},"_npmVersion":"3.8.1","_nodeVersion":"5.1.1","_npmUser":{"name":"gaearon","email":"dan.abramov@gmail.com"},"dist":{"shasum":"607edc2c185cf70996812675d5b78422dae5cc9d","tarball":"https://registry.npmjs.org/react-addons-shallow-compare/-/react-addons-shallow-compare-15.0.0-rc.2.tgz"},"maintainers":[{"name":"gaearon","email":"dan.abramov@gmail.com"},{"name":"graue","email":"scott@oceanbase.org"},{"name":"sebmarkbage","email":"sebastian@calyptus.eu"},{"name":"spicyj","email":"ben@benalpert.com"},{"name":"zpao","email":"paul@oshannessy.com"}],"_npmOperationalInternal":{"host":"packages-13-west.internal.npmjs.com","tmp":"tmp/react-addons-shallow-compare-15.0.0-rc.2.tgz_1458166660527_0.6338676009327173"},"directories":{}},"0.14.8":{"name":"react-addons-shallow-compare","version":"0.14.8","main":"index.js","repository":{"type":"git","url":"git+https://github.com/facebook/react.git"},"keywords":["react","react-addon"],"license":"BSD-3-Clause","dependencies":{},"peerDependencies":{"react":"^0.14.8"},"description":"This package provides the React shallowCompare add-on.","bugs":{"url":"https://github.com/facebook/react/issues"},"homepage":"https://github.com/facebook/react#readme","_id":"react-addons-shallow-compare@0.14.8","_shasum":"1f26533d78cadabf4639756ec0dae5ab45427a74","_resolved":"file:build/packages/react-addons-shallow-compare.tgz","_from":"build/packages/react-addons-shallow-compare.tgz","scripts":{},"_npmVersion":"2.14.7","_nodeVersion":"4.2.1","_npmUser":{"name":"gaearon","email":"dan.abramov@gmail.com"},"dist":{"shasum":"1f26533d78cadabf4639756ec0dae5ab45427a74","tarball":"https://registry.npmjs.org/react-addons-shallow-compare/-/react-addons-shallow-compare-0.14.8.tgz"},"maintainers":[{"name":"gaearon","email":"dan.abramov@gmail.com"},{"name":"graue","email":"scott@oceanbase.org"},{"name":"sebmarkbage","email":"sebastian@calyptus.eu"},{"name":"spicyj","email":"ben@benalpert.com"},{"name":"zpao","email":"paul@oshannessy.com"}],"_npmOperationalInternal":{"host":"packages-16-east.internal.npmjs.com","tmp":"tmp/react-addons-shallow-compare-0.14.8.tgz_1459268448158_0.11978570837527514"},"directories":{}},"15.0.0":{"name":"react-addons-shallow-compare","version":"15.0.0","main":"index.js","repository":{"type":"git","url":"git+https://github.com/facebook/react.git"},"keywords":["react","react-addon"],"license":"BSD-3-Clause","dependencies":{},"peerDependencies":{"react":"^15.0.0"},"description":"This package provides the React shallowCompare add-on.","bugs":{"url":"https://github.com/facebook/react/issues"},"homepage":"https://github.com/facebook/react#readme","_id":"react-addons-shallow-compare@15.0.0","_shasum":"532ba06fe27bf01e1ed7809685797df5b8c1a49a","_resolved":"file:build/packages/react-addons-shallow-compare.tgz","_from":"build/packages/react-addons-shallow-compare.tgz","scripts":{},"_npmVersion":"2.15.3","_nodeVersion":"4.4.0","_npmUser":{"name":"zpao","email":"paul@oshannessy.com"},"maintainers":[{"name":"gaearon","email":"dan.abramov@gmail.com"},{"name":"graue","email":"scott@oceanbase.org"},{"name":"sebmarkbage","email":"sebastian@calyptus.eu"},{"name":"spicyj","email":"ben@benalpert.com"},{"name":"zpao","email":"paul@oshannessy.com"}],"dist":{"shasum":"532ba06fe27bf01e1ed7809685797df5b8c1a49a","tarball":"https://registry.npmjs.org/react-addons-shallow-compare/-/react-addons-shallow-compare-15.0.0.tgz"},"_npmOperationalInternal":{"host":"packages-12-west.internal.npmjs.com","tmp":"tmp/react-addons-shallow-compare-15.0.0.tgz_1460064354800_0.25705815362744033"},"directories":{}},"15.0.1":{"name":"react-addons-shallow-compare","version":"15.0.1","main":"index.js","repository":{"type":"git","url":"git+https://github.com/facebook/react.git"},"keywords":["react","react-addon"],"license":"BSD-3-Clause","dependencies":{},"peerDependencies":{"react":"^15.0.1"},"description":"This package provides the React shallowCompare add-on.","bugs":{"url":"https://github.com/facebook/react/issues"},"homepage":"https://github.com/facebook/react#readme","_id":"react-addons-shallow-compare@15.0.1","_shasum":"bd37a6aca140b8897c85126e7ed5bdf189424682","_resolved":"file:build/packages/react-addons-shallow-compare.tgz","_from":"build/packages/react-addons-shallow-compare.tgz","scripts":{},"_npmVersion":"2.15.0","_nodeVersion":"4.4.2","_npmUser":{"name":"zpao","email":"paul@oshannessy.com"},"maintainers":[{"name":"gaearon","email":"dan.abramov@gmail.com"},{"name":"graue","email":"scott@oceanbase.org"},{"name":"sebmarkbage","email":"sebastian@calyptus.eu"},{"name":"spicyj","email":"ben@benalpert.com"},{"name":"zpao","email":"paul@oshannessy.com"}],"dist":{"shasum":"bd37a6aca140b8897c85126e7ed5bdf189424682","tarball":"https://registry.npmjs.org/react-addons-shallow-compare/-/react-addons-shallow-compare-15.0.1.tgz"},"_npmOperationalInternal":{"host":"packages-12-west.internal.npmjs.com","tmp":"tmp/react-addons-shallow-compare-15.0.1.tgz_1460139855289_0.5903173943515867"},"directories":{}},"15.0.2-alpha.1":{"name":"react-addons-shallow-compare","version":"15.0.2-alpha.1","main":"index.js","repository":{"type":"git","url":"git+https://github.com/facebook/react.git"},"keywords":["react","react-addon"],"license":"BSD-3-Clause","dependencies":{},"peerDependencies":{"react":"^15.0.2-alpha.1"},"description":"This package provides the React shallowCompare add-on.","bugs":{"url":"https://github.com/facebook/react/issues"},"homepage":"https://github.com/facebook/react#readme","_id":"react-addons-shallow-compare@15.0.2-alpha.1","_shasum":"05bf0a7aa29a4cefc916365c782d7103ed87985c","_resolved":"file:build/packages/react-addons-shallow-compare.tgz","_from":"build/packages/react-addons-shallow-compare.tgz","scripts":{},"_npmVersion":"2.15.3","_nodeVersion":"4.4.2","_npmUser":{"name":"zpao","email":"paul@oshannessy.com"},"maintainers":[{"name":"gaearon","email":"dan.abramov@gmail.com"},{"name":"graue","email":"scott@oceanbase.org"},{"name":"sebmarkbage","email":"sebastian@calyptus.eu"},{"name":"spicyj","email":"ben@benalpert.com"},{"name":"zpao","email":"paul@oshannessy.com"}],"dist":{"shasum":"05bf0a7aa29a4cefc916365c782d7103ed87985c","tarball":"https://registry.npmjs.org/react-addons-shallow-compare/-/react-addons-shallow-compare-15.0.2-alpha.1.tgz"},"_npmOperationalInternal":{"host":"packages-12-west.internal.npmjs.com","tmp":"tmp/react-addons-shallow-compare-15.0.2-alpha.1.tgz_1461176224801_0.7839223747141659"},"directories":{}},"15.0.2-alpha.2":{"name":"react-addons-shallow-compare","version":"15.0.2-alpha.2","main":"index.js","repository":{"type":"git","url":"git+https://github.com/facebook/react.git"},"keywords":["react","react-addon"],"license":"BSD-3-Clause","dependencies":{},"peerDependencies":{"react":"^15.0.2-alpha.2"},"description":"This package provides the React shallowCompare add-on.","bugs":{"url":"https://github.com/facebook/react/issues"},"homepage":"https://github.com/facebook/react#readme","_id":"react-addons-shallow-compare@15.0.2-alpha.2","_shasum":"f0ce9ae63a34edfb71cefcb2dde7293c8724e4d3","_resolved":"file:build/packages/react-addons-shallow-compare.tgz","_from":"build/packages/react-addons-shallow-compare.tgz","scripts":{},"_npmVersion":"2.14.19","_nodeVersion":"4.1.0","_npmUser":{"name":"spicyj","email":"ben@benalpert.com"},"maintainers":[{"name":"gaearon","email":"dan.abramov@gmail.com"},{"name":"graue","email":"scott@oceanbase.org"},{"name":"sebmarkbage","email":"sebastian@calyptus.eu"},{"name":"spicyj","email":"ben@benalpert.com"},{"name":"zpao","email":"paul@oshannessy.com"}],"dist":{"shasum":"f0ce9ae63a34edfb71cefcb2dde7293c8724e4d3","tarball":"https://registry.npmjs.org/react-addons-shallow-compare/-/react-addons-shallow-compare-15.0.2-alpha.2.tgz"},"_npmOperationalInternal":{"host":"packages-16-east.internal.npmjs.com","tmp":"tmp/react-addons-shallow-compare-15.0.2-alpha.2.tgz_1461277315463_0.11385409208014607"},"directories":{}},"15.0.2-alpha.3":{"name":"react-addons-shallow-compare","version":"15.0.2-alpha.3","main":"index.js","repository":{"type":"git","url":"git+https://github.com/facebook/react.git"},"keywords":["react","react-addon"],"license":"BSD-3-Clause","dependencies":{},"peerDependencies":{"react":"^15.0.2-alpha.3"},"description":"This package provides the React shallowCompare add-on.","bugs":{"url":"https://github.com/facebook/react/issues"},"homepage":"https://github.com/facebook/react#readme","_id":"react-addons-shallow-compare@15.0.2-alpha.3","_shasum":"c3e5cd8203898bc68cfc981a3fedd31622cebd73","_resolved":"file:build/packages/react-addons-shallow-compare.tgz","_from":"build/packages/react-addons-shallow-compare.tgz","scripts":{},"_npmVersion":"2.15.3","_nodeVersion":"4.4.2","_npmUser":{"name":"zpao","email":"paul@oshannessy.com"},"maintainers":[{"name":"gaearon","email":"dan.abramov@gmail.com"},{"name":"graue","email":"scott@oceanbase.org"},{"name":"sebmarkbage","email":"sebastian@calyptus.eu"},{"name":"spicyj","email":"ben@benalpert.com"},{"name":"zpao","email":"paul@oshannessy.com"}],"dist":{"shasum":"c3e5cd8203898bc68cfc981a3fedd31622cebd73","tarball":"https://registry.npmjs.org/react-addons-shallow-compare/-/react-addons-shallow-compare-15.0.2-alpha.3.tgz"},"_npmOperationalInternal":{"host":"packages-16-east.internal.npmjs.com","tmp":"tmp/react-addons-shallow-compare-15.0.2-alpha.3.tgz_1461614620089_0.6342546725645661"},"directories":{}},"15.0.2-alpha.4":{"name":"react-addons-shallow-compare","version":"15.0.2-alpha.4","main":"index.js","repository":{"type":"git","url":"git+https://github.com/facebook/react.git"},"keywords":["react","react-addon"],"license":"BSD-3-Clause","dependencies":{},"peerDependencies":{"react":"^15.0.2-alpha.4"},"description":"This package provides the React shallowCompare add-on.","bugs":{"url":"https://github.com/facebook/react/issues"},"homepage":"https://github.com/facebook/react#readme","_id":"react-addons-shallow-compare@15.0.2-alpha.4","_shasum":"5d0c9f0820a0da32b985da27e00e883223ac2554","_resolved":"file:build/packages/react-addons-shallow-compare.tgz","_from":"build/packages/react-addons-shallow-compare.tgz","scripts":{},"_npmVersion":"2.15.3","_nodeVersion":"4.4.2","_npmUser":{"name":"zpao","email":"paul@oshannessy.com"},"maintainers":[{"name":"gaearon","email":"dan.abramov@gmail.com"},{"name":"graue","email":"scott@oceanbase.org"},{"name":"sebmarkbage","email":"sebastian@calyptus.eu"},{"name":"spicyj","email":"ben@benalpert.com"},{"name":"zpao","email":"paul@oshannessy.com"}],"dist":{"shasum":"5d0c9f0820a0da32b985da27e00e883223ac2554","tarball":"https://registry.npmjs.org/react-addons-shallow-compare/-/react-addons-shallow-compare-15.0.2-alpha.4.tgz"},"_npmOperationalInternal":{"host":"packages-16-east.internal.npmjs.com","tmp":"tmp/react-addons-shallow-compare-15.0.2-alpha.4.tgz_1461827511845_0.8375700663309544"},"directories":{}},"15.0.2":{"name":"react-addons-shallow-compare","version":"15.0.2","main":"index.js","repository":{"type":"git","url":"git+https://github.com/facebook/react.git"},"keywords":["react","react-addon"],"license":"BSD-3-Clause","dependencies":{},"peerDependencies":{"react":"^15.0.2"},"description":"This package provides the React shallowCompare add-on.","bugs":{"url":"https://github.com/facebook/react/issues"},"homepage":"https://github.com/facebook/react#readme","_id":"react-addons-shallow-compare@15.0.2","_shasum":"d61242402f96840163e29206561da13175a6bf24","_resolved":"file:build/packages/react-addons-shallow-compare.tgz","_from":"build/packages/react-addons-shallow-compare.tgz","scripts":{},"_npmVersion":"2.15.1","_nodeVersion":"4.4.3","_npmUser":{"name":"zpao","email":"paul@oshannessy.com"},"maintainers":[{"name":"gaearon","email":"dan.abramov@gmail.com"},{"name":"graue","email":"scott@oceanbase.org"},{"name":"sebmarkbage","email":"sebastian@calyptus.eu"},{"name":"spicyj","email":"ben@benalpert.com"},{"name":"zpao","email":"paul@oshannessy.com"}],"dist":{"shasum":"d61242402f96840163e29206561da13175a6bf24","tarball":"https://registry.npmjs.org/react-addons-shallow-compare/-/react-addons-shallow-compare-15.0.2.tgz"},"_npmOperationalInternal":{"host":"packages-16-east.internal.npmjs.com","tmp":"tmp/react-addons-shallow-compare-15.0.2.tgz_1461976688414_0.031087328912690282"},"directories":{}},"15.0.3-alpha.1":{"name":"react-addons-shallow-compare","version":"15.0.3-alpha.1","main":"index.js","repository":{"type":"git","url":"git+https://github.com/facebook/react.git"},"keywords":["react","react-addon"],"license":"BSD-3-Clause","dependencies":{},"peerDependencies":{"react":"^15.0.3-alpha.1"},"description":"This package provides the React shallowCompare add-on.","bugs":{"url":"https://github.com/facebook/react/issues"},"homepage":"https://github.com/facebook/react#readme","_id":"react-addons-shallow-compare@15.0.3-alpha.1","_shasum":"ba9c22889eb907b97110bd8815676aedacc2b96c","_resolved":"file:build/packages/react-addons-shallow-compare.tgz","_from":"build/packages/react-addons-shallow-compare.tgz","scripts":{},"_npmVersion":"2.15.1","_nodeVersion":"4.4.3","_npmUser":{"name":"zpao","email":"paul@oshannessy.com"},"maintainers":[{"name":"gaearon","email":"dan.abramov@gmail.com"},{"name":"graue","email":"scott@oceanbase.org"},{"name":"sebmarkbage","email":"sebastian@calyptus.eu"},{"name":"spicyj","email":"ben@benalpert.com"},{"name":"zpao","email":"paul@oshannessy.com"}],"dist":{"shasum":"ba9c22889eb907b97110bd8815676aedacc2b96c","tarball":"https://registry.npmjs.org/react-addons-shallow-compare/-/react-addons-shallow-compare-15.0.3-alpha.1.tgz"},"_npmOperationalInternal":{"host":"packages-12-west.internal.npmjs.com","tmp":"tmp/react-addons-shallow-compare-15.0.3-alpha.1.tgz_1462304411710_0.10385456751100719"},"directories":{}},"15.0.3-alpha.2":{"name":"react-addons-shallow-compare","version":"15.0.3-alpha.2","main":"index.js","repository":{"type":"git","url":"git+https://github.com/facebook/react.git"},"keywords":["react","react-addon"],"license":"BSD-3-Clause","dependencies":{},"peerDependencies":{"react":"^15.0.3-alpha.2"},"description":"This package provides the React shallowCompare add-on.","bugs":{"url":"https://github.com/facebook/react/issues"},"homepage":"https://github.com/facebook/react#readme","_id":"react-addons-shallow-compare@15.0.3-alpha.2","_shasum":"c630dd0bc7e6e8336a3b0bc50054e55d3e66a903","_resolved":"file:build/packages/react-addons-shallow-compare.tgz","_from":"build/packages/react-addons-shallow-compare.tgz","scripts":{},"_npmVersion":"2.15.1","_nodeVersion":"4.4.3","_npmUser":{"name":"zpao","email":"paul@oshannessy.com"},"maintainers":[{"name":"gaearon","email":"dan.abramov@gmail.com"},{"name":"graue","email":"scott@oceanbase.org"},{"name":"sebmarkbage","email":"sebastian@calyptus.eu"},{"name":"spicyj","email":"ben@benalpert.com"},{"name":"zpao","email":"paul@oshannessy.com"}],"dist":{"shasum":"c630dd0bc7e6e8336a3b0bc50054e55d3e66a903","tarball":"https://registry.npmjs.org/react-addons-shallow-compare/-/react-addons-shallow-compare-15.0.3-alpha.2.tgz"},"_npmOperationalInternal":{"host":"packages-12-west.internal.npmjs.com","tmp":"tmp/react-addons-shallow-compare-15.0.3-alpha.2.tgz_1462855056970_0.2698866839054972"},"directories":{}},"15.1.0-alpha.1":{"name":"react-addons-shallow-compare","version":"15.1.0-alpha.1","main":"index.js","repository":{"type":"git","url":"git+https://github.com/facebook/react.git"},"keywords":["react","react-addon"],"license":"BSD-3-Clause","dependencies":{},"peerDependencies":{"react":"^15.1.0-alpha.1"},"description":"This package provides the React shallowCompare add-on.","bugs":{"url":"https://github.com/facebook/react/issues"},"homepage":"https://github.com/facebook/react#readme","_id":"react-addons-shallow-compare@15.1.0-alpha.1","_shasum":"2e27228b6d1bd3fc287276d880339d7698f26244","_resolved":"file:build/packages/react-addons-shallow-compare.tgz","_from":"build/packages/react-addons-shallow-compare.tgz","scripts":{},"_npmVersion":"2.15.1","_nodeVersion":"4.4.3","_npmUser":{"name":"zpao","email":"paul@oshannessy.com"},"maintainers":[{"name":"gaearon","email":"dan.abramov@gmail.com"},{"name":"graue","email":"scott@oceanbase.org"},{"name":"sebmarkbage","email":"sebastian@calyptus.eu"},{"name":"spicyj","email":"ben@benalpert.com"},{"name":"zpao","email":"paul@oshannessy.com"}],"dist":{"shasum":"2e27228b6d1bd3fc287276d880339d7698f26244","tarball":"https://registry.npmjs.org/react-addons-shallow-compare/-/react-addons-shallow-compare-15.1.0-alpha.1.tgz"},"_npmOperationalInternal":{"host":"packages-12-west.internal.npmjs.com","tmp":"tmp/react-addons-shallow-compare-15.1.0-alpha.1.tgz_1462858086026_0.5902727041393518"},"directories":{}},"15.1.0":{"name":"react-addons-shallow-compare","version":"15.1.0","main":"index.js","repository":{"type":"git","url":"git+https://github.com/facebook/react.git"},"keywords":["react","react-addon"],"license":"BSD-3-Clause","dependencies":{},"peerDependencies":{"react":"^15.1.0"},"description":"This package provides the React shallowCompare add-on.","bugs":{"url":"https://github.com/facebook/react/issues"},"homepage":"https://github.com/facebook/react#readme","_id":"react-addons-shallow-compare@15.1.0","_shasum":"39446525acc631fd3fa0fe3f8744460239cb6fca","_resolved":"file:build/packages/react-addons-shallow-compare.tgz","_from":"build/packages/react-addons-shallow-compare.tgz","scripts":{},"_npmVersion":"2.15.1","_nodeVersion":"4.4.3","_npmUser":{"name":"zpao","email":"paul@oshannessy.com"},"maintainers":[{"name":"gaearon","email":"dan.abramov@gmail.com"},{"name":"graue","email":"scott@oceanbase.org"},{"name":"sebmarkbage","email":"sebastian@calyptus.eu"},{"name":"spicyj","email":"ben@benalpert.com"},{"name":"zpao","email":"paul@oshannessy.com"}],"dist":{"shasum":"39446525acc631fd3fa0fe3f8744460239cb6fca","tarball":"https://registry.npmjs.org/react-addons-shallow-compare/-/react-addons-shallow-compare-15.1.0.tgz"},"_npmOperationalInternal":{"host":"packages-16-east.internal.npmjs.com","tmp":"tmp/react-addons-shallow-compare-15.1.0.tgz_1463785567192_0.6775463470257819"},"directories":{}},"15.2.0-rc.1":{"name":"react-addons-shallow-compare","version":"15.2.0-rc.1","main":"index.js","repository":{"type":"git","url":"git+https://github.com/facebook/react.git"},"keywords":["react","react-addon"],"license":"BSD-3-Clause","dependencies":{},"peerDependencies":{"react":"^15.2.0-rc.1"},"description":"This package provides the React shallowCompare add-on.","bugs":{"url":"https://github.com/facebook/react/issues"},"homepage":"https://github.com/facebook/react#readme","_id":"react-addons-shallow-compare@15.2.0-rc.1","_shasum":"a3cd3f6c9e194c90b36486e019d3fbe9c5f79506","_resolved":"file:build/packages/react-addons-shallow-compare.tgz","_from":"build/packages/react-addons-shallow-compare.tgz","scripts":{},"_npmVersion":"2.15.5","_nodeVersion":"4.4.5","_npmUser":{"name":"zpao","email":"paul@oshannessy.com"},"maintainers":[{"name":"gaearon","email":"dan.abramov@gmail.com"},{"name":"graue","email":"scott@oceanbase.org"},{"name":"sebmarkbage","email":"sebastian@calyptus.eu"},{"name":"spicyj","email":"ben@benalpert.com"},{"name":"zpao","email":"paul@oshannessy.com"}],"dist":{"shasum":"a3cd3f6c9e194c90b36486e019d3fbe9c5f79506","tarball":"https://registry.npmjs.org/react-addons-shallow-compare/-/react-addons-shallow-compare-15.2.0-rc.1.tgz"},"_npmOperationalInternal":{"host":"packages-16-east.internal.npmjs.com","tmp":"tmp/react-addons-shallow-compare-15.2.0-rc.1.tgz_1465954188830_0.9546176064759493"},"directories":{}},"15.2.0-rc.2":{"name":"react-addons-shallow-compare","version":"15.2.0-rc.2","main":"index.js","repository":{"type":"git","url":"git+https://github.com/facebook/react.git"},"keywords":["react","react-addon"],"license":"BSD-3-Clause","dependencies":{},"peerDependencies":{"react":"^15.2.0-rc.2"},"description":"This package provides the React shallowCompare add-on.","bugs":{"url":"https://github.com/facebook/react/issues"},"homepage":"https://github.com/facebook/react#readme","_id":"react-addons-shallow-compare@15.2.0-rc.2","_shasum":"c6c82027973e293f160acd55992e2ddb5e29d011","_resolved":"file:build/packages/react-addons-shallow-compare.tgz","_from":"build/packages/react-addons-shallow-compare.tgz","scripts":{},"_npmVersion":"2.15.5","_nodeVersion":"4.4.5","_npmUser":{"name":"zpao","email":"paul@oshannessy.com"},"maintainers":[{"name":"gaearon","email":"dan.abramov@gmail.com"},{"name":"graue","email":"scott@oceanbase.org"},{"name":"sebmarkbage","email":"sebastian@calyptus.eu"},{"name":"spicyj","email":"ben@benalpert.com"},{"name":"zpao","email":"paul@oshannessy.com"}],"dist":{"shasum":"c6c82027973e293f160acd55992e2ddb5e29d011","tarball":"https://registry.npmjs.org/react-addons-shallow-compare/-/react-addons-shallow-compare-15.2.0-rc.2.tgz"},"_npmOperationalInternal":{"host":"packages-16-east.internal.npmjs.com","tmp":"tmp/react-addons-shallow-compare-15.2.0-rc.2.tgz_1467354706521_0.16086091939359903"},"directories":{}},"15.2.0":{"name":"react-addons-shallow-compare","version":"15.2.0","main":"index.js","repository":{"type":"git","url":"git+https://github.com/facebook/react.git"},"keywords":["react","react-addon"],"license":"BSD-3-Clause","dependencies":{},"peerDependencies":{"react":"^15.2.0"},"description":"This package provides the React shallowCompare add-on.","bugs":{"url":"https://github.com/facebook/react/issues"},"homepage":"https://github.com/facebook/react#readme","_id":"react-addons-shallow-compare@15.2.0","_shasum":"cfdb15f3d2863dfce92a8fc988caa5020816d0a4","_resolved":"file:build/packages/react-addons-shallow-compare.tgz","_from":"build/packages/react-addons-shallow-compare.tgz","scripts":{},"_npmVersion":"2.15.5","_nodeVersion":"4.4.5","_npmUser":{"name":"zpao","email":"paul@oshannessy.com"},"maintainers":[{"name":"gaearon","email":"dan.abramov@gmail.com"},{"name":"graue","email":"scott@oceanbase.org"},{"name":"sebmarkbage","email":"sebastian@calyptus.eu"},{"name":"spicyj","email":"ben@benalpert.com"},{"name":"zpao","email":"paul@oshannessy.com"}],"dist":{"shasum":"cfdb15f3d2863dfce92a8fc988caa5020816d0a4","tarball":"https://registry.npmjs.org/react-addons-shallow-compare/-/react-addons-shallow-compare-15.2.0.tgz"},"_npmOperationalInternal":{"host":"packages-16-east.internal.npmjs.com","tmp":"tmp/react-addons-shallow-compare-15.2.0.tgz_1467399117357_0.12455663294531405"},"directories":{}},"15.2.1":{"name":"react-addons-shallow-compare","version":"15.2.1","main":"index.js","repository":{"type":"git","url":"git+https://github.com/facebook/react.git"},"keywords":["react","react-addon"],"license":"BSD-3-Clause","dependencies":{},"peerDependencies":{"react":"^15.2.1"},"description":"This package provides the React shallowCompare add-on.","bugs":{"url":"https://github.com/facebook/react/issues"},"homepage":"https://github.com/facebook/react#readme","_id":"react-addons-shallow-compare@15.2.1","_shasum":"b7b6b52e94a3f7c5185c2d4a258eb7e9cd7e963a","_resolved":"file:build/packages/react-addons-shallow-compare.tgz","_from":"build/packages/react-addons-shallow-compare.tgz","scripts":{},"_npmVersion":"2.15.5","_nodeVersion":"4.4.5","_npmUser":{"name":"zpao","email":"paul@oshannessy.com"},"maintainers":[{"name":"gaearon","email":"dan.abramov@gmail.com"},{"name":"graue","email":"scott@oceanbase.org"},{"name":"sebmarkbage","email":"sebastian@calyptus.eu"},{"name":"spicyj","email":"ben@benalpert.com"},{"name":"zpao","email":"paul@oshannessy.com"}],"dist":{"shasum":"b7b6b52e94a3f7c5185c2d4a258eb7e9cd7e963a","tarball":"https://registry.npmjs.org/react-addons-shallow-compare/-/react-addons-shallow-compare-15.2.1.tgz"},"_npmOperationalInternal":{"host":"packages-16-east.internal.npmjs.com","tmp":"tmp/react-addons-shallow-compare-15.2.1.tgz_1468017056920_0.44626194052398205"},"directories":{}},"15.3.0-rc.1":{"name":"react-addons-shallow-compare","version":"15.3.0-rc.1","main":"index.js","repository":{"type":"git","url":"git+https://github.com/facebook/react.git"},"keywords":["react","react-addon"],"license":"BSD-3-Clause","dependencies":{},"peerDependencies":{"react":"^15.3.0-rc.1"},"description":"This package provides the React shallowCompare add-on.","bugs":{"url":"https://github.com/facebook/react/issues"},"homepage":"https://github.com/facebook/react#readme","_id":"react-addons-shallow-compare@15.3.0-rc.1","_shasum":"1438198e8f6f7440a9745e2d1942b92235b40520","_resolved":"file:build/packages/react-addons-shallow-compare.tgz","_from":"build/packages/react-addons-shallow-compare.tgz","scripts":{},"_npmVersion":"3.9.6","_nodeVersion":"6.2.0","_npmUser":{"name":"zpao","email":"paul@oshannessy.com"},"maintainers":[{"name":"gaearon","email":"dan.abramov@gmail.com"},{"name":"graue","email":"scott@oceanbase.org"},{"name":"sebmarkbage","email":"sebastian@calyptus.eu"},{"name":"spicyj","email":"ben@benalpert.com"},{"name":"zpao","email":"paul@oshannessy.com"}],"dist":{"shasum":"1438198e8f6f7440a9745e2d1942b92235b40520","tarball":"https://registry.npmjs.org/react-addons-shallow-compare/-/react-addons-shallow-compare-15.3.0-rc.1.tgz"},"_npmOperationalInternal":{"host":"packages-16-east.internal.npmjs.com","tmp":"tmp/react-addons-shallow-compare-15.3.0-rc.1.tgz_1468436292526_0.513233513571322"},"directories":{}},"15.3.0-rc.2":{"name":"react-addons-shallow-compare","version":"15.3.0-rc.2","main":"index.js","repository":{"type":"git","url":"git+https://github.com/facebook/react.git"},"keywords":["react","react-addon"],"license":"BSD-3-Clause","dependencies":{},"peerDependencies":{"react":"^15.3.0-rc.2"},"description":"This package provides the React shallowCompare add-on.","bugs":{"url":"https://github.com/facebook/react/issues"},"homepage":"https://github.com/facebook/react#readme","_id":"react-addons-shallow-compare@15.3.0-rc.2","_shasum":"c23159a9b43ab6de658450a7b111fb0d421e581e","_resolved":"file:build/packages/react-addons-shallow-compare.tgz","_from":"build/packages/react-addons-shallow-compare.tgz","scripts":{},"_npmVersion":"3.9.6","_nodeVersion":"6.2.0","_npmUser":{"name":"zpao","email":"paul@oshannessy.com"},"maintainers":[{"name":"gaearon","email":"dan.abramov@gmail.com"},{"name":"graue","email":"scott@oceanbase.org"},{"name":"sebmarkbage","email":"sebastian@calyptus.eu"},{"name":"spicyj","email":"ben@benalpert.com"},{"name":"zpao","email":"paul@oshannessy.com"}],"dist":{"shasum":"c23159a9b43ab6de658450a7b111fb0d421e581e","tarball":"https://registry.npmjs.org/react-addons-shallow-compare/-/react-addons-shallow-compare-15.3.0-rc.2.tgz"},"_npmOperationalInternal":{"host":"packages-16-east.internal.npmjs.com","tmp":"tmp/react-addons-shallow-compare-15.3.0-rc.2.tgz_1468443708511_0.028787364717572927"},"directories":{}},"15.3.0-rc.3":{"name":"react-addons-shallow-compare","version":"15.3.0-rc.3","main":"index.js","repository":{"type":"git","url":"git+https://github.com/facebook/react.git"},"keywords":["react","react-addon"],"license":"BSD-3-Clause","dependencies":{},"peerDependencies":{"react":"^15.3.0-rc.3"},"description":"This package provides the React shallowCompare add-on.","bugs":{"url":"https://github.com/facebook/react/issues"},"homepage":"https://github.com/facebook/react#readme","_id":"react-addons-shallow-compare@15.3.0-rc.3","_shasum":"611db2119fdfd72544f08c72618fe44b538a3f6f","_resolved":"file:build/packages/react-addons-shallow-compare.tgz","_from":"build/packages/react-addons-shallow-compare.tgz","scripts":{},"_npmVersion":"3.9.6","_nodeVersion":"6.2.0","_npmUser":{"name":"zpao","email":"paul@oshannessy.com"},"maintainers":[{"name":"gaearon","email":"dan.abramov@gmail.com"},{"name":"graue","email":"scott@oceanbase.org"},{"name":"sebmarkbage","email":"sebastian@calyptus.eu"},{"name":"spicyj","email":"ben@benalpert.com"},{"name":"zpao","email":"paul@oshannessy.com"}],"dist":{"shasum":"611db2119fdfd72544f08c72618fe44b538a3f6f","tarball":"https://registry.npmjs.org/react-addons-shallow-compare/-/react-addons-shallow-compare-15.3.0-rc.3.tgz"},"_npmOperationalInternal":{"host":"packages-16-east.internal.npmjs.com","tmp":"tmp/react-addons-shallow-compare-15.3.0-rc.3.tgz_1469141936448_0.37971088849008083"},"directories":{}},"15.3.0":{"name":"react-addons-shallow-compare","version":"15.3.0","main":"index.js","repository":{"type":"git","url":"git+https://github.com/facebook/react.git"},"keywords":["react","react-addon"],"license":"BSD-3-Clause","dependencies":{},"peerDependencies":{"react":"^15.3.0"},"description":"This package provides the React shallowCompare add-on.","bugs":{"url":"https://github.com/facebook/react/issues"},"homepage":"https://github.com/facebook/react#readme","_id":"react-addons-shallow-compare@15.3.0","_shasum":"4a411935a1cf07cea98e0e1cb22732293febfa34","_resolved":"file:build/packages/react-addons-shallow-compare.tgz","_from":"build/packages/react-addons-shallow-compare.tgz","scripts":{},"_npmVersion":"3.9.6","_nodeVersion":"6.2.0","_npmUser":{"name":"zpao","email":"paul@oshannessy.com"},"maintainers":[{"name":"fb","email":"opensource+npm@fb.com"},{"name":"gaearon","email":"dan.abramov@gmail.com"},{"name":"graue","email":"scott@oceanbase.org"},{"name":"sebmarkbage","email":"sebastian@calyptus.eu"},{"name":"spicyj","email":"ben@benalpert.com"},{"name":"zpao","email":"paul@oshannessy.com"}],"dist":{"shasum":"4a411935a1cf07cea98e0e1cb22732293febfa34","tarball":"https://registry.npmjs.org/react-addons-shallow-compare/-/react-addons-shallow-compare-15.3.0.tgz"},"_npmOperationalInternal":{"host":"packages-12-west.internal.npmjs.com","tmp":"tmp/react-addons-shallow-compare-15.3.0.tgz_1469817485693_0.47065708693116903"},"directories":{}},"15.3.1-rc.1":{"name":"react-addons-shallow-compare","version":"15.3.1-rc.1","main":"index.js","repository":{"type":"git","url":"git+https://github.com/facebook/react.git"},"keywords":["react","react-addon"],"license":"BSD-3-Clause","dependencies":{},"peerDependencies":{"react":"^15.3.1-rc.1"},"files":["LICENSE","PATENTS","README.md","index.js"],"description":"This package provides the React shallowCompare add-on.","bugs":{"url":"https://github.com/facebook/react/issues"},"homepage":"https://github.com/facebook/react#readme","_id":"react-addons-shallow-compare@15.3.1-rc.1","_shasum":"8797208459cc309e6b5e3d46e0196ec1e496b996","_resolved":"file:build/packages/react-addons-shallow-compare.tgz","_from":"build/packages/react-addons-shallow-compare.tgz","scripts":{},"_npmVersion":"2.15.5","_nodeVersion":"4.4.5","_npmUser":{"name":"zpao","email":"paul@oshannessy.com"},"maintainers":[{"name":"fb","email":"opensource+npm@fb.com"},{"name":"gaearon","email":"dan.abramov@gmail.com"},{"name":"graue","email":"scott@oceanbase.org"},{"name":"sebmarkbage","email":"sebastian@calyptus.eu"},{"name":"spicyj","email":"ben@benalpert.com"},{"name":"zpao","email":"paul@oshannessy.com"}],"dist":{"shasum":"8797208459cc309e6b5e3d46e0196ec1e496b996","tarball":"https://registry.npmjs.org/react-addons-shallow-compare/-/react-addons-shallow-compare-15.3.1-rc.1.tgz"},"_npmOperationalInternal":{"host":"packages-12-west.internal.npmjs.com","tmp":"tmp/react-addons-shallow-compare-15.3.1-rc.1.tgz_1471044910583_0.6765363635495305"},"directories":{}},"15.3.1-rc.2":{"name":"react-addons-shallow-compare","version":"15.3.1-rc.2","main":"index.js","repository":{"type":"git","url":"git+https://github.com/facebook/react.git"},"keywords":["react","react-addon"],"license":"BSD-3-Clause","dependencies":{},"peerDependencies":{"react":"^15.3.1-rc.2"},"files":["LICENSE","PATENTS","README.md","index.js"],"description":"This package provides the React shallowCompare add-on.","bugs":{"url":"https://github.com/facebook/react/issues"},"homepage":"https://github.com/facebook/react#readme","_id":"react-addons-shallow-compare@15.3.1-rc.2","_shasum":"893b4e1a91a4f5cbae60929c97c6846517453d5d","_resolved":"file:build/packages/react-addons-shallow-compare.tgz","_from":"build/packages/react-addons-shallow-compare.tgz","scripts":{},"_npmVersion":"2.15.5","_nodeVersion":"4.4.5","_npmUser":{"name":"zpao","email":"paul@oshannessy.com"},"maintainers":[{"name":"fb","email":"opensource+npm@fb.com"},{"name":"gaearon","email":"dan.abramov@gmail.com"},{"name":"graue","email":"scott@oceanbase.org"},{"name":"sebmarkbage","email":"sebastian@calyptus.eu"},{"name":"spicyj","email":"ben@benalpert.com"},{"name":"zpao","email":"paul@oshannessy.com"}],"dist":{"shasum":"893b4e1a91a4f5cbae60929c97c6846517453d5d","tarball":"https://registry.npmjs.org/react-addons-shallow-compare/-/react-addons-shallow-compare-15.3.1-rc.2.tgz"},"_npmOperationalInternal":{"host":"packages-12-west.internal.npmjs.com","tmp":"tmp/react-addons-shallow-compare-15.3.1-rc.2.tgz_1471301765718_0.9259513816796243"},"directories":{}},"15.3.1":{"name":"react-addons-shallow-compare","version":"15.3.1","main":"index.js","repository":{"type":"git","url":"git+https://github.com/facebook/react.git"},"keywords":["react","react-addon"],"license":"BSD-3-Clause","dependencies":{},"peerDependencies":{"react":"^15.3.1"},"files":["LICENSE","PATENTS","README.md","index.js"],"description":"This package provides the React shallowCompare add-on.","bugs":{"url":"https://github.com/facebook/react/issues"},"homepage":"https://github.com/facebook/react#readme","_id":"react-addons-shallow-compare@15.3.1","_shasum":"06697c97b44b27e28bcc9205e555ff55200b7092","_resolved":"file:build/packages/react-addons-shallow-compare.tgz","_from":"build/packages/react-addons-shallow-compare.tgz","scripts":{},"_npmVersion":"2.15.5","_nodeVersion":"4.4.5","_npmUser":{"name":"zpao","email":"paul@oshannessy.com"},"maintainers":[{"name":"fb","email":"opensource+npm@fb.com"},{"name":"gaearon","email":"dan.abramov@gmail.com"},{"name":"graue","email":"scott@oceanbase.org"},{"name":"sebmarkbage","email":"sebastian@calyptus.eu"},{"name":"spicyj","email":"ben@benalpert.com"},{"name":"zpao","email":"paul@oshannessy.com"}],"dist":{"shasum":"06697c97b44b27e28bcc9205e555ff55200b7092","tarball":"https://registry.npmjs.org/react-addons-shallow-compare/-/react-addons-shallow-compare-15.3.1.tgz"},"_npmOperationalInternal":{"host":"packages-12-west.internal.npmjs.com","tmp":"tmp/react-addons-shallow-compare-15.3.1.tgz_1471632602891_0.7521286676637828"},"directories":{}},"15.3.2-rc.1":{"name":"react-addons-shallow-compare","version":"15.3.2-rc.1","main":"index.js","repository":{"type":"git","url":"git+https://github.com/facebook/react.git"},"keywords":["react","react-addon"],"license":"BSD-3-Clause","dependencies":{},"peerDependencies":{"react":"^15.3.2-rc.1"},"files":["LICENSE","PATENTS","README.md","index.js"],"description":"This package provides the React shallowCompare add-on.","bugs":{"url":"https://github.com/facebook/react/issues"},"homepage":"https://github.com/facebook/react#readme","_id":"react-addons-shallow-compare@15.3.2-rc.1","_shasum":"e92c0c0ddae844109dc184de96f4a585fff88d15","_resolved":"file:build/packages/react-addons-shallow-compare.tgz","_from":"build/packages/react-addons-shallow-compare.tgz","scripts":{},"_npmVersion":"3.10.3","_nodeVersion":"6.5.0","_npmUser":{"name":"zpao","email":"paul@oshannessy.com"},"maintainers":[{"name":"fb","email":"opensource+npm@fb.com"},{"name":"gaearon","email":"dan.abramov@gmail.com"},{"name":"graue","email":"scott@oceanbase.org"},{"name":"sebmarkbage","email":"sebastian@calyptus.eu"},{"name":"spicyj","email":"ben@benalpert.com"},{"name":"zpao","email":"paul@oshannessy.com"}],"dist":{"shasum":"e92c0c0ddae844109dc184de96f4a585fff88d15","tarball":"https://registry.npmjs.org/react-addons-shallow-compare/-/react-addons-shallow-compare-15.3.2-rc.1.tgz"},"_npmOperationalInternal":{"host":"packages-16-east.internal.npmjs.com","tmp":"tmp/react-addons-shallow-compare-15.3.2-rc.1.tgz_1473983001012_0.0072365449741482735"},"directories":{}},"15.3.2":{"name":"react-addons-shallow-compare","version":"15.3.2","main":"index.js","repository":{"type":"git","url":"git+https://github.com/facebook/react.git"},"keywords":["react","react-addon"],"license":"BSD-3-Clause","dependencies":{},"peerDependencies":{"react":"^15.3.2"},"files":["LICENSE","PATENTS","README.md","index.js"],"description":"This package provides the React shallowCompare add-on.","bugs":{"url":"https://github.com/facebook/react/issues"},"homepage":"https://github.com/facebook/react#readme","_id":"react-addons-shallow-compare@15.3.2","_shasum":"c9edba49b9eab44d0c59024d289beb1ab97318b5","_resolved":"file:build/packages/react-addons-shallow-compare.tgz","_from":"build/packages/react-addons-shallow-compare.tgz","scripts":{},"_npmVersion":"3.10.3","_nodeVersion":"6.5.0","_npmUser":{"name":"zpao","email":"paul@oshannessy.com"},"maintainers":[{"name":"fb","email":"opensource+npm@fb.com"},{"name":"gaearon","email":"dan.abramov@gmail.com"},{"name":"graue","email":"scott@oceanbase.org"},{"name":"sebmarkbage","email":"sebastian@calyptus.eu"},{"name":"spicyj","email":"ben@benalpert.com"},{"name":"zpao","email":"paul@oshannessy.com"}],"dist":{"shasum":"c9edba49b9eab44d0c59024d289beb1ab97318b5","tarball":"https://registry.npmjs.org/react-addons-shallow-compare/-/react-addons-shallow-compare-15.3.2.tgz"},"_npmOperationalInternal":{"host":"packages-12-west.internal.npmjs.com","tmp":"tmp/react-addons-shallow-compare-15.3.2.tgz_1474307206506_0.7146502370014787"},"directories":{}},"15.4.0-rc.1":{"name":"react-addons-shallow-compare","version":"15.4.0-rc.1","main":"index.js","repository":{"type":"git","url":"git+https://github.com/facebook/react.git"},"keywords":["react","react-addon"],"license":"BSD-3-Clause","dependencies":{},"peerDependencies":{"react":"^15.4.0-rc.1"},"files":["LICENSE","PATENTS","README.md","index.js"],"description":"This package provides the React shallowCompare add-on.","bugs":{"url":"https://github.com/facebook/react/issues"},"homepage":"https://github.com/facebook/react#readme","_id":"react-addons-shallow-compare@15.4.0-rc.1","_shasum":"ce26732662409b3dd152f5428641aaa8f40df8af","_resolved":"file:build/packages/react-addons-shallow-compare.tgz","_from":"build/packages/react-addons-shallow-compare.tgz","scripts":{},"_npmVersion":"3.10.3","_nodeVersion":"6.7.0","_npmUser":{"name":"zpao","email":"paul@oshannessy.com"},"maintainers":[{"name":"fb","email":"opensource+npm@fb.com"},{"name":"gaearon","email":"dan.abramov@gmail.com"},{"name":"graue","email":"scott@oceanbase.org"},{"name":"sebmarkbage","email":"sebastian@calyptus.eu"},{"name":"spicyj","email":"ben@benalpert.com"},{"name":"zpao","email":"paul@oshannessy.com"}],"dist":{"shasum":"ce26732662409b3dd152f5428641aaa8f40df8af","tarball":"https://registry.npmjs.org/react-addons-shallow-compare/-/react-addons-shallow-compare-15.4.0-rc.1.tgz"},"_npmOperationalInternal":{"host":"packages-12-west.internal.npmjs.com","tmp":"tmp/react-addons-shallow-compare-15.4.0-rc.1.tgz_1475620524124_0.08516379469074309"},"directories":{}},"15.4.0-rc.2":{"name":"react-addons-shallow-compare","version":"15.4.0-rc.2","main":"index.js","repository":{"type":"git","url":"git+https://github.com/facebook/react.git"},"keywords":["react","react-addon"],"license":"BSD-3-Clause","dependencies":{},"peerDependencies":{"react":"^15.4.0-rc.2"},"files":["LICENSE","PATENTS","README.md","index.js"],"description":"This package provides the React shallowCompare add-on.","bugs":{"url":"https://github.com/facebook/react/issues"},"homepage":"https://github.com/facebook/react#readme","_id":"react-addons-shallow-compare@15.4.0-rc.2","_shasum":"e8fb25d0e2172cbb322b09c9e3141a417cd47551","_resolved":"file:build/packages/react-addons-shallow-compare.tgz","_from":"build/packages/react-addons-shallow-compare.tgz","scripts":{},"_npmVersion":"3.10.3","_nodeVersion":"6.7.0","_npmUser":{"name":"zpao","email":"paul@oshannessy.com"},"maintainers":[{"name":"fb","email":"opensource+npm@fb.com"},{"name":"gaearon","email":"dan.abramov@gmail.com"},{"name":"graue","email":"scott@oceanbase.org"},{"name":"sebmarkbage","email":"sebastian@calyptus.eu"},{"name":"spicyj","email":"ben@benalpert.com"},{"name":"zpao","email":"paul@oshannessy.com"}],"dist":{"shasum":"e8fb25d0e2172cbb322b09c9e3141a417cd47551","tarball":"https://registry.npmjs.org/react-addons-shallow-compare/-/react-addons-shallow-compare-15.4.0-rc.2.tgz"},"_npmOperationalInternal":{"host":"packages-16-east.internal.npmjs.com","tmp":"tmp/react-addons-shallow-compare-15.4.0-rc.2.tgz_1475707839328_0.1009255659300834"},"directories":{}},"15.4.0-rc.3":{"name":"react-addons-shallow-compare","version":"15.4.0-rc.3","main":"index.js","repository":{"type":"git","url":"git+https://github.com/facebook/react.git"},"keywords":["react","react-addon"],"license":"BSD-3-Clause","dependencies":{},"peerDependencies":{"react":"^15.4.0-rc.3"},"files":["LICENSE","PATENTS","README.md","index.js"],"description":"This package provides the React shallowCompare add-on.","bugs":{"url":"https://github.com/facebook/react/issues"},"homepage":"https://github.com/facebook/react#readme","_id":"react-addons-shallow-compare@15.4.0-rc.3","_shasum":"7da910a1fda70bfda1fe8d9f31885387ba49597b","_resolved":"file:packages/react-addons-shallow-compare.tgz","_from":"packages/react-addons-shallow-compare.tgz","scripts":{},"_npmVersion":"3.10.3","_nodeVersion":"6.3.1","_npmUser":{"name":"gaearon","email":"dan.abramov@gmail.com"},"dist":{"shasum":"7da910a1fda70bfda1fe8d9f31885387ba49597b","tarball":"https://registry.npmjs.org/react-addons-shallow-compare/-/react-addons-shallow-compare-15.4.0-rc.3.tgz"},"maintainers":[{"name":"fb","email":"opensource+npm@fb.com"},{"name":"gaearon","email":"dan.abramov@gmail.com"},{"name":"graue","email":"scott@oceanbase.org"},{"name":"sebmarkbage","email":"sebastian@calyptus.eu"},{"name":"spicyj","email":"ben@benalpert.com"},{"name":"zpao","email":"paul@oshannessy.com"}],"_npmOperationalInternal":{"host":"packages-12-west.internal.npmjs.com","tmp":"tmp/react-addons-shallow-compare-15.4.0-rc.3.tgz_1476472427691_0.13088445784524083"},"directories":{}},"15.4.0-rc.4":{"name":"react-addons-shallow-compare","version":"15.4.0-rc.4","main":"index.js","repository":{"type":"git","url":"git+https://github.com/facebook/react.git"},"keywords":["react","react-addon"],"license":"BSD-3-Clause","dependencies":{},"peerDependencies":{"react":"^15.4.0-rc.4"},"files":["LICENSE","PATENTS","README.md","index.js"],"description":"This package provides the React shallowCompare add-on.","bugs":{"url":"https://github.com/facebook/react/issues"},"homepage":"https://github.com/facebook/react#readme","_id":"react-addons-shallow-compare@15.4.0-rc.4","scripts":{},"_shasum":"deeddaf3537dc11d56ca0b70a827fb41cb7ee40c","_from":".","_npmVersion":"3.10.3","_nodeVersion":"6.6.0","_npmUser":{"name":"sebmarkbage","email":"sebastian@calyptus.eu"},"maintainers":[{"name":"fb","email":"opensource+npm@fb.com"},{"name":"gaearon","email":"dan.abramov@gmail.com"},{"name":"graue","email":"scott@oceanbase.org"},{"name":"sebmarkbage","email":"sebastian@calyptus.eu"},{"name":"spicyj","email":"ben@benalpert.com"},{"name":"zpao","email":"paul@oshannessy.com"}],"dist":{"shasum":"deeddaf3537dc11d56ca0b70a827fb41cb7ee40c","tarball":"https://registry.npmjs.org/react-addons-shallow-compare/-/react-addons-shallow-compare-15.4.0-rc.4.tgz"},"_npmOperationalInternal":{"host":"packages-12-west.internal.npmjs.com","tmp":"tmp/react-addons-shallow-compare-15.4.0-rc.4.tgz_1476482645325_0.7698767983820289"},"directories":{}},"15.4.0":{"name":"react-addons-shallow-compare","version":"15.4.0","main":"index.js","repository":{"type":"git","url":"git+https://github.com/facebook/react.git"},"keywords":["react","react-addon"],"license":"BSD-3-Clause","dependencies":{},"peerDependencies":{"react":"^15.4.0"},"files":["LICENSE","PATENTS","README.md","index.js"],"description":"This package provides the React shallowCompare add-on.","bugs":{"url":"https://github.com/facebook/react/issues"},"homepage":"https://github.com/facebook/react#readme","_id":"react-addons-shallow-compare@15.4.0","_shasum":"17b2cced1928937bbcdb4832fb200bc34bd47871","_resolved":"file:build/packages/react-addons-shallow-compare.tgz","_from":"build/packages/react-addons-shallow-compare.tgz","scripts":{},"_npmVersion":"3.10.8","_nodeVersion":"6.9.1","_npmUser":{"name":"tomocchino","email":"tomocchino@gmail.com"},"dist":{"shasum":"17b2cced1928937bbcdb4832fb200bc34bd47871","tarball":"https://registry.npmjs.org/react-addons-shallow-compare/-/react-addons-shallow-compare-15.4.0.tgz"},"maintainers":[{"name":"fb","email":"opensource+npm@fb.com"},{"name":"gaearon","email":"dan.abramov@gmail.com"},{"name":"graue","email":"scott@oceanbase.org"},{"name":"sebmarkbage","email":"sebastian@calyptus.eu"},{"name":"spicyj","email":"ben@benalpert.com"},{"name":"tomocchino","email":"tomocchino@gmail.com"},{"name":"zpao","email":"paul@oshannessy.com"}],"_npmOperationalInternal":{"host":"packages-12-west.internal.npmjs.com","tmp":"tmp/react-addons-shallow-compare-15.4.0.tgz_1479306757893_0.7042119661346078"},"directories":{}},"15.4.1":{"name":"react-addons-shallow-compare","version":"15.4.1","main":"index.js","repository":{"type":"git","url":"git+https://github.com/facebook/react.git"},"keywords":["react","react-addon"],"license":"BSD-3-Clause","dependencies":{},"peerDependencies":{"react":"^15.4.1"},"files":["LICENSE","PATENTS","README.md","index.js"],"description":"This package provides the React shallowCompare add-on.","bugs":{"url":"https://github.com/facebook/react/issues"},"homepage":"https://github.com/facebook/react#readme","_id":"react-addons-shallow-compare@15.4.1","_shasum":"b68103dd4d13144cb221065f6021de1822bd435a","_resolved":"file:build/packages/react-addons-shallow-compare.tgz","_from":"build/packages/react-addons-shallow-compare.tgz","scripts":{},"_npmVersion":"3.10.8","_nodeVersion":"6.9.0","_npmUser":{"name":"spicyj","email":"ben@benalpert.com"},"maintainers":[{"name":"fb","email":"opensource+npm@fb.com"},{"name":"gaearon","email":"dan.abramov@gmail.com"},{"name":"graue","email":"scott@oceanbase.org"},{"name":"sebmarkbage","email":"sebastian@calyptus.eu"},{"name":"spicyj","email":"ben@benalpert.com"},{"name":"tomocchino","email":"tomocchino@gmail.com"},{"name":"zpao","email":"paul@oshannessy.com"}],"dist":{"shasum":"b68103dd4d13144cb221065f6021de1822bd435a","tarball":"https://registry.npmjs.org/react-addons-shallow-compare/-/react-addons-shallow-compare-15.4.1.tgz"},"_npmOperationalInternal":{"host":"packages-12-west.internal.npmjs.com","tmp":"tmp/react-addons-shallow-compare-15.4.1.tgz_1479866338810_0.5840342692099512"},"directories":{}},"15.4.2":{"name":"react-addons-shallow-compare","version":"15.4.2","main":"index.js","repository":{"type":"git","url":"git+https://github.com/facebook/react.git"},"keywords":["react","react-addon"],"license":"BSD-3-Clause","dependencies":{"fbjs":"^0.8.4","object-assign":"^4.1.0"},"peerDependencies":{"react":"^15.4.2"},"files":["LICENSE","PATENTS","README.md","index.js"],"description":"This package provides the React shallowCompare add-on.","bugs":{"url":"https://github.com/facebook/react/issues"},"homepage":"https://github.com/facebook/react#readme","_id":"react-addons-shallow-compare@15.4.2","_shasum":"027ffd9720e3a1e0b328dcd8fc62e214a0d174a5","_resolved":"file:build/packages/react-addons-shallow-compare.tgz","_from":"build/packages/react-addons-shallow-compare.tgz","scripts":{},"_npmVersion":"3.10.8","_nodeVersion":"6.3.1","_npmUser":{"name":"gaearon","email":"dan.abramov@gmail.com"},"dist":{"shasum":"027ffd9720e3a1e0b328dcd8fc62e214a0d174a5","tarball":"https://registry.npmjs.org/react-addons-shallow-compare/-/react-addons-shallow-compare-15.4.2.tgz"},"maintainers":[{"name":"fb","email":"opensource+npm@fb.com"},{"name":"gaearon","email":"dan.abramov@gmail.com"},{"name":"graue","email":"scott@oceanbase.org"},{"name":"sebmarkbage","email":"sebastian@calyptus.eu"},{"name":"spicyj","email":"ben@benalpert.com"},{"name":"tomocchino","email":"tomocchino@gmail.com"},{"name":"zpao","email":"paul@oshannessy.com"}],"_npmOperationalInternal":{"host":"packages-12-west.internal.npmjs.com","tmp":"tmp/react-addons-shallow-compare-15.4.2.tgz_1483733753058_0.41243498562835157"},"directories":{}},"16.0.0-alpha":{"name":"react-addons-shallow-compare","version":"16.0.0-alpha","main":"index.js","repository":{"type":"git","url":"git+https://github.com/facebook/react.git"},"keywords":["react","react-addon"],"license":"BSD-3-Clause","dependencies":{"fbjs":"^0.8.4","object-assign":"^4.1.0"},"peerDependencies":{"react":"^16.0.0-alpha"},"files":["LICENSE","PATENTS","README.md","index.js"],"description":"This package provides the React shallowCompare add-on.","bugs":{"url":"https://github.com/facebook/react/issues"},"homepage":"https://github.com/facebook/react#readme","_id":"react-addons-shallow-compare@16.0.0-alpha","_shasum":"eebb4e4064f5ba2f3c2bb93ce293d373d829e148","_resolved":"file:build/packages/react-addons-shallow-compare.tgz","_from":"build/packages/react-addons-shallow-compare.tgz","scripts":{},"_npmVersion":"3.10.8","_nodeVersion":"6.9.1","_npmUser":{"name":"brianvaughn","email":"briandavidvaughn@gmail.com"},"dist":{"shasum":"eebb4e4064f5ba2f3c2bb93ce293d373d829e148","tarball":"https://registry.npmjs.org/react-addons-shallow-compare/-/react-addons-shallow-compare-16.0.0-alpha.tgz"},"maintainers":[{"name":"brianvaughn","email":"briandavidvaughn@gmail.com"},{"name":"fb","email":"opensource+npm@fb.com"},{"name":"gaearon","email":"dan.abramov@gmail.com"},{"name":"sebmarkbage","email":"sebastian@calyptus.eu"},{"name":"spicyj","email":"ben@benalpert.com"},{"name":"tomocchino","email":"tomocchino@gmail.com"},{"name":"zpao","email":"paul@oshannessy.com"}],"_npmOperationalInternal":{"host":"packages-18-east.internal.npmjs.com","tmp":"tmp/react-addons-shallow-compare-16.0.0-alpha.tgz_1484008040377_0.6420379385817796"},"directories":{}},"16.0.0-alpha.0":{"name":"react-addons-shallow-compare","version":"16.0.0-alpha.0","main":"index.js","repository":{"type":"git","url":"git+https://github.com/facebook/react.git"},"keywords":["react","react-addon"],"license":"BSD-3-Clause","dependencies":{"fbjs":"^0.8.4","object-assign":"^4.1.0"},"peerDependencies":{"react":"^16.0.0-alpha.0"},"files":["LICENSE","PATENTS","README.md","index.js"],"description":"This package provides the React shallowCompare add-on.","bugs":{"url":"https://github.com/facebook/react/issues"},"homepage":"https://github.com/facebook/react#readme","_id":"react-addons-shallow-compare@16.0.0-alpha.0","_shasum":"1e12bdf448026955682a2237e577ea6b1df2ca7e","_resolved":"file:packages/react-addons-shallow-compare.tgz","_from":"packages/react-addons-shallow-compare.tgz","scripts":{},"_npmVersion":"3.10.8","_nodeVersion":"6.9.1","_npmUser":{"name":"brianvaughn","email":"briandavidvaughn@gmail.com"},"dist":{"shasum":"1e12bdf448026955682a2237e577ea6b1df2ca7e","tarball":"https://registry.npmjs.org/react-addons-shallow-compare/-/react-addons-shallow-compare-16.0.0-alpha.0.tgz"},"maintainers":[{"name":"brianvaughn","email":"briandavidvaughn@gmail.com"},{"name":"fb","email":"opensource+npm@fb.com"},{"name":"gaearon","email":"dan.abramov@gmail.com"},{"name":"sebmarkbage","email":"sebastian@calyptus.eu"},{"name":"spicyj","email":"ben@benalpert.com"},{"name":"tomocchino","email":"tomocchino@gmail.com"},{"name":"zpao","email":"paul@oshannessy.com"}],"_npmOperationalInternal":{"host":"packages-18-east.internal.npmjs.com","tmp":"tmp/react-addons-shallow-compare-16.0.0-alpha.0.tgz_1485374674982_0.30416855635121465"},"directories":{}},"16.0.0-alpha.2":{"name":"react-addons-shallow-compare","version":"16.0.0-alpha.2","main":"index.js","repository":{"type":"git","url":"git+https://github.com/facebook/react.git"},"keywords":["react","react-addon"],"license":"BSD-3-Clause","dependencies":{"fbjs":"^0.8.9","object-assign":"^4.1.0"},"peerDependencies":{"react":"^16.0.0-alpha.2"},"files":["LICENSE","PATENTS","README.md","index.js"],"description":"This package provides the React shallowCompare add-on.","bugs":{"url":"https://github.com/facebook/react/issues"},"homepage":"https://github.com/facebook/react#readme","_id":"react-addons-shallow-compare@16.0.0-alpha.2","_shasum":"a5848da5c577e9c330bff8fcbf3ec6f9885227eb","_resolved":"file:build/packages/react-addons-shallow-compare.tgz","_from":"build/packages/react-addons-shallow-compare.tgz","scripts":{},"_npmVersion":"3.10.3","_nodeVersion":"6.3.1","_npmUser":{"name":"gaearon","email":"dan.abramov@gmail.com"},"dist":{"shasum":"a5848da5c577e9c330bff8fcbf3ec6f9885227eb","tarball":"https://registry.npmjs.org/react-addons-shallow-compare/-/react-addons-shallow-compare-16.0.0-alpha.2.tgz"},"maintainers":[{"name":"brianvaughn","email":"briandavidvaughn@gmail.com"},{"name":"fb","email":"opensource+npm@fb.com"},{"name":"gaearon","email":"dan.abramov@gmail.com"},{"name":"sebmarkbage","email":"sebastian@calyptus.eu"},{"name":"spicyj","email":"ben@benalpert.com"},{"name":"tomocchino","email":"tomocchino@gmail.com"},{"name":"zpao","email":"paul@oshannessy.com"}],"_npmOperationalInternal":{"host":"packages-12-west.internal.npmjs.com","tmp":"tmp/react-addons-shallow-compare-16.0.0-alpha.2.tgz_1486656972233_0.34645687881857157"},"directories":{}},"16.0.0-alpha.3":{"name":"react-addons-shallow-compare","version":"16.0.0-alpha.3","main":"index.js","repository":{"type":"git","url":"git+https://github.com/facebook/react.git"},"keywords":["react","react-addon"],"license":"BSD-3-Clause","dependencies":{"fbjs":"^0.8.9","object-assign":"^4.1.0"},"peerDependencies":{"react":"^16.0.0-alpha.3"},"files":["LICENSE","PATENTS","README.md","index.js"],"description":"This package provides the React shallowCompare add-on.","bugs":{"url":"https://github.com/facebook/react/issues"},"homepage":"https://github.com/facebook/react#readme","_id":"react-addons-shallow-compare@16.0.0-alpha.3","_shasum":"487e23fecf57c84dd79210162b509a940cccdcc4","_resolved":"file:build/packages/react-addons-shallow-compare.tgz","_from":"build/packages/react-addons-shallow-compare.tgz","scripts":{},"_npmVersion":"3.10.10","_nodeVersion":"6.10.0","_npmUser":{"name":"acdlite","email":"acdlite@me.com"},"dist":{"shasum":"487e23fecf57c84dd79210162b509a940cccdcc4","tarball":"https://registry.npmjs.org/react-addons-shallow-compare/-/react-addons-shallow-compare-16.0.0-alpha.3.tgz"},"maintainers":[{"name":"acdlite","email":"acdlite@me.com"},{"name":"brianvaughn","email":"briandavidvaughn@gmail.com"},{"name":"fb","email":"opensource+npm@fb.com"},{"name":"gaearon","email":"dan.abramov@gmail.com"},{"name":"sebmarkbage","email":"sebastian@calyptus.eu"},{"name":"spicyj","email":"ben@benalpert.com"},{"name":"tomocchino","email":"tomocchino@gmail.com"},{"name":"zpao","email":"paul@oshannessy.com"}],"_npmOperationalInternal":{"host":"packages-12-west.internal.npmjs.com","tmp":"tmp/react-addons-shallow-compare-16.0.0-alpha.3.tgz_1487893949116_0.12434220756404102"},"directories":{}}},"readme":"# react-addons-shallow-compare\n\nThis package provides the React shallowCompare add-on.\n\nSee <https://facebook.github.io/react/docs/shallow-compare.html> for more information.","maintainers":[{"name":"acdlite","email":"acdlite@me.com"},{"name":"brianvaughn","email":"briandavidvaughn@gmail.com"},{"name":"fb","email":"opensource+npm@fb.com"},{"name":"gaearon","email":"dan.abramov@gmail.com"},{"name":"sebmarkbage","email":"sebastian@calyptus.eu"},{"name":"spicyj","email":"ben@benalpert.com"},{"name":"tomocchino","email":"tomocchino@gmail.com"},{"name":"zpao","email":"paul@oshannessy.com"}],"time":{"modified":"2017-02-23T23:52:29.372Z","created":"2015-07-03T08:49:37.136Z","0.14.0-beta1":"2015-07-03T08:49:37.136Z","0.14.0-beta2":"2015-08-02T04:42:14.540Z","0.14.0-beta3":"2015-08-03T21:34:28.262Z","0.14.0-rc1":"2015-09-10T16:03:36.924Z","0.14.0":"2015-10-07T17:30:28.300Z","0.14.1":"2015-10-28T21:35:34.833Z","0.14.2":"2015-11-02T19:54:54.088Z","0.14.3":"2015-11-19T02:26:25.393Z","0.14.4":"2015-12-29T21:59:41.513Z","0.14.5":"2015-12-29T22:41:00.073Z","0.14.6":"2016-01-06T23:53:40.086Z","0.15.0-alpha.1":"2016-01-21T04:15:48.578Z","0.14.7":"2016-01-28T19:57:52.094Z","15.0.0-rc.1":"2016-03-08T01:07:51.567Z","15.0.0-rc.2":"2016-03-16T22:17:43.088Z","0.14.8":"2016-03-29T16:20:49.182Z","15.0.0":"2016-04-07T21:25:55.343Z","15.0.1":"2016-04-08T18:24:15.835Z","15.0.2-alpha.1":"2016-04-20T18:17:05.223Z","15.0.2-alpha.2":"2016-04-21T22:21:58.480Z","15.0.2-alpha.3":"2016-04-25T20:03:43.427Z","15.0.2-alpha.4":"2016-04-28T07:11:54.393Z","15.0.2":"2016-04-30T00:38:10.769Z","15.0.3-alpha.1":"2016-05-03T19:40:12.160Z","15.0.3-alpha.2":"2016-05-10T04:37:39.663Z","15.1.0-alpha.1":"2016-05-10T05:28:08.610Z","15.1.0":"2016-05-20T23:06:09.373Z","15.2.0-rc.1":"2016-06-15T01:29:53.625Z","15.2.0-rc.2":"2016-07-01T06:31:49.780Z","15.2.0":"2016-07-01T18:52:00.609Z","15.2.1":"2016-07-08T22:30:59.797Z","15.3.0-rc.1":"2016-07-13T18:58:15.600Z","15.3.0-rc.2":"2016-07-13T21:01:51.650Z","15.3.0-rc.3":"2016-07-21T22:58:59.374Z","15.3.0":"2016-07-29T18:38:05.912Z","15.3.1-rc.1":"2016-08-12T23:35:10.835Z","15.3.1-rc.2":"2016-08-15T22:56:05.977Z","15.3.1":"2016-08-19T18:50:03.137Z","15.3.2-rc.1":"2016-09-15T23:43:23.651Z","15.3.2":"2016-09-19T17:46:46.735Z","15.4.0-rc.1":"2016-10-04T22:35:24.343Z","15.4.0-rc.2":"2016-10-05T22:50:42.614Z","15.4.0-rc.3":"2016-10-14T19:13:49.729Z","15.4.0-rc.4":"2016-10-14T22:04:05.599Z","15.4.0":"2016-11-16T14:32:39.879Z","15.4.1":"2016-11-23T01:58:59.042Z","15.4.2":"2017-01-06T20:15:55.093Z","16.0.0-alpha":"2017-01-10T00:27:22.327Z","16.0.0-alpha.0":"2017-01-25T20:04:36.973Z","16.0.0-alpha.2":"2017-02-09T16:16:14.130Z","16.0.0-alpha.3":"2017-02-23T23:52:29.372Z"},"license":"BSD-3-Clause","readmeFilename":"README.md","users":{"dongxu":true,"koulmomo":true,"fchienvuhoang":true},"homepage":"https://github.com/facebook/react#readme","keywords":["react","react-addon"],"repository":{"type":"git","url":"git+https://github.com/facebook/react.git"},"bugs":{"url":"https://github.com/facebook/react/issues"},"_attachments":{},"_etag":"W/\"58af75bd-11dab\"","_lastModified":"Thu, 23 Feb 2017 23:52:29 GMT"}