{"_id":"react-addons-update","_rev":"79-86645a698abb0c8017233744757310fc","name":"react-addons-update","description":"This package provides the React updates add-on.","dist-tags":{"latest":"15.4.2","next":"16.0.0-alpha.3"},"versions":{"0.14.0-beta1":{"name":"react-addons-update","version":"0.14.0-beta1","main":"index.js","license":"BSD-3-Clause","peerDependencies":{"react":"^0.14.0-beta1"},"description":"This package provides the React updates add-on. See http://facebook.github.io/react/docs/addons.html for more information.","_id":"react-addons-update@0.14.0-beta1","_shasum":"166296fec008a61995c8b6453cc906bf5366c0c0","_resolved":"file:build/packages/react-addons-update.tgz","_from":"build/packages/react-addons-update.tgz","scripts":{},"_npmVersion":"2.2.0","_nodeVersion":"0.10.35","_npmUser":{"name":"spicyj","email":"ben@benalpert.com"},"maintainers":[{"name":"spicyj","email":"ben@benalpert.com"}],"dist":{"shasum":"166296fec008a61995c8b6453cc906bf5366c0c0","tarball":"https://registry.npmjs.org/react-addons-update/-/react-addons-update-0.14.0-beta1.tgz"},"directories":{}},"0.14.0-beta2":{"name":"react-addons-update","version":"0.14.0-beta2","main":"index.js","license":"BSD-3-Clause","peerDependencies":{"react":"^0.14.0-beta2"},"description":"This package provides the React updates add-on. See http://facebook.github.io/react/docs/addons.html for more information.","_id":"react-addons-update@0.14.0-beta2","_shasum":"fc570e06af6955a2484495b3c791953f7f791f85","_resolved":"file:build copy/packages/react-addons-update.tgz","_from":"build copy/packages/react-addons-update.tgz","scripts":{},"_npmVersion":"2.13.2","_nodeVersion":"0.10.40","_npmUser":{"name":"zpao","email":"paul@oshannessy.com"},"maintainers":[{"name":"spicyj","email":"ben@benalpert.com"},{"name":"zpao","email":"paul@oshannessy.com"}],"dist":{"shasum":"fc570e06af6955a2484495b3c791953f7f791f85","tarball":"https://registry.npmjs.org/react-addons-update/-/react-addons-update-0.14.0-beta2.tgz"},"directories":{}},"0.14.0-beta3":{"name":"react-addons-update","version":"0.14.0-beta3","main":"index.js","license":"BSD-3-Clause","peerDependencies":{"react":"^0.14.0-beta3"},"description":"This package provides the React updates add-on. See http://facebook.github.io/react/docs/addons.html for more information.","_id":"react-addons-update@0.14.0-beta3","_shasum":"c424ad83730b956753bcf13b9f2b0dd9c268a281","_resolved":"file:build/packages/react-addons-update.tgz","_from":"build/packages/react-addons-update.tgz","scripts":{},"_npmVersion":"2.13.2","_nodeVersion":"0.10.40","_npmUser":{"name":"zpao","email":"paul@oshannessy.com"},"maintainers":[{"name":"spicyj","email":"ben@benalpert.com"},{"name":"zpao","email":"paul@oshannessy.com"}],"dist":{"shasum":"c424ad83730b956753bcf13b9f2b0dd9c268a281","tarball":"https://registry.npmjs.org/react-addons-update/-/react-addons-update-0.14.0-beta3.tgz"},"directories":{}},"0.14.0-rc1":{"name":"react-addons-update","version":"0.14.0-rc1","main":"index.js","license":"BSD-3-Clause","peerDependencies":{"react":"^0.14.0-rc1"},"description":"This package provides the React updates add-on. See http://facebook.github.io/react/docs/addons.html for more information.","_id":"react-addons-update@0.14.0-rc1","_shasum":"bf6b9164f1663ff99f5e30e4c358b35c3a3327b2","_resolved":"file:build/packages/react-addons-update.tgz","_from":"build/packages/react-addons-update.tgz","scripts":{},"_npmVersion":"2.2.0","_nodeVersion":"0.10.35","_npmUser":{"name":"spicyj","email":"ben@benalpert.com"},"maintainers":[{"name":"spicyj","email":"ben@benalpert.com"},{"name":"zpao","email":"paul@oshannessy.com"}],"dist":{"shasum":"bf6b9164f1663ff99f5e30e4c358b35c3a3327b2","tarball":"https://registry.npmjs.org/react-addons-update/-/react-addons-update-0.14.0-rc1.tgz"},"directories":{}},"0.14.0":{"name":"react-addons-update","version":"0.14.0","main":"index.js","license":"BSD-3-Clause","peerDependencies":{"react":"^0.14.0"},"description":"This package provides the React updates add-on. See http://facebook.github.io/react/docs/addons.html for more information.","_id":"react-addons-update@0.14.0","_shasum":"da55c90a6441fe059e6a143a9e89715a4a8df7d8","_resolved":"file:build/packages/react-addons-update.tgz","_from":"build/packages/react-addons-update.tgz","scripts":{},"_npmVersion":"2.14.3","_nodeVersion":"4.1.0","_npmUser":{"name":"zpao","email":"paul@oshannessy.com"},"maintainers":[{"name":"spicyj","email":"ben@benalpert.com"},{"name":"zpao","email":"paul@oshannessy.com"}],"dist":{"shasum":"da55c90a6441fe059e6a143a9e89715a4a8df7d8","tarball":"https://registry.npmjs.org/react-addons-update/-/react-addons-update-0.14.0.tgz"},"directories":{}},"0.14.1":{"name":"react-addons-update","version":"0.14.1","main":"index.js","license":"BSD-3-Clause","peerDependencies":{"react":"^0.14.1"},"description":"This package provides the React updates add-on. See http://facebook.github.io/react/docs/addons.html for more information.","_id":"react-addons-update@0.14.1","_shasum":"fb1fa1fa7f0a9faf3d90a0d451a35c1c13ac9b89","_resolved":"file:build/packages/react-addons-update.tgz","_from":"build/packages/react-addons-update.tgz","scripts":{},"_npmVersion":"2.14.8","_nodeVersion":"4.2.0","_npmUser":{"name":"zpao","email":"paul@oshannessy.com"},"maintainers":[{"name":"spicyj","email":"ben@benalpert.com"},{"name":"zpao","email":"paul@oshannessy.com"}],"dist":{"shasum":"fb1fa1fa7f0a9faf3d90a0d451a35c1c13ac9b89","tarball":"https://registry.npmjs.org/react-addons-update/-/react-addons-update-0.14.1.tgz"},"directories":{}},"0.14.2":{"name":"react-addons-update","version":"0.14.2","main":"index.js","license":"BSD-3-Clause","peerDependencies":{"react":"^0.14.2"},"description":"This package provides the React updates add-on. See http://facebook.github.io/react/docs/addons.html for more information.","_id":"react-addons-update@0.14.2","_shasum":"9bad39269b286381a7c05738382cb5a8ad97b67e","_resolved":"file:build/packages/react-addons-update.tgz","_from":"build/packages/react-addons-update.tgz","scripts":{},"_npmVersion":"2.14.9","_nodeVersion":"4.2.0","_npmUser":{"name":"zpao","email":"paul@oshannessy.com"},"maintainers":[{"name":"spicyj","email":"ben@benalpert.com"},{"name":"zpao","email":"paul@oshannessy.com"}],"dist":{"shasum":"9bad39269b286381a7c05738382cb5a8ad97b67e","tarball":"https://registry.npmjs.org/react-addons-update/-/react-addons-update-0.14.2.tgz"},"directories":{}},"0.14.3":{"name":"react-addons-update","version":"0.14.3","main":"index.js","repository":{"type":"git","url":"git+https://github.com/facebook/react.git"},"keywords":["react","react-addon"],"license":"BSD-3-Clause","peerDependencies":{"react":"^0.14.3"},"description":"This package provides the React updates add-on.","bugs":{"url":"https://github.com/facebook/react/issues"},"homepage":"https://github.com/facebook/react#readme","_id":"react-addons-update@0.14.3","_shasum":"39555e1e8b54ac9ae9da328a975e1e4d53b77503","_resolved":"file:build/packages/react-addons-update.tgz","_from":"build/packages/react-addons-update.tgz","scripts":{},"_npmVersion":"2.14.7","_nodeVersion":"4.2.2","_npmUser":{"name":"zpao","email":"paul@oshannessy.com"},"maintainers":[{"name":"spicyj","email":"ben@benalpert.com"},{"name":"zpao","email":"paul@oshannessy.com"}],"dist":{"shasum":"39555e1e8b54ac9ae9da328a975e1e4d53b77503","tarball":"https://registry.npmjs.org/react-addons-update/-/react-addons-update-0.14.3.tgz"},"directories":{}},"0.14.4":{"name":"react-addons-update","version":"0.14.4","main":"index.js","repository":{"type":"git","url":"git+https://github.com/facebook/react.git"},"keywords":["react","react-addon"],"license":"BSD-3-Clause","peerDependencies":{"react":"^0.14.4"},"description":"This package provides the React updates add-on.","bugs":{"url":"https://github.com/facebook/react/issues"},"homepage":"https://github.com/facebook/react#readme","_id":"react-addons-update@0.14.4","_shasum":"333653ffcf0a2c1819e7274bfd5ff810aeeee97a","_resolved":"file:build/packages/react-addons-update.tgz","_from":"build/packages/react-addons-update.tgz","scripts":{},"_npmVersion":"2.14.4","_nodeVersion":"4.1.0","_npmUser":{"name":"spicyj","email":"ben@benalpert.com"},"maintainers":[{"name":"spicyj","email":"ben@benalpert.com"},{"name":"zpao","email":"paul@oshannessy.com"}],"dist":{"shasum":"333653ffcf0a2c1819e7274bfd5ff810aeeee97a","tarball":"https://registry.npmjs.org/react-addons-update/-/react-addons-update-0.14.4.tgz"},"directories":{}},"0.14.5":{"name":"react-addons-update","version":"0.14.5","main":"index.js","repository":{"type":"git","url":"git+https://github.com/facebook/react.git"},"keywords":["react","react-addon"],"license":"BSD-3-Clause","peerDependencies":{"react":"^0.14.5"},"description":"This package provides the React updates add-on.","bugs":{"url":"https://github.com/facebook/react/issues"},"homepage":"https://github.com/facebook/react#readme","_id":"react-addons-update@0.14.5","_shasum":"f0ebc237b77a7052d10359f5259e5b93c4c0aa61","_resolved":"file:build/packages/react-addons-update.tgz","_from":"build/packages/react-addons-update.tgz","scripts":{},"_npmVersion":"2.14.4","_nodeVersion":"4.1.0","_npmUser":{"name":"spicyj","email":"ben@benalpert.com"},"maintainers":[{"name":"spicyj","email":"ben@benalpert.com"},{"name":"zpao","email":"paul@oshannessy.com"}],"dist":{"shasum":"f0ebc237b77a7052d10359f5259e5b93c4c0aa61","tarball":"https://registry.npmjs.org/react-addons-update/-/react-addons-update-0.14.5.tgz"},"directories":{}},"0.14.6":{"name":"react-addons-update","version":"0.14.6","main":"index.js","repository":{"type":"git","url":"git+https://github.com/facebook/react.git"},"keywords":["react","react-addon"],"license":"BSD-3-Clause","peerDependencies":{"react":"^0.14.6"},"description":"This package provides the React updates add-on.","bugs":{"url":"https://github.com/facebook/react/issues"},"homepage":"https://github.com/facebook/react#readme","_id":"react-addons-update@0.14.6","_shasum":"3baf19d44a824cfd03664be586117ce9db4393d8","_resolved":"file:build/packages/react-addons-update.tgz","_from":"build/packages/react-addons-update.tgz","scripts":{},"_npmVersion":"2.14.15","_nodeVersion":"4.2.2","_npmUser":{"name":"zpao","email":"paul@oshannessy.com"},"maintainers":[{"name":"spicyj","email":"ben@benalpert.com"},{"name":"zpao","email":"paul@oshannessy.com"}],"dist":{"shasum":"3baf19d44a824cfd03664be586117ce9db4393d8","tarball":"https://registry.npmjs.org/react-addons-update/-/react-addons-update-0.14.6.tgz"},"directories":{}},"0.15.0-alpha.1":{"name":"react-addons-update","version":"0.15.0-alpha.1","main":"index.js","repository":{"type":"git","url":"git+https://github.com/facebook/react.git"},"keywords":["react","react-addon"],"license":"BSD-3-Clause","peerDependencies":{"react":"^0.15.0-alpha.1"},"description":"This package provides the React updates add-on.","bugs":{"url":"https://github.com/facebook/react/issues"},"homepage":"https://github.com/facebook/react#readme","_id":"react-addons-update@0.15.0-alpha.1","_shasum":"ffa0d1c7d6dd5f612141677fd9763b9a26892058","_resolved":"file:build/packages/react-addons-update.tgz","_from":"build/packages/react-addons-update.tgz","scripts":{},"_npmVersion":"2.14.15","_nodeVersion":"4.2.2","_npmUser":{"name":"zpao","email":"paul@oshannessy.com"},"maintainers":[{"name":"spicyj","email":"ben@benalpert.com"},{"name":"zpao","email":"paul@oshannessy.com"}],"dist":{"shasum":"ffa0d1c7d6dd5f612141677fd9763b9a26892058","tarball":"https://registry.npmjs.org/react-addons-update/-/react-addons-update-0.15.0-alpha.1.tgz"},"directories":{}},"0.14.7":{"name":"react-addons-update","version":"0.14.7","main":"index.js","repository":{"type":"git","url":"git+https://github.com/facebook/react.git"},"keywords":["react","react-addon"],"license":"BSD-3-Clause","dependencies":{},"peerDependencies":{"react":"^0.14.7"},"description":"This package provides the React updates add-on.","bugs":{"url":"https://github.com/facebook/react/issues"},"homepage":"https://github.com/facebook/react#readme","_id":"react-addons-update@0.14.7","_shasum":"eac6144a63adf7025891d68c09b7cfdb3489b37b","_resolved":"file:build/packages/react-addons-update.tgz","_from":"build/packages/react-addons-update.tgz","scripts":{},"_npmVersion":"2.14.12","_nodeVersion":"4.2.6","_npmUser":{"name":"graue","email":"scott@oceanbase.org"},"dist":{"shasum":"eac6144a63adf7025891d68c09b7cfdb3489b37b","tarball":"https://registry.npmjs.org/react-addons-update/-/react-addons-update-0.14.7.tgz"},"maintainers":[{"name":"graue","email":"scott@oceanbase.org"},{"name":"spicyj","email":"ben@benalpert.com"},{"name":"zpao","email":"paul@oshannessy.com"}],"directories":{}},"15.0.0-rc.1":{"name":"react-addons-update","version":"15.0.0-rc.1","main":"index.js","repository":{"type":"git","url":"git+https://github.com/facebook/react.git"},"keywords":["react","react-addon"],"license":"BSD-3-Clause","dependencies":{},"peerDependencies":{"react":"^15.0.0-rc.1"},"description":"This package provides the React updates add-on.","bugs":{"url":"https://github.com/facebook/react/issues"},"homepage":"https://github.com/facebook/react#readme","_id":"react-addons-update@15.0.0-rc.1","_shasum":"c92f2bce392c95cda17132ee021aae6726510412","_resolved":"file:build/packages/react-addons-update.tgz","_from":"build/packages/react-addons-update.tgz","scripts":{},"_npmVersion":"2.14.12","_nodeVersion":"4.3.0","_npmUser":{"name":"zpao","email":"paul@oshannessy.com"},"maintainers":[{"name":"graue","email":"scott@oceanbase.org"},{"name":"spicyj","email":"ben@benalpert.com"},{"name":"zpao","email":"paul@oshannessy.com"}],"dist":{"shasum":"c92f2bce392c95cda17132ee021aae6726510412","tarball":"https://registry.npmjs.org/react-addons-update/-/react-addons-update-15.0.0-rc.1.tgz"},"_npmOperationalInternal":{"host":"packages-13-west.internal.npmjs.com","tmp":"tmp/react-addons-update-15.0.0-rc.1.tgz_1457399280296_0.46864504436962306"},"directories":{}},"15.0.0-rc.2":{"name":"react-addons-update","version":"15.0.0-rc.2","main":"index.js","repository":{"type":"git","url":"git+https://github.com/facebook/react.git"},"keywords":["react","react-addon"],"license":"BSD-3-Clause","dependencies":{},"peerDependencies":{"react":"^15.0.0-rc.2"},"description":"This package provides the React updates add-on.","bugs":{"url":"https://github.com/facebook/react/issues"},"homepage":"https://github.com/facebook/react#readme","_id":"react-addons-update@15.0.0-rc.2","_shasum":"fbd5a70d41d0aec6e7ed702f35c28f32f63135f4","_resolved":"file:build/packages/react-addons-update.tgz","_from":"build/packages/react-addons-update.tgz","scripts":{},"_npmVersion":"3.8.1","_nodeVersion":"5.1.1","_npmUser":{"name":"gaearon","email":"dan.abramov@gmail.com"},"dist":{"shasum":"fbd5a70d41d0aec6e7ed702f35c28f32f63135f4","tarball":"https://registry.npmjs.org/react-addons-update/-/react-addons-update-15.0.0-rc.2.tgz"},"maintainers":[{"name":"gaearon","email":"dan.abramov@gmail.com"},{"name":"graue","email":"scott@oceanbase.org"},{"name":"sebmarkbage","email":"sebastian@calyptus.eu"},{"name":"spicyj","email":"ben@benalpert.com"},{"name":"zpao","email":"paul@oshannessy.com"}],"_npmOperationalInternal":{"host":"packages-13-west.internal.npmjs.com","tmp":"tmp/react-addons-update-15.0.0-rc.2.tgz_1458166754926_0.9441791956778616"},"directories":{}},"0.14.8":{"name":"react-addons-update","version":"0.14.8","main":"index.js","repository":{"type":"git","url":"git+https://github.com/facebook/react.git"},"keywords":["react","react-addon"],"license":"BSD-3-Clause","dependencies":{},"peerDependencies":{"react":"^0.14.8"},"description":"This package provides the React updates add-on.","bugs":{"url":"https://github.com/facebook/react/issues"},"homepage":"https://github.com/facebook/react#readme","_id":"react-addons-update@0.14.8","_shasum":"486f1fb71e09ef8ad09c0e95fbe59d173782fe1a","_resolved":"file:build/packages/react-addons-update.tgz","_from":"build/packages/react-addons-update.tgz","scripts":{},"_npmVersion":"2.14.7","_nodeVersion":"4.2.1","_npmUser":{"name":"gaearon","email":"dan.abramov@gmail.com"},"dist":{"shasum":"486f1fb71e09ef8ad09c0e95fbe59d173782fe1a","tarball":"https://registry.npmjs.org/react-addons-update/-/react-addons-update-0.14.8.tgz"},"maintainers":[{"name":"gaearon","email":"dan.abramov@gmail.com"},{"name":"graue","email":"scott@oceanbase.org"},{"name":"sebmarkbage","email":"sebastian@calyptus.eu"},{"name":"spicyj","email":"ben@benalpert.com"},{"name":"zpao","email":"paul@oshannessy.com"}],"_npmOperationalInternal":{"host":"packages-16-east.internal.npmjs.com","tmp":"tmp/react-addons-update-0.14.8.tgz_1459268475120_0.8253944886382669"},"directories":{}},"15.0.0":{"name":"react-addons-update","version":"15.0.0","main":"index.js","repository":{"type":"git","url":"git+https://github.com/facebook/react.git"},"keywords":["react","react-addon"],"license":"BSD-3-Clause","dependencies":{},"peerDependencies":{"react":"^15.0.0"},"description":"This package provides the React updates add-on.","bugs":{"url":"https://github.com/facebook/react/issues"},"homepage":"https://github.com/facebook/react#readme","_id":"react-addons-update@15.0.0","_shasum":"516ddc88be9640e6e95acf7afb00bdd816d38344","_resolved":"file:build/packages/react-addons-update.tgz","_from":"build/packages/react-addons-update.tgz","scripts":{},"_npmVersion":"2.15.3","_nodeVersion":"4.4.0","_npmUser":{"name":"zpao","email":"paul@oshannessy.com"},"maintainers":[{"name":"gaearon","email":"dan.abramov@gmail.com"},{"name":"graue","email":"scott@oceanbase.org"},{"name":"sebmarkbage","email":"sebastian@calyptus.eu"},{"name":"spicyj","email":"ben@benalpert.com"},{"name":"zpao","email":"paul@oshannessy.com"}],"dist":{"shasum":"516ddc88be9640e6e95acf7afb00bdd816d38344","tarball":"https://registry.npmjs.org/react-addons-update/-/react-addons-update-15.0.0.tgz"},"_npmOperationalInternal":{"host":"packages-12-west.internal.npmjs.com","tmp":"tmp/react-addons-update-15.0.0.tgz_1460064360085_0.11342253861948848"},"directories":{}},"15.0.1":{"name":"react-addons-update","version":"15.0.1","main":"index.js","repository":{"type":"git","url":"git+https://github.com/facebook/react.git"},"keywords":["react","react-addon"],"license":"BSD-3-Clause","dependencies":{},"peerDependencies":{"react":"^15.0.1"},"description":"This package provides the React updates add-on.","bugs":{"url":"https://github.com/facebook/react/issues"},"homepage":"https://github.com/facebook/react#readme","_id":"react-addons-update@15.0.1","_shasum":"bf21587f908ba2fbfdccb72d837d250be396f5ce","_resolved":"file:build/packages/react-addons-update.tgz","_from":"build/packages/react-addons-update.tgz","scripts":{},"_npmVersion":"2.15.0","_nodeVersion":"4.4.2","_npmUser":{"name":"zpao","email":"paul@oshannessy.com"},"maintainers":[{"name":"gaearon","email":"dan.abramov@gmail.com"},{"name":"graue","email":"scott@oceanbase.org"},{"name":"sebmarkbage","email":"sebastian@calyptus.eu"},{"name":"spicyj","email":"ben@benalpert.com"},{"name":"zpao","email":"paul@oshannessy.com"}],"dist":{"shasum":"bf21587f908ba2fbfdccb72d837d250be396f5ce","tarball":"https://registry.npmjs.org/react-addons-update/-/react-addons-update-15.0.1.tgz"},"_npmOperationalInternal":{"host":"packages-12-west.internal.npmjs.com","tmp":"tmp/react-addons-update-15.0.1.tgz_1460139862781_0.9210049216635525"},"directories":{}},"15.0.2-alpha.1":{"name":"react-addons-update","version":"15.0.2-alpha.1","main":"index.js","repository":{"type":"git","url":"git+https://github.com/facebook/react.git"},"keywords":["react","react-addon"],"license":"BSD-3-Clause","dependencies":{},"peerDependencies":{"react":"^15.0.2-alpha.1"},"description":"This package provides the React updates add-on.","bugs":{"url":"https://github.com/facebook/react/issues"},"homepage":"https://github.com/facebook/react#readme","_id":"react-addons-update@15.0.2-alpha.1","_shasum":"1caa01424b3829152947f77fcfa864f5ae737429","_resolved":"file:build/packages/react-addons-update.tgz","_from":"build/packages/react-addons-update.tgz","scripts":{},"_npmVersion":"2.15.3","_nodeVersion":"4.4.2","_npmUser":{"name":"zpao","email":"paul@oshannessy.com"},"maintainers":[{"name":"gaearon","email":"dan.abramov@gmail.com"},{"name":"graue","email":"scott@oceanbase.org"},{"name":"sebmarkbage","email":"sebastian@calyptus.eu"},{"name":"spicyj","email":"ben@benalpert.com"},{"name":"zpao","email":"paul@oshannessy.com"}],"dist":{"shasum":"1caa01424b3829152947f77fcfa864f5ae737429","tarball":"https://registry.npmjs.org/react-addons-update/-/react-addons-update-15.0.2-alpha.1.tgz"},"_npmOperationalInternal":{"host":"packages-16-east.internal.npmjs.com","tmp":"tmp/react-addons-update-15.0.2-alpha.1.tgz_1461176235080_0.8389712676871568"},"directories":{}},"15.0.2-alpha.2":{"name":"react-addons-update","version":"15.0.2-alpha.2","main":"index.js","repository":{"type":"git","url":"git+https://github.com/facebook/react.git"},"keywords":["react","react-addon"],"license":"BSD-3-Clause","dependencies":{},"peerDependencies":{"react":"^15.0.2-alpha.2"},"description":"This package provides the React updates add-on.","bugs":{"url":"https://github.com/facebook/react/issues"},"homepage":"https://github.com/facebook/react#readme","_id":"react-addons-update@15.0.2-alpha.2","_shasum":"5058a3d38ca51809f504e9f32d4abe88cab5773e","_resolved":"file:build/packages/react-addons-update.tgz","_from":"build/packages/react-addons-update.tgz","scripts":{},"_npmVersion":"2.14.19","_nodeVersion":"4.1.0","_npmUser":{"name":"spicyj","email":"ben@benalpert.com"},"maintainers":[{"name":"gaearon","email":"dan.abramov@gmail.com"},{"name":"graue","email":"scott@oceanbase.org"},{"name":"sebmarkbage","email":"sebastian@calyptus.eu"},{"name":"spicyj","email":"ben@benalpert.com"},{"name":"zpao","email":"paul@oshannessy.com"}],"dist":{"shasum":"5058a3d38ca51809f504e9f32d4abe88cab5773e","tarball":"https://registry.npmjs.org/react-addons-update/-/react-addons-update-15.0.2-alpha.2.tgz"},"_npmOperationalInternal":{"host":"packages-12-west.internal.npmjs.com","tmp":"tmp/react-addons-update-15.0.2-alpha.2.tgz_1461277322170_0.8158638360910118"},"directories":{}},"15.0.2-alpha.3":{"name":"react-addons-update","version":"15.0.2-alpha.3","main":"index.js","repository":{"type":"git","url":"git+https://github.com/facebook/react.git"},"keywords":["react","react-addon"],"license":"BSD-3-Clause","dependencies":{},"peerDependencies":{"react":"^15.0.2-alpha.3"},"description":"This package provides the React updates add-on.","bugs":{"url":"https://github.com/facebook/react/issues"},"homepage":"https://github.com/facebook/react#readme","_id":"react-addons-update@15.0.2-alpha.3","_shasum":"47ab44519165e11f1004d63d44c4a06170ba85eb","_resolved":"file:build/packages/react-addons-update.tgz","_from":"build/packages/react-addons-update.tgz","scripts":{},"_npmVersion":"2.15.3","_nodeVersion":"4.4.2","_npmUser":{"name":"zpao","email":"paul@oshannessy.com"},"maintainers":[{"name":"gaearon","email":"dan.abramov@gmail.com"},{"name":"graue","email":"scott@oceanbase.org"},{"name":"sebmarkbage","email":"sebastian@calyptus.eu"},{"name":"spicyj","email":"ben@benalpert.com"},{"name":"zpao","email":"paul@oshannessy.com"}],"dist":{"shasum":"47ab44519165e11f1004d63d44c4a06170ba85eb","tarball":"https://registry.npmjs.org/react-addons-update/-/react-addons-update-15.0.2-alpha.3.tgz"},"_npmOperationalInternal":{"host":"packages-12-west.internal.npmjs.com","tmp":"tmp/react-addons-update-15.0.2-alpha.3.tgz_1461614629224_0.06557765020988882"},"directories":{}},"15.0.2-alpha.4":{"name":"react-addons-update","version":"15.0.2-alpha.4","main":"index.js","repository":{"type":"git","url":"git+https://github.com/facebook/react.git"},"keywords":["react","react-addon"],"license":"BSD-3-Clause","dependencies":{},"peerDependencies":{"react":"^15.0.2-alpha.4"},"description":"This package provides the React updates add-on.","bugs":{"url":"https://github.com/facebook/react/issues"},"homepage":"https://github.com/facebook/react#readme","_id":"react-addons-update@15.0.2-alpha.4","_shasum":"44747849b16525d902e749a355944fb75638679a","_resolved":"file:build/packages/react-addons-update.tgz","_from":"build/packages/react-addons-update.tgz","scripts":{},"_npmVersion":"2.15.3","_nodeVersion":"4.4.2","_npmUser":{"name":"zpao","email":"paul@oshannessy.com"},"maintainers":[{"name":"gaearon","email":"dan.abramov@gmail.com"},{"name":"graue","email":"scott@oceanbase.org"},{"name":"sebmarkbage","email":"sebastian@calyptus.eu"},{"name":"spicyj","email":"ben@benalpert.com"},{"name":"zpao","email":"paul@oshannessy.com"}],"dist":{"shasum":"44747849b16525d902e749a355944fb75638679a","tarball":"https://registry.npmjs.org/react-addons-update/-/react-addons-update-15.0.2-alpha.4.tgz"},"_npmOperationalInternal":{"host":"packages-16-east.internal.npmjs.com","tmp":"tmp/react-addons-update-15.0.2-alpha.4.tgz_1461827521447_0.9664122783578932"},"directories":{}},"15.0.2":{"name":"react-addons-update","version":"15.0.2","main":"index.js","repository":{"type":"git","url":"git+https://github.com/facebook/react.git"},"keywords":["react","react-addon"],"license":"BSD-3-Clause","dependencies":{},"peerDependencies":{"react":"^15.0.2"},"description":"This package provides the React updates add-on.","bugs":{"url":"https://github.com/facebook/react/issues"},"homepage":"https://github.com/facebook/react#readme","_id":"react-addons-update@15.0.2","_shasum":"3652a03004a2f65e8449206884d9d10aa75b16ff","_resolved":"file:build/packages/react-addons-update.tgz","_from":"build/packages/react-addons-update.tgz","scripts":{},"_npmVersion":"2.15.1","_nodeVersion":"4.4.3","_npmUser":{"name":"zpao","email":"paul@oshannessy.com"},"maintainers":[{"name":"gaearon","email":"dan.abramov@gmail.com"},{"name":"graue","email":"scott@oceanbase.org"},{"name":"sebmarkbage","email":"sebastian@calyptus.eu"},{"name":"spicyj","email":"ben@benalpert.com"},{"name":"zpao","email":"paul@oshannessy.com"}],"dist":{"shasum":"3652a03004a2f65e8449206884d9d10aa75b16ff","tarball":"https://registry.npmjs.org/react-addons-update/-/react-addons-update-15.0.2.tgz"},"_npmOperationalInternal":{"host":"packages-16-east.internal.npmjs.com","tmp":"tmp/react-addons-update-15.0.2.tgz_1461976696477_0.04183909064158797"},"directories":{}},"15.0.3-alpha.1":{"name":"react-addons-update","version":"15.0.3-alpha.1","main":"index.js","repository":{"type":"git","url":"git+https://github.com/facebook/react.git"},"keywords":["react","react-addon"],"license":"BSD-3-Clause","dependencies":{},"peerDependencies":{"react":"^15.0.3-alpha.1"},"description":"This package provides the React updates add-on.","bugs":{"url":"https://github.com/facebook/react/issues"},"homepage":"https://github.com/facebook/react#readme","_id":"react-addons-update@15.0.3-alpha.1","_shasum":"79472d0aa8029b6f1b7468e28073d5a68e87cd40","_resolved":"file:build/packages/react-addons-update.tgz","_from":"build/packages/react-addons-update.tgz","scripts":{},"_npmVersion":"2.15.1","_nodeVersion":"4.4.3","_npmUser":{"name":"zpao","email":"paul@oshannessy.com"},"maintainers":[{"name":"gaearon","email":"dan.abramov@gmail.com"},{"name":"graue","email":"scott@oceanbase.org"},{"name":"sebmarkbage","email":"sebastian@calyptus.eu"},{"name":"spicyj","email":"ben@benalpert.com"},{"name":"zpao","email":"paul@oshannessy.com"}],"dist":{"shasum":"79472d0aa8029b6f1b7468e28073d5a68e87cd40","tarball":"https://registry.npmjs.org/react-addons-update/-/react-addons-update-15.0.3-alpha.1.tgz"},"_npmOperationalInternal":{"host":"packages-16-east.internal.npmjs.com","tmp":"tmp/react-addons-update-15.0.3-alpha.1.tgz_1462304420700_0.9826911194249988"},"directories":{}},"15.0.3-alpha.2":{"name":"react-addons-update","version":"15.0.3-alpha.2","main":"index.js","repository":{"type":"git","url":"git+https://github.com/facebook/react.git"},"keywords":["react","react-addon"],"license":"BSD-3-Clause","dependencies":{},"peerDependencies":{"react":"^15.0.3-alpha.2"},"description":"This package provides the React updates add-on.","bugs":{"url":"https://github.com/facebook/react/issues"},"homepage":"https://github.com/facebook/react#readme","_id":"react-addons-update@15.0.3-alpha.2","_shasum":"daefc3677a9763b4619c1996bfd875720e4f9e7c","_resolved":"file:build/packages/react-addons-update.tgz","_from":"build/packages/react-addons-update.tgz","scripts":{},"_npmVersion":"2.15.1","_nodeVersion":"4.4.3","_npmUser":{"name":"zpao","email":"paul@oshannessy.com"},"maintainers":[{"name":"gaearon","email":"dan.abramov@gmail.com"},{"name":"graue","email":"scott@oceanbase.org"},{"name":"sebmarkbage","email":"sebastian@calyptus.eu"},{"name":"spicyj","email":"ben@benalpert.com"},{"name":"zpao","email":"paul@oshannessy.com"}],"dist":{"shasum":"daefc3677a9763b4619c1996bfd875720e4f9e7c","tarball":"https://registry.npmjs.org/react-addons-update/-/react-addons-update-15.0.3-alpha.2.tgz"},"_npmOperationalInternal":{"host":"packages-12-west.internal.npmjs.com","tmp":"tmp/react-addons-update-15.0.3-alpha.2.tgz_1462855070560_0.0021530159283429384"},"directories":{}},"15.1.0-alpha.1":{"name":"react-addons-update","version":"15.1.0-alpha.1","main":"index.js","repository":{"type":"git","url":"git+https://github.com/facebook/react.git"},"keywords":["react","react-addon"],"license":"BSD-3-Clause","dependencies":{},"peerDependencies":{"react":"^15.1.0-alpha.1"},"description":"This package provides the React updates add-on.","bugs":{"url":"https://github.com/facebook/react/issues"},"homepage":"https://github.com/facebook/react#readme","_id":"react-addons-update@15.1.0-alpha.1","_shasum":"a385d9740e92c3f0b626b976dcdee141f3554197","_resolved":"file:build/packages/react-addons-update.tgz","_from":"build/packages/react-addons-update.tgz","scripts":{},"_npmVersion":"2.15.1","_nodeVersion":"4.4.3","_npmUser":{"name":"zpao","email":"paul@oshannessy.com"},"maintainers":[{"name":"gaearon","email":"dan.abramov@gmail.com"},{"name":"graue","email":"scott@oceanbase.org"},{"name":"sebmarkbage","email":"sebastian@calyptus.eu"},{"name":"spicyj","email":"ben@benalpert.com"},{"name":"zpao","email":"paul@oshannessy.com"}],"dist":{"shasum":"a385d9740e92c3f0b626b976dcdee141f3554197","tarball":"https://registry.npmjs.org/react-addons-update/-/react-addons-update-15.1.0-alpha.1.tgz"},"_npmOperationalInternal":{"host":"packages-12-west.internal.npmjs.com","tmp":"tmp/react-addons-update-15.1.0-alpha.1.tgz_1462858101991_0.3822424227837473"},"directories":{}},"15.1.0":{"name":"react-addons-update","version":"15.1.0","main":"index.js","repository":{"type":"git","url":"git+https://github.com/facebook/react.git"},"keywords":["react","react-addon"],"license":"BSD-3-Clause","dependencies":{},"peerDependencies":{"react":"^15.1.0"},"description":"This package provides the React updates add-on.","bugs":{"url":"https://github.com/facebook/react/issues"},"homepage":"https://github.com/facebook/react#readme","_id":"react-addons-update@15.1.0","_shasum":"86d7361e9b2cbb71cd64f19cd63e85c0b615e99a","_resolved":"file:build/packages/react-addons-update.tgz","_from":"build/packages/react-addons-update.tgz","scripts":{},"_npmVersion":"2.15.1","_nodeVersion":"4.4.3","_npmUser":{"name":"zpao","email":"paul@oshannessy.com"},"maintainers":[{"name":"gaearon","email":"dan.abramov@gmail.com"},{"name":"graue","email":"scott@oceanbase.org"},{"name":"sebmarkbage","email":"sebastian@calyptus.eu"},{"name":"spicyj","email":"ben@benalpert.com"},{"name":"zpao","email":"paul@oshannessy.com"}],"dist":{"shasum":"86d7361e9b2cbb71cd64f19cd63e85c0b615e99a","tarball":"https://registry.npmjs.org/react-addons-update/-/react-addons-update-15.1.0.tgz"},"_npmOperationalInternal":{"host":"packages-16-east.internal.npmjs.com","tmp":"tmp/react-addons-update-15.1.0.tgz_1463785575887_0.49359041661955416"},"directories":{}},"15.2.0-rc.1":{"name":"react-addons-update","version":"15.2.0-rc.1","main":"index.js","repository":{"type":"git","url":"git+https://github.com/facebook/react.git"},"keywords":["react","react-addon"],"license":"BSD-3-Clause","dependencies":{},"peerDependencies":{"react":"^15.2.0-rc.1"},"description":"This package provides the React updates add-on.","bugs":{"url":"https://github.com/facebook/react/issues"},"homepage":"https://github.com/facebook/react#readme","_id":"react-addons-update@15.2.0-rc.1","_shasum":"0dd14ff4d2a7965c20d501386e39bb0502bed22d","_resolved":"file:build/packages/react-addons-update.tgz","_from":"build/packages/react-addons-update.tgz","scripts":{},"_npmVersion":"2.15.5","_nodeVersion":"4.4.5","_npmUser":{"name":"zpao","email":"paul@oshannessy.com"},"maintainers":[{"name":"gaearon","email":"dan.abramov@gmail.com"},{"name":"graue","email":"scott@oceanbase.org"},{"name":"sebmarkbage","email":"sebastian@calyptus.eu"},{"name":"spicyj","email":"ben@benalpert.com"},{"name":"zpao","email":"paul@oshannessy.com"}],"dist":{"shasum":"0dd14ff4d2a7965c20d501386e39bb0502bed22d","tarball":"https://registry.npmjs.org/react-addons-update/-/react-addons-update-15.2.0-rc.1.tgz"},"_npmOperationalInternal":{"host":"packages-12-west.internal.npmjs.com","tmp":"tmp/react-addons-update-15.2.0-rc.1.tgz_1465954203938_0.2474157630931586"},"directories":{}},"15.2.0-rc.2":{"name":"react-addons-update","version":"15.2.0-rc.2","main":"index.js","repository":{"type":"git","url":"git+https://github.com/facebook/react.git"},"keywords":["react","react-addon"],"license":"BSD-3-Clause","dependencies":{},"peerDependencies":{"react":"^15.2.0-rc.2"},"description":"This package provides the React updates add-on.","bugs":{"url":"https://github.com/facebook/react/issues"},"homepage":"https://github.com/facebook/react#readme","_id":"react-addons-update@15.2.0-rc.2","_shasum":"5438e6e07abf400be284109d68e0365c51c6c1ae","_resolved":"file:build/packages/react-addons-update.tgz","_from":"build/packages/react-addons-update.tgz","scripts":{},"_npmVersion":"2.15.5","_nodeVersion":"4.4.5","_npmUser":{"name":"zpao","email":"paul@oshannessy.com"},"maintainers":[{"name":"gaearon","email":"dan.abramov@gmail.com"},{"name":"graue","email":"scott@oceanbase.org"},{"name":"sebmarkbage","email":"sebastian@calyptus.eu"},{"name":"spicyj","email":"ben@benalpert.com"},{"name":"zpao","email":"paul@oshannessy.com"}],"dist":{"shasum":"5438e6e07abf400be284109d68e0365c51c6c1ae","tarball":"https://registry.npmjs.org/react-addons-update/-/react-addons-update-15.2.0-rc.2.tgz"},"_npmOperationalInternal":{"host":"packages-12-west.internal.npmjs.com","tmp":"tmp/react-addons-update-15.2.0-rc.2.tgz_1467354720400_0.34635725477710366"},"directories":{}},"15.2.0":{"name":"react-addons-update","version":"15.2.0","main":"index.js","repository":{"type":"git","url":"git+https://github.com/facebook/react.git"},"keywords":["react","react-addon"],"license":"BSD-3-Clause","dependencies":{},"peerDependencies":{"react":"^15.2.0"},"description":"This package provides the React updates add-on.","bugs":{"url":"https://github.com/facebook/react/issues"},"homepage":"https://github.com/facebook/react#readme","_id":"react-addons-update@15.2.0","_shasum":"fbd3aec69b77c16b5ac53aed20aaa104b49a27f9","_resolved":"file:build/packages/react-addons-update.tgz","_from":"build/packages/react-addons-update.tgz","scripts":{},"_npmVersion":"2.15.5","_nodeVersion":"4.4.5","_npmUser":{"name":"zpao","email":"paul@oshannessy.com"},"maintainers":[{"name":"gaearon","email":"dan.abramov@gmail.com"},{"name":"graue","email":"scott@oceanbase.org"},{"name":"sebmarkbage","email":"sebastian@calyptus.eu"},{"name":"spicyj","email":"ben@benalpert.com"},{"name":"zpao","email":"paul@oshannessy.com"}],"dist":{"shasum":"fbd3aec69b77c16b5ac53aed20aaa104b49a27f9","tarball":"https://registry.npmjs.org/react-addons-update/-/react-addons-update-15.2.0.tgz"},"_npmOperationalInternal":{"host":"packages-16-east.internal.npmjs.com","tmp":"tmp/react-addons-update-15.2.0.tgz_1467399130142_0.49569232552312315"},"directories":{}},"15.2.1":{"name":"react-addons-update","version":"15.2.1","main":"index.js","repository":{"type":"git","url":"git+https://github.com/facebook/react.git"},"keywords":["react","react-addon"],"license":"BSD-3-Clause","dependencies":{},"peerDependencies":{"react":"^15.2.1"},"description":"This package provides the React updates add-on.","bugs":{"url":"https://github.com/facebook/react/issues"},"homepage":"https://github.com/facebook/react#readme","_id":"react-addons-update@15.2.1","_shasum":"4558e42577e7962c49b6580ddef0e8713487b1ff","_resolved":"file:build/packages/react-addons-update.tgz","_from":"build/packages/react-addons-update.tgz","scripts":{},"_npmVersion":"2.15.5","_nodeVersion":"4.4.5","_npmUser":{"name":"zpao","email":"paul@oshannessy.com"},"maintainers":[{"name":"gaearon","email":"dan.abramov@gmail.com"},{"name":"graue","email":"scott@oceanbase.org"},{"name":"sebmarkbage","email":"sebastian@calyptus.eu"},{"name":"spicyj","email":"ben@benalpert.com"},{"name":"zpao","email":"paul@oshannessy.com"}],"dist":{"shasum":"4558e42577e7962c49b6580ddef0e8713487b1ff","tarball":"https://registry.npmjs.org/react-addons-update/-/react-addons-update-15.2.1.tgz"},"_npmOperationalInternal":{"host":"packages-12-west.internal.npmjs.com","tmp":"tmp/react-addons-update-15.2.1.tgz_1468017064294_0.4678618668112904"},"directories":{}},"15.3.0-rc.1":{"name":"react-addons-update","version":"15.3.0-rc.1","main":"index.js","repository":{"type":"git","url":"git+https://github.com/facebook/react.git"},"keywords":["react","react-addon"],"license":"BSD-3-Clause","dependencies":{},"peerDependencies":{"react":"^15.3.0-rc.1"},"description":"This package provides the React updates add-on.","bugs":{"url":"https://github.com/facebook/react/issues"},"homepage":"https://github.com/facebook/react#readme","_id":"react-addons-update@15.3.0-rc.1","_shasum":"8b0ad6412a19b7592f6813ca4311a9edd2d1c4ce","_resolved":"file:build/packages/react-addons-update.tgz","_from":"build/packages/react-addons-update.tgz","scripts":{},"_npmVersion":"3.9.6","_nodeVersion":"6.2.0","_npmUser":{"name":"zpao","email":"paul@oshannessy.com"},"maintainers":[{"name":"gaearon","email":"dan.abramov@gmail.com"},{"name":"graue","email":"scott@oceanbase.org"},{"name":"sebmarkbage","email":"sebastian@calyptus.eu"},{"name":"spicyj","email":"ben@benalpert.com"},{"name":"zpao","email":"paul@oshannessy.com"}],"dist":{"shasum":"8b0ad6412a19b7592f6813ca4311a9edd2d1c4ce","tarball":"https://registry.npmjs.org/react-addons-update/-/react-addons-update-15.3.0-rc.1.tgz"},"_npmOperationalInternal":{"host":"packages-16-east.internal.npmjs.com","tmp":"tmp/react-addons-update-15.3.0-rc.1.tgz_1468436302525_0.4035459461156279"},"directories":{}},"15.3.0-rc.2":{"name":"react-addons-update","version":"15.3.0-rc.2","main":"index.js","repository":{"type":"git","url":"git+https://github.com/facebook/react.git"},"keywords":["react","react-addon"],"license":"BSD-3-Clause","dependencies":{},"peerDependencies":{"react":"^15.3.0-rc.2"},"description":"This package provides the React updates add-on.","bugs":{"url":"https://github.com/facebook/react/issues"},"homepage":"https://github.com/facebook/react#readme","_id":"react-addons-update@15.3.0-rc.2","_shasum":"6d83be581fc0dc727d9712fc43712d557505e381","_resolved":"file:build/packages/react-addons-update.tgz","_from":"build/packages/react-addons-update.tgz","scripts":{},"_npmVersion":"3.9.6","_nodeVersion":"6.2.0","_npmUser":{"name":"zpao","email":"paul@oshannessy.com"},"maintainers":[{"name":"gaearon","email":"dan.abramov@gmail.com"},{"name":"graue","email":"scott@oceanbase.org"},{"name":"sebmarkbage","email":"sebastian@calyptus.eu"},{"name":"spicyj","email":"ben@benalpert.com"},{"name":"zpao","email":"paul@oshannessy.com"}],"dist":{"shasum":"6d83be581fc0dc727d9712fc43712d557505e381","tarball":"https://registry.npmjs.org/react-addons-update/-/react-addons-update-15.3.0-rc.2.tgz"},"_npmOperationalInternal":{"host":"packages-16-east.internal.npmjs.com","tmp":"tmp/react-addons-update-15.3.0-rc.2.tgz_1468443718761_0.9943771841935813"},"directories":{}},"15.3.0-rc.3":{"name":"react-addons-update","version":"15.3.0-rc.3","main":"index.js","repository":{"type":"git","url":"git+https://github.com/facebook/react.git"},"keywords":["react","react-addon"],"license":"BSD-3-Clause","dependencies":{},"peerDependencies":{"react":"^15.3.0-rc.3"},"description":"This package provides the React updates add-on.","bugs":{"url":"https://github.com/facebook/react/issues"},"homepage":"https://github.com/facebook/react#readme","_id":"react-addons-update@15.3.0-rc.3","_shasum":"810436bb763db44d4068dc7a718e352826fb0b76","_resolved":"file:build/packages/react-addons-update.tgz","_from":"build/packages/react-addons-update.tgz","scripts":{},"_npmVersion":"3.9.6","_nodeVersion":"6.2.0","_npmUser":{"name":"zpao","email":"paul@oshannessy.com"},"maintainers":[{"name":"gaearon","email":"dan.abramov@gmail.com"},{"name":"graue","email":"scott@oceanbase.org"},{"name":"sebmarkbage","email":"sebastian@calyptus.eu"},{"name":"spicyj","email":"ben@benalpert.com"},{"name":"zpao","email":"paul@oshannessy.com"}],"dist":{"shasum":"810436bb763db44d4068dc7a718e352826fb0b76","tarball":"https://registry.npmjs.org/react-addons-update/-/react-addons-update-15.3.0-rc.3.tgz"},"_npmOperationalInternal":{"host":"packages-12-west.internal.npmjs.com","tmp":"tmp/react-addons-update-15.3.0-rc.3.tgz_1469141945889_0.7475147261284292"},"directories":{}},"15.3.0":{"name":"react-addons-update","version":"15.3.0","main":"index.js","repository":{"type":"git","url":"git+https://github.com/facebook/react.git"},"keywords":["react","react-addon"],"license":"BSD-3-Clause","dependencies":{},"peerDependencies":{"react":"^15.3.0"},"description":"This package provides the React updates add-on.","bugs":{"url":"https://github.com/facebook/react/issues"},"homepage":"https://github.com/facebook/react#readme","_id":"react-addons-update@15.3.0","_shasum":"69782a29e037d5a621f6da88c35442e3bf113029","_resolved":"file:build/packages/react-addons-update.tgz","_from":"build/packages/react-addons-update.tgz","scripts":{},"_npmVersion":"3.9.6","_nodeVersion":"6.2.0","_npmUser":{"name":"zpao","email":"paul@oshannessy.com"},"maintainers":[{"name":"fb","email":"opensource+npm@fb.com"},{"name":"gaearon","email":"dan.abramov@gmail.com"},{"name":"graue","email":"scott@oceanbase.org"},{"name":"sebmarkbage","email":"sebastian@calyptus.eu"},{"name":"spicyj","email":"ben@benalpert.com"},{"name":"zpao","email":"paul@oshannessy.com"}],"dist":{"shasum":"69782a29e037d5a621f6da88c35442e3bf113029","tarball":"https://registry.npmjs.org/react-addons-update/-/react-addons-update-15.3.0.tgz"},"_npmOperationalInternal":{"host":"packages-12-west.internal.npmjs.com","tmp":"tmp/react-addons-update-15.3.0.tgz_1469817491352_0.7800260330550373"},"directories":{}},"15.3.1-rc.1":{"name":"react-addons-update","version":"15.3.1-rc.1","main":"index.js","repository":{"type":"git","url":"git+https://github.com/facebook/react.git"},"keywords":["react","react-addon"],"license":"BSD-3-Clause","dependencies":{},"peerDependencies":{"react":"^15.3.1-rc.1"},"files":["LICENSE","PATENTS","README.md","index.js"],"description":"This package provides the React updates add-on.","bugs":{"url":"https://github.com/facebook/react/issues"},"homepage":"https://github.com/facebook/react#readme","_id":"react-addons-update@15.3.1-rc.1","_shasum":"935bdd181134baaf89f34da17a51cbb903dc42c1","_resolved":"file:build/packages/react-addons-update.tgz","_from":"build/packages/react-addons-update.tgz","scripts":{},"_npmVersion":"2.15.5","_nodeVersion":"4.4.5","_npmUser":{"name":"zpao","email":"paul@oshannessy.com"},"maintainers":[{"name":"fb","email":"opensource+npm@fb.com"},{"name":"gaearon","email":"dan.abramov@gmail.com"},{"name":"graue","email":"scott@oceanbase.org"},{"name":"sebmarkbage","email":"sebastian@calyptus.eu"},{"name":"spicyj","email":"ben@benalpert.com"},{"name":"zpao","email":"paul@oshannessy.com"}],"dist":{"shasum":"935bdd181134baaf89f34da17a51cbb903dc42c1","tarball":"https://registry.npmjs.org/react-addons-update/-/react-addons-update-15.3.1-rc.1.tgz"},"_npmOperationalInternal":{"host":"packages-12-west.internal.npmjs.com","tmp":"tmp/react-addons-update-15.3.1-rc.1.tgz_1471044917970_0.42753016180358827"},"directories":{}},"15.3.1-rc.2":{"name":"react-addons-update","version":"15.3.1-rc.2","main":"index.js","repository":{"type":"git","url":"git+https://github.com/facebook/react.git"},"keywords":["react","react-addon"],"license":"BSD-3-Clause","dependencies":{},"peerDependencies":{"react":"^15.3.1-rc.2"},"files":["LICENSE","PATENTS","README.md","index.js"],"description":"This package provides the React updates add-on.","bugs":{"url":"https://github.com/facebook/react/issues"},"homepage":"https://github.com/facebook/react#readme","_id":"react-addons-update@15.3.1-rc.2","_shasum":"4a22f0faf61150d6c47349ee84859e6e388e98bc","_resolved":"file:build/packages/react-addons-update.tgz","_from":"build/packages/react-addons-update.tgz","scripts":{},"_npmVersion":"2.15.5","_nodeVersion":"4.4.5","_npmUser":{"name":"zpao","email":"paul@oshannessy.com"},"maintainers":[{"name":"fb","email":"opensource+npm@fb.com"},{"name":"gaearon","email":"dan.abramov@gmail.com"},{"name":"graue","email":"scott@oceanbase.org"},{"name":"sebmarkbage","email":"sebastian@calyptus.eu"},{"name":"spicyj","email":"ben@benalpert.com"},{"name":"zpao","email":"paul@oshannessy.com"}],"dist":{"shasum":"4a22f0faf61150d6c47349ee84859e6e388e98bc","tarball":"https://registry.npmjs.org/react-addons-update/-/react-addons-update-15.3.1-rc.2.tgz"},"_npmOperationalInternal":{"host":"packages-16-east.internal.npmjs.com","tmp":"tmp/react-addons-update-15.3.1-rc.2.tgz_1471301774210_0.28572189691476524"},"directories":{}},"15.3.1":{"name":"react-addons-update","version":"15.3.1","main":"index.js","repository":{"type":"git","url":"git+https://github.com/facebook/react.git"},"keywords":["react","react-addon"],"license":"BSD-3-Clause","dependencies":{},"peerDependencies":{"react":"^15.3.1"},"files":["LICENSE","PATENTS","README.md","index.js"],"description":"This package provides the React updates add-on.","bugs":{"url":"https://github.com/facebook/react/issues"},"homepage":"https://github.com/facebook/react#readme","_id":"react-addons-update@15.3.1","_shasum":"a4efa7dbe62cd07217704f69aff26bf100dc769a","_resolved":"file:build/packages/react-addons-update.tgz","_from":"build/packages/react-addons-update.tgz","scripts":{},"_npmVersion":"2.15.5","_nodeVersion":"4.4.5","_npmUser":{"name":"zpao","email":"paul@oshannessy.com"},"maintainers":[{"name":"fb","email":"opensource+npm@fb.com"},{"name":"gaearon","email":"dan.abramov@gmail.com"},{"name":"graue","email":"scott@oceanbase.org"},{"name":"sebmarkbage","email":"sebastian@calyptus.eu"},{"name":"spicyj","email":"ben@benalpert.com"},{"name":"zpao","email":"paul@oshannessy.com"}],"dist":{"shasum":"a4efa7dbe62cd07217704f69aff26bf100dc769a","tarball":"https://registry.npmjs.org/react-addons-update/-/react-addons-update-15.3.1.tgz"},"_npmOperationalInternal":{"host":"packages-16-east.internal.npmjs.com","tmp":"tmp/react-addons-update-15.3.1.tgz_1471632609267_0.9007232065778226"},"directories":{}},"15.3.2-rc.1":{"name":"react-addons-update","version":"15.3.2-rc.1","main":"index.js","repository":{"type":"git","url":"git+https://github.com/facebook/react.git"},"keywords":["react","react-addon"],"license":"BSD-3-Clause","dependencies":{},"peerDependencies":{"react":"^15.3.2-rc.1"},"files":["LICENSE","PATENTS","README.md","index.js"],"description":"This package provides the React updates add-on.","bugs":{"url":"https://github.com/facebook/react/issues"},"homepage":"https://github.com/facebook/react#readme","_id":"react-addons-update@15.3.2-rc.1","_shasum":"1d809daa945fd4c4def4c828c888a8e902680760","_resolved":"file:build/packages/react-addons-update.tgz","_from":"build/packages/react-addons-update.tgz","scripts":{},"_npmVersion":"3.10.3","_nodeVersion":"6.5.0","_npmUser":{"name":"zpao","email":"paul@oshannessy.com"},"maintainers":[{"name":"fb","email":"opensource+npm@fb.com"},{"name":"gaearon","email":"dan.abramov@gmail.com"},{"name":"graue","email":"scott@oceanbase.org"},{"name":"sebmarkbage","email":"sebastian@calyptus.eu"},{"name":"spicyj","email":"ben@benalpert.com"},{"name":"zpao","email":"paul@oshannessy.com"}],"dist":{"shasum":"1d809daa945fd4c4def4c828c888a8e902680760","tarball":"https://registry.npmjs.org/react-addons-update/-/react-addons-update-15.3.2-rc.1.tgz"},"_npmOperationalInternal":{"host":"packages-12-west.internal.npmjs.com","tmp":"tmp/react-addons-update-15.3.2-rc.1.tgz_1473983011473_0.5942974323406816"},"directories":{}},"15.3.2":{"name":"react-addons-update","version":"15.3.2","main":"index.js","repository":{"type":"git","url":"git+https://github.com/facebook/react.git"},"keywords":["react","react-addon"],"license":"BSD-3-Clause","dependencies":{},"peerDependencies":{"react":"^15.3.2"},"files":["LICENSE","PATENTS","README.md","index.js"],"description":"This package provides the React updates add-on.","bugs":{"url":"https://github.com/facebook/react/issues"},"homepage":"https://github.com/facebook/react#readme","_id":"react-addons-update@15.3.2","_shasum":"b6385c4db1e5df371825e0615b04360ed94430fe","_resolved":"file:build/packages/react-addons-update.tgz","_from":"build/packages/react-addons-update.tgz","scripts":{},"_npmVersion":"3.10.3","_nodeVersion":"6.5.0","_npmUser":{"name":"zpao","email":"paul@oshannessy.com"},"maintainers":[{"name":"fb","email":"opensource+npm@fb.com"},{"name":"gaearon","email":"dan.abramov@gmail.com"},{"name":"graue","email":"scott@oceanbase.org"},{"name":"sebmarkbage","email":"sebastian@calyptus.eu"},{"name":"spicyj","email":"ben@benalpert.com"},{"name":"zpao","email":"paul@oshannessy.com"}],"dist":{"shasum":"b6385c4db1e5df371825e0615b04360ed94430fe","tarball":"https://registry.npmjs.org/react-addons-update/-/react-addons-update-15.3.2.tgz"},"_npmOperationalInternal":{"host":"packages-16-east.internal.npmjs.com","tmp":"tmp/react-addons-update-15.3.2.tgz_1474307213160_0.6651179669424891"},"directories":{}},"15.4.0-rc.1":{"name":"react-addons-update","version":"15.4.0-rc.1","main":"index.js","repository":{"type":"git","url":"git+https://github.com/facebook/react.git"},"keywords":["react","react-addon"],"license":"BSD-3-Clause","dependencies":{},"peerDependencies":{"react":"^15.4.0-rc.1"},"files":["LICENSE","PATENTS","README.md","index.js"],"description":"This package provides the React updates add-on.","bugs":{"url":"https://github.com/facebook/react/issues"},"homepage":"https://github.com/facebook/react#readme","_id":"react-addons-update@15.4.0-rc.1","_shasum":"78cea7ee801161b4f9b62bd96a4ea87adff9ecd9","_resolved":"file:build/packages/react-addons-update.tgz","_from":"build/packages/react-addons-update.tgz","scripts":{},"_npmVersion":"3.10.3","_nodeVersion":"6.7.0","_npmUser":{"name":"zpao","email":"paul@oshannessy.com"},"maintainers":[{"name":"fb","email":"opensource+npm@fb.com"},{"name":"gaearon","email":"dan.abramov@gmail.com"},{"name":"graue","email":"scott@oceanbase.org"},{"name":"sebmarkbage","email":"sebastian@calyptus.eu"},{"name":"spicyj","email":"ben@benalpert.com"},{"name":"zpao","email":"paul@oshannessy.com"}],"dist":{"shasum":"78cea7ee801161b4f9b62bd96a4ea87adff9ecd9","tarball":"https://registry.npmjs.org/react-addons-update/-/react-addons-update-15.4.0-rc.1.tgz"},"_npmOperationalInternal":{"host":"packages-12-west.internal.npmjs.com","tmp":"tmp/react-addons-update-15.4.0-rc.1.tgz_1475620534978_0.5460564764216542"},"directories":{}},"15.4.0-rc.2":{"name":"react-addons-update","version":"15.4.0-rc.2","main":"index.js","repository":{"type":"git","url":"git+https://github.com/facebook/react.git"},"keywords":["react","react-addon"],"license":"BSD-3-Clause","dependencies":{},"peerDependencies":{"react":"^15.4.0-rc.2"},"files":["LICENSE","PATENTS","README.md","index.js"],"description":"This package provides the React updates add-on.","bugs":{"url":"https://github.com/facebook/react/issues"},"homepage":"https://github.com/facebook/react#readme","_id":"react-addons-update@15.4.0-rc.2","_shasum":"efdb4ab267df843e903e51f2943025564876c618","_resolved":"file:build/packages/react-addons-update.tgz","_from":"build/packages/react-addons-update.tgz","scripts":{},"_npmVersion":"3.10.3","_nodeVersion":"6.7.0","_npmUser":{"name":"zpao","email":"paul@oshannessy.com"},"maintainers":[{"name":"fb","email":"opensource+npm@fb.com"},{"name":"gaearon","email":"dan.abramov@gmail.com"},{"name":"graue","email":"scott@oceanbase.org"},{"name":"sebmarkbage","email":"sebastian@calyptus.eu"},{"name":"spicyj","email":"ben@benalpert.com"},{"name":"zpao","email":"paul@oshannessy.com"}],"dist":{"shasum":"efdb4ab267df843e903e51f2943025564876c618","tarball":"https://registry.npmjs.org/react-addons-update/-/react-addons-update-15.4.0-rc.2.tgz"},"_npmOperationalInternal":{"host":"packages-12-west.internal.npmjs.com","tmp":"tmp/react-addons-update-15.4.0-rc.2.tgz_1475707853840_0.970088230445981"},"directories":{}},"15.4.0-rc.3":{"name":"react-addons-update","version":"15.4.0-rc.3","main":"index.js","repository":{"type":"git","url":"git+https://github.com/facebook/react.git"},"keywords":["react","react-addon"],"license":"BSD-3-Clause","dependencies":{},"peerDependencies":{"react":"^15.4.0-rc.3"},"files":["LICENSE","PATENTS","README.md","index.js"],"description":"This package provides the React updates add-on.","bugs":{"url":"https://github.com/facebook/react/issues"},"homepage":"https://github.com/facebook/react#readme","_id":"react-addons-update@15.4.0-rc.3","_shasum":"a6443e752274170281b89e34b73946eadfbff6a2","_resolved":"file:packages/react-addons-update.tgz","_from":"packages/react-addons-update.tgz","scripts":{},"_npmVersion":"3.10.3","_nodeVersion":"6.3.1","_npmUser":{"name":"gaearon","email":"dan.abramov@gmail.com"},"dist":{"shasum":"a6443e752274170281b89e34b73946eadfbff6a2","tarball":"https://registry.npmjs.org/react-addons-update/-/react-addons-update-15.4.0-rc.3.tgz"},"maintainers":[{"name":"fb","email":"opensource+npm@fb.com"},{"name":"gaearon","email":"dan.abramov@gmail.com"},{"name":"graue","email":"scott@oceanbase.org"},{"name":"sebmarkbage","email":"sebastian@calyptus.eu"},{"name":"spicyj","email":"ben@benalpert.com"},{"name":"zpao","email":"paul@oshannessy.com"}],"_npmOperationalInternal":{"host":"packages-12-west.internal.npmjs.com","tmp":"tmp/react-addons-update-15.4.0-rc.3.tgz_1476472453033_0.3546767008956522"},"directories":{}},"15.4.0-rc.4":{"name":"react-addons-update","version":"15.4.0-rc.4","main":"index.js","repository":{"type":"git","url":"git+https://github.com/facebook/react.git"},"keywords":["react","react-addon"],"license":"BSD-3-Clause","dependencies":{},"peerDependencies":{"react":"^15.4.0-rc.4"},"files":["LICENSE","PATENTS","README.md","index.js"],"description":"This package provides the React updates add-on.","bugs":{"url":"https://github.com/facebook/react/issues"},"homepage":"https://github.com/facebook/react#readme","_id":"react-addons-update@15.4.0-rc.4","scripts":{},"_shasum":"37bba6d7d578a7ab20e0d5e94afade69c7161156","_from":".","_npmVersion":"3.10.3","_nodeVersion":"6.6.0","_npmUser":{"name":"sebmarkbage","email":"sebastian@calyptus.eu"},"maintainers":[{"name":"fb","email":"opensource+npm@fb.com"},{"name":"gaearon","email":"dan.abramov@gmail.com"},{"name":"graue","email":"scott@oceanbase.org"},{"name":"sebmarkbage","email":"sebastian@calyptus.eu"},{"name":"spicyj","email":"ben@benalpert.com"},{"name":"zpao","email":"paul@oshannessy.com"}],"dist":{"shasum":"37bba6d7d578a7ab20e0d5e94afade69c7161156","tarball":"https://registry.npmjs.org/react-addons-update/-/react-addons-update-15.4.0-rc.4.tgz"},"_npmOperationalInternal":{"host":"packages-12-west.internal.npmjs.com","tmp":"tmp/react-addons-update-15.4.0-rc.4.tgz_1476482666089_0.22516297874972224"},"directories":{}},"15.4.0":{"name":"react-addons-update","version":"15.4.0","main":"index.js","repository":{"type":"git","url":"git+https://github.com/facebook/react.git"},"keywords":["react","react-addon"],"license":"BSD-3-Clause","dependencies":{},"peerDependencies":{"react":"^15.4.0"},"files":["LICENSE","PATENTS","README.md","index.js"],"description":"This package provides the React updates add-on.","bugs":{"url":"https://github.com/facebook/react/issues"},"homepage":"https://github.com/facebook/react#readme","_id":"react-addons-update@15.4.0","_shasum":"9b7e0a9e6b66d60e4ac39f7aafaecc9d4d2175c3","_resolved":"file:build/packages/react-addons-update.tgz","_from":"build/packages/react-addons-update.tgz","scripts":{},"_npmVersion":"3.10.8","_nodeVersion":"6.9.1","_npmUser":{"name":"tomocchino","email":"tomocchino@gmail.com"},"dist":{"shasum":"9b7e0a9e6b66d60e4ac39f7aafaecc9d4d2175c3","tarball":"https://registry.npmjs.org/react-addons-update/-/react-addons-update-15.4.0.tgz"},"maintainers":[{"name":"fb","email":"opensource+npm@fb.com"},{"name":"gaearon","email":"dan.abramov@gmail.com"},{"name":"graue","email":"scott@oceanbase.org"},{"name":"sebmarkbage","email":"sebastian@calyptus.eu"},{"name":"spicyj","email":"ben@benalpert.com"},{"name":"tomocchino","email":"tomocchino@gmail.com"},{"name":"zpao","email":"paul@oshannessy.com"}],"_npmOperationalInternal":{"host":"packages-12-west.internal.npmjs.com","tmp":"tmp/react-addons-update-15.4.0.tgz_1479306769077_0.6205262327566743"},"directories":{}},"15.4.1":{"name":"react-addons-update","version":"15.4.1","main":"index.js","repository":{"type":"git","url":"git+https://github.com/facebook/react.git"},"keywords":["react","react-addon"],"license":"BSD-3-Clause","dependencies":{},"peerDependencies":{"react":"^15.4.1"},"files":["LICENSE","PATENTS","README.md","index.js"],"description":"This package provides the React updates add-on.","bugs":{"url":"https://github.com/facebook/react/issues"},"homepage":"https://github.com/facebook/react#readme","_id":"react-addons-update@15.4.1","_shasum":"00c07f45243aa9715e1706bbfd1f23d3d8d80bd1","_resolved":"file:build/packages/react-addons-update.tgz","_from":"build/packages/react-addons-update.tgz","scripts":{},"_npmVersion":"3.10.8","_nodeVersion":"6.9.0","_npmUser":{"name":"spicyj","email":"ben@benalpert.com"},"maintainers":[{"name":"fb","email":"opensource+npm@fb.com"},{"name":"gaearon","email":"dan.abramov@gmail.com"},{"name":"graue","email":"scott@oceanbase.org"},{"name":"sebmarkbage","email":"sebastian@calyptus.eu"},{"name":"spicyj","email":"ben@benalpert.com"},{"name":"tomocchino","email":"tomocchino@gmail.com"},{"name":"zpao","email":"paul@oshannessy.com"}],"dist":{"shasum":"00c07f45243aa9715e1706bbfd1f23d3d8d80bd1","tarball":"https://registry.npmjs.org/react-addons-update/-/react-addons-update-15.4.1.tgz"},"_npmOperationalInternal":{"host":"packages-18-east.internal.npmjs.com","tmp":"tmp/react-addons-update-15.4.1.tgz_1479866342582_0.8509294611867517"},"directories":{}},"15.4.2":{"name":"react-addons-update","version":"15.4.2","main":"index.js","repository":{"type":"git","url":"git+https://github.com/facebook/react.git"},"keywords":["react","react-addon"],"license":"BSD-3-Clause","dependencies":{"fbjs":"^0.8.4","object-assign":"^4.1.0"},"peerDependencies":{"react":"^15.4.2"},"files":["LICENSE","PATENTS","README.md","index.js"],"description":"This package provides the React updates add-on.","bugs":{"url":"https://github.com/facebook/react/issues"},"homepage":"https://github.com/facebook/react#readme","_id":"react-addons-update@15.4.2","_shasum":"43a9578e3b46bc5f7eed2ba52560dd57a8aff918","_resolved":"file:build/packages/react-addons-update.tgz","_from":"build/packages/react-addons-update.tgz","scripts":{},"_npmVersion":"3.10.8","_nodeVersion":"6.3.1","_npmUser":{"name":"gaearon","email":"dan.abramov@gmail.com"},"dist":{"shasum":"43a9578e3b46bc5f7eed2ba52560dd57a8aff918","tarball":"https://registry.npmjs.org/react-addons-update/-/react-addons-update-15.4.2.tgz"},"maintainers":[{"name":"fb","email":"opensource+npm@fb.com"},{"name":"gaearon","email":"dan.abramov@gmail.com"},{"name":"graue","email":"scott@oceanbase.org"},{"name":"sebmarkbage","email":"sebastian@calyptus.eu"},{"name":"spicyj","email":"ben@benalpert.com"},{"name":"tomocchino","email":"tomocchino@gmail.com"},{"name":"zpao","email":"paul@oshannessy.com"}],"_npmOperationalInternal":{"host":"packages-18-east.internal.npmjs.com","tmp":"tmp/react-addons-update-15.4.2.tgz_1483733764411_0.9396730114240199"},"directories":{}},"16.0.0-alpha":{"name":"react-addons-update","version":"16.0.0-alpha","main":"index.js","repository":{"type":"git","url":"git+https://github.com/facebook/react.git"},"keywords":["react","react-addon"],"license":"BSD-3-Clause","dependencies":{"fbjs":"^0.8.4","object-assign":"^4.1.0"},"peerDependencies":{"react":"^16.0.0-alpha"},"files":["LICENSE","PATENTS","README.md","index.js"],"description":"This package provides the React updates add-on.","bugs":{"url":"https://github.com/facebook/react/issues"},"homepage":"https://github.com/facebook/react#readme","_id":"react-addons-update@16.0.0-alpha","_shasum":"dc31cb6969ec84af0d4b89536075aedc6581dedd","_resolved":"file:build/packages/react-addons-update.tgz","_from":"build/packages/react-addons-update.tgz","scripts":{},"_npmVersion":"3.10.8","_nodeVersion":"6.9.1","_npmUser":{"name":"brianvaughn","email":"briandavidvaughn@gmail.com"},"dist":{"shasum":"dc31cb6969ec84af0d4b89536075aedc6581dedd","tarball":"https://registry.npmjs.org/react-addons-update/-/react-addons-update-16.0.0-alpha.tgz"},"maintainers":[{"name":"brianvaughn","email":"briandavidvaughn@gmail.com"},{"name":"fb","email":"opensource+npm@fb.com"},{"name":"gaearon","email":"dan.abramov@gmail.com"},{"name":"sebmarkbage","email":"sebastian@calyptus.eu"},{"name":"spicyj","email":"ben@benalpert.com"},{"name":"tomocchino","email":"tomocchino@gmail.com"},{"name":"zpao","email":"paul@oshannessy.com"}],"_npmOperationalInternal":{"host":"packages-18-east.internal.npmjs.com","tmp":"tmp/react-addons-update-16.0.0-alpha.tgz_1484008048054_0.3264405308291316"},"directories":{}},"16.0.0-alpha.0":{"name":"react-addons-update","version":"16.0.0-alpha.0","main":"index.js","repository":{"type":"git","url":"git+https://github.com/facebook/react.git"},"keywords":["react","react-addon"],"license":"BSD-3-Clause","dependencies":{"fbjs":"^0.8.4","object-assign":"^4.1.0"},"peerDependencies":{"react":"^16.0.0-alpha.0"},"files":["LICENSE","PATENTS","README.md","index.js"],"description":"This package provides the React updates add-on.","bugs":{"url":"https://github.com/facebook/react/issues"},"homepage":"https://github.com/facebook/react#readme","_id":"react-addons-update@16.0.0-alpha.0","_shasum":"e0c028c1c19e6c01e6a53c386eae5ef5718fb940","_resolved":"file:packages/react-addons-update.tgz","_from":"packages/react-addons-update.tgz","scripts":{},"_npmVersion":"3.10.8","_nodeVersion":"6.9.1","_npmUser":{"name":"brianvaughn","email":"briandavidvaughn@gmail.com"},"dist":{"shasum":"e0c028c1c19e6c01e6a53c386eae5ef5718fb940","tarball":"https://registry.npmjs.org/react-addons-update/-/react-addons-update-16.0.0-alpha.0.tgz"},"maintainers":[{"name":"brianvaughn","email":"briandavidvaughn@gmail.com"},{"name":"fb","email":"opensource+npm@fb.com"},{"name":"gaearon","email":"dan.abramov@gmail.com"},{"name":"sebmarkbage","email":"sebastian@calyptus.eu"},{"name":"spicyj","email":"ben@benalpert.com"},{"name":"tomocchino","email":"tomocchino@gmail.com"},{"name":"zpao","email":"paul@oshannessy.com"}],"_npmOperationalInternal":{"host":"packages-12-west.internal.npmjs.com","tmp":"tmp/react-addons-update-16.0.0-alpha.0.tgz_1485374684903_0.40914695314131677"},"directories":{}},"16.0.0-alpha.2":{"name":"react-addons-update","version":"16.0.0-alpha.2","main":"index.js","repository":{"type":"git","url":"git+https://github.com/facebook/react.git"},"keywords":["react","react-addon"],"license":"BSD-3-Clause","dependencies":{"fbjs":"^0.8.9","object-assign":"^4.1.0"},"peerDependencies":{"react":"^16.0.0-alpha.2"},"files":["LICENSE","PATENTS","README.md","index.js"],"description":"This package provides the React updates add-on.","bugs":{"url":"https://github.com/facebook/react/issues"},"homepage":"https://github.com/facebook/react#readme","_id":"react-addons-update@16.0.0-alpha.2","_shasum":"50d5d9d7a9ebe8005abb80433a5b0d9fd205f96c","_resolved":"file:build/packages/react-addons-update.tgz","_from":"build/packages/react-addons-update.tgz","scripts":{},"_npmVersion":"3.10.3","_nodeVersion":"6.3.1","_npmUser":{"name":"gaearon","email":"dan.abramov@gmail.com"},"dist":{"shasum":"50d5d9d7a9ebe8005abb80433a5b0d9fd205f96c","tarball":"https://registry.npmjs.org/react-addons-update/-/react-addons-update-16.0.0-alpha.2.tgz"},"maintainers":[{"name":"brianvaughn","email":"briandavidvaughn@gmail.com"},{"name":"fb","email":"opensource+npm@fb.com"},{"name":"gaearon","email":"dan.abramov@gmail.com"},{"name":"sebmarkbage","email":"sebastian@calyptus.eu"},{"name":"spicyj","email":"ben@benalpert.com"},{"name":"tomocchino","email":"tomocchino@gmail.com"},{"name":"zpao","email":"paul@oshannessy.com"}],"_npmOperationalInternal":{"host":"packages-12-west.internal.npmjs.com","tmp":"tmp/react-addons-update-16.0.0-alpha.2.tgz_1486656981269_0.7900023637339473"},"directories":{}},"16.0.0-alpha.3":{"name":"react-addons-update","version":"16.0.0-alpha.3","main":"index.js","repository":{"type":"git","url":"git+https://github.com/facebook/react.git"},"keywords":["react","react-addon"],"license":"BSD-3-Clause","dependencies":{"fbjs":"^0.8.9","object-assign":"^4.1.0"},"peerDependencies":{"react":"^16.0.0-alpha.3"},"files":["LICENSE","PATENTS","README.md","index.js"],"description":"This package provides the React updates add-on.","bugs":{"url":"https://github.com/facebook/react/issues"},"homepage":"https://github.com/facebook/react#readme","_id":"react-addons-update@16.0.0-alpha.3","_shasum":"2952307d1cc11744a60d9b94588017bee91946eb","_resolved":"file:build/packages/react-addons-update.tgz","_from":"build/packages/react-addons-update.tgz","scripts":{},"_npmVersion":"3.10.10","_nodeVersion":"6.10.0","_npmUser":{"name":"acdlite","email":"acdlite@me.com"},"dist":{"shasum":"2952307d1cc11744a60d9b94588017bee91946eb","tarball":"https://registry.npmjs.org/react-addons-update/-/react-addons-update-16.0.0-alpha.3.tgz"},"maintainers":[{"name":"acdlite","email":"acdlite@me.com"},{"name":"brianvaughn","email":"briandavidvaughn@gmail.com"},{"name":"fb","email":"opensource+npm@fb.com"},{"name":"gaearon","email":"dan.abramov@gmail.com"},{"name":"sebmarkbage","email":"sebastian@calyptus.eu"},{"name":"spicyj","email":"ben@benalpert.com"},{"name":"tomocchino","email":"tomocchino@gmail.com"},{"name":"zpao","email":"paul@oshannessy.com"}],"_npmOperationalInternal":{"host":"packages-12-west.internal.npmjs.com","tmp":"tmp/react-addons-update-16.0.0-alpha.3.tgz_1487893952087_0.1125439228489995"},"directories":{}}},"readme":"# react-addons-update\n\nThis package provides the React updates add-on.\n\nSee <https://facebook.github.io/react/docs/update.html> for more information.","maintainers":[{"name":"acdlite","email":"acdlite@me.com"},{"name":"brianvaughn","email":"briandavidvaughn@gmail.com"},{"name":"fb","email":"opensource+npm@fb.com"},{"name":"gaearon","email":"dan.abramov@gmail.com"},{"name":"sebmarkbage","email":"sebastian@calyptus.eu"},{"name":"spicyj","email":"ben@benalpert.com"},{"name":"tomocchino","email":"tomocchino@gmail.com"},{"name":"zpao","email":"paul@oshannessy.com"}],"time":{"modified":"2017-02-23T23:52:32.321Z","created":"2015-07-04T15:24:46.143Z","0.14.0-beta1":"2015-07-04T15:24:46.143Z","0.14.0-beta2":"2015-08-02T04:42:37.564Z","0.14.0-beta3":"2015-08-03T21:34:43.328Z","0.14.0-rc1":"2015-09-10T16:03:48.864Z","0.14.0":"2015-10-07T17:30:57.700Z","0.14.1":"2015-10-28T21:35:57.521Z","0.14.2":"2015-11-02T19:55:09.109Z","0.14.3":"2015-11-19T02:26:42.922Z","0.14.4":"2015-12-29T22:00:06.849Z","0.14.5":"2015-12-29T22:41:16.253Z","0.14.6":"2016-01-06T23:54:00.602Z","0.15.0-alpha.1":"2016-01-21T04:16:12.589Z","0.14.7":"2016-01-28T19:58:11.202Z","15.0.0-rc.1":"2016-03-08T01:08:02.390Z","15.0.0-rc.2":"2016-03-16T22:19:17.437Z","0.14.8":"2016-03-29T16:21:16.124Z","15.0.0":"2016-04-07T21:26:00.763Z","15.0.1":"2016-04-08T18:24:23.375Z","15.0.2-alpha.1":"2016-04-20T18:17:17.459Z","15.0.2-alpha.2":"2016-04-21T22:22:02.692Z","15.0.2-alpha.3":"2016-04-25T20:03:49.803Z","15.0.2-alpha.4":"2016-04-28T07:12:03.860Z","15.0.2":"2016-04-30T00:38:18.472Z","15.0.3-alpha.1":"2016-05-03T19:40:23.272Z","15.0.3-alpha.2":"2016-05-10T04:37:53.302Z","15.1.0-alpha.1":"2016-05-10T05:28:24.791Z","15.1.0":"2016-05-20T23:06:18.013Z","15.2.0-rc.1":"2016-06-15T01:30:04.724Z","15.2.0-rc.2":"2016-07-01T06:32:00.925Z","15.2.0":"2016-07-01T18:52:13.977Z","15.2.1":"2016-07-08T22:31:04.745Z","15.3.0-rc.1":"2016-07-13T18:58:25.552Z","15.3.0-rc.2":"2016-07-13T21:02:01.918Z","15.3.0-rc.3":"2016-07-21T22:59:06.111Z","15.3.0":"2016-07-29T18:38:11.577Z","15.3.1-rc.1":"2016-08-12T23:35:18.206Z","15.3.1-rc.2":"2016-08-15T22:56:17.860Z","15.3.1":"2016-08-19T18:50:11.800Z","15.3.2-rc.1":"2016-09-15T23:43:31.704Z","15.3.2":"2016-09-19T17:46:56.472Z","15.4.0-rc.1":"2016-10-04T22:35:35.207Z","15.4.0-rc.2":"2016-10-05T22:50:54.108Z","15.4.0-rc.3":"2016-10-14T19:14:14.697Z","15.4.0-rc.4":"2016-10-14T22:04:26.309Z","15.4.0":"2016-11-16T14:32:51.274Z","15.4.1":"2016-11-23T01:59:04.212Z","15.4.2":"2017-01-06T20:16:05.049Z","16.0.0-alpha":"2017-01-10T00:27:29.846Z","16.0.0-alpha.0":"2017-01-25T20:04:45.125Z","16.0.0-alpha.2":"2017-02-09T16:16:23.125Z","16.0.0-alpha.3":"2017-02-23T23:52:32.321Z"},"license":"BSD-3-Clause","readmeFilename":"README.md","homepage":"https://github.com/facebook/react#readme","keywords":["react","react-addon"],"repository":{"type":"git","url":"git+https://github.com/facebook/react.git"},"bugs":{"url":"https://github.com/facebook/react/issues"},"users":{"brien-crean":true,"koulmomo":true,"conantonakos":true,"princetoad":true,"shelling":true,"langri-sha":true,"kairess":true},"_attachments":{},"_etag":"W/\"58af75c0-1104c\"","_lastModified":"Thu, 23 Feb 2017 23:52:32 GMT"}