{"_id":"expand-home-dir","_rev":"18-9e06320eebd9babcd1f02f0660778053","name":"expand-home-dir","time":{"modified":"2016-03-25T05:33:52.970Z","created":"2014-03-11T02:25:08.633Z","0.0.0":"2014-03-11T02:25:08.633Z","0.0.1":"2014-03-11T02:26:22.914Z","0.0.2":"2014-03-11T02:42:23.301Z","2.0.0":"2016-03-22T23:47:36.978Z","0.0.3":"2016-03-23T01:28:17.334Z"},"maintainers":[{"name":"nmjohnson","email":"node@njohnson.me"}],"dist-tags":{"latest":"0.0.3"},"readme":"## expand-home-dir\n\nExpand ~/\n\n```js\nexpandHomeDir = require('expand-home-dir')\n\nexpandHomeDir('~')\n// => /Users/azer\n\nexpandHomeDir('~/foo/bar/qux.corge')\n// => /Users/azer/foo/bar/qux.corge\n```\n\n## Install\n\n```bash\n$ npm install expand-home-dir\n```\n","versions":{"2.0.0":{"name":"expand-home-dir","version":"2.0.0","description":"","main":"index.js","scripts":{"test":"echo \"Error: no test specified\" && exit 1"},"author":"","license":"ISC","_id":"expand-home-dir@2.0.0","_shasum":"49e0273f473d9b52edb51b3a3ff1d5ce7fba9ddd","_from":".","_npmVersion":"3.7.2","_nodeVersion":"4.3.0","_npmUser":{"name":"nj48","email":"spam@njohnson.me"},"dist":{"shasum":"49e0273f473d9b52edb51b3a3ff1d5ce7fba9ddd","tarball":"https://registry.npmjs.org/expand-home-dir/-/expand-home-dir-2.0.0.tgz"},"maintainers":[{"name":"nj48","email":"spam@njohnson.me"}],"directories":{}},"0.0.3":{"name":"expand-home-dir","version":"0.0.3","description":"Expand ~/","main":"index.js","scripts":{"test":"prova"},"devDependencies":{"prova":"*"},"keywords":["home","expand","directory","normalize","homedir","directory"],"repository":{"url":"git+ssh://git@github.com/n-johnson/expand-home-dir.git","type":"git"},"author":{"name":"azer"},"license":"BSD","gitHead":"14f54a4ae94d86bafdd36d91551eb9809d0add63","bugs":{"url":"https://github.com/n-johnson/expand-home-dir/issues"},"homepage":"https://github.com/n-johnson/expand-home-dir#readme","_id":"expand-home-dir@0.0.3","_shasum":"72de8a0486cc28a3bbd704635398825b5b62827d","_from":".","_npmVersion":"3.7.2","_nodeVersion":"4.3.0","_npmUser":{"name":"nj48","email":"nj48001@gmail.com"},"dist":{"shasum":"72de8a0486cc28a3bbd704635398825b5b62827d","tarball":"https://registry.npmjs.org/expand-home-dir/-/expand-home-dir-0.0.3.tgz"},"maintainers":[{"name":"nj48","email":"spam@njohnson.me"}],"directories":{}},"0.0.0":{"name":"expand-home-dir","version":"0.0.0","description":"Expand ~/","main":"index.js","scripts":{"test":"prova"},"devDependencies":{"prova":"*"},"keywords":["home","expand","directory","normalize","homedir","directory"],"repository":{"url":"git@github.com:azer/expand-home-dir.git","type":"git"},"author":"azer","license":"BSD","_id":"expand-home-dir@0.0.0","_npmVersion":"0.0.0-fake","_nodeVersion":"0.0.0-fake","_shasum":"e0f8ed037604a1ca06379c8ed2d828c7465874f8","_npmUser":{"name":"npm","email":"support@npmjs.com"},"_from":".","dist":{"shasum":"e0f8ed037604a1ca06379c8ed2d828c7465874f8","tarball":"https://registry.npmjs.org/expand-home-dir/-/expand-home-dir-0.0.0.tgz"},"maintainers":[{"name":"nmjohnson","email":"node@njohnson.me"}],"directories":{}},"0.0.1":{"name":"expand-home-dir","version":"0.0.1","description":"Expand ~/","main":"index.js","scripts":{"test":"prova"},"devDependencies":{"prova":"*"},"keywords":["home","expand","directory","normalize","homedir","directory"],"repository":{"url":"git@github.com:azer/expand-home-dir.git","type":"git"},"author":"azer","license":"BSD","_id":"expand-home-dir@0.0.1","_npmVersion":"0.0.0-fake","_nodeVersion":"0.0.0-fake","_shasum":"1e980f0a2e45f58cb401f022e7a663075b628262","_npmUser":{"name":"npm","email":"support@npmjs.com"},"_from":".","dist":{"shasum":"1e980f0a2e45f58cb401f022e7a663075b628262","tarball":"https://registry.npmjs.org/expand-home-dir/-/expand-home-dir-0.0.1.tgz"},"maintainers":[{"name":"nmjohnson","email":"node@njohnson.me"}],"directories":{}},"0.0.2":{"name":"expand-home-dir","version":"0.0.2","description":"Expand ~/","main":"index.js","scripts":{"test":"prova"},"devDependencies":{"prova":"*"},"keywords":["home","expand","directory","normalize","homedir","directory"],"repository":{"url":"git@github.com:azer/expand-home-dir.git","type":"git"},"author":"azer","license":"BSD","_id":"expand-home-dir@0.0.2","_npmVersion":"0.0.0-fake","_nodeVersion":"0.0.0-fake","_shasum":"7bd433336633047b478d37954a9da38e0c72663d","_npmUser":{"name":"npm","email":"support@npmjs.com"},"_from":".","dist":{"shasum":"7bd433336633047b478d37954a9da38e0c72663d","tarball":"https://registry.npmjs.org/expand-home-dir/-/expand-home-dir-0.0.2.tgz"},"maintainers":[{"name":"nmjohnson","email":"node@njohnson.me"}],"directories":{}}},"license":"BSD","readmeFilename":"README.md","description":"Expand ~/","homepage":"https://github.com/n-johnson/expand-home-dir#readme","keywords":["home","expand","directory","normalize","homedir","directory"],"repository":{"url":"git+ssh://git@github.com/n-johnson/expand-home-dir.git","type":"git"},"author":{"name":"azer"},"bugs":{"url":"https://github.com/n-johnson/expand-home-dir/issues"},"_attachments":{},"_etag":"W/\"56f4cdc0-139e\"","_lastModified":"Fri, 25 Mar 2016 05:33:52 GMT"}