{"_id":"universal-analytics","_rev":"87-e6bc9040cf6c93b718a57b4031ed0833","name":"universal-analytics","description":"A node module for Google's Universal Analytics tracking","dist-tags":{"latest":"0.4.12"},"versions":{"0.1.0":{"name":"universal-analytics","version":"0.1.0","description":"A node module for Google's Universal Analytics tracking","main":"index.js","scripts":{"test":"make test"},"repository":{"type":"git","url":"git@github.com:jtillmann/universal-analytics.git"},"keywords":["google","analytics","universal","tracking"],"dependencies":{"request":"2.x","underscore":"1.x","node-uuid":"1.x","async":"0.2.x"},"devDependencies":{"should":"*","sinon":"*","mocha":"*"},"author":{"name":"Jörg Tillmann","email":"mail@joergtillmann.com"},"license":"MIT","_id":"universal-analytics@0.1.0","dist":{"shasum":"41f5e236d7ac752bf129478740cad3ada6ee6d3c","tarball":"https://registry.npmjs.org/universal-analytics/-/universal-analytics-0.1.0.tgz"},"_npmVersion":"1.1.66","_npmUser":{"name":"jtillmann","email":"mail@joergtillmann.com"},"maintainers":[{"name":"jtillmann","email":"mail@joergtillmann.com"}],"directories":{}},"0.1.1":{"name":"universal-analytics","version":"0.1.1","description":"A node module for Google's Universal Analytics tracking","main":"index.js","scripts":{"test":"make test"},"repository":{"type":"git","url":"git@github.com:jtillmann/universal-analytics.git"},"keywords":["google","analytics","universal","tracking"],"dependencies":{"request":"2.x","underscore":"1.x","node-uuid":"1.x","async":"0.2.x"},"devDependencies":{"should":"*","sinon":"*","mocha":"*"},"author":{"name":"Jörg Tillmann","email":"mail@joergtillmann.com"},"license":"MIT","_id":"universal-analytics@0.1.1","dist":{"shasum":"d3c4d4cc7181e640c7f82ba28b924eb346c1053d","tarball":"https://registry.npmjs.org/universal-analytics/-/universal-analytics-0.1.1.tgz"},"_npmVersion":"1.1.66","_npmUser":{"name":"jtillmann","email":"mail@joergtillmann.com"},"maintainers":[{"name":"jtillmann","email":"mail@joergtillmann.com"}],"directories":{}},"0.1.2":{"name":"universal-analytics","version":"0.1.2","description":"A node module for Google's Universal Analytics tracking","main":"index.js","scripts":{"test":"make test"},"repository":{"type":"git","url":"git@github.com:jtillmann/universal-analytics.git"},"keywords":["google","analytics","universal","tracking"],"dependencies":{"request":"2.x","underscore":"1.x","node-uuid":"1.x","async":"0.2.x"},"devDependencies":{"should":"*","sinon":"*","mocha":"*"},"author":{"name":"Jörg Tillmann","email":"mail@joergtillmann.com"},"license":"MIT","_id":"universal-analytics@0.1.2","dist":{"shasum":"3835fff2a82dded82b8fa981d2c82741deb1bdff","tarball":"https://registry.npmjs.org/universal-analytics/-/universal-analytics-0.1.2.tgz"},"_npmVersion":"1.1.66","_npmUser":{"name":"jtillmann","email":"mail@joergtillmann.com"},"maintainers":[{"name":"jtillmann","email":"mail@joergtillmann.com"}],"directories":{}},"0.1.3":{"name":"universal-analytics","version":"0.1.3","description":"A node module for Google's Universal Analytics tracking","main":"index.js","scripts":{"test":"make test"},"repository":{"type":"git","url":"git@github.com:jtillmann/universal-analytics.git"},"keywords":["google","analytics","universal","tracking"],"dependencies":{"request":"2.x","underscore":"1.x","node-uuid":"1.x","async":"0.2.x"},"devDependencies":{"should":"*","sinon":"*","mocha":"*"},"author":{"name":"Jörg Tillmann","email":"mail@joergtillmann.com"},"license":"MIT","_id":"universal-analytics@0.1.3","dist":{"shasum":"96d3c5fefddc32cfbaa2107993b4ee1886e5aee2","tarball":"https://registry.npmjs.org/universal-analytics/-/universal-analytics-0.1.3.tgz"},"_npmVersion":"1.1.66","_npmUser":{"name":"jtillmann","email":"mail@joergtillmann.com"},"maintainers":[{"name":"jtillmann","email":"mail@joergtillmann.com"}],"directories":{}},"0.2.0":{"name":"universal-analytics","version":"0.2.0","description":"A node module for Google's Universal Analytics tracking","main":"index.js","scripts":{"test":"make test"},"repository":{"type":"git","url":"git@github.com:jtillmann/universal-analytics.git"},"keywords":["google","analytics","universal","tracking"],"dependencies":{"request":"2.x","underscore":"1.x","node-uuid":"1.x","async":"0.2.x"},"devDependencies":{"should":"*","sinon":"*","mocha":"*"},"author":{"name":"Jörg Tillmann","email":"mail@joergtillmann.com"},"license":"MIT","_id":"universal-analytics@0.2.0","dist":{"shasum":"0648b9d4999492cbbb75c837f72e9deb9b940cfa","tarball":"https://registry.npmjs.org/universal-analytics/-/universal-analytics-0.2.0.tgz"},"_npmVersion":"1.1.66","_npmUser":{"name":"jtillmann","email":"mail@joergtillmann.com"},"maintainers":[{"name":"jtillmann","email":"mail@joergtillmann.com"}],"directories":{}},"0.2.1":{"name":"universal-analytics","version":"0.2.1","description":"A node module for Google's Universal Analytics tracking","main":"index.js","scripts":{"test":"make test"},"repository":{"type":"git","url":"git@github.com:jtillmann/universal-analytics.git"},"keywords":["google","analytics","universal","tracking"],"dependencies":{"request":"2.x","underscore":"1.x","node-uuid":"1.x","async":"0.2.x"},"devDependencies":{"should":"*","sinon":"*","mocha":"*"},"author":{"name":"Jörg Tillmann","email":"mail@joergtillmann.com"},"license":"MIT","_id":"universal-analytics@0.2.1","dist":{"shasum":"bba00e41c3ec2ec674d2bc3033569df8277f671f","tarball":"https://registry.npmjs.org/universal-analytics/-/universal-analytics-0.2.1.tgz"},"_npmVersion":"1.1.66","_npmUser":{"name":"jtillmann","email":"mail@joergtillmann.com"},"maintainers":[{"name":"jtillmann","email":"mail@joergtillmann.com"}],"directories":{}},"0.2.2":{"name":"universal-analytics","version":"0.2.2","description":"A node module for Google's Universal Analytics tracking","main":"index.js","scripts":{"test":"make test"},"repository":{"type":"git","url":"git@github.com:peaksandpies/universal-analytics.git"},"keywords":["google","analytics","universal","tracking"],"dependencies":{"request":"2.x","underscore":"1.x","node-uuid":"1.x","async":"0.2.x"},"devDependencies":{"should":"*","sinon":"*","mocha":"*"},"author":{"name":"Jörg Tillmann","email":"mail@joergtillmann.com"},"license":"MIT","_id":"universal-analytics@0.2.2","dist":{"shasum":"c73b492e0d1d4b12371310a7cc908726281dd1a6","tarball":"https://registry.npmjs.org/universal-analytics/-/universal-analytics-0.2.2.tgz"},"_npmVersion":"1.1.66","_npmUser":{"name":"jtillmann","email":"mail@joergtillmann.com"},"maintainers":[{"name":"jtillmann","email":"mail@joergtillmann.com"}],"directories":{}},"0.2.3":{"name":"universal-analytics","version":"0.2.3","description":"A node module for Google's Universal Analytics tracking","main":"index.js","scripts":{"test":"make test"},"repository":{"type":"git","url":"git@github.com:peaksandpies/universal-analytics.git"},"keywords":["google","analytics","universal","tracking"],"dependencies":{"request":"2.x","underscore":"1.x","node-uuid":"1.x","async":"0.2.x"},"devDependencies":{"should":"*","sinon":"*","mocha":"*"},"author":{"name":"Jörg Tillmann","email":"mail@joergtillmann.com"},"license":"MIT","bugs":{"url":"https://github.com/peaksandpies/universal-analytics/issues"},"_id":"universal-analytics@0.2.3","dist":{"shasum":"a3c54b330eabda9fcde3bd68d5bde8a1301b7a80","tarball":"https://registry.npmjs.org/universal-analytics/-/universal-analytics-0.2.3.tgz"},"_from":".","_npmVersion":"1.3.5","_npmUser":{"name":"jtillmann","email":"mail@joergtillmann.com"},"maintainers":[{"name":"jtillmann","email":"mail@joergtillmann.com"}],"directories":{}},"0.3.0":{"name":"universal-analytics","version":"0.3.0","description":"A node module for Google's Universal Analytics tracking","main":"index.js","scripts":{"test":"make test"},"repository":{"type":"git","url":"git@github.com:peaksandpies/universal-analytics.git"},"keywords":["google","analytics","universal","tracking"],"dependencies":{"request":"2.x","underscore":"1.x","node-uuid":"1.x","async":"0.2.x"},"devDependencies":{"should":"*","sinon":"*","mocha":"*"},"author":{"name":"Jörg Tillmann","email":"mail@joergtillmann.com"},"license":"MIT","bugs":{"url":"https://github.com/peaksandpies/universal-analytics/issues"},"_id":"universal-analytics@0.3.0","dist":{"shasum":"c7b802b3175506d3d9f1eebf7afd4a59fa9366db","tarball":"https://registry.npmjs.org/universal-analytics/-/universal-analytics-0.3.0.tgz"},"_from":".","_npmVersion":"1.3.5","_npmUser":{"name":"jtillmann","email":"mail@joergtillmann.com"},"maintainers":[{"name":"jtillmann","email":"mail@joergtillmann.com"}],"directories":{}},"0.3.1":{"name":"universal-analytics","version":"0.3.1","description":"A node module for Google's Universal Analytics tracking","main":"index.js","scripts":{"test":"make test"},"repository":{"type":"git","url":"git@github.com:peaksandpies/universal-analytics.git"},"keywords":["google","analytics","universal","tracking"],"dependencies":{"request":"2.x","underscore":"1.x","node-uuid":"1.x","async":"0.2.x"},"devDependencies":{"should":"*","sinon":"*","mocha":"*"},"author":{"name":"Jörg Tillmann","email":"mail@joergtillmann.com"},"license":"MIT","bugs":{"url":"https://github.com/peaksandpies/universal-analytics/issues"},"_id":"universal-analytics@0.3.1","dist":{"shasum":"af2be8b5335df5a2ca35948881b5098bfc8ab775","tarball":"https://registry.npmjs.org/universal-analytics/-/universal-analytics-0.3.1.tgz"},"_from":".","_npmVersion":"1.3.5","_npmUser":{"name":"jtillmann","email":"mail@joergtillmann.com"},"maintainers":[{"name":"jtillmann","email":"mail@joergtillmann.com"}],"directories":{}},"0.3.2":{"name":"universal-analytics","version":"0.3.2","description":"A node module for Google's Universal Analytics tracking","main":"index.js","scripts":{"test":"make test"},"repository":{"type":"git","url":"git@github.com:peaksandpies/universal-analytics.git"},"keywords":["google","analytics","universal","tracking"],"dependencies":{"request":"2.x","underscore":"1.x","node-uuid":"1.x","async":"0.2.x"},"devDependencies":{"should":"*","sinon":"*","mocha":"*"},"author":{"name":"Jörg Tillmann","email":"joerg@peaksandpies.com"},"license":"MIT","bugs":{"url":"https://github.com/peaksandpies/universal-analytics/issues"},"_id":"universal-analytics@0.3.2","dist":{"shasum":"659e4c47964b6cf49a7cf486abf74032c6916e93","tarball":"https://registry.npmjs.org/universal-analytics/-/universal-analytics-0.3.2.tgz"},"_from":".","_npmVersion":"1.3.5","_npmUser":{"name":"jtillmann","email":"mail@joergtillmann.com"},"maintainers":[{"name":"jtillmann","email":"mail@joergtillmann.com"}],"directories":{}},"0.3.3":{"name":"universal-analytics","version":"0.3.3","description":"A node module for Google's Universal Analytics tracking","main":"index.js","scripts":{"test":"make test"},"repository":{"type":"git","url":"git@github.com:peaksandpies/universal-analytics.git"},"keywords":["google","analytics","universal","tracking"],"dependencies":{"request":"2.x","underscore":"1.x","node-uuid":"1.x","async":"0.2.x"},"devDependencies":{"should":"*","sinon":"*","mocha":"*"},"author":{"name":"Jörg Tillmann","email":"joerg@peaksandpies.com"},"license":"MIT","bugs":{"url":"https://github.com/peaksandpies/universal-analytics/issues"},"_id":"universal-analytics@0.3.3","dist":{"shasum":"bbec46c5a1a59d1f0942b9e9797b641673806979","tarball":"https://registry.npmjs.org/universal-analytics/-/universal-analytics-0.3.3.tgz"},"_from":".","_npmVersion":"1.3.5","_npmUser":{"name":"jtillmann","email":"mail@joergtillmann.com"},"maintainers":[{"name":"jtillmann","email":"mail@joergtillmann.com"}],"directories":{}},"0.3.4":{"name":"universal-analytics","version":"0.3.4","description":"A node module for Google's Universal Analytics tracking","main":"index.js","scripts":{"test":"make test"},"repository":{"type":"git","url":"git@github.com:peaksandpies/universal-analytics.git"},"keywords":["google","analytics","universal","tracking"],"dependencies":{"request":"2.x","underscore":"1.x","node-uuid":"1.x","async":"0.2.x"},"devDependencies":{"should":"*","sinon":"*","mocha":"*"},"author":{"name":"Jörg Tillmann","email":"joerg@peaksandpies.com"},"license":"MIT","bugs":{"url":"https://github.com/peaksandpies/universal-analytics/issues"},"_id":"universal-analytics@0.3.4","dist":{"shasum":"a31a86e93c6f0ba9b1ccd68c00458b9a0d6869eb","tarball":"https://registry.npmjs.org/universal-analytics/-/universal-analytics-0.3.4.tgz"},"_from":".","_npmVersion":"1.3.5","_npmUser":{"name":"jtillmann","email":"mail@joergtillmann.com"},"maintainers":[{"name":"jtillmann","email":"mail@joergtillmann.com"}],"directories":{}},"0.3.5":{"name":"universal-analytics","version":"0.3.5","description":"A node module for Google's Universal Analytics tracking","main":"index.js","scripts":{"test":"make test"},"repository":{"type":"git","url":"git@github.com:peaksandpies/universal-analytics.git"},"keywords":["google","analytics","universal","tracking"],"dependencies":{"request":"2.x","underscore":"1.x","node-uuid":"1.x","async":"0.2.x"},"devDependencies":{"should":"*","sinon":"*","mocha":"*"},"author":{"name":"Jörg Tillmann","email":"joerg@peaksandpies.com"},"license":"MIT","gitHead":"39b6a52fa4b74fbe3adf5d2b4e4bb171c0b5b0d9","bugs":{"url":"https://github.com/peaksandpies/universal-analytics/issues"},"homepage":"https://github.com/peaksandpies/universal-analytics","_id":"universal-analytics@0.3.5","_shasum":"6b63b5a445258549a2806b8d75319d19e4257e18","_from":".","_npmVersion":"1.4.21","_npmUser":{"name":"jtillmann","email":"mail@joergtillmann.com"},"maintainers":[{"name":"jtillmann","email":"mail@joergtillmann.com"}],"dist":{"shasum":"6b63b5a445258549a2806b8d75319d19e4257e18","tarball":"https://registry.npmjs.org/universal-analytics/-/universal-analytics-0.3.5.tgz"},"directories":{}},"0.3.6":{"name":"universal-analytics","version":"0.3.6","description":"A node module for Google's Universal Analytics tracking","main":"index.js","scripts":{"test":"make test"},"repository":{"type":"git","url":"git@github.com:peaksandpies/universal-analytics.git"},"keywords":["google","analytics","universal","tracking"],"dependencies":{"request":"2.x","underscore":"1.x","node-uuid":"1.x","async":"0.2.x"},"devDependencies":{"should":"*","sinon":"*","mocha":"*"},"author":{"name":"Jörg Tillmann","email":"joerg@peaksandpies.com"},"license":"MIT","gitHead":"bc77e55995b8ff61eceaa434094ad908a93567e3","bugs":{"url":"https://github.com/peaksandpies/universal-analytics/issues"},"homepage":"https://github.com/peaksandpies/universal-analytics","_id":"universal-analytics@0.3.6","_shasum":"502d35b1af5a2b4b4a456a92a30ae0990ffa24c4","_from":".","_npmVersion":"1.4.21","_npmUser":{"name":"jtillmann","email":"mail@joergtillmann.com"},"maintainers":[{"name":"jtillmann","email":"mail@joergtillmann.com"}],"dist":{"shasum":"502d35b1af5a2b4b4a456a92a30ae0990ffa24c4","tarball":"https://registry.npmjs.org/universal-analytics/-/universal-analytics-0.3.6.tgz"},"directories":{}},"0.3.7":{"name":"universal-analytics","version":"0.3.7","description":"A node module for Google's Universal Analytics tracking","main":"index.js","scripts":{"test":"make test"},"repository":{"type":"git","url":"git@github.com:peaksandpies/universal-analytics.git"},"keywords":["google","analytics","universal","tracking"],"dependencies":{"request":"2.x","underscore":"1.x","node-uuid":"1.x","async":"0.2.x"},"devDependencies":{"should":"*","sinon":"*","mocha":"*"},"author":{"name":"Jörg Tillmann","email":"joerg@peaksandpies.com"},"license":"MIT","gitHead":"4db99545dd1cab50305b75b8e1b7f06f6685769d","bugs":{"url":"https://github.com/peaksandpies/universal-analytics/issues"},"homepage":"https://github.com/peaksandpies/universal-analytics","_id":"universal-analytics@0.3.7","_shasum":"c2b8f247370b397d3ad2b85b8b136e39ab6a58fe","_from":".","_npmVersion":"2.7.4","_nodeVersion":"0.12.2","_npmUser":{"name":"jtillmann","email":"mail@joergtillmann.com"},"maintainers":[{"name":"jtillmann","email":"mail@joergtillmann.com"}],"dist":{"shasum":"c2b8f247370b397d3ad2b85b8b136e39ab6a58fe","tarball":"https://registry.npmjs.org/universal-analytics/-/universal-analytics-0.3.7.tgz"},"directories":{}},"0.3.8":{"name":"universal-analytics","version":"0.3.8","description":"A node module for Google's Universal Analytics tracking","main":"index.js","scripts":{"test":"make test"},"repository":{"type":"git","url":"git@github.com:peaksandpies/universal-analytics.git"},"keywords":["google","analytics","universal","tracking"],"dependencies":{"request":"2.x","underscore":"1.x","node-uuid":"1.x","async":"0.2.x"},"devDependencies":{"should":"*","sinon":"*","mocha":"*"},"author":{"name":"Jörg Tillmann","email":"joerg@peaksandpies.com"},"license":"MIT","gitHead":"ef6837c3742685acd6a607d2bd35ed1540c83e3a","bugs":{"url":"https://github.com/peaksandpies/universal-analytics/issues"},"homepage":"https://github.com/peaksandpies/universal-analytics","_id":"universal-analytics@0.3.8","_shasum":"82f2683c074b72f3bf8b9f3f944c6684ea316153","_from":".","_npmVersion":"2.7.4","_nodeVersion":"0.12.2","_npmUser":{"name":"jtillmann","email":"mail@joergtillmann.com"},"maintainers":[{"name":"jtillmann","email":"mail@joergtillmann.com"}],"dist":{"shasum":"82f2683c074b72f3bf8b9f3f944c6684ea316153","tarball":"https://registry.npmjs.org/universal-analytics/-/universal-analytics-0.3.8.tgz"},"directories":{}},"0.3.9":{"name":"universal-analytics","version":"0.3.9","description":"A node module for Google's Universal Analytics tracking","main":"index.js","scripts":{"test":"make test"},"repository":{"type":"git","url":"git@github.com:peaksandpies/universal-analytics.git"},"keywords":["google","analytics","universal","tracking"],"dependencies":{"request":"2.x","underscore":"1.x","node-uuid":"1.x","async":"0.2.x"},"devDependencies":{"should":"*","sinon":"*","mocha":"*"},"author":{"name":"Jörg Tillmann","email":"joerg@peaksandpies.com"},"license":"MIT","gitHead":"f030227338029d06118e0636c2e206d1caf49321","bugs":{"url":"https://github.com/peaksandpies/universal-analytics/issues"},"homepage":"https://github.com/peaksandpies/universal-analytics","_id":"universal-analytics@0.3.9","_shasum":"a566e6d6ca7b82832d210be1a7a2eab93b7d1d0a","_from":".","_npmVersion":"2.7.4","_nodeVersion":"0.12.2","_npmUser":{"name":"jtillmann","email":"mail@joergtillmann.com"},"maintainers":[{"name":"jtillmann","email":"mail@joergtillmann.com"}],"dist":{"shasum":"a566e6d6ca7b82832d210be1a7a2eab93b7d1d0a","tarball":"https://registry.npmjs.org/universal-analytics/-/universal-analytics-0.3.9.tgz"},"directories":{}},"0.3.10":{"name":"universal-analytics","version":"0.3.10","description":"A node module for Google's Universal Analytics tracking","main":"index.js","scripts":{"test":"make test"},"repository":{"type":"git","url":"git+ssh://git@github.com/peaksandpies/universal-analytics.git"},"keywords":["google","analytics","universal","tracking"],"dependencies":{"request":"2.x","underscore":"1.x","node-uuid":"1.x","async":"0.2.x"},"devDependencies":{"should":"*","sinon":"*","mocha":"*"},"author":{"name":"Jörg Tillmann","email":"joerg@peaksandpies.com"},"license":"MIT","gitHead":"575522bb117c8daf07c768effeede8945e01f978","bugs":{"url":"https://github.com/peaksandpies/universal-analytics/issues"},"homepage":"https://github.com/peaksandpies/universal-analytics#readme","_id":"universal-analytics@0.3.10","_shasum":"a05c3820b6a320ece82ea8ef82088a2a6e53752b","_from":".","_npmVersion":"3.5.1","_nodeVersion":"4.2.3","_npmUser":{"name":"jtillmann","email":"mail@joergtillmann.com"},"dist":{"shasum":"a05c3820b6a320ece82ea8ef82088a2a6e53752b","tarball":"https://registry.npmjs.org/universal-analytics/-/universal-analytics-0.3.10.tgz"},"maintainers":[{"name":"jtillmann","email":"mail@joergtillmann.com"}],"directories":{}},"0.3.11":{"name":"universal-analytics","version":"0.3.11","description":"A node module for Google's Universal Analytics tracking","main":"index.js","scripts":{"test":"make test"},"repository":{"type":"git","url":"git+ssh://git@github.com/peaksandpies/universal-analytics.git"},"keywords":["google","analytics","universal","tracking"],"dependencies":{"request":"2.x","underscore":"1.x","node-uuid":"1.x","async":"0.2.x"},"devDependencies":{"should":"*","sinon":"*","mocha":"*"},"author":{"name":"Jörg Tillmann","email":"joerg@peaksandpies.com"},"license":"MIT","gitHead":"e886e51f7717982736b2ed47fc86baccbd0879e2","bugs":{"url":"https://github.com/peaksandpies/universal-analytics/issues"},"homepage":"https://github.com/peaksandpies/universal-analytics#readme","_id":"universal-analytics@0.3.11","_shasum":"512879193a12a66dcbd9185121389bab913cd4b6","_from":".","_npmVersion":"3.5.3","_nodeVersion":"5.7.0","_npmUser":{"name":"jtillmann","email":"mail@joergtillmann.com"},"dist":{"shasum":"512879193a12a66dcbd9185121389bab913cd4b6","tarball":"https://registry.npmjs.org/universal-analytics/-/universal-analytics-0.3.11.tgz"},"maintainers":[{"name":"jtillmann","email":"mail@joergtillmann.com"}],"_npmOperationalInternal":{"host":"packages-12-west.internal.npmjs.com","tmp":"tmp/universal-analytics-0.3.11.tgz_1458139993098_0.24983069067820907"},"directories":{}},"0.4.2":{"name":"universal-analytics","version":"0.4.2","description":"A node module for Google's Universal Analytics tracking","main":"index.js","scripts":{"test":"make test"},"repository":{"type":"git","url":"git+ssh://git@github.com/peaksandpies/universal-analytics.git"},"keywords":["google","analytics","universal","tracking"],"dependencies":{"request":"2.x","underscore":"1.x","node-uuid":"1.x","async":"0.2.x"},"devDependencies":{"should":"*","sinon":"*","mocha":"*"},"author":{"name":"Jörg Tillmann","email":"joerg@peaksandpies.com"},"license":"MIT","gitHead":"c51b1ab40aa29edf120ba37b83ec918ac7b0abc4","bugs":{"url":"https://github.com/peaksandpies/universal-analytics/issues"},"homepage":"https://github.com/peaksandpies/universal-analytics#readme","_id":"universal-analytics@0.4.2","_shasum":"ccf7555704971d68b0a1ef866c913ba209bf294f","_from":".","_npmVersion":"3.5.3","_nodeVersion":"0.12.9","_npmUser":{"name":"jtillmann","email":"mail@joergtillmann.com"},"dist":{"shasum":"ccf7555704971d68b0a1ef866c913ba209bf294f","tarball":"https://registry.npmjs.org/universal-analytics/-/universal-analytics-0.4.2.tgz"},"maintainers":[{"name":"jtillmann","email":"mail@joergtillmann.com"}],"_npmOperationalInternal":{"host":"packages-16-east.internal.npmjs.com","tmp":"tmp/universal-analytics-0.4.2.tgz_1469167198577_0.03494702675379813"},"directories":{}},"0.4.3":{"name":"universal-analytics","version":"0.4.3","description":"A node module for Google's Universal Analytics tracking","main":"index.js","scripts":{"test":"make test"},"repository":{"type":"git","url":"git+ssh://git@github.com/peaksandpies/universal-analytics.git"},"keywords":["google","analytics","universal","tracking"],"dependencies":{"request":"2.x","underscore":"1.x","node-uuid":"1.x","async":"1.2.x"},"devDependencies":{"should":"*","sinon":"*","mocha":"*"},"author":{"name":"Jörg Tillmann","email":"joerg@peaksandpies.com"},"license":"MIT","gitHead":"787e140e44089e94357f64c3f8c7d1e37d6942ab","bugs":{"url":"https://github.com/peaksandpies/universal-analytics/issues"},"homepage":"https://github.com/peaksandpies/universal-analytics#readme","_id":"universal-analytics@0.4.3","_shasum":"2f45d2c60e399858a6f453e4d7ac88bed64da2fb","_from":".","_npmVersion":"2.14.9","_nodeVersion":"0.12.9","_npmUser":{"name":"jtillmann","email":"mail@joergtillmann.com"},"dist":{"shasum":"2f45d2c60e399858a6f453e4d7ac88bed64da2fb","tarball":"https://registry.npmjs.org/universal-analytics/-/universal-analytics-0.4.3.tgz"},"maintainers":[{"name":"jtillmann","email":"mail@joergtillmann.com"}],"_npmOperationalInternal":{"host":"packages-16-east.internal.npmjs.com","tmp":"tmp/universal-analytics-0.4.3.tgz_1473864231650_0.23753095930442214"},"directories":{}},"0.4.4":{"name":"universal-analytics","version":"0.4.4","description":"A node module for Google's Universal Analytics tracking","main":"index.js","scripts":{"test":"make test"},"repository":{"type":"git","url":"git+ssh://git@github.com/peaksandpies/universal-analytics.git"},"keywords":["google","analytics","universal","tracking"],"dependencies":{"request":"2.x","underscore":"1.x","node-uuid":"1.x","async":"1.2.x"},"devDependencies":{"should":"*","sinon":"*","mocha":"*"},"author":{"name":"Jörg Tillmann","email":"joerg@peaksandpies.com"},"license":"MIT","gitHead":"255d12b1eacaf01befbc0f7d3b68962ba207be8c","bugs":{"url":"https://github.com/peaksandpies/universal-analytics/issues"},"homepage":"https://github.com/peaksandpies/universal-analytics#readme","_id":"universal-analytics@0.4.4","_shasum":"608d096ac7d1816d68bb67aad811e72c7555fe69","_from":".","_npmVersion":"2.14.9","_nodeVersion":"0.12.9","_npmUser":{"name":"jtillmann","email":"mail@joergtillmann.com"},"dist":{"shasum":"608d096ac7d1816d68bb67aad811e72c7555fe69","tarball":"https://registry.npmjs.org/universal-analytics/-/universal-analytics-0.4.4.tgz"},"maintainers":[{"name":"jtillmann","email":"mail@joergtillmann.com"}],"_npmOperationalInternal":{"host":"packages-16-east.internal.npmjs.com","tmp":"tmp/universal-analytics-0.4.4.tgz_1473865235964_0.42539414833299816"},"directories":{}},"0.4.6":{"name":"universal-analytics","version":"0.4.6","description":"A node module for Google's Universal Analytics tracking","main":"index.js","scripts":{"test":"make test"},"repository":{"type":"git","url":"git+ssh://git@github.com/peaksandpies/universal-analytics.git"},"keywords":["google","analytics","universal","tracking"],"dependencies":{"request":"2.x","underscore":"1.x","node-uuid":"1.x","async":"1.2.x"},"devDependencies":{"should":"*","sinon":"*","mocha":"*"},"author":{"name":"Jörg Tillmann","email":"joerg@peaksandpies.com"},"license":"MIT","gitHead":"dd36be840a317280c4d4be7bffae4e925f0afc62","bugs":{"url":"https://github.com/peaksandpies/universal-analytics/issues"},"homepage":"https://github.com/peaksandpies/universal-analytics#readme","_id":"universal-analytics@0.4.6","_shasum":"257960dc585afba8f4e313230c351813bc037dcb","_from":".","_npmVersion":"2.14.9","_nodeVersion":"0.12.9","_npmUser":{"name":"jtillmann","email":"mail@joergtillmann.com"},"dist":{"shasum":"257960dc585afba8f4e313230c351813bc037dcb","tarball":"https://registry.npmjs.org/universal-analytics/-/universal-analytics-0.4.6.tgz"},"maintainers":[{"name":"jtillmann","email":"mail@joergtillmann.com"}],"_npmOperationalInternal":{"host":"packages-12-west.internal.npmjs.com","tmp":"tmp/universal-analytics-0.4.6.tgz_1473866201859_0.2462851235177368"},"directories":{}},"0.4.7":{"name":"universal-analytics","version":"0.4.7","description":"A node module for Google's Universal Analytics tracking","main":"index.js","scripts":{"test":"make test"},"repository":{"type":"git","url":"git+ssh://git@github.com/peaksandpies/universal-analytics.git"},"keywords":["google","analytics","universal","tracking"],"dependencies":{"async":"1.2.x","request":"2.x","underscore":"1.x","uuid":"^3.0.0"},"devDependencies":{"should":"*","sinon":"*","mocha":"*"},"author":{"name":"Jörg Tillmann","email":"joerg@peaksandpies.com"},"license":"MIT","gitHead":"de7ba48376e328c26fdb512da13d297a4b428339","bugs":{"url":"https://github.com/peaksandpies/universal-analytics/issues"},"homepage":"https://github.com/peaksandpies/universal-analytics#readme","_id":"universal-analytics@0.4.7","_shasum":"ef46862dd49bbce00c884700f9b104d353ecc14a","_from":".","_npmVersion":"2.14.9","_nodeVersion":"0.12.9","_npmUser":{"name":"jtillmann","email":"mail@joergtillmann.com"},"dist":{"shasum":"ef46862dd49bbce00c884700f9b104d353ecc14a","tarball":"https://registry.npmjs.org/universal-analytics/-/universal-analytics-0.4.7.tgz"},"maintainers":[{"name":"jtillmann","email":"mail@joergtillmann.com"}],"_npmOperationalInternal":{"host":"packages-12-west.internal.npmjs.com","tmp":"tmp/universal-analytics-0.4.7.tgz_1479888347221_0.5604639435186982"},"directories":{}},"0.4.8":{"name":"universal-analytics","version":"0.4.8","description":"A node module for Google's Universal Analytics tracking","main":"index.js","scripts":{"test":"make test"},"repository":{"type":"git","url":"git+ssh://git@github.com/peaksandpies/universal-analytics.git"},"keywords":["google","analytics","universal","tracking"],"dependencies":{"async":"1.2.x","request":"2.x","underscore":"1.x","uuid":"^3.0.0"},"devDependencies":{"should":"*","sinon":"*","mocha":"*"},"author":{"name":"Jörg Tillmann","email":"joerg@peaksandpies.com"},"license":"MIT","gitHead":"b098812ca7eaec64a4107698f2cf9f420b60109a","bugs":{"url":"https://github.com/peaksandpies/universal-analytics/issues"},"homepage":"https://github.com/peaksandpies/universal-analytics#readme","_id":"universal-analytics@0.4.8","_shasum":"80e8862741aaf6fa2102c451ddaf04c6ba4a2d02","_from":".","_npmVersion":"3.10.8","_nodeVersion":"6.9.1","_npmUser":{"name":"jtillmann","email":"mail@joergtillmann.com"},"dist":{"shasum":"80e8862741aaf6fa2102c451ddaf04c6ba4a2d02","tarball":"https://registry.npmjs.org/universal-analytics/-/universal-analytics-0.4.8.tgz"},"maintainers":[{"name":"jtillmann","email":"mail@joergtillmann.com"}],"_npmOperationalInternal":{"host":"packages-18-east.internal.npmjs.com","tmp":"tmp/universal-analytics-0.4.8.tgz_1479908517791_0.73325325245969"},"directories":{}},"0.4.9":{"name":"universal-analytics","version":"0.4.9","description":"A node module for Google's Universal Analytics tracking","main":"index.js","scripts":{"test":"make test"},"repository":{"type":"git","url":"git+ssh://git@github.com/peaksandpies/universal-analytics.git"},"keywords":["google","analytics","universal","tracking"],"dependencies":{"async":"1.2.x","request":"2.x","underscore":"1.x","uuid":"^3.0.0"},"devDependencies":{"should":"*","sinon":"*","mocha":"*"},"author":{"name":"Jörg Tillmann","email":"joerg@peaksandpies.com"},"license":"MIT","gitHead":"9d1306f0298a26e19e46d721c469176455232ef9","bugs":{"url":"https://github.com/peaksandpies/universal-analytics/issues"},"homepage":"https://github.com/peaksandpies/universal-analytics#readme","_id":"universal-analytics@0.4.9","_shasum":"dd0910662cbcf24b86f45b091f1909c871ed8f79","_from":".","_npmVersion":"3.10.9","_nodeVersion":"6.9.2","_npmUser":{"name":"jtillmann","email":"mail@joergtillmann.com"},"dist":{"shasum":"dd0910662cbcf24b86f45b091f1909c871ed8f79","tarball":"https://registry.npmjs.org/universal-analytics/-/universal-analytics-0.4.9.tgz"},"maintainers":[{"name":"jtillmann","email":"mail@joergtillmann.com"}],"_npmOperationalInternal":{"host":"packages-12-west.internal.npmjs.com","tmp":"tmp/universal-analytics-0.4.9.tgz_1487326089572_0.708628359483555"},"directories":{}},"0.4.10":{"name":"universal-analytics","version":"0.4.10","description":"A node module for Google's Universal Analytics tracking","main":"index.js","scripts":{"test":"make test"},"repository":{"type":"git","url":"git+ssh://git@github.com/peaksandpies/universal-analytics.git"},"keywords":["google","analytics","universal","tracking"],"dependencies":{"async":"1.2.x","request":"2.x","underscore":"1.x","uuid":"^3.0.0"},"devDependencies":{"should":"*","sinon":"*","mocha":"*"},"author":{"name":"Jörg Tillmann","email":"joerg@peaksandpies.com"},"license":"MIT","gitHead":"d42cf0fff84070808305fb39f3a213819c5cd84f","bugs":{"url":"https://github.com/peaksandpies/universal-analytics/issues"},"homepage":"https://github.com/peaksandpies/universal-analytics#readme","_id":"universal-analytics@0.4.10","_shasum":"7976b1e36ec39c50caa3b18a3731eb3407b0a7b3","_from":".","_npmVersion":"3.10.9","_nodeVersion":"6.9.2","_npmUser":{"name":"jtillmann","email":"mail@joergtillmann.com"},"dist":{"shasum":"7976b1e36ec39c50caa3b18a3731eb3407b0a7b3","tarball":"https://registry.npmjs.org/universal-analytics/-/universal-analytics-0.4.10.tgz"},"maintainers":[{"name":"jtillmann","email":"mail@joergtillmann.com"}],"_npmOperationalInternal":{"host":"packages-18-east.internal.npmjs.com","tmp":"tmp/universal-analytics-0.4.10.tgz_1488813906882_0.37578267022036016"},"directories":{}},"0.4.11":{"name":"universal-analytics","version":"0.4.11","description":"A node module for Google's Universal Analytics tracking","main":"index.js","scripts":{"test":"make test"},"repository":{"type":"git","url":"git+ssh://git@github.com/peaksandpies/universal-analytics.git"},"keywords":["google","analytics","universal","tracking"],"dependencies":{"async":"1.2.x","request":"2.x","underscore":"1.x","uuid":"^3.0.0"},"devDependencies":{"should":"*","sinon":"*","mocha":"*"},"author":{"name":"Jörg Tillmann","email":"joerg@peaksandpies.com"},"license":"MIT","gitHead":"f913ec117c2f054b5c7ef7f83eaceef29a90d1f2","bugs":{"url":"https://github.com/peaksandpies/universal-analytics/issues"},"homepage":"https://github.com/peaksandpies/universal-analytics#readme","_id":"universal-analytics@0.4.11","_shasum":"741a0d2af9b346a392da239e54b4b2ba2d58ab74","_from":".","_npmVersion":"2.14.9","_nodeVersion":"0.12.9","_npmUser":{"name":"jtillmann","email":"mail@joergtillmann.com"},"dist":{"shasum":"741a0d2af9b346a392da239e54b4b2ba2d58ab74","tarball":"https://registry.npmjs.org/universal-analytics/-/universal-analytics-0.4.11.tgz"},"maintainers":[{"name":"jtillmann","email":"mail@joergtillmann.com"}],"_npmOperationalInternal":{"host":"packages-18-east.internal.npmjs.com","tmp":"tmp/universal-analytics-0.4.11.tgz_1489511700450_0.12908240174874663"},"directories":{}},"0.4.12":{"name":"universal-analytics","version":"0.4.12","description":"A node module for Google's Universal Analytics tracking","main":"index.js","scripts":{"test":"make test"},"repository":{"type":"git","url":"git+ssh://git@github.com/peaksandpies/universal-analytics.git"},"keywords":["google","analytics","universal","tracking"],"dependencies":{"async":"1.2.x","request":"2.x","underscore":"1.x","uuid":"^3.0.0"},"devDependencies":{"should":"*","sinon":"*","mocha":"*"},"author":{"name":"Jörg Tillmann","email":"joerg@peaksandpies.com"},"license":"MIT","gitHead":"da1842ae2a811de9feab908b8c782ba50131cdc3","bugs":{"url":"https://github.com/peaksandpies/universal-analytics/issues"},"homepage":"https://github.com/peaksandpies/universal-analytics#readme","_id":"universal-analytics@0.4.12","_shasum":"fe83f9df6b36e08f13bf421a9d1a4c5497880c1e","_from":".","_npmVersion":"2.14.9","_nodeVersion":"0.12.9","_npmUser":{"name":"jtillmann","email":"mail@joergtillmann.com"},"dist":{"shasum":"fe83f9df6b36e08f13bf421a9d1a4c5497880c1e","tarball":"https://registry.npmjs.org/universal-analytics/-/universal-analytics-0.4.12.tgz"},"maintainers":[{"name":"jtillmann","email":"mail@joergtillmann.com"}],"_npmOperationalInternal":{"host":"packages-12-west.internal.npmjs.com","tmp":"tmp/universal-analytics-0.4.12.tgz_1489688367512_0.4046606351621449"},"directories":{}}},"readme":"universal-analytics\n=======\n\nA node module for Google's [Universal Analytics](http://support.google.com/analytics/bin/answer.py?hl=en&hlrm=de&answer=2790010) tracking via the [Measurement Protocol](https://developers.google.com/analytics/devguides/collection/protocol/v1/).\n\nThis module allows tracking data (or rather, users) from within a Node.js application. Tracking is initiated on the server side and, if required, does not require any more tracking in the browser.\n\n`universal-analytics` currently supports the following tracking features:\n\n* Pageviews\n* Events\n* E-Commerce with transactions and items\n* Exceptions\n* User timings\n\n[![Build Status](https://travis-ci.org/peaksandpies/universal-analytics.png?branch=master)](https://travis-ci.org/peaksandpies/universal-analytics)\n\n## Getting started\n\n`universal-analytics` is installed and included like any other node module:\n\n```\n$ npm install universal-analytics\n```\n\n```javascript\nvar ua = require('universal-analytics');\n```\n\nInitialization expects at least your Google Analytics account ID:\n\n```javascript\nvar visitor = ua('UA-XXXX-XX');\n```\n\nThis will create a `universal-analytics` Visitor instance that you can use and keep around to track a specific user. Since no user UUID was specified in the constructor's arguments, a random UUID is generated. In case you have a user UUID at hand, you can use that to create the visitor:\n\n```javascript\nvar visitor = ua('UA-XXXX-XX', '6a14abda-6b12-4578-bf66-43c754eaeda9');\n```\n\nStarting with Universal Analytics, a UUID v4 is the preferred user ID format. It is therefor necessary to provide a UUID of such type to `universal-analytics`. However you can force custom user ID, passing `strictCidFormat: false` in the options:\n\n```javascript\nvar visitor = ua('UA-XXXX-XX', 'CUSTOM_USERID_1', {strictCidFormat: false});\n```\n\nIf you want to use Google Analytics in https protocol, just include it in the options `https: true`, by default will use http:\n```javascript\nvar visitor = ua('UA-XXXX-XX', {https: true});\n```\n\nTracking a pageview without much else is now very simple:\n\n```javascript\nvisitor.pageview(\"/\").send()\n```\n\nThe first argument for the pageview method is the path of the page to be tracked. Simply calling `pageview()` will not initiate a tracking request. In order to send off tracking to the Google Analytics servers you have two options:\n\n1. You can append a `send()` call after `pageview()`. The tracking request is sent asynchronously. This means you will not receive any confirmation when and if it was successful.\n2. You can provide a callback function to `pageview()` as an additional, last argument. This callback will be invoked once the tracking request has finished. Any error that occured during the request will be provided to said callback. In that case `send()` is no longer necessary.\n\nAn example of the callback approach:\n\n```javascript\nvar visitor = ua('UA-XXXX-XX');\nvisitor.pageview(\"/\", function (err) {\n  // Handle the error if necessary.\n  // In case no error is provided you can be sure\n  // the request was successfully sent off to Google.\n});\n```\n\n\n## Pageview tracking\n\nThe first argument for the pageview tracking call is the page path. Furthermore, pageview tracking can be improved with the additional parameters to provide the page's hostname and title to Google Analytics. The parameters are provided as arguments after the page path.\n\n```javascript\nvisitor.pageview(\"/\", \"http://peaksandpies.com\", \"Welcome\").send();\n```\n\nThe following snippet is the exact same tracking using a callback. It is always the last argument.\n\n```javascript\nvisitor.pageview(\"/\", \"http://peaksandpies.com\", \"Welcome\", function (err) {\n  // …\n});\n```\n\nDepending on how you integrate tracking into your app, you might be more comfortable with providing all the tracking data via a params object to the `pageview()` method:\n\n```javascript\nvisitor.pageview({dp: \"/\", dt: \"Welcome\", dh: \"http://peaksandpies.com\"}).send();\n```\n\nThis code has the exact same effect as the one above. `dp`, `dt`, and `dh` (as in 'document path', 'document title' and 'document hostname') are the attribute names used by the Measurement Protocol.\n\nIt's mandatory to specify either the page path (`dp`) or document location (`dl`). Google Analytics can not track a pageview without a path. To avoid such erroneous requests, `universal-analytics` will deny `pageview()` tracking if the required parameters are omitted.\n\n```javascript\nvar pagePath = null;\n\nvisitor.pageview(pagePath, function (err) {\n  // This callback will receive an error\n});\n```\n\nThe following method signatures are available for the `pageview()` method of the Visitor instance:\n\n* `Visitor#pageview(path)`\n* `Visitor#pageview(path, callback)`\n* `Visitor#pageview(params)`\n* `Visitor#pageview(params, callback)`\n* `Visitor#pageview(path, hostname)`\n* `Visitor#pageview(path, hostname, callback)`\n* `Visitor#pageview(path, hostname, title)`\n* `Visitor#pageview(path, hostname, title, callback)`\n\nSee also [a acceptable params](AcceptableParams.md).\n\n## Event tracking\n\n\nTracking events with `universal-analytics` works like pageview tracking, only you have to provide different arguments:\n\n```javascript\nvisitor.event(\"Event Category\", \"Event Action\").send()\n```\n\nThis is the most straightforward way to track an event. The event attributes *label* and *value* are optional and can be provided if necessary:\n\n```javascript\nvisitor.event(\"Event Category\", \"Event Action\", \"…and a label\", 42).send()\n```\n\nJust like pageview tracking, event tracking supports a callback as the last argument:\n\n```javascript\nvisitor.event(\"Event Category\", \"Event Action\", \"…and a label\", 42, function (err) {\n  // …\n})\n```\n\nAn additional attribute for events is the path of the page they should be associated with in Google Analytics. You can provide this path via an additional params object:\n\n```javascript\nvisitor.event(\"Event Category\", \"Event Action\", \"…and a label\", 42, {p: \"/contact\"}, function (err) {\n  // …\n})\n```\n\n*Notice:* The page path attribute for the event is called `p` which differs from the `dp` attribute used in the pageview tracking example. `universal-analytics` is smart enough to use the `dp` attribute should you provide it instead of `p`.\n\nIn case this argument list is getting a little long, `event()` also accepts a params object like `pageview()`:\n\n```javascript\nvar params = {\n  ec: \"Event Category\",\n  ea: \"Event Action\",\n  el: \"…and a label\",\n  ev: 42,\n  dp: \"/contact\"\n}\n\nvisitor.event(params).send();\n```\n\nThe category (`ec`) and the action (`ea`) are mandatory. Google Analytics will not track an event without them. To avoid such erroneous requests, universal-analytics will deny `event()` tracking if either attribute is omitted.\n\n```javascript\nvar action = null;\n\nvisitor.event(\"Navigation clicks\", action, function (err) {\n  // This callback will receive an error\n});\n```\n\nThe following method signatures are available for #event:\n\n* `Visitor#event(category, action)`\n* `Visitor#event(category, action, callback)`\n* `Visitor#event(category, action, label)`\n* `Visitor#event(category, action, label, callback)`\n* `Visitor#event(category, action, label, value)`\n* `Visitor#event(category, action, label, value, callback)`\n* `Visitor#event(category, action, label, value, params, callback)`\n* `Visitor#event(params)`\n* `Visitor#event(params, callback)`\n\nSee also [a acceptable params](AcceptableParams.md).\n\n### Daisy-chaining tracking calls\n\nWe have seen basic daisy-chaining above when calling `send()` right after `pageview()` and `event()`:\n\n```javascript\nvisitor.pageview(\"/\").send()\n```\n\nEvery call of a tracking method returns a visitor instance you can re-use:\n\n```javascript\nvisitor.pageview(\"/\").pageview(\"/contact\").send()\n```\n\nGranted, the chance of this example actually happening in practice might be rather low.\n\nHowever, `universal-analytics` is smart when it comes to daisy-chaining certain calls. In many cases, a `pageview()` call is instantly followed by an `event()` call to track some additional information about the current page. `universal-analytics` makes creating the connection between the two easy:\n\n```javascript\nvisitor.pageview(\"/landing-page-1\").event(\"Testing\", \"Button color\", \"Blue\").send()\n```\nThis is the same as two distinct tracking calls.\n\n```javascript\nvisitor.pageview(\"/landing-page-1\").send()\nvisitor.event(\"Testing\", \"Button color\", \"Blue\", {p: \"/landing-page-1\"}).send()\n```\n\nDaisy-chaining is context-aware and in this case placing the `event()` call right after the `pageview()` call results in the event being associated with the page path tracking in the `pageview()` call. Even though the attributes (`dp` and `p`)  are different internally.\n\nIt also works when using a callback since the `this` inside the callback will be the `universal-analytics` Visitor instance:\n\n```javascript\nvisitor.pageview(\"/landing-page-1\", function (err) {\n  if (!err) {\n    this.event(\"Testing\", \"Button color\", \"Blue\").send()\n  }\n});\n```\n\nMore generally, the daisy-chaining context keeps all parameters from the previous call around. This means in a situation where similar tracking calls are necessary tracking is simplified:\n\n```javascript\nvisitor\n  .event({ec: \"Mail Server\", ea: \"New Team Member Notification sent\"})\n  .event({ea: \"Invitation sent\"})\n  .send();\n```\n\nIn this example the event category (\"Mail Server\") is not repeated in the second tracking call.\n\n\n### Setting persistent parameters\n\nSome parameters should be in every tracking call, such as a user ID or custom dimensions that never or hardly change. For such situations a `#set(key, value)` method is available\n\nvisitor.set(\"uid\", \"123456789\")\n\nThe uid parameter will be part of every tracking request of that visitor from now on.\n\n\n### E-commerce tracking\n\nE-commerce tracking in general is a bit more complex. It requires a combination of one call to the `transaction()` method and one or more calls to the `item()` method.\n\n```javascript\nvisitor\n  .transaction(\"trans-12345\", 500)   // Create transaction trans-12345 worth 500 total.\n  .item(300, 1, \"item-54321\")        // Add 1 unit the item item-54321 worth 300.\n  .item(200, 2, \"item-41325\")        // Add 2 units the item item-41325 worth 200.\n  .send()\n```\n\nOnce again, daisy-chaining simplifies associating the items with the transaction. Officially, nothing but the transaction ID is a requirement for both the transaction and the items. However, providing a minimum set of information (revenue for the transaction, price, quantity and ID for the items) is recommended.\n\nIt is also possible to provide the params as an object to both methods:\n\n```javascript\nvisitor\n  .transaction({ti: \"trans-12345\", tr: 500, ts: 50, tt: 100, ta: \"Partner 13\"})\n  .item({ip: 300, iq: 1, ic: \"item-54321\", in: \"Item 54321\", iv: \"Blue\"})\n  .item({ip: 200, iq: 2, ic: \"item-41325\", in: \"Item 41325\", iv: \"XXL\"})\n  .send()\n```\n\nIn case an additional item has to be added later on or daisy-chaining is not available for another reason, each item can be given an associated transaction ID via the params object as well:\n\nvisitor.item({ip: 100, iq: 1, ic: \"item-41325\", in: \"Item 41325\", iv: \"XL\", ti: \"trans-12345\"}).send()\n\nThe transaction ID (`ti`) is mandatory for both the transaction and the item. Google Analytics will not track e-commerce data without it. To avoid such erroneous requests, universal-analytics will deny `transaction()` and `item()` tracking if it is omitted.\n\n```javascript\nvar ti = null;\n\nvisitor.transaction(ti, function (err) {\n  // This callback will receive an error\n});\n```\n\nThe following method signatures are available for #transaction:\n\n* `Visitor#transaction(id)`\n* `Visitor#transaction(id, callback)`\n* `Visitor#transaction(id, revenue)`\n* `Visitor#transaction(id, revenue, callback)`\n* `Visitor#transaction(id, revenue, shipping)`\n* `Visitor#transaction(id, revenue, shipping, callback)`\n* `Visitor#transaction(id, revenue, shipping, tax)`\n* `Visitor#transaction(id, revenue, shipping, tax, callback)`\n* `Visitor#transaction(id, revenue, shipping, tax, affiliation)`\n* `Visitor#transaction(id, revenue, shipping, tax, affiliation, callback)`\n* `Visitor#transaction(params)`\n* `Visitor#transaction(params, callback)`\n\nThe following method signatures are available for #item:\n\n* `Visitor#item(price)`\n* `Visitor#item(price, callback)`\n* `Visitor#item(price, quantity)`\n* `Visitor#item(price, quantity, callback)`\n* `Visitor#item(price, quantity, sku)`\n* `Visitor#item(price, quantity, sku, callback)`\n* `Visitor#item(price, quantity, sku, name)`\n* `Visitor#item(price, quantity, sku, name, callback)`\n* `Visitor#item(price, quantity, sku, name, variation)`\n* `Visitor#item(price, quantity, sku, name, variation, callback)`\n* `Visitor#item(price, quantity, sku, name, variation, params)`\n* `Visitor#item(price, quantity, sku, name, variation, params, callback)`\n* `Visitor#item(params)`\n* `Visitor#item(params, callback)`\n\nSee also [a acceptable params](AcceptableParams.md).\n\n### Exception tracking\n\nException tracking is a way to keep track of any sort of application errors and bugs with Google Analytics. Using it with this module is a way to capture server-side problems.\n\n```javascript\nvisitor.exception(\"StackOverflow Error\").send()\n```\n\nAs an additional information, the exception can be flagged as fatal if the error was exceptionally bad.\n\n```javascript\nvar fatal = true;\nvisitor.exception(\"StackOverflow Error\", fatal, function () {\n  // Finish handling this error\n});\n```\n\nThe following method signatures are available for #exception:\n\n* `Visitor#exception(description)`\n* `Visitor#exception(description, callback)`\n* `Visitor#exception(description, fatal)`\n* `Visitor#exception(description, fatal, callback)`\n* `Visitor#exception(params)`\n* `Visitor#exception(params, callback)`\n\nSee also [a acceptable params](AcceptableParams.md).\n\n### User timing tracking\n\nTracking user timings is a way to capture time-based information similar to the page load speed data tracked automatically by Google Analytics. All arguments to this tracking method are optional, but a category, a variable and a time value should be provided. The time value should be provided in milliseconds.\n\n```javascript\nvisitor.timing(\"User interaction\", \"Time to open login overlay\", 12547).send()\n```\n\nThe following method signatures are available for #timing:\n\n* `Visitor#timing(category)`\n* `Visitor#timing(category, callback)`\n* `Visitor#timing(category, variable)`\n* `Visitor#timing(category, variable, callback)`\n* `Visitor#timing(category, variable, time)`\n* `Visitor#timing(category, variable, time, callback)`\n* `Visitor#timing(category, variable, time, label)`\n* `Visitor#timing(category, variable, time, label, callback)`\n* `Visitor#timing(params)`\n* `Visitor#timing(params, callback)`\n\nSee also [a acceptable params](AcceptableParams.md).\n\n## Session-based identification\n\nIn order to make session-based apps easier to work with, `universal-analytics` also provides a middleware that works in an Expressjs-style fashion. It will try to detect a client ID based on the `_ga` cookie used by the analytics.js client-side tracking. Additionally it will store the detected client ID in the current session to recognize the visitor later.\n\n```javascript\nvar ua = require(\"universal-analytics\");\nvar express = require(\"express\");\n\nvar app = express()\n\nexpress.use(ua.middleware(\"UA-XXXX-Y\", {cookieName: '_ga'}));\n```\n\nThe middleware will attach the `universal analytics` visitor instance to every request (`req.visitor`).\n\nAdditionally, the module also exposes a `createFromSession` method to create a visitor instance simply based on a session, which is helpful when working with Socket.io, etc. where the middleware is not used.\n\n```javascript\nvar visitor = ua.createFromSession(socket.handshake.session);\n```\n\n## Debug mode\n\n`universal-analytics` can be instructed to output information during tracking by enabling the debug mode:\n\n```javascript\nvar visitor = ua(\"UA-XXXX-XX\").debug()\n// … and so forth.\n```\n\n\n## Request Options\n\nIn order to add additional options to the request a `requestOptions` hash can be provided as part of the constructor options. `unviversal-analytics` uses the [`request`](https://www.npmjs.com/package/request) library. Therefor [any option available for that library](https://www.npmjs.com/package/request#requestoptions-callback) can be provided via the `requestOptions`.\n\n```javascript\nvar visitor = ua('UA-XXXX-XX', {\n  requestOptions: {\n    proxy: \"…\"\n  }\n});\n```\n\n\n## Shortcuts\n\nThe tracking methods have shortcuts:\n\n* `Visitor#pv` as an alias for `Visitor#pageview`\n* `Visitor#e` as an alias for `Visitor#event`\n* `Visitor#t` as an alias for `Visitor#transaction`\n* `Visitor#i` as an alias for `Visitor#item`\n\n\n# Tests\n\nThe tests are written with [mocha](https://github.com/visionmedia/mocha) using [should](https://github.com/visionmedia/should.js) and [Sinon.JS](https://github.com/cjohansen/Sinon.JS).\n\nRun them by executing the following commands in the `universal-analytics` directory:\n\n```\n$ npm install\n$ make test\n```\n\n## License\n\n(The MIT License)\n\nCopyright (c) 2016 Peaks & Pies GmbH &lt;hello@peaksandpies.com&gt;\n\nPermission is hereby granted, free of charge, to any person obtaining\na copy of this software and associated documentation files (the\n'Software'), to deal in the Software without restriction, including\nwithout limitation the rights to use, copy, modify, merge, publish,\ndistribute, sublicense, and/or sell copies of the Software, and to\npermit persons to whom the Software is furnished to do so, subject to\nthe following conditions:\n\nThe above copyright notice and this permission notice shall be\nincluded in all copies or substantial portions of the Software.\n\nTHE SOFTWARE IS PROVIDED 'AS IS', WITHOUT WARRANTY OF ANY KIND,\nEXPRESS OR IMPLIED, INCLUDING BUT NOT LIMITED TO THE WARRANTIES OF\nMERCHANTABILITY, FITNESS FOR A PARTICULAR PURPOSE AND NONINFRINGEMENT.\nIN NO EVENT SHALL THE AUTHORS OR COPYRIGHT HOLDERS BE LIABLE FOR ANY\nCLAIM, DAMAGES OR OTHER LIABILITY, WHETHER IN AN ACTION OF CONTRACT,\nTORT OR OTHERWISE, ARISING FROM, OUT OF OR IN CONNECTION WITH THE\nSOFTWARE OR THE USE OR OTHER DEALINGS IN THE SOFTWARE.\n\n\n\n\n\n\n\n\n\n\n\n\n\n\n\n\n\n\n\n\n\n\n\n","maintainers":[{"name":"jtillmann","email":"mail@joergtillmann.com"}],"time":{"modified":"2017-03-16T18:19:29.508Z","created":"2013-02-11T20:22:06.585Z","0.1.0":"2013-02-11T20:22:08.683Z","0.1.1":"2013-02-11T20:35:24.441Z","0.1.2":"2013-02-11T20:51:43.455Z","0.1.3":"2013-02-11T21:21:13.069Z","0.2.0":"2013-03-28T13:43:47.540Z","0.2.1":"2013-04-08T20:32:54.879Z","0.2.2":"2013-04-16T17:14:07.824Z","0.2.3":"2013-08-18T14:29:56.745Z","0.3.0":"2013-09-09T13:27:20.807Z","0.3.1":"2014-01-06T09:46:49.875Z","0.3.2":"2014-01-09T08:04:00.172Z","0.3.3":"2014-02-28T17:53:48.026Z","0.3.4":"2014-03-07T07:47:09.650Z","0.3.5":"2014-10-22T09:13:05.914Z","0.3.6":"2014-10-22T09:16:01.628Z","0.3.7":"2015-05-18T17:38:04.670Z","0.3.8":"2015-05-18T17:46:25.244Z","0.3.9":"2015-07-20T17:49:25.833Z","0.3.10":"2015-12-18T19:34:51.022Z","0.3.11":"2016-03-16T14:53:15.875Z","0.4.2":"2016-07-22T06:00:00.547Z","0.4.3":"2016-09-14T14:43:52.617Z","0.4.4":"2016-09-14T15:00:36.929Z","0.4.6":"2016-09-14T15:16:43.450Z","0.4.7":"2016-11-23T08:05:49.284Z","0.4.8":"2016-11-23T13:41:58.666Z","0.4.9":"2017-02-17T10:08:11.707Z","0.4.10":"2017-03-06T15:25:07.621Z","0.4.11":"2017-03-14T17:15:01.148Z","0.4.12":"2017-03-16T18:19:29.508Z"},"author":{"name":"Jörg Tillmann","email":"joerg@peaksandpies.com"},"repository":{"type":"git","url":"git+ssh://git@github.com/peaksandpies/universal-analytics.git"},"keywords":["google","analytics","universal","tracking"],"bugs":{"url":"https://github.com/peaksandpies/universal-analytics/issues"},"license":"MIT","readmeFilename":"README.md","users":{"niccai":true,"aoberoi":true,"flockonus":true,"ddmkr":true,"valeriu-zdrobau":true,"firerishi":true,"bkarak":true,"wangnan0610":true,"brandonpapworth":true,"johnjcamilleri":true,"dheerajvs":true,"crewmoss":true,"ast":true,"octalmage":true,"mishelen":true,"wfalkwallace":true,"hengkiardo":true,"stand__sure":true,"lordflash":true,"hypo9eal":true,"jazoom":true,"jakub.knejzlik":true,"ninozhang":true,"wesleybliss":true,"26medias":true,"ikakosta":true,"dchernokur":true,"rdesoky":true,"rochejul":true,"rocket0191":true},"homepage":"https://github.com/peaksandpies/universal-analytics#readme","_attachments":{},"_etag":"W/\"58cad731-d967\"","_lastModified":"Thu, 16 Mar 2017 18:19:29 GMT"}