{"_id":"atom-message-panel","_rev":"44-e78f87da298a11359124708285b473cf","name":"atom-message-panel","description":"An easy way to display your messages in Atom","dist-tags":{"latest":"1.3.0"},"versions":{"0.0.0":{"name":"atom-message-panel","version":"0.0.0","description":"An easy way to display your messages in Atom","main":"index.js","scripts":{"test":"echo \"Error: no test specified\" && exit 1"},"repository":{"type":"git","url":"git://github.com/tcarlsen/atom-message-panel"},"keywords":["atom","helper","handler","error","message"],"author":{"name":"tcarlsen"},"license":"MIT","bugs":{"url":"https://github.com/tcarlsen/atom-message-panel/issues"},"homepage":"https://github.com/tcarlsen/atom-message-panel","_id":"atom-message-panel@0.0.0","dist":{"shasum":"20fed6ec125ae079a2e8a4ea7bd6bffdb5dce059","tarball":"https://registry.npmjs.org/atom-message-panel/-/atom-message-panel-0.0.0.tgz"},"_from":".","_npmVersion":"1.4.3","_npmUser":{"name":"tcarlsen","email":"thomascarlsen86@gmail.com"},"maintainers":[{"name":"tcarlsen","email":"thomascarlsen86@gmail.com"}],"directories":{}},"0.1.0":{"name":"atom-message-panel","version":"0.1.0","description":"An easy way to display your messages in Atom","main":"index.js","scripts":{"test":"echo \"Error: no test specified\" && exit 1"},"repository":{"type":"git","url":"git://github.com/tcarlsen/atom-message-panel"},"keywords":["atom","helper","handler","error","message"],"author":{"name":"tcarlsen"},"license":"MIT","bugs":{"url":"https://github.com/tcarlsen/atom-message-panel/issues"},"homepage":"https://github.com/tcarlsen/atom-message-panel","_id":"atom-message-panel@0.1.0","dist":{"shasum":"18862d3304170597bf6706546598651f088704e7","tarball":"https://registry.npmjs.org/atom-message-panel/-/atom-message-panel-0.1.0.tgz"},"_from":".","_npmVersion":"1.4.4","_npmUser":{"name":"tcarlsen","email":"thomascarlsen86@gmail.com"},"maintainers":[{"name":"tcarlsen","email":"thomascarlsen86@gmail.com"}],"directories":{}},"0.2.0":{"name":"atom-message-panel","version":"0.2.0","description":"An easy way to display your messages in Atom","main":"index.js","scripts":{"test":"echo \"Error: no test specified\" && exit 1"},"repository":{"type":"git","url":"git://github.com/tcarlsen/atom-message-panel"},"keywords":["atom","helper","handler","error","message"],"author":{"name":"tcarlsen"},"license":"MIT","bugs":{"url":"https://github.com/tcarlsen/atom-message-panel/issues"},"homepage":"https://github.com/tcarlsen/atom-message-panel","_id":"atom-message-panel@0.2.0","dist":{"shasum":"29b2599a81eb460906a64cbc1879451b02357a7f","tarball":"https://registry.npmjs.org/atom-message-panel/-/atom-message-panel-0.2.0.tgz"},"_from":".","_npmVersion":"1.4.4","_npmUser":{"name":"tcarlsen","email":"thomascarlsen86@gmail.com"},"maintainers":[{"name":"tcarlsen","email":"thomascarlsen86@gmail.com"}],"directories":{}},"0.2.1":{"name":"atom-message-panel","version":"0.2.1","description":"An easy way to display your messages in Atom","main":"index.js","scripts":{"test":"echo \"Error: no test specified\" && exit 1"},"repository":{"type":"git","url":"git://github.com/tcarlsen/atom-message-panel"},"keywords":["atom","helper","handler","error","message"],"author":{"name":"tcarlsen"},"license":"MIT","bugs":{"url":"https://github.com/tcarlsen/atom-message-panel/issues"},"homepage":"https://github.com/tcarlsen/atom-message-panel","_id":"atom-message-panel@0.2.1","dist":{"shasum":"6f35b638460928d3429538d03c4696f8888694cc","tarball":"https://registry.npmjs.org/atom-message-panel/-/atom-message-panel-0.2.1.tgz"},"_from":".","_npmVersion":"1.4.4","_npmUser":{"name":"tcarlsen","email":"thomascarlsen86@gmail.com"},"maintainers":[{"name":"tcarlsen","email":"thomascarlsen86@gmail.com"}],"directories":{}},"0.2.2":{"name":"atom-message-panel","version":"0.2.2","description":"An easy way to display your messages in Atom","main":"index.js","scripts":{"test":"echo \"Error: no test specified\" && exit 1"},"repository":{"type":"git","url":"git://github.com/tcarlsen/atom-message-panel"},"keywords":["atom","helper","handler","error","message"],"author":{"name":"tcarlsen"},"license":"MIT","bugs":{"url":"https://github.com/tcarlsen/atom-message-panel/issues"},"homepage":"https://github.com/tcarlsen/atom-message-panel","_id":"atom-message-panel@0.2.2","dist":{"shasum":"db580bf07b4ec1a1b79d6e7153382f57ea8c3a66","tarball":"https://registry.npmjs.org/atom-message-panel/-/atom-message-panel-0.2.2.tgz"},"_from":".","_npmVersion":"1.4.4","_npmUser":{"name":"tcarlsen","email":"thomascarlsen86@gmail.com"},"maintainers":[{"name":"tcarlsen","email":"thomascarlsen86@gmail.com"}],"directories":{}},"0.3.0":{"name":"atom-message-panel","version":"0.3.0","description":"An easy way to display your messages in Atom","main":"index.js","scripts":{"test":"echo \"Error: no test specified\" && exit 1"},"repository":{"type":"git","url":"git://github.com/tcarlsen/atom-message-panel"},"keywords":["atom","helper","handler","error","message"],"author":{"name":"tcarlsen"},"license":"MIT","bugs":{"url":"https://github.com/tcarlsen/atom-message-panel/issues"},"homepage":"https://github.com/tcarlsen/atom-message-panel","_id":"atom-message-panel@0.3.0","dist":{"shasum":"1206df29e4475ca1f03457907c7a7bb1cf91c788","tarball":"https://registry.npmjs.org/atom-message-panel/-/atom-message-panel-0.3.0.tgz"},"_from":".","_npmVersion":"1.4.4","_npmUser":{"name":"tcarlsen","email":"thomascarlsen86@gmail.com"},"maintainers":[{"name":"tcarlsen","email":"thomascarlsen86@gmail.com"}],"directories":{}},"1.0.0":{"name":"atom-message-panel","version":"1.0.0","description":"An easy way to display your messages in Atom","main":"lib/index.js","scripts":{"test":"echo \"Error: no test specified\" && exit 1"},"repository":{"type":"git","url":"git://github.com/tcarlsen/atom-message-panel"},"keywords":["atom","helper","handler","error","message"],"author":{"name":"tcarlsen"},"license":"MIT","bugs":{"url":"https://github.com/tcarlsen/atom-message-panel/issues"},"homepage":"https://github.com/tcarlsen/atom-message-panel","_id":"atom-message-panel@1.0.0","dist":{"shasum":"3e616d75c6a36a7706be269563faaa973e15733a","tarball":"https://registry.npmjs.org/atom-message-panel/-/atom-message-panel-1.0.0.tgz"},"_from":".","_npmVersion":"1.4.6","_npmUser":{"name":"tcarlsen","email":"thomascarlsen86@gmail.com"},"maintainers":[{"name":"tcarlsen","email":"thomascarlsen86@gmail.com"}],"directories":{}},"1.1.0":{"name":"atom-message-panel","version":"1.1.0","description":"An easy way to display your messages in Atom","main":"lib/index.js","scripts":{"test":"echo \"Error: no test specified\" && exit 1"},"repository":{"type":"git","url":"git://github.com/tcarlsen/atom-message-panel"},"keywords":["atom","helper","handler","error","message"],"author":{"name":"tcarlsen"},"license":"MIT","bugs":{"url":"https://github.com/tcarlsen/atom-message-panel/issues"},"homepage":"https://github.com/tcarlsen/atom-message-panel","gitHead":"9ecb2d3b9a18901b3802a4a70d28474be4d44a89","_id":"atom-message-panel@1.1.0","_shasum":"c30f9cc8e49a8cb5bf8834208760001a6b731997","_from":".","_npmVersion":"1.4.13","_npmUser":{"name":"tcarlsen","email":"thomascarlsen86@gmail.com"},"maintainers":[{"name":"tcarlsen","email":"thomascarlsen86@gmail.com"}],"dist":{"shasum":"c30f9cc8e49a8cb5bf8834208760001a6b731997","tarball":"https://registry.npmjs.org/atom-message-panel/-/atom-message-panel-1.1.0.tgz"},"directories":{}},"1.1.1":{"name":"atom-message-panel","version":"1.1.1","description":"An easy way to display your messages in Atom","main":"lib/index.js","scripts":{"test":"echo \"Error: no test specified\" && exit 1"},"repository":{"type":"git","url":"git://github.com/tcarlsen/atom-message-panel"},"keywords":["atom","helper","handler","error","message"],"author":{"name":"tcarlsen"},"license":"MIT","bugs":{"url":"https://github.com/tcarlsen/atom-message-panel/issues"},"homepage":"https://github.com/tcarlsen/atom-message-panel","gitHead":"1d222f8440d5bc0b49fe42701c3a1e080e1fa05e","_id":"atom-message-panel@1.1.1","_shasum":"8ec0c3d7359734545d4a757ccf313d6fb8543043","_from":".","_npmVersion":"1.4.13","_npmUser":{"name":"tcarlsen","email":"thomascarlsen86@gmail.com"},"maintainers":[{"name":"tcarlsen","email":"thomascarlsen86@gmail.com"}],"dist":{"shasum":"8ec0c3d7359734545d4a757ccf313d6fb8543043","tarball":"https://registry.npmjs.org/atom-message-panel/-/atom-message-panel-1.1.1.tgz"},"directories":{}},"1.1.2":{"name":"atom-message-panel","version":"1.1.2","description":"An easy way to display your messages in Atom","main":"lib/index.js","scripts":{"test":"echo \"Error: no test specified\" && exit 1"},"repository":{"type":"git","url":"git://github.com/tcarlsen/atom-message-panel"},"keywords":["atom","helper","handler","error","message"],"author":{"name":"tcarlsen"},"license":"MIT","bugs":{"url":"https://github.com/tcarlsen/atom-message-panel/issues"},"homepage":"https://github.com/tcarlsen/atom-message-panel","gitHead":"168a64d482ccb89b11dfa102b0db54c2a66dcaf5","_id":"atom-message-panel@1.1.2","_shasum":"f105c7f64a88b793a06aaed6a8abe9ac227caa06","_from":".","_npmVersion":"2.0.2","_nodeVersion":"0.10.32","_npmUser":{"name":"tcarlsen","email":"thomascarlsen86@gmail.com"},"maintainers":[{"name":"tcarlsen","email":"thomascarlsen86@gmail.com"}],"dist":{"shasum":"f105c7f64a88b793a06aaed6a8abe9ac227caa06","tarball":"https://registry.npmjs.org/atom-message-panel/-/atom-message-panel-1.1.2.tgz"},"directories":{}},"1.1.3":{"name":"atom-message-panel","version":"1.1.3","description":"An easy way to display your messages in Atom","main":"lib/index.js","scripts":{"test":"echo \"Error: no test specified\" && exit 1"},"repository":{"type":"git","url":"git://github.com/tcarlsen/atom-message-panel"},"keywords":["atom","helper","handler","error","message"],"author":{"name":"tcarlsen"},"license":"MIT","bugs":{"url":"https://github.com/tcarlsen/atom-message-panel/issues"},"dependencies":{"space-pen":"^4"},"homepage":"https://github.com/tcarlsen/atom-message-panel","gitHead":"3dcd5b947496f1ac5d0bc7e54c940dc0cca1f14c","_id":"atom-message-panel@1.1.3","_shasum":"0874d8cbb9d80dbe6926ae0b315771055a1a7238","_from":".","_npmVersion":"2.1.9","_nodeVersion":"0.10.32","_npmUser":{"name":"tcarlsen","email":"thomascarlsen86@gmail.com"},"maintainers":[{"name":"tcarlsen","email":"thomascarlsen86@gmail.com"}],"dist":{"shasum":"0874d8cbb9d80dbe6926ae0b315771055a1a7238","tarball":"https://registry.npmjs.org/atom-message-panel/-/atom-message-panel-1.1.3.tgz"},"directories":{}},"1.1.4":{"name":"atom-message-panel","version":"1.1.4","description":"An easy way to display your messages in Atom","main":"lib/index.js","scripts":{"test":"echo \"Error: no test specified\" && exit 1"},"repository":{"type":"git","url":"git://github.com/tcarlsen/atom-message-panel"},"keywords":["atom","helper","handler","error","message"],"author":{"name":"tcarlsen"},"license":"MIT","bugs":{"url":"https://github.com/tcarlsen/atom-message-panel/issues"},"dependencies":{"space-pen":"^4"},"homepage":"https://github.com/tcarlsen/atom-message-panel","gitHead":"6a453f90429b677c4bc0e2efe9aa256e80c44c9a","_id":"atom-message-panel@1.1.4","_shasum":"d0fd59d1dd18bf2dba2fbc0cfc75b2e46b676539","_from":".","_npmVersion":"2.1.9","_nodeVersion":"0.10.32","_npmUser":{"name":"tcarlsen","email":"thomascarlsen86@gmail.com"},"maintainers":[{"name":"tcarlsen","email":"thomascarlsen86@gmail.com"}],"dist":{"shasum":"d0fd59d1dd18bf2dba2fbc0cfc75b2e46b676539","tarball":"https://registry.npmjs.org/atom-message-panel/-/atom-message-panel-1.1.4.tgz"},"directories":{}},"1.2.0":{"name":"atom-message-panel","version":"1.2.0","description":"An easy way to display your messages in Atom","main":"lib/index.js","scripts":{"test":"echo \"Error: no test specified\" && exit 1"},"repository":{"type":"git","url":"git://github.com/tcarlsen/atom-message-panel"},"keywords":["atom","helper","handler","error","message"],"author":{"name":"tcarlsen"},"contributors":[{"name":"joefitzgerald"},{"name":"fangel"}],"license":"MIT","bugs":{"url":"https://github.com/tcarlsen/atom-message-panel/issues"},"dependencies":{"space-pen":"^4"},"homepage":"https://github.com/tcarlsen/atom-message-panel","gitHead":"d8b9a3d74804c9c0dac4ef12a338025ebbd00cc5","_id":"atom-message-panel@1.2.0","_shasum":"9e08fd8853ec9d1581afe2253261491968611adf","_from":".","_npmVersion":"2.3.0","_nodeVersion":"0.10.32","_npmUser":{"name":"tcarlsen","email":"thomascarlsen86@gmail.com"},"maintainers":[{"name":"tcarlsen","email":"thomascarlsen86@gmail.com"}],"dist":{"shasum":"9e08fd8853ec9d1581afe2253261491968611adf","tarball":"https://registry.npmjs.org/atom-message-panel/-/atom-message-panel-1.2.0.tgz"},"directories":{}},"1.2.1":{"name":"atom-message-panel","version":"1.2.1","description":"An easy way to display your messages in Atom","main":"lib/index.js","scripts":{"test":"echo \"Error: no test specified\" && exit 1"},"repository":{"type":"git","url":"git://github.com/tcarlsen/atom-message-panel"},"keywords":["atom","helper","handler","error","message"],"author":{"name":"tcarlsen"},"contributors":[{"name":"joefitzgerald"},{"name":"fangel"}],"license":"MIT","bugs":{"url":"https://github.com/tcarlsen/atom-message-panel/issues"},"dependencies":{"space-pen":"^4"},"homepage":"https://github.com/tcarlsen/atom-message-panel","gitHead":"5fadc9370014718062d379e20f3ab761d19ce698","_id":"atom-message-panel@1.2.1","_shasum":"0cb647f54c6f0b1c08627fbc78ca51e5faf39a76","_from":".","_npmVersion":"2.3.0","_nodeVersion":"0.10.32","_npmUser":{"name":"tcarlsen","email":"thomascarlsen86@gmail.com"},"maintainers":[{"name":"tcarlsen","email":"thomascarlsen86@gmail.com"}],"dist":{"shasum":"0cb647f54c6f0b1c08627fbc78ca51e5faf39a76","tarball":"https://registry.npmjs.org/atom-message-panel/-/atom-message-panel-1.2.1.tgz"},"directories":{}},"1.2.2":{"name":"atom-message-panel","version":"1.2.2","description":"An easy way to display your messages in Atom","main":"lib/index.js","scripts":{"test":"echo \"Error: no test specified\" && exit 1"},"repository":{"type":"git","url":"git://github.com/tcarlsen/atom-message-panel"},"keywords":["atom","helper","handler","error","message"],"author":{"name":"tcarlsen"},"contributors":[{"name":"joefitzgerald"},{"name":"fangel"}],"license":"MIT","bugs":{"url":"https://github.com/tcarlsen/atom-message-panel/issues"},"dependencies":{"space-pen":"^4"},"homepage":"https://github.com/tcarlsen/atom-message-panel","gitHead":"4d18001c5b300145f40cad6c1afaf99bdd39dd15","_id":"atom-message-panel@1.2.2","_shasum":"330ae943f57bc9da564f7b71d9312e8269b5ba60","_from":".","_npmVersion":"2.3.0","_nodeVersion":"0.10.32","_npmUser":{"name":"tcarlsen","email":"thomascarlsen86@gmail.com"},"maintainers":[{"name":"tcarlsen","email":"thomascarlsen86@gmail.com"}],"dist":{"shasum":"330ae943f57bc9da564f7b71d9312e8269b5ba60","tarball":"https://registry.npmjs.org/atom-message-panel/-/atom-message-panel-1.2.2.tgz"},"directories":{}},"1.2.3":{"name":"atom-message-panel","version":"1.2.3","description":"An easy way to display your messages in Atom","main":"lib/index.js","scripts":{"test":"echo \"Error: no test specified\" && exit 1"},"repository":{"type":"git","url":"git://github.com/tcarlsen/atom-message-panel.git"},"keywords":["atom","helper","handler","error","message"],"author":{"name":"tcarlsen"},"contributors":[{"name":"joefitzgerald"},{"name":"fangel"}],"license":"MIT","bugs":{"url":"https://github.com/tcarlsen/atom-message-panel/issues"},"dependencies":{"space-pen":"^4"},"homepage":"https://github.com/tcarlsen/atom-message-panel","gitHead":"655efc64eab131d15c12732a4455ded040989983","_id":"atom-message-panel@1.2.3","_shasum":"b3917b1eb94e884fe3a1cb0a6f4c5cf7ef0237cb","_from":".","_npmVersion":"2.8.3","_nodeVersion":"0.12.2","_npmUser":{"name":"tcarlsen","email":"thomascarlsen86@gmail.com"},"dist":{"shasum":"b3917b1eb94e884fe3a1cb0a6f4c5cf7ef0237cb","tarball":"https://registry.npmjs.org/atom-message-panel/-/atom-message-panel-1.2.3.tgz"},"maintainers":[{"name":"tcarlsen","email":"thomascarlsen86@gmail.com"}],"directories":{}},"1.2.4":{"name":"atom-message-panel","version":"1.2.4","description":"An easy way to display your messages in Atom","main":"lib/index.js","scripts":{"test":"echo \"Error: no test specified\" && exit 1"},"repository":{"type":"git","url":"git://github.com/tcarlsen/atom-message-panel.git"},"keywords":["atom","helper","handler","error","message"],"author":{"name":"tcarlsen"},"contributors":[{"name":"joefitzgerald"},{"name":"fangel"}],"license":"MIT","bugs":{"url":"https://github.com/tcarlsen/atom-message-panel/issues"},"dependencies":{"space-pen":"^4"},"homepage":"https://github.com/tcarlsen/atom-message-panel","gitHead":"ea9fb4e30bd4b4dd3a15b0443584b1a085f95361","_id":"atom-message-panel@1.2.4","_shasum":"704b31cb53c480d584c1a330b398587d45f67a07","_from":".","_npmVersion":"2.8.3","_nodeVersion":"0.12.2","_npmUser":{"name":"tcarlsen","email":"thomascarlsen86@gmail.com"},"dist":{"shasum":"704b31cb53c480d584c1a330b398587d45f67a07","tarball":"https://registry.npmjs.org/atom-message-panel/-/atom-message-panel-1.2.4.tgz"},"maintainers":[{"name":"tcarlsen","email":"thomascarlsen86@gmail.com"}],"directories":{}},"1.2.5":{"name":"atom-message-panel","version":"1.2.5","description":"An easy way to display your messages in Atom","main":"lib/index.js","scripts":{"test":"echo \"Error: no test specified\" && exit 1"},"repository":{"type":"git","url":"git://github.com/tcarlsen/atom-message-panel.git"},"keywords":["atom","helper","handler","error","message"],"author":{"name":"tcarlsen"},"contributors":[{"name":"joefitzgerald"},{"name":"fangel"}],"license":"MIT","bugs":{"url":"https://github.com/tcarlsen/atom-message-panel/issues"},"dependencies":{"atom-space-pen-views":"^2.2.0"},"homepage":"https://github.com/tcarlsen/atom-message-panel","gitHead":"256aebf892cd64487c553b4cf4824ed2e76484e4","_id":"atom-message-panel@1.2.5","_shasum":"6c06131bffeb6476c8ab927217c31b16e2f21dd5","_from":".","_npmVersion":"3.9.3","_nodeVersion":"6.2.1","_npmUser":{"name":"tcarlsen","email":"thomascarlsen86@gmail.com"},"dist":{"shasum":"6c06131bffeb6476c8ab927217c31b16e2f21dd5","tarball":"https://registry.npmjs.org/atom-message-panel/-/atom-message-panel-1.2.5.tgz"},"maintainers":[{"name":"tcarlsen","email":"thomascarlsen86@gmail.com"}],"_npmOperationalInternal":{"host":"packages-12-west.internal.npmjs.com","tmp":"tmp/atom-message-panel-1.2.5.tgz_1465814841131_0.013836907455697656"},"directories":{}},"1.2.6":{"name":"atom-message-panel","version":"1.2.6","description":"An easy way to display your messages in Atom","main":"lib/index.js","scripts":{"test":"echo \"Error: no test specified\" && exit 1"},"repository":{"type":"git","url":"git://github.com/tcarlsen/atom-message-panel.git"},"keywords":["atom","helper","handler","error","message"],"author":{"name":"tcarlsen"},"contributors":[{"name":"joefitzgerald"},{"name":"fangel"}],"license":"MIT","bugs":{"url":"https://github.com/tcarlsen/atom-message-panel/issues"},"dependencies":{"atom-space-pen-views":"^2.2.0"},"homepage":"https://github.com/tcarlsen/atom-message-panel","gitHead":"a416f690afe74ff0e6176d1acd0a25ce63687dc2","_id":"atom-message-panel@1.2.6","_shasum":"01bb377e7f4f9d49a619121a2865c1d1ebab436d","_from":".","_npmVersion":"3.9.3","_nodeVersion":"6.2.1","_npmUser":{"name":"tcarlsen","email":"thomascarlsen86@gmail.com"},"dist":{"shasum":"01bb377e7f4f9d49a619121a2865c1d1ebab436d","tarball":"https://registry.npmjs.org/atom-message-panel/-/atom-message-panel-1.2.6.tgz"},"maintainers":[{"name":"tcarlsen","email":"thomascarlsen86@gmail.com"}],"_npmOperationalInternal":{"host":"packages-16-east.internal.npmjs.com","tmp":"tmp/atom-message-panel-1.2.6.tgz_1465816922233_0.4542982899583876"},"directories":{}},"1.2.7":{"name":"atom-message-panel","version":"1.2.7","description":"An easy way to display your messages in Atom","main":"lib/index.js","scripts":{"test":"echo \"Error: no test specified\" && exit 1"},"repository":{"type":"git","url":"git://github.com/tcarlsen/atom-message-panel.git"},"keywords":["atom","helper","handler","error","message"],"author":{"name":"tcarlsen"},"contributors":[{"name":"joefitzgerald"},{"name":"fangel"}],"license":"MIT","bugs":{"url":"https://github.com/tcarlsen/atom-message-panel/issues"},"dependencies":{"atom-space-pen-views":"^2.2.0"},"homepage":"https://github.com/tcarlsen/atom-message-panel","gitHead":"0e459dc5cd8e388ab8d462a26a0e55f781b49b10","_id":"atom-message-panel@1.2.7","_shasum":"4eaf2ab2406fb96096decda79b1e9aa7896f2143","_from":".","_npmVersion":"3.9.3","_nodeVersion":"6.2.1","_npmUser":{"name":"tcarlsen","email":"thomascarlsen86@gmail.com"},"dist":{"shasum":"4eaf2ab2406fb96096decda79b1e9aa7896f2143","tarball":"https://registry.npmjs.org/atom-message-panel/-/atom-message-panel-1.2.7.tgz"},"maintainers":[{"name":"tcarlsen","email":"thomascarlsen86@gmail.com"}],"_npmOperationalInternal":{"host":"packages-12-west.internal.npmjs.com","tmp":"tmp/atom-message-panel-1.2.7.tgz_1465817119915_0.3568914837669581"},"directories":{}},"1.3.0":{"name":"atom-message-panel","version":"1.3.0","description":"An easy way to display your messages in Atom","main":"lib/index.js","scripts":{"test":"echo \"Error: no test specified\" && exit 1"},"repository":{"type":"git","url":"git://github.com/tcarlsen/atom-message-panel.git"},"keywords":["atom","helper","handler","error","message"],"author":{"name":"tcarlsen"},"contributors":[{"name":"joefitzgerald"},{"name":"fangel"}],"license":"MIT","bugs":{"url":"https://github.com/tcarlsen/atom-message-panel/issues"},"dependencies":{"atom-space-pen-views":"^2.2.0"},"homepage":"https://github.com/tcarlsen/atom-message-panel","gitHead":"c17eb7eb521e9e37a639cf3bed88b8920a5d6268","_id":"atom-message-panel@1.3.0","_shasum":"04e20229540766bcd356555dabfa98d5bedd313c","_from":".","_npmVersion":"4.0.5","_nodeVersion":"7.4.0","_npmUser":{"name":"tcarlsen","email":"thomascarlsen86@gmail.com"},"dist":{"shasum":"04e20229540766bcd356555dabfa98d5bedd313c","tarball":"https://registry.npmjs.org/atom-message-panel/-/atom-message-panel-1.3.0.tgz"},"maintainers":[{"name":"tcarlsen","email":"thomascarlsen86@gmail.com"}],"_npmOperationalInternal":{"host":"packages-18-east.internal.npmjs.com","tmp":"tmp/atom-message-panel-1.3.0.tgz_1485258673966_0.7074106866493821"},"directories":{}}},"readme":"# The Atom Message Panel <a href=\"http://packagequality.com/#?package=atom-message-panel\" target=\"_blank\"><img src=\"http://npm.packagequality.com/badge/atom-message-panel.png\" align=\"right\" height=\"45px\"></a>\n\n![npm version](https://img.shields.io/npm/v/atom-message-panel.svg)\n![npm license](https://img.shields.io/npm/l/atom-message-panel.svg)\n![npm downloads](https://img.shields.io/npm/dm/atom-message-panel.svg)\n[![Gitter chat](https://img.shields.io/badge/gitter-join_chat-brightgreen.svg)](https://gitter.im/tcarlsen/atom-message-panel)\n\n> The easy way to display your messages in [Atom](http://atom.io).\n\n![preview](https://cloud.githubusercontent.com/assets/145288/2628677/25f9ba7a-be2b-11e3-9780-8172cf7ea292.png)\n\n## Why!?\n\nTo streamline how plugin messages are displayed in Atom! :fist:\n\n[Checkout this list of packages already using Atom Message Panel.](https://github.com/tcarlsen/atom-message-panel/wiki/They-use-it!)\n\n## Usage\n\n**JavaScript:**\n\n```javascript\nvar MessagePanelView = require('atom-message-panel').MessagePanelView,\n    PlainMessageView = require('atom-message-panel').PlainMessageView;\n\nvar messages = new MessagePanelView({\n  title: 'It\\'s alive..... IT\\'S ALIIIIIVE!!!!'\n});\n\nmessages.attach();\n\nmessages.add(new PlainMessageView({\n  message: 'I did it mommy, I made my first Atom Message Panel!',\n  className: 'text-success'\n}));\n```\n\n**CoffeeScript:**\n\n```coffeescript\n{MessagePanelView, LineMessageView} = require 'atom-message-panel'\n\nmessages = new MessagePanelView\n    title: 'Remember your Coffee!'\n\nmessages.attach()\n\nmessages.add new LineMessageView\n    line: 1\n    character: 4\n    message: 'You haven\\'t had a single drop of coffee since this character'\n```\n\n## API\n\n**MessagePanelView:**\n\n*It all depends on this guy, this is your init function and you will need it :sunglasses:*\n\n * `new MessagePanelView(params)`:\n  - `title`: the title of your panel\n  - `rawTitle`: sat to `true` will allow the title to contains HTML *(default is false)*\n  - `closeMethod`: What should the close button do? `hide` *(default)* or `destroy`.\n  - `speed`: how fast you what the fold/unfold function to run *(default is fast)*\n  - `recentMessagesAtTop`: should new messages be added at the top? *(default is false)*\n  - `position`: should the panel attach to the \"top\", \"bottom\", \"left\" or \"right\" *(default is bottom)*\n  - `maxHeight`: set a max-height of the panel body *(default is 170px)*\n * `attach()`: append the panel to the Atom view\n * `close()`: closes the panel\n * `setTitle(title:string,raw?:boolean)`: change the panel title\n * `toggle()`: fold/unfold the panel\n * `unfold()`: unfold the panel\n * `clear()`: clear the body\n * `add()`: add a view to the panel\n * `remove(index)`: remove a view from the panel\n * `state()`: get current state informations about your panel\n\n**PlainMessageView:**\n\n*Lets you add a simple message :speech_balloon:*\n\n * `PlainMessageView(params)`:\n  - `message`: your message to the people\n  - `raw`: sat to `true` will allow the mesage to contains HTML *(default is false)*\n  - `className`: adding css classes to your message *(this is optional)*\n\n**LineMessageView:**\n\n*Lets you add messages for a specific line and character, and it will even navigate the user to that position with a single click :boom:*\n\n  * `LineMessageView(params)`:\n   - `message`: your message to the people\n   - `line`: what line are we talking about?\n   - `file`: so, was that in some other file? *(this is optional)*\n   - `character`: lets be more specific of what we are talking about *(this is optional)*\n   - `preview`: lets you display a code snippet inside a `pre` tag *(this is optional)*\n   - `className`: adding css classes to your message *(this is optional)*\n\n## License\n\n[MIT](LICENSE.md) © tcarlsen\n","maintainers":[{"name":"tcarlsen","email":"thomascarlsen86@gmail.com"}],"time":{"modified":"2017-01-24T11:51:14.509Z","created":"2014-03-10T22:39:04.051Z","0.0.0":"2014-03-10T22:39:04.051Z","0.1.0":"2014-03-11T09:29:06.922Z","0.2.0":"2014-03-13T11:43:40.602Z","0.2.1":"2014-03-13T12:08:39.491Z","0.2.2":"2014-03-13T22:12:15.703Z","0.3.0":"2014-03-14T12:43:33.820Z","1.0.0":"2014-04-07T08:13:19.031Z","1.1.0":"2014-06-16T10:00:19.374Z","1.1.1":"2014-06-19T06:20:43.009Z","1.1.2":"2014-10-09T12:57:17.336Z","1.1.3":"2014-12-16T20:32:26.622Z","1.1.4":"2014-12-18T08:47:02.042Z","1.2.0":"2015-02-10T16:30:39.366Z","1.2.1":"2015-02-16T11:38:14.712Z","1.2.2":"2015-02-19T13:08:03.222Z","1.2.3":"2015-05-04T07:16:47.720Z","1.2.4":"2015-05-13T07:09:49.006Z","1.2.5":"2016-06-13T10:47:23.823Z","1.2.6":"2016-06-13T11:22:05.153Z","1.2.7":"2016-06-13T11:25:22.084Z","1.3.0":"2017-01-24T11:51:14.509Z"},"homepage":"https://github.com/tcarlsen/atom-message-panel","keywords":["atom","helper","handler","error","message"],"repository":{"type":"git","url":"git://github.com/tcarlsen/atom-message-panel.git"},"author":{"name":"tcarlsen"},"bugs":{"url":"https://github.com/tcarlsen/atom-message-panel/issues"},"license":"MIT","readmeFilename":"README.md","users":{"sidorares":true,"nmccready":true},"contributors":[{"name":"joefitzgerald"},{"name":"fangel"}],"_attachments":{},"_etag":"W/\"58873fb2-6b76\"","_lastModified":"Tue, 24 Jan 2017 11:51:14 GMT"}