{"_id":"debug","_rev":"613-f1ff2360afe1a1df3a82514018dc3541","name":"debug","description":"small debugging utility","dist-tags":{"latest":"2.6.3"},"versions":{"0.0.1":{"name":"debug","version":"0.0.1","description":"small debugging utility","keywords":["debug","log","debugger"],"author":{"name":"TJ Holowaychuk","email":"tj@vision-media.ca"},"dependencies":{},"devDependencies":{"mocha":"*"},"main":"index","engines":{"node":"*"},"_npmUser":{"name":"tjholowaychuk","email":"tj@vision-media.ca"},"_id":"debug@0.0.1","_engineSupported":true,"_npmVersion":"1.0.104","_nodeVersion":"v0.6.3","_defaultsLoaded":true,"dist":{"shasum":"0faa51ad6dec7587159b532cdf18d74261376417","tarball":"https://registry.npmjs.org/debug/-/debug-0.0.1.tgz"},"maintainers":[{"name":"tjholowaychuk","email":"tj@vision-media.ca"}],"directories":{}},"0.1.0":{"name":"debug","version":"0.1.0","description":"small debugging utility","keywords":["debug","log","debugger"],"author":{"name":"TJ Holowaychuk","email":"tj@vision-media.ca"},"dependencies":{},"devDependencies":{"mocha":"*"},"main":"index","engines":{"node":"*"},"_npmUser":{"name":"tjholowaychuk","email":"tj@vision-media.ca"},"_id":"debug@0.1.0","_engineSupported":true,"_npmVersion":"1.0.104","_nodeVersion":"v0.6.4","_defaultsLoaded":true,"dist":{"shasum":"3026f197b98b823cb51209f3758eb1498a66442c","tarball":"https://registry.npmjs.org/debug/-/debug-0.1.0.tgz"},"maintainers":[{"name":"tjholowaychuk","email":"tj@vision-media.ca"}],"directories":{}},"0.2.0":{"name":"debug","version":"0.2.0","description":"small debugging utility","keywords":["debug","log","debugger"],"author":{"name":"TJ Holowaychuk","email":"tj@vision-media.ca"},"dependencies":{},"devDependencies":{"mocha":"*"},"main":"index","engines":{"node":"*"},"_npmUser":{"name":"tjholowaychuk","email":"tj@vision-media.ca"},"_id":"debug@0.2.0","_engineSupported":true,"_npmVersion":"1.0.106","_nodeVersion":"v0.6.7","_defaultsLoaded":true,"dist":{"shasum":"b6bbca5a6b41f6d3f3ba6604e2737a9ea3329e7f","tarball":"https://registry.npmjs.org/debug/-/debug-0.2.0.tgz"},"maintainers":[{"name":"tjholowaychuk","email":"tj@vision-media.ca"}],"directories":{}},"0.3.0":{"name":"debug","version":"0.3.0","description":"small debugging utility","keywords":["debug","log","debugger"],"author":{"name":"TJ Holowaychuk","email":"tj@vision-media.ca"},"dependencies":{},"devDependencies":{"mocha":"*"},"main":"index","engines":{"node":"*"},"_npmUser":{"name":"tjholowaychuk","email":"tj@vision-media.ca"},"_id":"debug@0.3.0","_engineSupported":true,"_npmVersion":"1.0.106","_nodeVersion":"v0.4.12","_defaultsLoaded":true,"dist":{"shasum":"7818fac891b38d81bb7dd97e3d969992e654e835","tarball":"https://registry.npmjs.org/debug/-/debug-0.3.0.tgz"},"maintainers":[{"name":"tjholowaychuk","email":"tj@vision-media.ca"}],"directories":{}},"0.4.0":{"name":"debug","version":"0.4.0","description":"small debugging utility","keywords":["debug","log","debugger"],"author":{"name":"TJ Holowaychuk","email":"tj@vision-media.ca"},"dependencies":{},"devDependencies":{"mocha":"*"},"main":"index","engines":{"node":"*"},"_npmUser":{"name":"tjholowaychuk","email":"tj@vision-media.ca"},"_id":"debug@0.4.0","_engineSupported":true,"_npmVersion":"1.0.106","_nodeVersion":"v0.4.12","_defaultsLoaded":true,"dist":{"shasum":"c7e8c63eb391820133869d3cc43aa9992fea288f","tarball":"https://registry.npmjs.org/debug/-/debug-0.4.0.tgz"},"maintainers":[{"name":"tjholowaychuk","email":"tj@vision-media.ca"}],"directories":{}},"0.4.1":{"name":"debug","version":"0.4.1","description":"small debugging utility","keywords":["debug","log","debugger"],"author":{"name":"TJ Holowaychuk","email":"tj@vision-media.ca"},"dependencies":{},"devDependencies":{"mocha":"*"},"main":"index","engines":{"node":"*"},"_npmUser":{"name":"tjholowaychuk","email":"tj@vision-media.ca"},"_id":"debug@0.4.1","_engineSupported":true,"_npmVersion":"1.0.106","_nodeVersion":"v0.4.12","_defaultsLoaded":true,"dist":{"shasum":"33a47f028daa312d885be4db8649fa1b4280125d","tarball":"https://registry.npmjs.org/debug/-/debug-0.4.1.tgz"},"maintainers":[{"name":"tjholowaychuk","email":"tj@vision-media.ca"}],"directories":{}},"0.5.0":{"name":"debug","version":"0.5.0","description":"small debugging utility","keywords":["debug","log","debugger"],"author":{"name":"TJ Holowaychuk","email":"tj@vision-media.ca"},"dependencies":{},"devDependencies":{"mocha":"*"},"main":"index","engines":{"node":"*"},"_npmUser":{"name":"tjholowaychuk","email":"tj@vision-media.ca"},"_id":"debug@0.5.0","_engineSupported":true,"_npmVersion":"1.0.106","_nodeVersion":"v0.4.12","_defaultsLoaded":true,"dist":{"shasum":"9d48c946fb7d7d59807ffe07822f515fd76d7a9e","tarball":"https://registry.npmjs.org/debug/-/debug-0.5.0.tgz"},"maintainers":[{"name":"tjholowaychuk","email":"tj@vision-media.ca"}],"directories":{}},"0.6.0":{"name":"debug","version":"0.6.0","description":"small debugging utility","keywords":["debug","log","debugger"],"author":{"name":"TJ Holowaychuk","email":"tj@vision-media.ca"},"dependencies":{},"devDependencies":{"mocha":"*"},"main":"index","engines":{"node":"*"},"_npmUser":{"name":"tjholowaychuk","email":"tj@vision-media.ca"},"_id":"debug@0.6.0","optionalDependencies":{},"_engineSupported":true,"_npmVersion":"1.1.9","_nodeVersion":"v0.6.12","_defaultsLoaded":true,"dist":{"shasum":"ce9d5d025d5294b3f0748a494bebaf3c9fd8734f","tarball":"https://registry.npmjs.org/debug/-/debug-0.6.0.tgz"},"maintainers":[{"name":"tjholowaychuk","email":"tj@vision-media.ca"}],"directories":{}},"0.7.0":{"name":"debug","version":"0.7.0","description":"small debugging utility","keywords":["debug","log","debugger"],"author":{"name":"TJ Holowaychuk","email":"tj@vision-media.ca"},"dependencies":{},"devDependencies":{"mocha":"*"},"main":"index","browserify":"debug.component.js","engines":{"node":"*"},"component":{"scripts":{"debug":"debug.component.js"}},"_id":"debug@0.7.0","dist":{"shasum":"f5be05ec0434c992d79940e50b2695cfb2e01b08","tarball":"https://registry.npmjs.org/debug/-/debug-0.7.0.tgz"},"maintainers":[{"name":"tjholowaychuk","email":"tj@vision-media.ca"}],"directories":{}},"0.7.1":{"name":"debug","version":"0.7.1","repository":{"type":"git","url":"git://github.com/visionmedia/debug.git"},"description":"small debugging utility","keywords":["debug","log","debugger"],"author":{"name":"TJ Holowaychuk","email":"tj@vision-media.ca"},"dependencies":{},"devDependencies":{"mocha":"*"},"main":"lib/debug.js","browserify":"debug.js","engines":{"node":"*"},"_id":"debug@0.7.1","dist":{"shasum":"d2253d37f2da6618f95c353a55fe0ab28c1c1e96","tarball":"https://registry.npmjs.org/debug/-/debug-0.7.1.tgz"},"_from":".","_npmVersion":"1.2.2","_npmUser":{"name":"tjholowaychuk","email":"tj@vision-media.ca"},"maintainers":[{"name":"tjholowaychuk","email":"tj@vision-media.ca"}],"directories":{}},"0.7.2":{"name":"debug","version":"0.7.2","repository":{"type":"git","url":"git://github.com/visionmedia/debug.git"},"description":"small debugging utility","keywords":["debug","log","debugger"],"author":{"name":"TJ Holowaychuk","email":"tj@vision-media.ca"},"dependencies":{},"devDependencies":{"mocha":"*"},"main":"lib/debug.js","browserify":"debug.js","engines":{"node":"*"},"component":{"scripts":{"debug/index.js":"index.js","debug/debug.js":"debug.js"}},"_id":"debug@0.7.2","dist":{"shasum":"056692c86670977f115de82917918b8e8b9a10f0","tarball":"https://registry.npmjs.org/debug/-/debug-0.7.2.tgz"},"_from":".","_npmVersion":"1.2.2","_npmUser":{"name":"tjholowaychuk","email":"tj@vision-media.ca"},"maintainers":[{"name":"tjholowaychuk","email":"tj@vision-media.ca"}],"directories":{}},"0.7.3":{"name":"debug","version":"0.7.3","repository":{"type":"git","url":"git://github.com/visionmedia/debug.git"},"description":"small debugging utility","keywords":["debug","log","debugger"],"author":{"name":"TJ Holowaychuk","email":"tj@vision-media.ca"},"dependencies":{},"devDependencies":{"mocha":"*"},"main":"lib/debug.js","browserify":"debug.js","browser":"./debug.js","engines":{"node":"*"},"files":["lib/debug.js","debug.js","index.js"],"component":{"scripts":{"debug/index.js":"index.js","debug/debug.js":"debug.js"}},"bugs":{"url":"https://github.com/visionmedia/debug/issues"},"_id":"debug@0.7.3","dist":{"shasum":"ba7ae369799066a28d234fb8dad6f05837839da8","tarball":"https://registry.npmjs.org/debug/-/debug-0.7.3.tgz"},"_from":".","_npmVersion":"1.3.8","_npmUser":{"name":"tjholowaychuk","email":"tj@vision-media.ca"},"maintainers":[{"name":"tjholowaychuk","email":"tj@vision-media.ca"}],"directories":{}},"0.7.4":{"name":"debug","version":"0.7.4","repository":{"type":"git","url":"git://github.com/visionmedia/debug.git"},"description":"small debugging utility","keywords":["debug","log","debugger"],"author":{"name":"TJ Holowaychuk","email":"tj@vision-media.ca"},"dependencies":{},"devDependencies":{"mocha":"*"},"main":"lib/debug.js","browser":"./debug.js","engines":{"node":"*"},"files":["lib/debug.js","debug.js","index.js"],"component":{"scripts":{"debug/index.js":"index.js","debug/debug.js":"debug.js"}},"bugs":{"url":"https://github.com/visionmedia/debug/issues"},"homepage":"https://github.com/visionmedia/debug","_id":"debug@0.7.4","dist":{"shasum":"06e1ea8082c2cb14e39806e22e2f6f757f92af39","tarball":"https://registry.npmjs.org/debug/-/debug-0.7.4.tgz"},"_from":".","_npmVersion":"1.3.13","_npmUser":{"name":"tjholowaychuk","email":"tj@vision-media.ca"},"maintainers":[{"name":"tjholowaychuk","email":"tj@vision-media.ca"}],"directories":{}},"0.8.0":{"name":"debug","version":"0.8.0","repository":{"type":"git","url":"git://github.com/visionmedia/debug.git"},"description":"small debugging utility","keywords":["debug","log","debugger"],"author":{"name":"TJ Holowaychuk","email":"tj@vision-media.ca"},"dependencies":{},"devDependencies":{"mocha":"*"},"main":"lib/debug.js","browser":"./debug.js","engines":{"node":"*"},"files":["lib/debug.js","debug.js"],"bugs":{"url":"https://github.com/visionmedia/debug/issues"},"homepage":"https://github.com/visionmedia/debug","_id":"debug@0.8.0","dist":{"shasum":"0541ea91f0e503fdf0c5eed418a32550234967f0","tarball":"https://registry.npmjs.org/debug/-/debug-0.8.0.tgz"},"_from":".","_npmVersion":"1.3.15","_npmUser":{"name":"tjholowaychuk","email":"tj@vision-media.ca"},"maintainers":[{"name":"tjholowaychuk","email":"tj@vision-media.ca"}],"directories":{}},"0.8.1":{"name":"debug","version":"0.8.1","repository":{"type":"git","url":"git://github.com/visionmedia/debug.git"},"description":"small debugging utility","keywords":["debug","log","debugger"],"author":{"name":"TJ Holowaychuk","email":"tj@vision-media.ca"},"dependencies":{},"devDependencies":{"mocha":"*"},"main":"lib/debug.js","browser":"./debug.js","engines":{"node":"*"},"files":["lib/debug.js","debug.js"],"component":{"scripts":{"debug/index.js":"debug.js"}},"bugs":{"url":"https://github.com/visionmedia/debug/issues"},"homepage":"https://github.com/visionmedia/debug","_id":"debug@0.8.1","dist":{"shasum":"20ff4d26f5e422cb68a1bacbbb61039ad8c1c130","tarball":"https://registry.npmjs.org/debug/-/debug-0.8.1.tgz"},"_from":".","_npmVersion":"1.3.21","_npmUser":{"name":"tjholowaychuk","email":"tj@vision-media.ca"},"maintainers":[{"name":"tjholowaychuk","email":"tj@vision-media.ca"}],"directories":{}},"1.0.0":{"name":"debug","version":"1.0.0","repository":{"type":"git","url":"git://github.com/visionmedia/debug.git"},"description":"small debugging utility","keywords":["debug","log","debugger"],"author":{"name":"TJ Holowaychuk","email":"tj@vision-media.ca"},"dependencies":{"ms":"0.6.2"},"devDependencies":{"browserify":"4.1.6","mocha":"*"},"main":"./node.js","browser":"./browser.js","component":{"scripts":{"debug/index.js":"browser.js","debug/debug.js":"debug.js"}},"bugs":{"url":"https://github.com/visionmedia/debug/issues"},"homepage":"https://github.com/visionmedia/debug","_id":"debug@1.0.0","_shasum":"553678b67494cacc2d5330c24dfb2f275b1ceb5a","_from":".","_npmVersion":"1.4.9","_npmUser":{"name":"tootallnate","email":"nathan@tootallnate.net"},"maintainers":[{"name":"tjholowaychuk","email":"tj@vision-media.ca"},{"name":"tootallnate","email":"nathan@tootallnate.net"}],"dist":{"shasum":"553678b67494cacc2d5330c24dfb2f275b1ceb5a","tarball":"https://registry.npmjs.org/debug/-/debug-1.0.0.tgz"},"directories":{}},"1.0.1":{"name":"debug","version":"1.0.1","repository":{"type":"git","url":"git://github.com/visionmedia/debug.git"},"description":"small debugging utility","keywords":["debug","log","debugger"],"author":{"name":"TJ Holowaychuk","email":"tj@vision-media.ca"},"contributors":[{"name":"Nathan Rajlich","email":"nathan@tootallnate.net","url":"http://n8.io"}],"dependencies":{"ms":"0.6.2"},"devDependencies":{"browserify":"4.1.6","mocha":"*"},"main":"./node.js","browser":"./browser.js","component":{"scripts":{"debug/index.js":"browser.js","debug/debug.js":"debug.js"}},"bugs":{"url":"https://github.com/visionmedia/debug/issues"},"homepage":"https://github.com/visionmedia/debug","_id":"debug@1.0.1","_shasum":"3c03d40462f0be20468e4f77dd3f2bf7a722cfb7","_from":".","_npmVersion":"1.4.9","_npmUser":{"name":"tootallnate","email":"nathan@tootallnate.net"},"maintainers":[{"name":"tjholowaychuk","email":"tj@vision-media.ca"},{"name":"tootallnate","email":"nathan@tootallnate.net"}],"dist":{"shasum":"3c03d40462f0be20468e4f77dd3f2bf7a722cfb7","tarball":"https://registry.npmjs.org/debug/-/debug-1.0.1.tgz"},"directories":{}},"1.0.2":{"name":"debug","version":"1.0.2","repository":{"type":"git","url":"git://github.com/visionmedia/debug.git"},"description":"small debugging utility","keywords":["debug","log","debugger"],"author":{"name":"TJ Holowaychuk","email":"tj@vision-media.ca"},"contributors":[{"name":"Nathan Rajlich","email":"nathan@tootallnate.net","url":"http://n8.io"}],"dependencies":{"ms":"0.6.2"},"devDependencies":{"browserify":"4.1.6","mocha":"*"},"main":"./node.js","browser":"./browser.js","component":{"scripts":{"debug/index.js":"browser.js","debug/debug.js":"debug.js"}},"bugs":{"url":"https://github.com/visionmedia/debug/issues"},"homepage":"https://github.com/visionmedia/debug","_id":"debug@1.0.2","_shasum":"3849591c10cce648476c3c7c2e2e3416db5963c4","_from":".","_npmVersion":"1.4.9","_npmUser":{"name":"tootallnate","email":"nathan@tootallnate.net"},"maintainers":[{"name":"tjholowaychuk","email":"tj@vision-media.ca"},{"name":"tootallnate","email":"nathan@tootallnate.net"}],"dist":{"shasum":"3849591c10cce648476c3c7c2e2e3416db5963c4","tarball":"https://registry.npmjs.org/debug/-/debug-1.0.2.tgz"},"directories":{}},"1.0.3":{"name":"debug","version":"1.0.3","repository":{"type":"git","url":"git://github.com/visionmedia/debug.git"},"description":"small debugging utility","keywords":["debug","log","debugger"],"author":{"name":"TJ Holowaychuk","email":"tj@vision-media.ca"},"contributors":[{"name":"Nathan Rajlich","email":"nathan@tootallnate.net","url":"http://n8.io"}],"dependencies":{"ms":"0.6.2"},"devDependencies":{"browserify":"4.1.6","mocha":"*"},"main":"./node.js","browser":"./browser.js","component":{"scripts":{"debug/index.js":"browser.js","debug/debug.js":"debug.js"}},"gitHead":"93c759961d53ad7f06a1892a8dd0bf4be4a7b9df","bugs":{"url":"https://github.com/visionmedia/debug/issues"},"homepage":"https://github.com/visionmedia/debug","_id":"debug@1.0.3","scripts":{},"_shasum":"fc8c6b2d6002804b4081c0208e0f6460ba1fa3e4","_from":".","_npmVersion":"1.4.14","_npmUser":{"name":"tootallnate","email":"nathan@tootallnate.net"},"maintainers":[{"name":"tjholowaychuk","email":"tj@vision-media.ca"},{"name":"tootallnate","email":"nathan@tootallnate.net"}],"dist":{"shasum":"fc8c6b2d6002804b4081c0208e0f6460ba1fa3e4","tarball":"https://registry.npmjs.org/debug/-/debug-1.0.3.tgz"},"directories":{}},"1.0.4":{"name":"debug","version":"1.0.4","repository":{"type":"git","url":"git://github.com/visionmedia/debug.git"},"description":"small debugging utility","keywords":["debug","log","debugger"],"author":{"name":"TJ Holowaychuk","email":"tj@vision-media.ca"},"contributors":[{"name":"Nathan Rajlich","email":"nathan@tootallnate.net","url":"http://n8.io"}],"dependencies":{"ms":"0.6.2"},"devDependencies":{"browserify":"4.1.6","mocha":"*"},"main":"./node.js","browser":"./browser.js","component":{"scripts":{"debug/index.js":"browser.js","debug/debug.js":"debug.js"}},"gitHead":"abc10a5912f79d251752d18350e269fe0b0fbbf9","bugs":{"url":"https://github.com/visionmedia/debug/issues"},"homepage":"https://github.com/visionmedia/debug","_id":"debug@1.0.4","scripts":{},"_shasum":"5b9c256bd54b6ec02283176fa8a0ede6d154cbf8","_from":".","_npmVersion":"1.4.14","_npmUser":{"name":"tootallnate","email":"nathan@tootallnate.net"},"maintainers":[{"name":"tjholowaychuk","email":"tj@vision-media.ca"},{"name":"tootallnate","email":"nathan@tootallnate.net"}],"dist":{"shasum":"5b9c256bd54b6ec02283176fa8a0ede6d154cbf8","tarball":"https://registry.npmjs.org/debug/-/debug-1.0.4.tgz"},"directories":{}},"2.0.0":{"name":"debug","version":"2.0.0","repository":{"type":"git","url":"git://github.com/visionmedia/debug.git"},"description":"small debugging utility","keywords":["debug","log","debugger"],"author":{"name":"TJ Holowaychuk","email":"tj@vision-media.ca"},"contributors":[{"name":"Nathan Rajlich","email":"nathan@tootallnate.net","url":"http://n8.io"}],"dependencies":{"ms":"0.6.2"},"devDependencies":{"browserify":"5.11.0","mocha":"*"},"main":"./node.js","browser":"./browser.js","component":{"scripts":{"debug/index.js":"browser.js","debug/debug.js":"debug.js"}},"gitHead":"c61ae82bde19c6fdedfc6684817ff7eb541ff029","bugs":{"url":"https://github.com/visionmedia/debug/issues"},"homepage":"https://github.com/visionmedia/debug","_id":"debug@2.0.0","scripts":{},"_shasum":"89bd9df6732b51256bc6705342bba02ed12131ef","_from":".","_npmVersion":"1.4.21","_npmUser":{"name":"tootallnate","email":"nathan@tootallnate.net"},"maintainers":[{"name":"tjholowaychuk","email":"tj@vision-media.ca"},{"name":"tootallnate","email":"nathan@tootallnate.net"}],"dist":{"shasum":"89bd9df6732b51256bc6705342bba02ed12131ef","tarball":"https://registry.npmjs.org/debug/-/debug-2.0.0.tgz"},"directories":{}},"2.1.0":{"name":"debug","version":"2.1.0","repository":{"type":"git","url":"git://github.com/visionmedia/debug.git"},"description":"small debugging utility","keywords":["debug","log","debugger"],"author":{"name":"TJ Holowaychuk","email":"tj@vision-media.ca"},"contributors":[{"name":"Nathan Rajlich","email":"nathan@tootallnate.net","url":"http://n8.io"}],"license":"MIT","dependencies":{"ms":"0.6.2"},"devDependencies":{"browserify":"6.1.0","mocha":"*"},"main":"./node.js","browser":"./browser.js","component":{"scripts":{"debug/index.js":"browser.js","debug/debug.js":"debug.js"}},"gitHead":"953162b4fa8849268d147f4bac91c737baee55bb","bugs":{"url":"https://github.com/visionmedia/debug/issues"},"homepage":"https://github.com/visionmedia/debug","_id":"debug@2.1.0","scripts":{},"_shasum":"33ab915659d8c2cc8a41443d94d6ebd37697ed21","_from":".","_npmVersion":"2.1.3","_nodeVersion":"0.10.32","_npmUser":{"name":"tootallnate","email":"nathan@tootallnate.net"},"maintainers":[{"name":"tjholowaychuk","email":"tj@vision-media.ca"},{"name":"tootallnate","email":"nathan@tootallnate.net"}],"dist":{"shasum":"33ab915659d8c2cc8a41443d94d6ebd37697ed21","tarball":"https://registry.npmjs.org/debug/-/debug-2.1.0.tgz"},"directories":{}},"2.1.1":{"name":"debug","version":"2.1.1","repository":{"type":"git","url":"git://github.com/visionmedia/debug.git"},"description":"small debugging utility","keywords":["debug","log","debugger"],"author":{"name":"TJ Holowaychuk","email":"tj@vision-media.ca"},"contributors":[{"name":"Nathan Rajlich","email":"nathan@tootallnate.net","url":"http://n8.io"}],"license":"MIT","dependencies":{"ms":"0.6.2"},"devDependencies":{"browserify":"6.1.0","mocha":"*"},"main":"./node.js","browser":"./browser.js","component":{"scripts":{"debug/index.js":"browser.js","debug/debug.js":"debug.js"}},"gitHead":"24cc5c04fc8886fa9afcadea4db439f9a6186ca4","bugs":{"url":"https://github.com/visionmedia/debug/issues"},"homepage":"https://github.com/visionmedia/debug","_id":"debug@2.1.1","scripts":{},"_shasum":"e0c548cc607adc22b537540dc3639c4236fdf90c","_from":".","_npmVersion":"1.4.28","_npmUser":{"name":"tootallnate","email":"nathan@tootallnate.net"},"maintainers":[{"name":"tjholowaychuk","email":"tj@vision-media.ca"},{"name":"tootallnate","email":"nathan@tootallnate.net"}],"dist":{"shasum":"e0c548cc607adc22b537540dc3639c4236fdf90c","tarball":"https://registry.npmjs.org/debug/-/debug-2.1.1.tgz"},"directories":{}},"2.1.2":{"name":"debug","version":"2.1.2","repository":{"type":"git","url":"git://github.com/visionmedia/debug.git"},"description":"small debugging utility","keywords":["debug","log","debugger"],"author":{"name":"TJ Holowaychuk","email":"tj@vision-media.ca"},"contributors":[{"name":"Nathan Rajlich","email":"nathan@tootallnate.net","url":"http://n8.io"}],"license":"MIT","dependencies":{"ms":"0.7.0"},"devDependencies":{"browserify":"9.0.3","mocha":"*"},"main":"./node.js","browser":"./browser.js","component":{"scripts":{"debug/index.js":"browser.js","debug/debug.js":"debug.js"}},"gitHead":"ef0b37817e88df724511e648c8c168618e892530","bugs":{"url":"https://github.com/visionmedia/debug/issues"},"homepage":"https://github.com/visionmedia/debug","_id":"debug@2.1.2","scripts":{},"_shasum":"d5853ec48011eafd9ec80a5c4733332c1e767a43","_from":".","_npmVersion":"1.4.28","_npmUser":{"name":"tootallnate","email":"nathan@tootallnate.net"},"maintainers":[{"name":"tjholowaychuk","email":"tj@vision-media.ca"},{"name":"tootallnate","email":"nathan@tootallnate.net"}],"dist":{"shasum":"d5853ec48011eafd9ec80a5c4733332c1e767a43","tarball":"https://registry.npmjs.org/debug/-/debug-2.1.2.tgz"},"directories":{}},"2.1.3":{"name":"debug","version":"2.1.3","repository":{"type":"git","url":"git://github.com/visionmedia/debug.git"},"description":"small debugging utility","keywords":["debug","log","debugger"],"author":{"name":"TJ Holowaychuk","email":"tj@vision-media.ca"},"contributors":[{"name":"Nathan Rajlich","email":"nathan@tootallnate.net","url":"http://n8.io"}],"license":"MIT","dependencies":{"ms":"0.7.0"},"devDependencies":{"browserify":"9.0.3","mocha":"*"},"main":"./node.js","browser":"./browser.js","component":{"scripts":{"debug/index.js":"browser.js","debug/debug.js":"debug.js"}},"gitHead":"0a8e4b7e0d2d1b55ef4e7422498ca24c677ae63a","bugs":{"url":"https://github.com/visionmedia/debug/issues"},"homepage":"https://github.com/visionmedia/debug","_id":"debug@2.1.3","scripts":{},"_shasum":"ce8ab1b5ee8fbee2bfa3b633cab93d366b63418e","_from":".","_npmVersion":"2.5.1","_nodeVersion":"0.12.0","_npmUser":{"name":"tootallnate","email":"nathan@tootallnate.net"},"maintainers":[{"name":"tjholowaychuk","email":"tj@vision-media.ca"},{"name":"tootallnate","email":"nathan@tootallnate.net"}],"dist":{"shasum":"ce8ab1b5ee8fbee2bfa3b633cab93d366b63418e","tarball":"https://registry.npmjs.org/debug/-/debug-2.1.3.tgz"},"directories":{}},"2.2.0":{"name":"debug","version":"2.2.0","repository":{"type":"git","url":"git://github.com/visionmedia/debug.git"},"description":"small debugging utility","keywords":["debug","log","debugger"],"author":{"name":"TJ Holowaychuk","email":"tj@vision-media.ca"},"contributors":[{"name":"Nathan Rajlich","email":"nathan@tootallnate.net","url":"http://n8.io"}],"license":"MIT","dependencies":{"ms":"0.7.1"},"devDependencies":{"browserify":"9.0.3","mocha":"*"},"main":"./node.js","browser":"./browser.js","component":{"scripts":{"debug/index.js":"browser.js","debug/debug.js":"debug.js"}},"gitHead":"b38458422b5aa8aa6d286b10dfe427e8a67e2b35","bugs":{"url":"https://github.com/visionmedia/debug/issues"},"homepage":"https://github.com/visionmedia/debug","_id":"debug@2.2.0","scripts":{},"_shasum":"f87057e995b1a1f6ae6a4960664137bc56f039da","_from":".","_npmVersion":"2.7.4","_nodeVersion":"0.12.2","_npmUser":{"name":"tootallnate","email":"nathan@tootallnate.net"},"maintainers":[{"name":"tjholowaychuk","email":"tj@vision-media.ca"},{"name":"tootallnate","email":"nathan@tootallnate.net"}],"dist":{"shasum":"f87057e995b1a1f6ae6a4960664137bc56f039da","tarball":"https://registry.npmjs.org/debug/-/debug-2.2.0.tgz"},"directories":{}},"2.3.0":{"name":"debug","version":"2.3.0","repository":{"type":"git","url":"git://github.com/visionmedia/debug.git"},"description":"small debugging utility","keywords":["debug","log","debugger"],"author":{"name":"TJ Holowaychuk","email":"tj@vision-media.ca"},"contributors":[{"name":"Nathan Rajlich","email":"nathan@tootallnate.net","url":"http://n8.io"},{"name":"Andrew Rhyne","email":"rhyneandrew@gmail.com"}],"license":"MIT","dependencies":{"ms":"0.7.2"},"devDependencies":{"browserify":"9.0.3","mocha":"*"},"main":"./node.js","browser":"./browser.js","component":{"scripts":{"debug/index.js":"browser.js","debug/debug.js":"debug.js"}},"gitHead":"8e5a6b3c3d436843ed8c2d9a02315d9d5f9e9442","bugs":{"url":"https://github.com/visionmedia/debug/issues"},"homepage":"https://github.com/visionmedia/debug#readme","_id":"debug@2.3.0","scripts":{},"_shasum":"3912dc55d7167fc3af17d2b85c13f93deaedaa43","_from":".","_npmVersion":"3.10.8","_nodeVersion":"6.9.0","_npmUser":{"name":"thebigredgeek","email":"rhyneandrew@gmail.com"},"dist":{"shasum":"3912dc55d7167fc3af17d2b85c13f93deaedaa43","tarball":"https://registry.npmjs.org/debug/-/debug-2.3.0.tgz"},"maintainers":[{"name":"kolban","email":"kolban1@kolban.com"},{"name":"thebigredgeek","email":"rhyneandrew@gmail.com"},{"name":"tjholowaychuk","email":"tj@vision-media.ca"},{"name":"tootallnate","email":"nathan@tootallnate.net"}],"_npmOperationalInternal":{"host":"packages-18-east.internal.npmjs.com","tmp":"tmp/debug-2.3.0.tgz_1478540435945_0.11468172585591674"},"directories":{}},"2.3.1":{"name":"debug","version":"2.3.1","repository":{"type":"git","url":"git://github.com/visionmedia/debug.git"},"description":"small debugging utility","keywords":["debug","log","debugger"],"author":{"name":"TJ Holowaychuk","email":"tj@vision-media.ca"},"contributors":[{"name":"Nathan Rajlich","email":"nathan@tootallnate.net","url":"http://n8.io"},{"name":"Andrew Rhyne","email":"rhyneandrew@gmail.com"}],"license":"MIT","dependencies":{"ms":"0.7.2"},"devDependencies":{"browserify":"9.0.3","mocha":"*"},"main":"./index.js","browser":"./browser.js","component":{"scripts":{"debug/index.js":"browser.js","debug/debug.js":"debug.js"}},"gitHead":"6b45c3a15510ad67a9bc79b1309c1e75c3ab6e0a","bugs":{"url":"https://github.com/visionmedia/debug/issues"},"homepage":"https://github.com/visionmedia/debug#readme","_id":"debug@2.3.1","scripts":{},"_shasum":"4b206c092eb4e5b090e429a15d1d89083737ab2b","_from":".","_npmVersion":"3.10.8","_nodeVersion":"6.9.0","_npmUser":{"name":"thebigredgeek","email":"rhyneandrew@gmail.com"},"dist":{"shasum":"4b206c092eb4e5b090e429a15d1d89083737ab2b","tarball":"https://registry.npmjs.org/debug/-/debug-2.3.1.tgz"},"maintainers":[{"name":"kolban","email":"kolban1@kolban.com"},{"name":"thebigredgeek","email":"rhyneandrew@gmail.com"},{"name":"tjholowaychuk","email":"tj@vision-media.ca"},{"name":"tootallnate","email":"nathan@tootallnate.net"}],"_npmOperationalInternal":{"host":"packages-12-west.internal.npmjs.com","tmp":"tmp/debug-2.3.1.tgz_1478736862830_0.16602304461412132"},"directories":{}},"2.3.2":{"name":"debug","version":"2.3.2","repository":{"type":"git","url":"git://github.com/visionmedia/debug.git"},"description":"small debugging utility","keywords":["debug","log","debugger"],"author":{"name":"TJ Holowaychuk","email":"tj@vision-media.ca"},"contributors":[{"name":"Nathan Rajlich","email":"nathan@tootallnate.net","url":"http://n8.io"},{"name":"Andrew Rhyne","email":"rhyneandrew@gmail.com"}],"license":"MIT","dependencies":{"ms":"0.7.2"},"devDependencies":{"browserify":"9.0.3","mocha":"*"},"main":"./index.js","browser":"./browser.js","component":{"scripts":{"debug/index.js":"browser.js","debug/debug.js":"debug.js"}},"gitHead":"1c6f45840d0dba8cb14f9975b4633bb685fda400","bugs":{"url":"https://github.com/visionmedia/debug/issues"},"homepage":"https://github.com/visionmedia/debug#readme","_id":"debug@2.3.2","scripts":{},"_shasum":"94cb466ef7d6d2c7e5245cdd6e4104f2d0d70d30","_from":".","_npmVersion":"3.10.8","_nodeVersion":"7.0.0","_npmUser":{"name":"tootallnate","email":"nathan@tootallnate.net"},"maintainers":[{"name":"kolban","email":"kolban1@kolban.com"},{"name":"thebigredgeek","email":"rhyneandrew@gmail.com"},{"name":"tjholowaychuk","email":"tj@vision-media.ca"},{"name":"tootallnate","email":"nathan@tootallnate.net"}],"dist":{"shasum":"94cb466ef7d6d2c7e5245cdd6e4104f2d0d70d30","tarball":"https://registry.npmjs.org/debug/-/debug-2.3.2.tgz"},"_npmOperationalInternal":{"host":"packages-18-east.internal.npmjs.com","tmp":"tmp/debug-2.3.2.tgz_1478759402178_0.8417916153557599"},"directories":{}},"2.3.3":{"name":"debug","version":"2.3.3","repository":{"type":"git","url":"git://github.com/visionmedia/debug.git"},"description":"small debugging utility","keywords":["debug","log","debugger"],"author":{"name":"TJ Holowaychuk","email":"tj@vision-media.ca"},"contributors":[{"name":"Nathan Rajlich","email":"nathan@tootallnate.net","url":"http://n8.io"},{"name":"Andrew Rhyne","email":"rhyneandrew@gmail.com"}],"license":"MIT","dependencies":{"ms":"0.7.2"},"devDependencies":{"browserify":"9.0.3","mocha":"*"},"main":"./index.js","browser":"./browser.js","component":{"scripts":{"debug/index.js":"browser.js","debug/debug.js":"debug.js"}},"gitHead":"3ad8df75614cd4306709ad73519fd579971fb8d9","bugs":{"url":"https://github.com/visionmedia/debug/issues"},"homepage":"https://github.com/visionmedia/debug#readme","_id":"debug@2.3.3","scripts":{},"_shasum":"40c453e67e6e13c901ddec317af8986cda9eff8c","_from":".","_npmVersion":"3.10.8","_nodeVersion":"7.0.0","_npmUser":{"name":"tootallnate","email":"nathan@tootallnate.net"},"maintainers":[{"name":"kolban","email":"kolban1@kolban.com"},{"name":"thebigredgeek","email":"rhyneandrew@gmail.com"},{"name":"tjholowaychuk","email":"tj@vision-media.ca"},{"name":"tootallnate","email":"nathan@tootallnate.net"}],"dist":{"shasum":"40c453e67e6e13c901ddec317af8986cda9eff8c","tarball":"https://registry.npmjs.org/debug/-/debug-2.3.3.tgz"},"_npmOperationalInternal":{"host":"packages-12-west.internal.npmjs.com","tmp":"tmp/debug-2.3.3.tgz_1479585558307_0.03629564819857478"},"directories":{}},"2.4.0":{"name":"debug","version":"2.4.0","repository":{"type":"git","url":"git://github.com/visionmedia/debug.git"},"description":"small debugging utility","keywords":["debug","log","debugger"],"author":{"name":"TJ Holowaychuk","email":"tj@vision-media.ca"},"contributors":[{"name":"Nathan Rajlich","email":"nathan@tootallnate.net","url":"http://n8.io"},{"name":"Andrew Rhyne","email":"rhyneandrew@gmail.com"}],"license":"MIT","dependencies":{"ms":"0.7.2"},"devDependencies":{"browserify":"9.0.3","mocha":"*"},"main":"./index.js","browser":"./browser.js","component":{"scripts":{"debug/index.js":"browser.js","debug/debug.js":"debug.js"}},"gitHead":"b82d4e6c799198b3d39b05265bf68da9a9aacd41","bugs":{"url":"https://github.com/visionmedia/debug/issues"},"homepage":"https://github.com/visionmedia/debug#readme","_id":"debug@2.4.0","scripts":{},"_shasum":"80db5e490a43bff63958e712ba88ba4e4121840f","_from":".","_npmVersion":"3.10.9","_nodeVersion":"7.2.1","_npmUser":{"name":"thebigredgeek","email":"rhyneandrew@gmail.com"},"dist":{"shasum":"80db5e490a43bff63958e712ba88ba4e4121840f","tarball":"https://registry.npmjs.org/debug/-/debug-2.4.0.tgz"},"maintainers":[{"name":"kolban","email":"kolban1@kolban.com"},{"name":"thebigredgeek","email":"rhyneandrew@gmail.com"},{"name":"tjholowaychuk","email":"tj@vision-media.ca"},{"name":"tootallnate","email":"nathan@tootallnate.net"}],"_npmOperationalInternal":{"host":"packages-18-east.internal.npmjs.com","tmp":"tmp/debug-2.4.0.tgz_1481698324494_0.7391216848045588"},"deprecated":"critical bug fixed in 2.4.1","directories":{}},"2.4.1":{"name":"debug","version":"2.4.1","repository":{"type":"git","url":"git://github.com/visionmedia/debug.git"},"description":"small debugging utility","keywords":["debug","log","debugger"],"author":{"name":"TJ Holowaychuk","email":"tj@vision-media.ca"},"contributors":[{"name":"Nathan Rajlich","email":"nathan@tootallnate.net","url":"http://n8.io"},{"name":"Andrew Rhyne","email":"rhyneandrew@gmail.com"}],"license":"MIT","dependencies":{"ms":"0.7.2"},"devDependencies":{"browserify":"9.0.3","mocha":"*"},"main":"./index.js","browser":"./browser.js","component":{"scripts":{"debug/index.js":"browser.js","debug/debug.js":"debug.js"}},"gitHead":"803fb05785675e262feb37546858c411b56dc35a","bugs":{"url":"https://github.com/visionmedia/debug/issues"},"homepage":"https://github.com/visionmedia/debug#readme","_id":"debug@2.4.1","scripts":{},"_shasum":"ef2532d2753d282045c13c82ce47a09e56b91d53","_from":".","_npmVersion":"3.10.9","_nodeVersion":"7.2.1","_npmUser":{"name":"thebigredgeek","email":"rhyneandrew@gmail.com"},"dist":{"shasum":"ef2532d2753d282045c13c82ce47a09e56b91d53","tarball":"https://registry.npmjs.org/debug/-/debug-2.4.1.tgz"},"maintainers":[{"name":"kolban","email":"kolban1@kolban.com"},{"name":"thebigredgeek","email":"rhyneandrew@gmail.com"},{"name":"tjholowaychuk","email":"tj@vision-media.ca"},{"name":"tootallnate","email":"nathan@tootallnate.net"}],"_npmOperationalInternal":{"host":"packages-18-east.internal.npmjs.com","tmp":"tmp/debug-2.4.1.tgz_1481700338914_0.6147811473347247"},"directories":{}},"2.4.2":{"name":"debug","version":"2.4.2","repository":{"type":"git","url":"git://github.com/visionmedia/debug.git"},"description":"small debugging utility","keywords":["debug","log","debugger"],"author":{"name":"TJ Holowaychuk","email":"tj@vision-media.ca"},"contributors":[{"name":"Nathan Rajlich","email":"nathan@tootallnate.net","url":"http://n8.io"},{"name":"Andrew Rhyne","email":"rhyneandrew@gmail.com"}],"license":"MIT","dependencies":{"ms":"0.7.2"},"devDependencies":{"babel":"^6.5.2","babel-eslint":"^7.1.1","babel-polyfill":"^6.20.0","babel-preset-es2015":"^6.18.0","babel-register":"^6.18.0","babel-runtime":"^6.20.0","browserify":"9.0.3","chai":"^3.5.0","eslint":"^3.12.1","eslint-plugin-babel":"^4.0.0","mocha":"^3.2.0","sinon":"^1.17.6"},"main":"./index.js","browser":"./browser.js","component":{"scripts":{"debug/index.js":"browser.js","debug/debug.js":"debug.js"}},"gitHead":"4c3e80dfaaa499b451619201130c6c2ff07068c2","bugs":{"url":"https://github.com/visionmedia/debug/issues"},"homepage":"https://github.com/visionmedia/debug#readme","_id":"debug@2.4.2","scripts":{},"_shasum":"a255d4489f58a2d7b6aaaddb9b7c60828f6ba27a","_from":".","_npmVersion":"3.10.9","_nodeVersion":"7.2.1","_npmUser":{"name":"thebigredgeek","email":"rhyneandrew@gmail.com"},"dist":{"shasum":"a255d4489f58a2d7b6aaaddb9b7c60828f6ba27a","tarball":"https://registry.npmjs.org/debug/-/debug-2.4.2.tgz"},"maintainers":[{"name":"thebigredgeek","email":"rhyneandrew@gmail.com"}],"_npmOperationalInternal":{"host":"packages-18-east.internal.npmjs.com","tmp":"tmp/debug-2.4.2.tgz_1481744419649_0.1140342962462455"},"directories":{}},"2.4.3":{"name":"debug","version":"2.4.3","repository":{"type":"git","url":"git://github.com/visionmedia/debug.git"},"description":"small debugging utility","keywords":["debug","log","debugger"],"author":{"name":"TJ Holowaychuk","email":"tj@vision-media.ca"},"contributors":[{"name":"Nathan Rajlich","email":"nathan@tootallnate.net","url":"http://n8.io"},{"name":"Andrew Rhyne","email":"rhyneandrew@gmail.com"}],"license":"MIT","dependencies":{"ms":"0.7.2"},"devDependencies":{"babel":"^6.5.2","babel-eslint":"^7.1.1","babel-polyfill":"^6.20.0","babel-preset-es2015":"^6.18.0","babel-register":"^6.18.0","babel-runtime":"^6.20.0","browserify":"9.0.3","chai":"^3.5.0","eslint":"^3.12.1","eslint-plugin-babel":"^4.0.0","mocha":"^3.2.0","sinon":"^1.17.6"},"main":"./index.js","browser":"./browser.js","component":{"scripts":{"debug/index.js":"browser.js","debug/debug.js":"debug.js"}},"gitHead":"e1ee4d546a3c366146de708a9c1bf50939f0f425","bugs":{"url":"https://github.com/visionmedia/debug/issues"},"homepage":"https://github.com/visionmedia/debug#readme","_id":"debug@2.4.3","scripts":{},"_shasum":"3fe67c5588e724d0f5d9e48c8f08ff69b4b20643","_from":".","_npmVersion":"3.10.9","_nodeVersion":"7.2.1","_npmUser":{"name":"thebigredgeek","email":"rhyneandrew@gmail.com"},"dist":{"shasum":"3fe67c5588e724d0f5d9e48c8f08ff69b4b20643","tarball":"https://registry.npmjs.org/debug/-/debug-2.4.3.tgz"},"maintainers":[{"name":"thebigredgeek","email":"rhyneandrew@gmail.com"}],"_npmOperationalInternal":{"host":"packages-12-west.internal.npmjs.com","tmp":"tmp/debug-2.4.3.tgz_1481752200538_0.17475450248457491"},"directories":{}},"2.4.4":{"name":"debug","version":"2.4.4","repository":{"type":"git","url":"git://github.com/visionmedia/debug.git"},"description":"small debugging utility","keywords":["debug","log","debugger"],"author":{"name":"TJ Holowaychuk","email":"tj@vision-media.ca"},"contributors":[{"name":"Nathan Rajlich","email":"nathan@tootallnate.net","url":"http://n8.io"},{"name":"Andrew Rhyne","email":"rhyneandrew@gmail.com"}],"license":"MIT","dependencies":{"ms":"0.7.2"},"devDependencies":{"babel":"^6.5.2","babel-eslint":"^7.1.1","babel-polyfill":"^6.20.0","babel-preset-es2015":"^6.18.0","babel-register":"^6.18.0","babel-runtime":"^6.20.0","browserify":"9.0.3","chai":"^3.5.0","eslint":"^3.12.1","eslint-plugin-babel":"^4.0.0","mocha":"^3.2.0","sinon":"^1.17.6"},"main":"./index.js","browser":"./browser.js","component":{"scripts":{"debug/index.js":"browser.js","debug/debug.js":"debug.js"}},"gitHead":"f1ca2ab80b824c6bb5d58dade36b587bd2b80272","bugs":{"url":"https://github.com/visionmedia/debug/issues"},"homepage":"https://github.com/visionmedia/debug#readme","_id":"debug@2.4.4","scripts":{},"_shasum":"c04d17a654e9202464803f096153f70a6f31f4be","_from":".","_npmVersion":"3.10.9","_nodeVersion":"7.2.1","_npmUser":{"name":"thebigredgeek","email":"rhyneandrew@gmail.com"},"dist":{"shasum":"c04d17a654e9202464803f096153f70a6f31f4be","tarball":"https://registry.npmjs.org/debug/-/debug-2.4.4.tgz"},"maintainers":[{"name":"thebigredgeek","email":"rhyneandrew@gmail.com"}],"_npmOperationalInternal":{"host":"packages-18-east.internal.npmjs.com","tmp":"tmp/debug-2.4.4.tgz_1481765223703_0.8797183907590806"},"directories":{}},"2.4.5":{"name":"debug","version":"2.4.5","repository":{"type":"git","url":"git://github.com/visionmedia/debug.git"},"description":"small debugging utility","keywords":["debug","log","debugger"],"author":{"name":"TJ Holowaychuk","email":"tj@vision-media.ca"},"contributors":[{"name":"Nathan Rajlich","email":"nathan@tootallnate.net","url":"http://n8.io"},{"name":"Andrew Rhyne","email":"rhyneandrew@gmail.com"}],"license":"MIT","dependencies":{"ms":"0.7.2"},"devDependencies":{"babel":"^6.5.2","babel-eslint":"^7.1.1","babel-polyfill":"^6.20.0","babel-preset-es2015":"^6.18.0","babel-register":"^6.18.0","babel-runtime":"^6.20.0","browserify":"9.0.3","chai":"^3.5.0","eslint":"^3.12.1","eslint-plugin-babel":"^4.0.0","mocha":"^3.2.0","sinon":"^1.17.6"},"main":"./index.js","browser":"./browser.js","component":{"scripts":{"debug/index.js":"browser.js","debug/debug.js":"debug.js"}},"gitHead":"7e741fcc2f834672796333c97aa15f27f0ea2b5c","bugs":{"url":"https://github.com/visionmedia/debug/issues"},"homepage":"https://github.com/visionmedia/debug#readme","_id":"debug@2.4.5","scripts":{},"_shasum":"34c7b12a1ca96674428f41fe92c49b4ce7cd0607","_from":".","_npmVersion":"3.10.9","_nodeVersion":"7.2.1","_npmUser":{"name":"thebigredgeek","email":"rhyneandrew@gmail.com"},"dist":{"shasum":"34c7b12a1ca96674428f41fe92c49b4ce7cd0607","tarball":"https://registry.npmjs.org/debug/-/debug-2.4.5.tgz"},"maintainers":[{"name":"thebigredgeek","email":"rhyneandrew@gmail.com"}],"_npmOperationalInternal":{"host":"packages-12-west.internal.npmjs.com","tmp":"tmp/debug-2.4.5.tgz_1482045228863_0.4158463138155639"},"directories":{}},"2.5.0":{"name":"debug","version":"2.5.0","repository":{"type":"git","url":"git://github.com/visionmedia/debug.git"},"description":"small debugging utility","keywords":["debug","log","debugger"],"author":{"name":"TJ Holowaychuk","email":"tj@vision-media.ca"},"contributors":[{"name":"Nathan Rajlich","email":"nathan@tootallnate.net","url":"http://n8.io"},{"name":"Andrew Rhyne","email":"rhyneandrew@gmail.com"}],"license":"MIT","dependencies":{"ms":"0.7.2"},"devDependencies":{"browserify":"9.0.3","chai":"^3.5.0","concurrently":"^3.1.0","coveralls":"^2.11.15","eslint":"^3.12.1","istanbul":"^0.4.5","karma":"^1.3.0","karma-chai":"^0.1.0","karma-mocha":"^1.3.0","karma-phantomjs-launcher":"^1.0.2","karma-sinon":"^1.0.5","mocha":"^3.2.0","mocha-lcov-reporter":"^1.2.0","rimraf":"^2.5.4","sinon":"^1.17.6","sinon-chai":"^2.8.0"},"main":"./src/index.js","browser":"./src/browser.js","component":{"scripts":{"debug/index.js":"browser.js","debug/debug.js":"debug.js"}},"gitHead":"355e327c94e03aaf0c215b32244eeeacd8a298c8","bugs":{"url":"https://github.com/visionmedia/debug/issues"},"homepage":"https://github.com/visionmedia/debug#readme","_id":"debug@2.5.0","scripts":{},"_shasum":"94434a384a615a75db92fa734d2c994ec75c7b55","_from":".","_npmVersion":"3.10.9","_nodeVersion":"6.9.2","_npmUser":{"name":"thebigredgeek","email":"rhyneandrew@gmail.com"},"dist":{"shasum":"94434a384a615a75db92fa734d2c994ec75c7b55","tarball":"https://registry.npmjs.org/debug/-/debug-2.5.0.tgz"},"maintainers":[{"name":"thebigredgeek","email":"rhyneandrew@gmail.com"}],"_npmOperationalInternal":{"host":"packages-12-west.internal.npmjs.com","tmp":"tmp/debug-2.5.0.tgz_1482296609452_0.780945998383686"},"deprecated":"incompatible with babel-core","directories":{}},"2.5.1":{"name":"debug","version":"2.5.1","repository":{"type":"git","url":"git://github.com/visionmedia/debug.git"},"description":"small debugging utility","keywords":["debug","log","debugger"],"author":{"name":"TJ Holowaychuk","email":"tj@vision-media.ca"},"contributors":[{"name":"Nathan Rajlich","email":"nathan@tootallnate.net","url":"http://n8.io"},{"name":"Andrew Rhyne","email":"rhyneandrew@gmail.com"}],"license":"MIT","dependencies":{"ms":"0.7.2"},"devDependencies":{"browserify":"9.0.3","chai":"^3.5.0","concurrently":"^3.1.0","coveralls":"^2.11.15","eslint":"^3.12.1","istanbul":"^0.4.5","karma":"^1.3.0","karma-chai":"^0.1.0","karma-mocha":"^1.3.0","karma-phantomjs-launcher":"^1.0.2","karma-sinon":"^1.0.5","mocha":"^3.2.0","mocha-lcov-reporter":"^1.2.0","rimraf":"^2.5.4","sinon":"^1.17.6","sinon-chai":"^2.8.0"},"main":"./src/index.js","browser":"./src/browser.js","component":{"scripts":{"debug/index.js":"browser.js","debug/debug.js":"debug.js"}},"gitHead":"3950daef4c63058e4c2c130b7e90666416b3d5d1","bugs":{"url":"https://github.com/visionmedia/debug/issues"},"homepage":"https://github.com/visionmedia/debug#readme","_id":"debug@2.5.1","scripts":{},"_shasum":"9107bb4a506052ec2a02314bc606313ed2b921c1","_from":".","_npmVersion":"3.10.9","_nodeVersion":"6.9.2","_npmUser":{"name":"thebigredgeek","email":"rhyneandrew@gmail.com"},"dist":{"shasum":"9107bb4a506052ec2a02314bc606313ed2b921c1","tarball":"https://registry.npmjs.org/debug/-/debug-2.5.1.tgz"},"maintainers":[{"name":"thebigredgeek","email":"rhyneandrew@gmail.com"}],"_npmOperationalInternal":{"host":"packages-18-east.internal.npmjs.com","tmp":"tmp/debug-2.5.1.tgz_1482298398476_0.08919672318734229"},"directories":{}},"2.5.2":{"name":"debug","version":"2.5.2","repository":{"type":"git","url":"git://github.com/visionmedia/debug.git"},"description":"small debugging utility","keywords":["debug","log","debugger"],"author":{"name":"TJ Holowaychuk","email":"tj@vision-media.ca"},"contributors":[{"name":"Nathan Rajlich","email":"nathan@tootallnate.net","url":"http://n8.io"},{"name":"Andrew Rhyne","email":"rhyneandrew@gmail.com"}],"license":"MIT","dependencies":{"ms":"0.7.2"},"devDependencies":{"browserify":"9.0.3","chai":"^3.5.0","concurrently":"^3.1.0","coveralls":"^2.11.15","eslint":"^3.12.1","istanbul":"^0.4.5","karma":"^1.3.0","karma-chai":"^0.1.0","karma-mocha":"^1.3.0","karma-phantomjs-launcher":"^1.0.2","karma-sinon":"^1.0.5","mocha":"^3.2.0","mocha-lcov-reporter":"^1.2.0","rimraf":"^2.5.4","sinon":"^1.17.6","sinon-chai":"^2.8.0"},"main":"./src/index.js","browser":"./src/browser.js","component":{"scripts":{"debug/index.js":"browser.js","debug/debug.js":"debug.js"}},"gitHead":"9a18d66282caa2e237d270a0f2cd150362cbf636","bugs":{"url":"https://github.com/visionmedia/debug/issues"},"homepage":"https://github.com/visionmedia/debug#readme","_id":"debug@2.5.2","scripts":{},"_shasum":"50c295a53dbf1657146e0c1b21307275e90d49cb","_from":".","_npmVersion":"3.10.9","_nodeVersion":"6.9.2","_npmUser":{"name":"thebigredgeek","email":"rhyneandrew@gmail.com"},"dist":{"shasum":"50c295a53dbf1657146e0c1b21307275e90d49cb","tarball":"https://registry.npmjs.org/debug/-/debug-2.5.2.tgz"},"maintainers":[{"name":"thebigredgeek","email":"rhyneandrew@gmail.com"}],"_npmOperationalInternal":{"host":"packages-12-west.internal.npmjs.com","tmp":"tmp/debug-2.5.2.tgz_1482719984651_0.9355534017086029"},"directories":{}},"2.6.0":{"name":"debug","version":"2.6.0","repository":{"type":"git","url":"git://github.com/visionmedia/debug.git"},"description":"small debugging utility","keywords":["debug","log","debugger"],"author":{"name":"TJ Holowaychuk","email":"tj@vision-media.ca"},"contributors":[{"name":"Nathan Rajlich","email":"nathan@tootallnate.net","url":"http://n8.io"},{"name":"Andrew Rhyne","email":"rhyneandrew@gmail.com"}],"license":"MIT","dependencies":{"ms":"0.7.2"},"devDependencies":{"browserify":"9.0.3","chai":"^3.5.0","concurrently":"^3.1.0","coveralls":"^2.11.15","eslint":"^3.12.1","istanbul":"^0.4.5","karma":"^1.3.0","karma-chai":"^0.1.0","karma-mocha":"^1.3.0","karma-phantomjs-launcher":"^1.0.2","karma-sinon":"^1.0.5","mocha":"^3.2.0","mocha-lcov-reporter":"^1.2.0","rimraf":"^2.5.4","sinon":"^1.17.6","sinon-chai":"^2.8.0"},"main":"./src/index.js","browser":"./src/browser.js","component":{"scripts":{"debug/index.js":"browser.js","debug/debug.js":"debug.js"}},"gitHead":"ac5ccae70358a2bccc71d288e5f9c656a7678748","bugs":{"url":"https://github.com/visionmedia/debug/issues"},"homepage":"https://github.com/visionmedia/debug#readme","_id":"debug@2.6.0","scripts":{},"_shasum":"bc596bcabe7617f11d9fa15361eded5608b8499b","_from":".","_npmVersion":"3.10.9","_nodeVersion":"6.9.2","_npmUser":{"name":"thebigredgeek","email":"rhyneandrew@gmail.com"},"dist":{"shasum":"bc596bcabe7617f11d9fa15361eded5608b8499b","tarball":"https://registry.npmjs.org/debug/-/debug-2.6.0.tgz"},"maintainers":[{"name":"thebigredgeek","email":"rhyneandrew@gmail.com"}],"_npmOperationalInternal":{"host":"packages-12-west.internal.npmjs.com","tmp":"tmp/debug-2.6.0.tgz_1482990633625_0.042889281176030636"},"directories":{}},"2.6.1":{"name":"debug","version":"2.6.1","repository":{"type":"git","url":"git://github.com/visionmedia/debug.git"},"description":"small debugging utility","keywords":["debug","log","debugger"],"author":{"name":"TJ Holowaychuk","email":"tj@vision-media.ca"},"contributors":[{"name":"Nathan Rajlich","email":"nathan@tootallnate.net","url":"http://n8.io"},{"name":"Andrew Rhyne","email":"rhyneandrew@gmail.com"}],"license":"MIT","dependencies":{"ms":"0.7.2"},"devDependencies":{"browserify":"9.0.3","chai":"^3.5.0","concurrently":"^3.1.0","coveralls":"^2.11.15","eslint":"^3.12.1","istanbul":"^0.4.5","karma":"^1.3.0","karma-chai":"^0.1.0","karma-mocha":"^1.3.0","karma-phantomjs-launcher":"^1.0.2","karma-sinon":"^1.0.5","mocha":"^3.2.0","mocha-lcov-reporter":"^1.2.0","rimraf":"^2.5.4","sinon":"^1.17.6","sinon-chai":"^2.8.0"},"main":"./src/index.js","browser":"./src/browser.js","component":{"scripts":{"debug/index.js":"browser.js","debug/debug.js":"debug.js"}},"gitHead":"941653e3334e9e3e2cca87cad9bbf6c5cb245215","bugs":{"url":"https://github.com/visionmedia/debug/issues"},"homepage":"https://github.com/visionmedia/debug#readme","_id":"debug@2.6.1","scripts":{},"_shasum":"79855090ba2c4e3115cc7d8769491d58f0491351","_from":".","_npmVersion":"4.0.3","_nodeVersion":"6.9.0","_npmUser":{"name":"thebigredgeek","email":"rhyneandrew@gmail.com"},"dist":{"shasum":"79855090ba2c4e3115cc7d8769491d58f0491351","tarball":"https://registry.npmjs.org/debug/-/debug-2.6.1.tgz"},"maintainers":[{"name":"thebigredgeek","email":"rhyneandrew@gmail.com"}],"_npmOperationalInternal":{"host":"packages-18-east.internal.npmjs.com","tmp":"tmp/debug-2.6.1.tgz_1486753226738_0.07569954148493707"},"directories":{}},"2.6.2":{"name":"debug","version":"2.6.2","repository":{"type":"git","url":"git://github.com/visionmedia/debug.git"},"description":"small debugging utility","keywords":["debug","log","debugger"],"author":{"name":"TJ Holowaychuk","email":"tj@vision-media.ca"},"contributors":[{"name":"Nathan Rajlich","email":"nathan@tootallnate.net","url":"http://n8.io"},{"name":"Andrew Rhyne","email":"rhyneandrew@gmail.com"}],"license":"MIT","dependencies":{"ms":"0.7.2"},"devDependencies":{"browserify":"9.0.3","chai":"^3.5.0","concurrently":"^3.1.0","coveralls":"^2.11.15","eslint":"^3.12.1","istanbul":"^0.4.5","karma":"^1.3.0","karma-chai":"^0.1.0","karma-mocha":"^1.3.0","karma-phantomjs-launcher":"^1.0.2","karma-sinon":"^1.0.5","mocha":"^3.2.0","mocha-lcov-reporter":"^1.2.0","rimraf":"^2.5.4","sinon":"^1.17.6","sinon-chai":"^2.8.0"},"main":"./src/index.js","browser":"./src/browser.js","component":{"scripts":{"debug/index.js":"browser.js","debug/debug.js":"debug.js"}},"gitHead":"017a9d68568fd24113bd73a477e0221aa969b732","bugs":{"url":"https://github.com/visionmedia/debug/issues"},"homepage":"https://github.com/visionmedia/debug#readme","_id":"debug@2.6.2","scripts":{},"_shasum":"dfa96a861ee9b8c2f29349b3bcc41aa599a71e0f","_from":".","_npmVersion":"4.0.3","_nodeVersion":"6.9.0","_npmUser":{"name":"thebigredgeek","email":"rhyneandrew@gmail.com"},"dist":{"shasum":"dfa96a861ee9b8c2f29349b3bcc41aa599a71e0f","tarball":"https://registry.npmjs.org/debug/-/debug-2.6.2.tgz"},"maintainers":[{"name":"thebigredgeek","email":"rhyneandrew@gmail.com"}],"_npmOperationalInternal":{"host":"packages-18-east.internal.npmjs.com","tmp":"tmp/debug-2.6.2.tgz_1489175064296_0.5892612014431506"},"directories":{}},"2.6.3":{"name":"debug","version":"2.6.3","repository":{"type":"git","url":"git://github.com/visionmedia/debug.git"},"description":"small debugging utility","keywords":["debug","log","debugger"],"author":{"name":"TJ Holowaychuk","email":"tj@vision-media.ca"},"contributors":[{"name":"Nathan Rajlich","email":"nathan@tootallnate.net","url":"http://n8.io"},{"name":"Andrew Rhyne","email":"rhyneandrew@gmail.com"}],"license":"MIT","dependencies":{"ms":"0.7.2"},"devDependencies":{"browserify":"9.0.3","chai":"^3.5.0","concurrently":"^3.1.0","coveralls":"^2.11.15","eslint":"^3.12.1","istanbul":"^0.4.5","karma":"^1.3.0","karma-chai":"^0.1.0","karma-mocha":"^1.3.0","karma-phantomjs-launcher":"^1.0.2","karma-sinon":"^1.0.5","mocha":"^3.2.0","mocha-lcov-reporter":"^1.2.0","rimraf":"^2.5.4","sinon":"^1.17.6","sinon-chai":"^2.8.0"},"main":"./src/index.js","browser":"./src/browser.js","component":{"scripts":{"debug/index.js":"browser.js","debug/debug.js":"debug.js"}},"gitHead":"9dc30f8378cc12192635cc6a31f0d96bb39be8bb","bugs":{"url":"https://github.com/visionmedia/debug/issues"},"homepage":"https://github.com/visionmedia/debug#readme","_id":"debug@2.6.3","scripts":{},"_shasum":"0f7eb8c30965ec08c72accfa0130c8b79984141d","_from":".","_npmVersion":"3.10.9","_nodeVersion":"6.9.2","_npmUser":{"name":"thebigredgeek","email":"rhyneandrew@gmail.com"},"dist":{"shasum":"0f7eb8c30965ec08c72accfa0130c8b79984141d","tarball":"https://registry.npmjs.org/debug/-/debug-2.6.3.tgz"},"maintainers":[{"name":"thebigredgeek","email":"rhyneandrew@gmail.com"}],"_npmOperationalInternal":{"host":"packages-12-west.internal.npmjs.com","tmp":"tmp/debug-2.6.3.tgz_1489463433800_0.9440390267409384"},"directories":{}}},"readme":"# debug\n[![Build Status](https://travis-ci.org/visionmedia/debug.svg?branch=master)](https://travis-ci.org/visionmedia/debug)  [![Coverage Status](https://coveralls.io/repos/github/visionmedia/debug/badge.svg?branch=master)](https://coveralls.io/github/visionmedia/debug?branch=master)  [![Slack](https://visionmedia-community-slackin.now.sh/badge.svg)](https://visionmedia-community-slackin.now.sh/) [![OpenCollective](https://opencollective.com/debug/backers/badge.svg)](#backers) \n[![OpenCollective](https://opencollective.com/debug/sponsors/badge.svg)](#sponsors)\n\n\n\nA tiny node.js debugging utility modelled after node core's debugging technique.\n\n**Discussion around the V3 API is under way [here](https://github.com/visionmedia/debug/issues/370)**\n\n## Installation\n\n```bash\n$ npm install debug\n```\n\n## Usage\n\n`debug` exposes a function; simply pass this function the name of your module, and it will return a decorated version of `console.error` for you to pass debug statements to. This will allow you to toggle the debug output for different parts of your module as well as the module as a whole.\n\nExample _app.js_:\n\n```js\nvar debug = require('debug')('http')\n  , http = require('http')\n  , name = 'My App';\n\n// fake app\n\ndebug('booting %s', name);\n\nhttp.createServer(function(req, res){\n  debug(req.method + ' ' + req.url);\n  res.end('hello\\n');\n}).listen(3000, function(){\n  debug('listening');\n});\n\n// fake worker of some kind\n\nrequire('./worker');\n```\n\nExample _worker.js_:\n\n```js\nvar debug = require('debug')('worker');\n\nsetInterval(function(){\n  debug('doing some work');\n}, 1000);\n```\n\n The __DEBUG__ environment variable is then used to enable these based on space or comma-delimited names. Here are some examples:\n\n  ![debug http and worker](http://f.cl.ly/items/18471z1H402O24072r1J/Screenshot.png)\n\n  ![debug worker](http://f.cl.ly/items/1X413v1a3M0d3C2c1E0i/Screenshot.png)\n\n#### Windows note\n\n On Windows the environment variable is set using the `set` command.\n\n ```cmd\n set DEBUG=*,-not_this\n ```\n\n Note that PowerShell uses different syntax to set environment variables.\n\n ```cmd\n $env:DEBUG = \"*,-not_this\"\n  ```\n\nThen, run the program to be debugged as usual.\n\n## Millisecond diff\n\n  When actively developing an application it can be useful to see when the time spent between one `debug()` call and the next. Suppose for example you invoke `debug()` before requesting a resource, and after as well, the \"+NNNms\" will show you how much time was spent between calls.\n\n  ![](http://f.cl.ly/items/2i3h1d3t121M2Z1A3Q0N/Screenshot.png)\n\n  When stdout is not a TTY, `Date#toUTCString()` is used, making it more useful for logging the debug information as shown below:\n\n  ![](http://f.cl.ly/items/112H3i0e0o0P0a2Q2r11/Screenshot.png)\n\n## Conventions\n\n  If you're using this in one or more of your libraries, you _should_ use the name of your library so that developers may toggle debugging as desired without guessing names. If you have more than one debuggers you _should_ prefix them with your library name and use \":\" to separate features. For example \"bodyParser\" from Connect would then be \"connect:bodyParser\".\n\n## Wildcards\n\n  The `*` character may be used as a wildcard. Suppose for example your library has debuggers named \"connect:bodyParser\", \"connect:compress\", \"connect:session\", instead of listing all three with `DEBUG=connect:bodyParser,connect:compress,connect:session`, you may simply do `DEBUG=connect:*`, or to run everything using this module simply use `DEBUG=*`.\n\n  You can also exclude specific debuggers by prefixing them with a \"-\" character.  For example, `DEBUG=*,-connect:*` would include all debuggers except those starting with \"connect:\".\n\n## Environment Variables\n\n  When running through Node.js, you can set a few environment variables that will\n  change the behavior of the debug logging:\n\n| Name      | Purpose                                         |\n|-----------|-------------------------------------------------|\n| `DEBUG`   | Enables/disabled specific debugging namespaces. |\n| `DEBUG_COLORS`| Whether or not to use colors in the debug output. |\n| `DEBUG_DEPTH` | Object inspection depth. |\n| `DEBUG_SHOW_HIDDEN` | Shows hidden properties on inspected objects. |\n\n\n  __Note:__ The environment variables beginning with `DEBUG_` end up being\n  converted into an Options object that gets used with `%o`/`%O` formatters.\n  See the Node.js documentation for\n  [`util.inspect()`](https://nodejs.org/api/util.html#util_util_inspect_object_options)\n  for the complete list.\n\n## Formatters\n\n\n  Debug uses [printf-style](https://wikipedia.org/wiki/Printf_format_string) formatting. Below are the officially supported formatters:\n\n| Formatter | Representation |\n|-----------|----------------|\n| `%O`      | Pretty-print an Object on multiple lines. |\n| `%o`      | Pretty-print an Object all on a single line. |\n| `%s`      | String. |\n| `%d`      | Number (both integer and float). |\n| `%j`      | JSON. Replaced with the string '[Circular]' if the argument contains circular references. |\n| `%%`      | Single percent sign ('%'). This does not consume an argument. |\n\n### Custom formatters\n\n  You can add custom formatters by extending the `debug.formatters` object. For example, if you wanted to add support for rendering a Buffer as hex with `%h`, you could do something like:\n\n```js\nconst createDebug = require('debug')\ncreateDebug.formatters.h = (v) => {\n  return v.toString('hex')\n}\n\n// …elsewhere\nconst debug = createDebug('foo')\ndebug('this is hex: %h', new Buffer('hello world'))\n//   foo this is hex: 68656c6c6f20776f726c6421 +0ms\n```\n\n## Browser support\n  You can build a browser-ready script using [browserify](https://github.com/substack/node-browserify),\n  or just use the [browserify-as-a-service](https://wzrd.in/) [build](https://wzrd.in/standalone/debug@latest),\n  if you don't want to build it yourself.\n\n  Debug's enable state is currently persisted by `localStorage`.\n  Consider the situation shown below where you have `worker:a` and `worker:b`,\n  and wish to debug both. You can enable this using `localStorage.debug`:\n\n```js\nlocalStorage.debug = 'worker:*'\n```\n\nAnd then refresh the page.\n\n```js\na = debug('worker:a');\nb = debug('worker:b');\n\nsetInterval(function(){\n  a('doing some work');\n}, 1000);\n\nsetInterval(function(){\n  b('doing some work');\n}, 1200);\n```\n\n#### Web Inspector Colors\n\n  Colors are also enabled on \"Web Inspectors\" that understand the `%c` formatting\n  option. These are WebKit web inspectors, Firefox ([since version\n  31](https://hacks.mozilla.org/2014/05/editable-box-model-multiple-selection-sublime-text-keys-much-more-firefox-developer-tools-episode-31/))\n  and the Firebug plugin for Firefox (any version).\n\n  Colored output looks something like:\n\n  ![](https://cloud.githubusercontent.com/assets/71256/3139768/b98c5fd8-e8ef-11e3-862a-f7253b6f47c6.png)\n\n\n## Output streams\n\n  By default `debug` will log to stderr, however this can be configured per-namespace by overriding the `log` method:\n\nExample _stdout.js_:\n\n```js\nvar debug = require('debug');\nvar error = debug('app:error');\n\n// by default stderr is used\nerror('goes to stderr!');\n\nvar log = debug('app:log');\n// set this namespace to log via console.log\nlog.log = console.log.bind(console); // don't forget to bind to console!\nlog('goes to stdout');\nerror('still goes to stderr!');\n\n// set all output to go via console.info\n// overrides all per-namespace log settings\ndebug.log = console.info.bind(console);\nerror('now goes to stdout via console.info');\nlog('still goes to stdout, but via console.info now');\n```\n\n\n## Authors\n\n - TJ Holowaychuk\n - Nathan Rajlich\n - Andrew Rhyne\n \n## Backers\n\nSupport us with a monthly donation and help us continue our activities. [[Become a backer](https://opencollective.com/debug#backer)]\n\n<a href=\"https://opencollective.com/debug/backer/0/website\" target=\"_blank\"><img src=\"https://opencollective.com/debug/backer/0/avatar.svg\"></a>\n<a href=\"https://opencollective.com/debug/backer/1/website\" target=\"_blank\"><img src=\"https://opencollective.com/debug/backer/1/avatar.svg\"></a>\n<a href=\"https://opencollective.com/debug/backer/2/website\" target=\"_blank\"><img src=\"https://opencollective.com/debug/backer/2/avatar.svg\"></a>\n<a href=\"https://opencollective.com/debug/backer/3/website\" target=\"_blank\"><img src=\"https://opencollective.com/debug/backer/3/avatar.svg\"></a>\n<a href=\"https://opencollective.com/debug/backer/4/website\" target=\"_blank\"><img src=\"https://opencollective.com/debug/backer/4/avatar.svg\"></a>\n<a href=\"https://opencollective.com/debug/backer/5/website\" target=\"_blank\"><img src=\"https://opencollective.com/debug/backer/5/avatar.svg\"></a>\n<a href=\"https://opencollective.com/debug/backer/6/website\" target=\"_blank\"><img src=\"https://opencollective.com/debug/backer/6/avatar.svg\"></a>\n<a href=\"https://opencollective.com/debug/backer/7/website\" target=\"_blank\"><img src=\"https://opencollective.com/debug/backer/7/avatar.svg\"></a>\n<a href=\"https://opencollective.com/debug/backer/8/website\" target=\"_blank\"><img src=\"https://opencollective.com/debug/backer/8/avatar.svg\"></a>\n<a href=\"https://opencollective.com/debug/backer/9/website\" target=\"_blank\"><img src=\"https://opencollective.com/debug/backer/9/avatar.svg\"></a>\n<a href=\"https://opencollective.com/debug/backer/10/website\" target=\"_blank\"><img src=\"https://opencollective.com/debug/backer/10/avatar.svg\"></a>\n<a href=\"https://opencollective.com/debug/backer/11/website\" target=\"_blank\"><img src=\"https://opencollective.com/debug/backer/11/avatar.svg\"></a>\n<a href=\"https://opencollective.com/debug/backer/12/website\" target=\"_blank\"><img src=\"https://opencollective.com/debug/backer/12/avatar.svg\"></a>\n<a href=\"https://opencollective.com/debug/backer/13/website\" target=\"_blank\"><img src=\"https://opencollective.com/debug/backer/13/avatar.svg\"></a>\n<a href=\"https://opencollective.com/debug/backer/14/website\" target=\"_blank\"><img src=\"https://opencollective.com/debug/backer/14/avatar.svg\"></a>\n<a href=\"https://opencollective.com/debug/backer/15/website\" target=\"_blank\"><img src=\"https://opencollective.com/debug/backer/15/avatar.svg\"></a>\n<a href=\"https://opencollective.com/debug/backer/16/website\" target=\"_blank\"><img src=\"https://opencollective.com/debug/backer/16/avatar.svg\"></a>\n<a href=\"https://opencollective.com/debug/backer/17/website\" target=\"_blank\"><img src=\"https://opencollective.com/debug/backer/17/avatar.svg\"></a>\n<a href=\"https://opencollective.com/debug/backer/18/website\" target=\"_blank\"><img src=\"https://opencollective.com/debug/backer/18/avatar.svg\"></a>\n<a href=\"https://opencollective.com/debug/backer/19/website\" target=\"_blank\"><img src=\"https://opencollective.com/debug/backer/19/avatar.svg\"></a>\n<a href=\"https://opencollective.com/debug/backer/20/website\" target=\"_blank\"><img src=\"https://opencollective.com/debug/backer/20/avatar.svg\"></a>\n<a href=\"https://opencollective.com/debug/backer/21/website\" target=\"_blank\"><img src=\"https://opencollective.com/debug/backer/21/avatar.svg\"></a>\n<a href=\"https://opencollective.com/debug/backer/22/website\" target=\"_blank\"><img src=\"https://opencollective.com/debug/backer/22/avatar.svg\"></a>\n<a href=\"https://opencollective.com/debug/backer/23/website\" target=\"_blank\"><img src=\"https://opencollective.com/debug/backer/23/avatar.svg\"></a>\n<a href=\"https://opencollective.com/debug/backer/24/website\" target=\"_blank\"><img src=\"https://opencollective.com/debug/backer/24/avatar.svg\"></a>\n<a href=\"https://opencollective.com/debug/backer/25/website\" target=\"_blank\"><img src=\"https://opencollective.com/debug/backer/25/avatar.svg\"></a>\n<a href=\"https://opencollective.com/debug/backer/26/website\" target=\"_blank\"><img src=\"https://opencollective.com/debug/backer/26/avatar.svg\"></a>\n<a href=\"https://opencollective.com/debug/backer/27/website\" target=\"_blank\"><img src=\"https://opencollective.com/debug/backer/27/avatar.svg\"></a>\n<a href=\"https://opencollective.com/debug/backer/28/website\" target=\"_blank\"><img src=\"https://opencollective.com/debug/backer/28/avatar.svg\"></a>\n<a href=\"https://opencollective.com/debug/backer/29/website\" target=\"_blank\"><img src=\"https://opencollective.com/debug/backer/29/avatar.svg\"></a>\n\n\n## Sponsors\n\nBecome a sponsor and get your logo on our README on Github with a link to your site. [[Become a sponsor](https://opencollective.com/debug#sponsor)]\n\n<a href=\"https://opencollective.com/debug/sponsor/0/website\" target=\"_blank\"><img src=\"https://opencollective.com/debug/sponsor/0/avatar.svg\"></a>\n<a href=\"https://opencollective.com/debug/sponsor/1/website\" target=\"_blank\"><img src=\"https://opencollective.com/debug/sponsor/1/avatar.svg\"></a>\n<a href=\"https://opencollective.com/debug/sponsor/2/website\" target=\"_blank\"><img src=\"https://opencollective.com/debug/sponsor/2/avatar.svg\"></a>\n<a href=\"https://opencollective.com/debug/sponsor/3/website\" target=\"_blank\"><img src=\"https://opencollective.com/debug/sponsor/3/avatar.svg\"></a>\n<a href=\"https://opencollective.com/debug/sponsor/4/website\" target=\"_blank\"><img src=\"https://opencollective.com/debug/sponsor/4/avatar.svg\"></a>\n<a href=\"https://opencollective.com/debug/sponsor/5/website\" target=\"_blank\"><img src=\"https://opencollective.com/debug/sponsor/5/avatar.svg\"></a>\n<a href=\"https://opencollective.com/debug/sponsor/6/website\" target=\"_blank\"><img src=\"https://opencollective.com/debug/sponsor/6/avatar.svg\"></a>\n<a href=\"https://opencollective.com/debug/sponsor/7/website\" target=\"_blank\"><img src=\"https://opencollective.com/debug/sponsor/7/avatar.svg\"></a>\n<a href=\"https://opencollective.com/debug/sponsor/8/website\" target=\"_blank\"><img src=\"https://opencollective.com/debug/sponsor/8/avatar.svg\"></a>\n<a href=\"https://opencollective.com/debug/sponsor/9/website\" target=\"_blank\"><img src=\"https://opencollective.com/debug/sponsor/9/avatar.svg\"></a>\n<a href=\"https://opencollective.com/debug/sponsor/10/website\" target=\"_blank\"><img src=\"https://opencollective.com/debug/sponsor/10/avatar.svg\"></a>\n<a href=\"https://opencollective.com/debug/sponsor/11/website\" target=\"_blank\"><img src=\"https://opencollective.com/debug/sponsor/11/avatar.svg\"></a>\n<a href=\"https://opencollective.com/debug/sponsor/12/website\" target=\"_blank\"><img src=\"https://opencollective.com/debug/sponsor/12/avatar.svg\"></a>\n<a href=\"https://opencollective.com/debug/sponsor/13/website\" target=\"_blank\"><img src=\"https://opencollective.com/debug/sponsor/13/avatar.svg\"></a>\n<a href=\"https://opencollective.com/debug/sponsor/14/website\" target=\"_blank\"><img src=\"https://opencollective.com/debug/sponsor/14/avatar.svg\"></a>\n<a href=\"https://opencollective.com/debug/sponsor/15/website\" target=\"_blank\"><img src=\"https://opencollective.com/debug/sponsor/15/avatar.svg\"></a>\n<a href=\"https://opencollective.com/debug/sponsor/16/website\" target=\"_blank\"><img src=\"https://opencollective.com/debug/sponsor/16/avatar.svg\"></a>\n<a href=\"https://opencollective.com/debug/sponsor/17/website\" target=\"_blank\"><img src=\"https://opencollective.com/debug/sponsor/17/avatar.svg\"></a>\n<a href=\"https://opencollective.com/debug/sponsor/18/website\" target=\"_blank\"><img src=\"https://opencollective.com/debug/sponsor/18/avatar.svg\"></a>\n<a href=\"https://opencollective.com/debug/sponsor/19/website\" target=\"_blank\"><img src=\"https://opencollective.com/debug/sponsor/19/avatar.svg\"></a>\n<a href=\"https://opencollective.com/debug/sponsor/20/website\" target=\"_blank\"><img src=\"https://opencollective.com/debug/sponsor/20/avatar.svg\"></a>\n<a href=\"https://opencollective.com/debug/sponsor/21/website\" target=\"_blank\"><img src=\"https://opencollective.com/debug/sponsor/21/avatar.svg\"></a>\n<a href=\"https://opencollective.com/debug/sponsor/22/website\" target=\"_blank\"><img src=\"https://opencollective.com/debug/sponsor/22/avatar.svg\"></a>\n<a href=\"https://opencollective.com/debug/sponsor/23/website\" target=\"_blank\"><img src=\"https://opencollective.com/debug/sponsor/23/avatar.svg\"></a>\n<a href=\"https://opencollective.com/debug/sponsor/24/website\" target=\"_blank\"><img src=\"https://opencollective.com/debug/sponsor/24/avatar.svg\"></a>\n<a href=\"https://opencollective.com/debug/sponsor/25/website\" target=\"_blank\"><img src=\"https://opencollective.com/debug/sponsor/25/avatar.svg\"></a>\n<a href=\"https://opencollective.com/debug/sponsor/26/website\" target=\"_blank\"><img src=\"https://opencollective.com/debug/sponsor/26/avatar.svg\"></a>\n<a href=\"https://opencollective.com/debug/sponsor/27/website\" target=\"_blank\"><img src=\"https://opencollective.com/debug/sponsor/27/avatar.svg\"></a>\n<a href=\"https://opencollective.com/debug/sponsor/28/website\" target=\"_blank\"><img src=\"https://opencollective.com/debug/sponsor/28/avatar.svg\"></a>\n<a href=\"https://opencollective.com/debug/sponsor/29/website\" target=\"_blank\"><img src=\"https://opencollective.com/debug/sponsor/29/avatar.svg\"></a>\n\n## License\n\n(The MIT License)\n\nCopyright (c) 2014-2016 TJ Holowaychuk &lt;tj@vision-media.ca&gt;\n\nPermission is hereby granted, free of charge, to any person obtaining\na copy of this software and associated documentation files (the\n'Software'), to deal in the Software without restriction, including\nwithout limitation the rights to use, copy, modify, merge, publish,\ndistribute, sublicense, and/or sell copies of the Software, and to\npermit persons to whom the Software is furnished to do so, subject to\nthe following conditions:\n\nThe above copyright notice and this permission notice shall be\nincluded in all copies or substantial portions of the Software.\n\nTHE SOFTWARE IS PROVIDED 'AS IS', WITHOUT WARRANTY OF ANY KIND,\nEXPRESS OR IMPLIED, INCLUDING BUT NOT LIMITED TO THE WARRANTIES OF\nMERCHANTABILITY, FITNESS FOR A PARTICULAR PURPOSE AND NONINFRINGEMENT.\nIN NO EVENT SHALL THE AUTHORS OR COPYRIGHT HOLDERS BE LIABLE FOR ANY\nCLAIM, DAMAGES OR OTHER LIABILITY, WHETHER IN AN ACTION OF CONTRACT,\nTORT OR OTHERWISE, ARISING FROM, OUT OF OR IN CONNECTION WITH THE\nSOFTWARE OR THE USE OR OTHER DEALINGS IN THE SOFTWARE.\n","maintainers":[{"name":"thebigredgeek","email":"rhyneandrew@gmail.com"}],"time":{"modified":"2017-03-17T10:42:02.281Z","created":"2011-11-29T01:11:23.618Z","0.0.1":"2011-11-29T01:11:25.405Z","0.1.0":"2011-12-02T23:16:56.971Z","0.2.0":"2012-01-22T18:26:41.329Z","0.3.0":"2012-01-27T00:37:12.739Z","0.4.0":"2012-02-01T21:20:47.417Z","0.4.1":"2012-02-02T19:54:44.139Z","0.5.0":"2012-02-03T00:56:44.457Z","0.6.0":"2012-03-16T21:58:51.296Z","0.7.0":"2012-07-09T19:11:59.699Z","0.7.1":"2013-02-06T21:53:43.587Z","0.7.2":"2013-02-06T23:40:19.513Z","0.7.3":"2013-10-31T00:51:26.848Z","0.7.4":"2013-11-13T20:08:37.779Z","0.8.0":"2014-03-30T16:00:17.026Z","0.8.1":"2014-04-15T02:04:45.652Z","1.0.0":"2014-06-05T03:55:56.207Z","1.0.1":"2014-06-06T20:23:09.807Z","1.0.2":"2014-06-11T00:50:47.529Z","1.0.3":"2014-07-09T16:16:47.588Z","1.0.4":"2014-07-15T23:16:08.284Z","2.0.0":"2014-09-01T07:21:43.687Z","2.1.0":"2014-10-15T21:58:41.028Z","2.1.1":"2014-12-29T21:51:01.149Z","2.1.2":"2015-03-02T01:39:40.274Z","2.1.3":"2015-03-13T18:50:21.566Z","2.2.0":"2015-05-10T07:21:25.639Z","2.3.0":"2016-11-07T17:40:37.812Z","2.3.1":"2016-11-10T00:14:23.056Z","2.3.2":"2016-11-10T06:30:04.055Z","2.3.3":"2016-11-19T19:59:18.541Z","2.4.0":"2016-12-14T06:52:06.597Z","2.4.1":"2016-12-14T07:25:40.783Z","2.4.2":"2016-12-14T19:40:21.566Z","2.4.3":"2016-12-14T21:50:00.788Z","2.4.4":"2016-12-15T01:27:05.600Z","2.4.5":"2016-12-18T07:13:49.109Z","2.5.0":"2016-12-21T05:03:29.680Z","2.5.1":"2016-12-21T05:33:20.503Z","2.5.2":"2016-12-26T02:39:46.961Z","2.6.0":"2016-12-29T05:50:33.866Z","2.6.1":"2017-02-10T19:00:28.639Z","2.6.2":"2017-03-10T19:44:26.365Z","2.6.3":"2017-03-14T03:50:34.042Z"},"author":{"name":"TJ Holowaychuk","email":"tj@vision-media.ca"},"users":{"tellnes":true,"fgribreau":true,"m42am":true,"drudge":true,"megadrive":true,"maxmaximov":true,"oroce":true,"meggesje":true,"nak2k":true,"pid":true,"danielchatfield":true,"buritica":true,"tigefa":true,"einfallstoll":true,"darosh":true,"jfedyczak":true,"appnus":true,"piascikj":true,"evkline":true,"funroll":true,"yi":true,"stonestyle":true,"gabeio":true,"raulb":true,"morishitter":true,"jorgemsrs":true,"fanchangyong":true,"satans17":true,"philippwiddra":true,"mpinteractiv":true,"edalorzo":true,"roboterhund87":true,"tootallnate":true,"joelbair":true,"travelingtechguy":true,"nromano":true,"jokarlist":true,"maschs":true,"juliomarcos":true,"anton-rudeshko":true,"kxbrand":true,"mgesmundo":true,"victorzimmer":true,"fill":true,"dennisgnl":true,"iisii":true,"etiv":true,"gonzalofj":true,"stringparser":true,"passcod":true,"jianping":true,"binnng":true,"ethancai":true,"knownasilya":true,"woverton":true,"lsjroberts":true,"af":true,"faas":true,"ivangaravito":true,"carlton":true,"popomore":true,"52u":true,"ubenzer":true,"kaiquewdev":true,"womjoy":true,"sierisimo":true,"chzhewl":true,"marcin.operacz":true,"cilindrox":true,"laiff":true,"mikermcneil":true,"assaf":true,"sametsisartenep":true,"santihbc":true,"isalutin":true,"sprjrx":true,"pwaleczek":true,"haeck":true,"ads901119":true,"thimoteus":true,"illbullet":true,"phoward8020":true,"j3kz":true,"paulomcnally":true,"kulakowka":true,"garek":true,"kachar":true,"sessionbean":true,"samhou1988":true,"minghe":true,"seanjh":true,"tophsic":true,"digitalsadhu":true,"barenko":true,"fank":true,"geilt":true,"flockonus":true,"sahilsk":true,"detj":true,"goodseller":true,"simplyianm":true,"nickeljew":true,"dongxu":true,"rbartoli":true,"itonyyo":true,"drhoffmann":true,"jdpagley":true,"kankungyip":true,"vishnuvathsan":true,"legacy":true,"gvn":true,"alexkval":true,"pobrien":true,"tbeseda":true,"nika.interisti":true,"mondalaci":true,"arnold-almeida":true,"budnix":true,"kai_":true,"leonardodavinci":true,"saitodisse":true,"wangnan0610":true,"sasquatch":true,"jasoncheng":true,"sbrajesh":true,"holyzfy":true,"godion":true,"iamwiz":true,"rahman":true,"ajhsu":true,"brandondoran":true,"wenbing":true,"nwinant":true,"etsit":true,"rgbz":true,"darkowlzz":true,"subso":true,"rbecheras":true,"shriek":true,"glebec":true,"craneleeon":true,"gaganblr":true,"nadimix":true,"luuhoangnam":true,"ergunozyurt":true,"nanook":true,"pigram":true,"koslun":true,"cestrensem":true,"developit":true,"demian85":true,"henryorrin":true,"james.talmage":true,"hyzhak":true,"curioussavage":true,"kingtrocki":true,"parkerproject":true,"perrywu":true,"8legged":true,"unstunted":true,"nasser-torabzade":true,"naij":true,"joelwallis":true,"dbck":true,"nayrangnu":true,"battlemidget":true,"jacopkane":true,"honzajde":true,"nice_body":true,"aolu11":true,"princetoad":true,"boyw165":true,"donkino":true,"koulmomo":true,"ksangita":true,"karlbateman":true,"arifulhb":true,"arnoldstoba":true,"andrewconnell":true,"pdedkov":true,"dbendavid":true,"nketchum":true,"xgheaven":true,"vwal":true,"isaacvitor":true,"krabello":true,"aitorllj93":true,"kungkk":true,"yhui02":true,"nohjoono":true,"acollins-ts":true,"wkaifang":true,"iolo":true,"stylemistake":true,"shiva127":true,"necr0":true,"mattqs":true,"temsa":true,"kobleistvan":true,"crazyjingling":true,"takethefire":true,"mkany":true,"nalindak":true,"buzuli":true,"wfalkwallace":true,"fatelei":true,"cshao":true,"preco21":true,"almccann":true,"yokubee":true,"ziliwesley":true,"piyushmakhija":true,"maxidr":true,"stany":true,"kleintobe":true,"po":true,"luislobo":true,"fibo":true,"wynfrith":true,"leahcimic":true,"thebearingedge":true,"josmardias":true,"kletchatii":true,"jesusgoku":true,"thiagoh":true,"mhfrantz":true,"weisk":true,"ahsanshafiq":true,"sabrina.luo":true,"iroc":true,"piixiiees":true,"bian17888":true,"jonniespratley":true,"algonzo":true,"abdihaikal":true,"cdll":true,"alexbaumgertner":true,"rlgomes":true,"vutran":true,"program247365":true,"nightire":true,"jessaustin":true,"kizzlebot":true,"zacbarton":true,"davidbraun":true,"daviddias":true,"abhisekp":true,"lwgojustgo":true,"dexteryy":true,"dkannan":true,"muukii0803":true,"vishwasc":true,"tribou":true,"wuwenbin":true,"carlosvillademor":true,"antjw":true,"ninozhang":true,"kontrax":true,"qddegtya":true,"onbjerg":true,"janoskk":true,"xieranmaya":true,"eirikbirkeland":true,"markoni":true,"voischev":true,"cmechlin":true,"hex20dec":true,"nerdybeast":true,"acolchado":true,"viz":true,"joannerpena":true,"figroc":true,"zhanghaili":true,"orkisz":true,"sdt":true,"lgh06":true,"nukisman":true,"nelix":true,"benzaita":true,"pauljmartinez":true,"martinkock":true,"nhz.io":true,"chris-me":true,"lijinghust":true,"steel1990":true,"jakedetels":true,"ovuncozturk":true,"shan":true,"troels.trvo.dk":true,"codecounselor":true,"kruemelo":true,"dingdean":true,"meshaneian":true,"echaouchna":true,"buru1020":true,"arttse":true,"slicethendice":true,"jasonwang1888":true,"diegorbaquero":true,"monjer":true,"mkoc":true,"benpptung":true,"tht13":true,"eduardocereto":true,"andr":true,"furzeface":true,"whitelynx":true,"jits":true,"clarenceho":true,"alimd":true,"tin-lek":true,"ksyrytczyk":true,"kilkelly":true,"heyimeugene":true,"ackhub":true,"cslater":true,"leomperes":true,"sylvain261":true,"true0r":true,"binq":true,"tylerbrock":true,"schwartzman":true,"liushoukai":true,"danielbayley":true,"evandrix":true,"errhunter":true,"chinmay2893":true,"elussich":true,"zhoutk":true,"dkblay":true,"qmmr":true,"yutwatan":true,"ajduke":true,"akinjide":true,"rdmclin2":true,"scytalezero":true,"bapinney":true,"slowmove":true,"djviolin":true,"hain":true,"operandom":true,"shanewholloway":true,"lousando":true,"brpaz":true,"alin.alexa":true,"klombomb":true,"sunkeyhub":true,"itsakt":true,"nogirev":true,"qbylucky":true,"patoi":true,"i.vispyanskiy":true,"jonathas":true,"stuwest":true,"holly":true,"drewigg":true,"luhalvesbr":true,"nagra":true,"h0ward":true,"rkopylkov":true,"xdream86":true,"markthethomas":true,"jonyweb":true,"tonyljl526":true,"akarem":true,"wendellm":true,"ungurys":true,"ivan.marquez":true,"ymk":true,"adamlu":true,"dracochou":true,"luisgamero":true,"conzi":true,"manikantag":true,"dralc":true,"slurm":true,"szymex73":true,"pwn":true,"rocket0191":true,"cisc":true,"polarpython":true,"clemo":true,"coryrobinson42":true,"radumilici":true,"yesseecity":true,"masonwan":true,"shakakira":true,"lunelson":true,"domjtalbot":true,"tangchr":true,"galenandrew":true,"soenkekluth":true,"codebyren":true,"nathanbuchar":true,"npsm":true,"quafoo":true,"goody":true,"gilson004":true,"dushanminic":true,"andygreenegrass":true,"dr_blue":true,"knoja4":true,"yangtze":true,"erickeno":true,"ahvonenj":true,"mojaray2k":true,"fwoelffel":true,"fabien0102":true,"fgmnts":true,"coolhanddev":true,"garenyondem":true,"mr-smiley":true,"tomasmax":true,"alexey-mish":true,"qqcome110":true,"jmanuelrosa":true,"gher":true,"paroczi":true,"rylan_yan":true,"wangfeia":true,"bobxuyang":true,"irnnr":true,"rich-97":true,"lukaserat":true,"arefm":true,"ahmetertem":true,"tangweikun":true,"usingthesystem":true,"chrisco":true,"code-curious":true,"danielye":true,"nohomey":true,"miroklarin":true,"vasz":true,"joaquin.briceno":true,"l8niteowl":true,"aquiandres":true,"hal9zillion":true,"jkrusinski":true,"slowfish":true,"shangsinian":true,"adeelp":true,"spences10":true,"dduran1967":true,"suddi":true,"rakeshmakam":true,"rmjames":true,"miloc":true,"twierbach":true,"jordan-carney":true,"piecioshka":true,"laomu":true,"leonzhao":true,"rogeruiz":true,"isa424":true,"mhaidarh":true,"bradnauta":true,"huarse":true,"aggrotek":true,"koobitor":true,"shrimpseaweed":true,"beenorgone":true,"ssljivic":true,"gomoto":true,"xueboren":true,"qingleili":true,"xiaochao":true,"pumpersonda":true,"junos":true,"shuoshubao":true,"yatsu":true,"eshaanmathur":true,"icodeforcookies":true,"mwurzberger":true,"hugovila":true,"dmitr":true,"ritsu":true},"repository":{"type":"git","url":"git://github.com/visionmedia/debug.git"},"homepage":"https://github.com/visionmedia/debug#readme","keywords":["debug","log","debugger"],"bugs":{"url":"https://github.com/visionmedia/debug/issues"},"readmeFilename":"README.md","contributors":[{"name":"Nathan Rajlich","email":"nathan@tootallnate.net","url":"http://n8.io"},{"name":"Andrew Rhyne","email":"rhyneandrew@gmail.com"}],"license":"MIT","_attachments":{},"_etag":"W/\"58cbbd7a-139cf\"","_lastModified":"Fri, 17 Mar 2017 10:42:02 GMT","_cached":true}